CustomerID,CustomerName,Gender,Age,City,State,Country,CustomerSegment,JoinDate
CUST00001,Vivaan Joshi,,61,Pune,Gujarat,India,Corporate,2025-09-22
CUST00002,Aditya Verma, male ,38,Bangalore,Telangana,India,Corporate,2022-08-02
CUST00003,Ananya Shah,,37,Surat,Maharashtra,India,Wholesale,2023-03-20
CUST00004,Vivaan Verma, male ,29,Bangalore,Gujarat,India,Retail,2020-09-28
CUST00005,Diya Agarwal,Female,68,Hyderabad,Tamil Nadu,India,Corporate,2020-05-19
CUST00006,Neha Gupta,FEMALE,55,Hyderabad,Gujarat,India,Corporate,2020-07-17
CUST00007,Vivaan Mehta, male ,68,Ahmedabad,Delhi,India,Retail,2023-10-04
CUST00008,Rohan Gupta,FEMALE,23,Pune,Telangana,India,Corporate,2021-09-26
CUST00009,Diya Gupta,Female,33,Chennai,Telangana,India,Wholesale,2021-11-14
CUST00010,Priya Mehta,Female,65,Delhi,Karnataka,India,Corporate,2021-10-25
CUST00011,Aarav Verma,Male,69,Surat,Maharashtra,India,Wholesale,2021-09-06
CUST00012,Aditya Singh,Female,65,Chennai,Gujarat,India,Wholesale,2022-06-09
CUST00013,Isha Shah,Female,25,Mumbai,Maharashtra,India,Wholesale,2020-09-04
CUST00014,Aarav Gupta,Male,53,Delhi,Delhi,India,Corporate,2022-04-27
CUST00015,Dhruvi Shah,Male,29,Chennai,Gujarat,India,Corporate,2020-04-08
CUST00016,Vivaan Shah,Female,57,Surat,Tamil Nadu,India,Retail,2021-09-02
CUST00017,Rohan Mehta,FEMALE,51,Hyderabad,Tamil Nadu,India,Wholesale,2023-02-27
CUST00018,Aarav Joshi,,18,Delhi,Tamil Nadu,India,Retail,2023-10-12
CUST00019,Meera Singh,,64,Hyderabad,Telangana,India,Corporate,2020-01-23
CUST00020,Nidhi Joshi,Male,30,Bangalore,Delhi,India,Wholesale,2020-08-31
CUST00021,Nidhi Patel,Male,30,Hyderabad,Delhi,India,Wholesale,2024-12-01
CUST00022,Kavya Gupta,,54,Ahmedabad,Karnataka,India,Wholesale,2025-12-11
CUST00023,Riya Kapoor,Female,66,Chennai,Gujarat,India,Retail,2021-03-26
CUST00024,Rahul Singh,FEMALE,71,Ahmedabad,Karnataka,India,Wholesale,2022-12-03
CUST00025,Riya Singh, male ,40,Bangalore,Karnataka,India,Corporate,2022-07-24
CUST00026,Neha Patel,,41,Bangalore,Gujarat,India,Corporate,2025-11-22
CUST00027,Isha Agarwal, male ,52,Hyderabad,Delhi,India,Corporate,2025-09-04
CUST00028,Meera Agarwal,,20,Ahmedabad,Telangana,India,Wholesale,2025-03-21
CUST00029,Nidhi Agarwal,Male,37,Ahmedabad,Maharashtra,India,Retail,2025-05-05
CUST00030,Meera Gupta,,55,Surat,Karnataka,India,Retail,2024-03-27
CUST00031,Riya Patel,Male,32,Bangalore,Gujarat,India,Wholesale,2021-09-10
CUST00032,Yash Shah,Female,62,Delhi,Telangana,India,Retail,2021-10-18
CUST00033,Nidhi Joshi,FEMALE,22,Mumbai,Tamil Nadu,India,Retail,2020-03-07
CUST00034,Yash Gupta,,46,Chennai,Gujarat,India,Retail,2021-10-08
CUST00035,Neha Agarwal,,73,Delhi,Gujarat,India,Corporate,2020-08-27
CUST00036,Isha Shah,,44,Surat,Delhi,India,Corporate,2023-07-07
CUST00037,Dhruvi Verma,Female,38,Bangalore,Tamil Nadu,India,Retail,2021-06-23
CUST00038,Neha Patel,,33,Chennai,Telangana,India,Wholesale,2023-07-04
CUST00039,Rahul Singh,FEMALE,19,Surat,Gujarat,India,Retail,2024-01-30
CUST00040,Aditya Gupta, male ,34,Bangalore,Delhi,India,Wholesale,2022-06-19
CUST00041,Aarav Gupta,Female,64,Delhi,Tamil Nadu,India,Retail,2025-02-08
CUST00042,Priya Verma,,26,Bangalore,Karnataka,India,Corporate,2020-10-02
CUST00043,Diya Agarwal,Male,25,Hyderabad,Telangana,India,Retail,2024-04-14
CUST00044,Vivaan Joshi,FEMALE,25,Mumbai,Karnataka,India,Retail,2020-10-04
CUST00045,Nidhi Desai, male ,63,Bangalore,Delhi,India,Retail,2025-03-11
CUST00046,Diya Kapoor,,28,Hyderabad,Delhi,India,Corporate,2024-02-04
CUST00047,Yash Mehta,Male,52,Hyderabad,Karnataka,India,Wholesale,2024-06-02
CUST00048,Diya Kapoor,FEMALE,59,Bangalore,Gujarat,India,Wholesale,2024-05-28
CUST00049,Isha Kapoor, male ,34,Mumbai,Maharashtra,India,Retail,2022-07-03
CUST00050,Vivaan Patel, male ,22,Ahmedabad,Gujarat,India,Retail,2024-01-30
CUST00051,Rohan Kapoor, male ,58,Surat,Delhi,India,Corporate,2023-03-23
CUST00052,Rahul Patel,,55,Chennai,Maharashtra,India,Retail,2022-06-04
CUST00053,Ananya Gupta, male ,32,Ahmedabad,Delhi,India,Wholesale,2023-08-13
CUST00054,Ananya Verma,,46,Ahmedabad,Tamil Nadu,India,Retail,2024-03-29
CUST00055,Meera Patel,FEMALE,61,Mumbai,Maharashtra,India,Retail,2020-02-15
CUST00056,Arjun Singh,FEMALE,22,Ahmedabad,Telangana,India,Wholesale,2022-11-14
CUST00057,Aditya Agarwal,,27,Chennai,Delhi,India,Corporate,2023-08-29
CUST00058,Sneha Shah,,63,Mumbai,Telangana,India,Corporate,2025-10-27
CUST00059,Aditya Verma,,73,Hyderabad,Tamil Nadu,India,Corporate,2024-10-28
CUST00060,Aarav Agarwal,,66,Ahmedabad,Maharashtra,India,Wholesale,2023-09-24
CUST00061,Isha Shah,FEMALE,32,Ahmedabad,Gujarat,India,Wholesale,2020-08-30
CUST00062,Diya Verma, male ,39,Surat,Tamil Nadu,India,Corporate,2024-09-12
CUST00063,Aarav Gupta,Male,42,Hyderabad,Maharashtra,India,Wholesale,2022-10-09
CUST00064,Ananya Kapoor,,46,Surat,Delhi,India,Corporate,2024-12-03
CUST00065,Vivaan Agarwal,FEMALE,61,Chennai,Delhi,India,Retail,2021-11-14
CUST00066,Neha Verma,Female,41,Hyderabad,Karnataka,India,Retail,2022-01-31
CUST00067,Sneha Patel,FEMALE,65,Bangalore,Gujarat,India,Retail,2022-05-31
CUST00068,Yash Verma, male ,58,Mumbai,Karnataka,India,Wholesale,2023-05-07
CUST00069,Aditya Mehta,,56,Surat,Telangana,India,Retail,2023-01-22
CUST00070,Sneha Desai,Female,32,Mumbai,Karnataka,India,Wholesale,2025-10-28
CUST00071,Aditya Patel, male ,36,Pune,Karnataka,India,Retail,2025-01-10
CUST00072,Riya Verma,,74,Ahmedabad,Maharashtra,India,Corporate,2020-12-01
CUST00073,Diya Joshi,Male,23,Ahmedabad,Telangana,India,Retail,2024-01-31
CUST00074,Rohan Joshi,Female,69,Ahmedabad,Tamil Nadu,India,Wholesale,2022-03-02
CUST00075,Isha Gupta,,74,Mumbai,Telangana,India,Wholesale,2025-07-15
CUST00076,Rohan Agarwal, male ,54,Mumbai,Maharashtra,India,Retail,2020-04-11
CUST00077,Neha Agarwal,Female,34,Ahmedabad,Karnataka,India,Retail,2020-11-20
CUST00078,Arjun Mehta,Female,38,Hyderabad,Maharashtra,India,Retail,2023-10-07
CUST00079,Isha Verma,FEMALE,62,Mumbai,Tamil Nadu,India,Corporate,2020-11-17
CUST00080,Vivaan Mehta,,45,Bangalore,Gujarat,India,Corporate,2020-01-12
CUST00081,Dhruvi Patel,,53,Ahmedabad,Tamil Nadu,India,Wholesale,2020-08-05
CUST00082,Sneha Kapoor,Female,26,Delhi,Telangana,India,Corporate,2024-02-17
CUST00083,Dhruvi Joshi,Male,43,Pune,Gujarat,India,Wholesale,2023-04-10
CUST00084,Meera Patel,Male,50,Surat,Telangana,India,Corporate,2024-03-13
CUST00085,Yash Agarwal,FEMALE,53,Ahmedabad,Gujarat,India,Wholesale,2025-05-13
CUST00086,Neha Agarwal,Female,29,Delhi,Karnataka,India,Wholesale,2025-12-19
CUST00087,Riya Agarwal,FEMALE,28,Chennai,Maharashtra,India,Retail,2025-02-05
CUST00088,Rohan Gupta,FEMALE,52,Delhi,Karnataka,India,Corporate,2021-04-24
CUST00089,Riya Shah,FEMALE,36,Chennai,Karnataka,India,Corporate,2021-06-19
CUST00090,Diya Gupta,,71,Delhi,Maharashtra,India,Retail,2023-03-17
CUST00091,Priya Singh,Female,32,Hyderabad,Tamil Nadu,India,Retail,2022-01-06
CUST00092,Neha Shah,Female,58,Hyderabad,Delhi,India,Wholesale,2023-07-21
CUST00093,Ananya Agarwal, male ,29,Chennai,Telangana,India,Corporate,2024-10-23
CUST00094,Priya Desai,FEMALE,29,Pune,Karnataka,India,Corporate,2025-02-04
CUST00095,Neha Joshi,FEMALE,33,Hyderabad,Tamil Nadu,India,Retail,2025-09-17
CUST00096,Isha Patel,FEMALE,44,Pune,Delhi,India,Retail,2023-12-21
CUST00097,Riya Shah,FEMALE,47,Delhi,Tamil Nadu,India,Retail,2025-05-13
CUST00098,Rahul Agarwal,Male,55,Ahmedabad,Telangana,India,Retail,2022-02-26
CUST00099,Rahul Patel,Female,43,Hyderabad,Delhi,India,Corporate,2023-05-18
CUST00100,Rahul Joshi,FEMALE,34,Pune,Delhi,India,Retail,2022-06-20
CUST00101,Priya Shah,Female,43,Mumbai,Telangana,India,Retail,2022-01-04
CUST00102,Neha Shah,,39,Mumbai,Karnataka,India,Wholesale,2025-11-17
CUST00103,Neha Agarwal,FEMALE,26,Surat,Karnataka,India,Corporate,2021-06-14
CUST00104,Diya Mehta,Female,54,Mumbai,Gujarat,India,Corporate,2021-05-28
CUST00105,Diya Mehta,,52,Pune,Telangana,India,Corporate,2022-11-28
CUST00106,Nidhi Kapoor, male ,66,Bangalore,Delhi,India,Wholesale,2020-01-25
CUST00107,Isha Patel,FEMALE,35,Pune,Delhi,India,Retail,2023-07-05
CUST00108,Ananya Singh,,37,Pune,Maharashtra,India,Retail,2020-08-07
CUST00109,Nidhi Gupta,FEMALE,66,Pune,Telangana,India,Wholesale,2020-06-04
CUST00110,Isha Desai,Female,40,Surat,Delhi,India,Corporate,2021-08-02
CUST00111,Riya Mehta,,65,Pune,Tamil Nadu,India,Retail,2025-05-22
CUST00112,Aarav Singh,Male,32,Ahmedabad,Karnataka,India,Wholesale,2021-10-14
CUST00113,Nidhi Gupta,,22,Surat,Telangana,India,Wholesale,2025-07-23
CUST00114,Arjun Patel,Male,63,Delhi,Tamil Nadu,India,Corporate,2021-07-26
CUST00115,Sneha Kapoor,,52,Surat,Karnataka,India,Corporate,2024-03-02
CUST00116,Sneha Verma,FEMALE,51,Hyderabad,Tamil Nadu,India,Retail,2025-06-15
CUST00117,Neha Gupta,Male,69,Pune,Maharashtra,India,Corporate,2025-09-24
CUST00118,Rahul Kapoor,Female,18,Mumbai,Tamil Nadu,India,Corporate,2021-10-12
CUST00119,Neha Desai,,57,Surat,Tamil Nadu,India,Retail,2020-04-01
CUST00120,Yash Verma,Female,47,Hyderabad,Delhi,India,Corporate,2023-03-14
CUST00121,Vivaan Verma,Male,55,Mumbai,Telangana,India,Retail,2022-11-27
CUST00122,Isha Agarwal,FEMALE,67,Surat,Delhi,India,Wholesale,2020-09-05
CUST00123,Ananya Mehta,,41,Chennai,Tamil Nadu,India,Corporate,2025-09-23
CUST00124,Diya Verma,Female,45,Delhi,Gujarat,India,Wholesale,2020-09-13
CUST00125,Sneha Shah,FEMALE,65,Mumbai,Telangana,India,Retail,2025-02-20
CUST00126,Kavya Shah,,20,Surat,Maharashtra,India,Retail,2021-05-16
CUST00127,Ananya Agarwal,,26,Pune,Telangana,India,Retail,2022-11-30
CUST00128,Neha Patel,,47,Chennai,Maharashtra,India,Corporate,2021-12-17
CUST00129,Isha Patel,Female,65,Mumbai,Karnataka,India,Corporate,2023-12-18
CUST00130,Isha Joshi,,40,Ahmedabad,Maharashtra,India,Corporate,2021-04-19
CUST00131,Arjun Kapoor,,71,Delhi,Tamil Nadu,India,Corporate,2022-02-07
CUST00132,Neha Desai,FEMALE,71,Bangalore,Gujarat,India,Corporate,2021-01-24
CUST00133,Dhruvi Joshi,,72,Hyderabad,Telangana,India,Wholesale,2023-07-06
CUST00134,Dhruvi Singh,FEMALE,21,Chennai,Gujarat,India,Corporate,2023-09-03
CUST00135,Sneha Desai,Male,73,Hyderabad,Tamil Nadu,India,Corporate,2024-12-05
CUST00136,Dhruvi Agarwal,,41,Hyderabad,Telangana,India,Retail,2020-12-11
CUST00137,Ananya Gupta,,36,Delhi,Telangana,India,Retail,2025-11-10
CUST00138,Vivaan Mehta,,47,Hyderabad,Maharashtra,India,Corporate,2021-04-05
CUST00139,Arjun Patel,,62,Chennai,Karnataka,India,Wholesale,2022-07-17
CUST00140,Meera Kapoor,,18,Surat,Delhi,India,Retail,2020-06-03
CUST00141,Rohan Kapoor,Male,46,Mumbai,Maharashtra,India,Retail,2023-07-04
CUST00142,Diya Patel,Male,42,Hyderabad,Karnataka,India,Retail,2021-06-09
CUST00143,Nidhi Agarwal,Female,61,Bangalore,Telangana,India,Wholesale,2020-10-07
CUST00144,Rohan Gupta,Male,67,Surat,Maharashtra,India,Retail,2021-11-01
CUST00145,Sneha Desai,Male,73,Pune,Telangana,India,Corporate,2024-03-31
CUST00146,Vivaan Kapoor,,64,Delhi,Telangana,India,Wholesale,2020-04-11
CUST00147,Riya Singh, male ,52,Bangalore,Tamil Nadu,India,Retail,2023-04-06
CUST00148,Kavya Singh, male ,60,Ahmedabad,Karnataka,India,Wholesale,2022-02-22
CUST00149,Aarav Gupta,,32,Ahmedabad,Maharashtra,India,Retail,2021-10-30
CUST00150,Isha Desai,,72,Ahmedabad,Maharashtra,India,Wholesale,2023-12-08
CUST00151,Aditya Joshi,Male,69,Surat,Karnataka,India,Retail,2020-07-15
CUST00152,Kavya Mehta,Female,38,Surat,Delhi,India,Retail,2021-06-10
CUST00153,Meera Gupta,Male,22,Mumbai,Karnataka,India,Wholesale,2022-08-07
CUST00154,Meera Patel, male ,67,Pune,Karnataka,India,Corporate,2024-05-06
CUST00155,Aarav Kapoor,,68,Chennai,Tamil Nadu,India,Retail,2023-04-23
CUST00156,Yash Desai,,72,Hyderabad,Telangana,India,Retail,2025-02-03
CUST00157,Vivaan Joshi,Female,41,Ahmedabad,Maharashtra,India,Retail,2023-11-17
CUST00158,Riya Mehta, male ,35,Surat,Gujarat,India,Corporate,2021-10-16
CUST00159,Riya Desai,FEMALE,31,Mumbai,Tamil Nadu,India,Corporate,2023-06-12
CUST00160,Kavya Kapoor,Female,23,Ahmedabad,Tamil Nadu,India,Retail,2020-08-23
CUST00161,Dhruvi Desai,,63,Bangalore,Delhi,India,Wholesale,2022-06-10
CUST00162,Kavya Agarwal,,35,Hyderabad,Delhi,India,Corporate,2023-05-22
CUST00163,Aditya Shah,FEMALE,45,Pune,Delhi,India,Retail,2023-07-11
CUST00164,Dhruvi Singh,Female,69,Hyderabad,Karnataka,India,Wholesale,2023-11-08
CUST00165,Diya Agarwal,Female,50,Surat,Telangana,India,Wholesale,2025-11-21
CUST00166,Ananya Desai,Male,71,Chennai,Delhi,India,Corporate,2021-05-10
CUST00167,Riya Shah,Female,62,Surat,Tamil Nadu,India,Corporate,2020-05-01
CUST00168,Isha Verma,FEMALE,37,Mumbai,Delhi,India,Corporate,2025-10-31
CUST00169,Dhruvi Shah,Female,56,Bangalore,Maharashtra,India,Retail,2023-09-20
CUST00170,Vivaan Singh,Male,50,Mumbai,Maharashtra,India,Wholesale,2020-08-03
CUST00171,Meera Verma,,46,Bangalore,Gujarat,India,Wholesale,2021-02-23
CUST00172,Riya Gupta,Female,41,Ahmedabad,Telangana,India,Retail,2021-12-26
CUST00173,Rohan Kapoor, male ,49,Delhi,Gujarat,India,Corporate,2023-12-22
CUST00174,Rohan Desai,,37,Bangalore,Maharashtra,India,Retail,2024-12-15
CUST00175,Rahul Desai, male ,30,Delhi,Delhi,India,Wholesale,2022-12-10
CUST00176,Vivaan Desai, male ,24,Chennai,Tamil Nadu,India,Retail,2024-10-24
CUST00177,Rahul Shah,,34,Bangalore,Maharashtra,India,Retail,2020-07-10
CUST00178,Isha Patel,Female,45,Bangalore,Karnataka,India,Wholesale,2022-10-03
CUST00179,Aarav Verma,FEMALE,62,Mumbai,Delhi,India,Wholesale,2023-11-22
CUST00180,Neha Agarwal, male ,21,Ahmedabad,Karnataka,India,Retail,2025-08-07
CUST00181,Aarav Patel,FEMALE,54,Pune,Telangana,India,Retail,2020-02-11
CUST00182,Priya Verma,Female,70,Surat,Karnataka,India,Retail,2020-06-01
CUST00183,Kavya Mehta,Female,50,Mumbai,Maharashtra,India,Retail,2022-07-16
CUST00184,Kavya Shah,FEMALE,65,Delhi,Telangana,India,Wholesale,2021-04-07
CUST00185,Kavya Gupta,FEMALE,65,Pune,Karnataka,India,Retail,2025-11-24
CUST00186,Rahul Agarwal, male ,60,Mumbai,Karnataka,India,Corporate,2025-10-04
CUST00187,Aarav Gupta,,18,Ahmedabad,Telangana,India,Retail,2024-08-01
CUST00188,Rohan Kapoor,Male,38,Mumbai,Tamil Nadu,India,Corporate,2024-10-09
CUST00189,Priya Verma,FEMALE,67,Surat,Karnataka,India,Retail,2022-12-02
CUST00190,Priya Agarwal, male ,46,Pune,Gujarat,India,Wholesale,2022-08-06
CUST00191,Meera Verma,FEMALE,51,Delhi,Delhi,India,Retail,2021-02-22
CUST00192,Diya Desai,,72,Chennai,Gujarat,India,Corporate,2023-09-20
CUST00193,Isha Shah, male ,43,Delhi,Gujarat,India,Wholesale,2020-06-18
CUST00194,Nidhi Patel, male ,53,Chennai,Gujarat,India,Retail,2024-01-26
CUST00195,Kavya Mehta,FEMALE,68,Chennai,Karnataka,India,Retail,2024-06-01
CUST00196,Nidhi Shah,Female,62,Bangalore,Karnataka,India,Retail,2021-05-02
CUST00197,Rohan Shah,FEMALE,46,Hyderabad,Delhi,India,Retail,2022-03-09
CUST00198,Dhruvi Gupta,Female,36,Mumbai,Gujarat,India,Wholesale,2023-08-17
CUST00199,Diya Singh,FEMALE,46,Hyderabad,Tamil Nadu,India,Corporate,2020-04-23
CUST00200,Aarav Kapoor,FEMALE,36,Delhi,Tamil Nadu,India,Retail,2020-10-25
CUST00201,Riya Gupta,FEMALE,27,Chennai,Maharashtra,India,Retail,2024-05-25
CUST00202,Kavya Gupta,,69,Mumbai,Maharashtra,India,Retail,2020-12-08
CUST00203,Rahul Verma,FEMALE,46,Chennai,Telangana,India,Wholesale,2023-08-24
CUST00204,Vivaan Shah,Male,63,Chennai,Telangana,India,Retail,2024-01-30
CUST00205,Riya Shah,Male,74,Delhi,Delhi,India,Corporate,2021-06-10
CUST00206,Neha Shah,,70,Bangalore,Maharashtra,India,Corporate,2020-02-03
CUST00207,Rahul Verma,,56,Ahmedabad,Tamil Nadu,India,Corporate,2025-04-23
CUST00208,Yash Verma,,27,Hyderabad,Delhi,India,Wholesale,2023-03-01
CUST00209,Rohan Kapoor,Male,70,Pune,Telangana,India,Wholesale,2025-08-09
CUST00210,Rohan Patel,Male,21,Bangalore,Tamil Nadu,India,Retail,2025-06-17
CUST00211,Yash Shah,,71,Delhi,Maharashtra,India,Retail,2022-09-13
CUST00212,Neha Patel,Female,26,Surat,Karnataka,India,Wholesale,2021-10-30
CUST00213,Arjun Mehta, male ,23,Mumbai,Telangana,India,Retail,2025-11-27
CUST00214,Priya Kapoor,,29,Delhi,Tamil Nadu,India,Wholesale,2022-05-29
CUST00215,Meera Desai,Female,36,Chennai,Telangana,India,Corporate,2024-11-11
CUST00216,Isha Patel,,65,Pune,Tamil Nadu,India,Corporate,2021-08-26
CUST00217,Vivaan Mehta,,55,Mumbai,Maharashtra,India,Retail,2023-06-16
CUST00218,Arjun Kapoor,Female,47,Surat,Delhi,India,Wholesale,2025-01-26
CUST00219,Aditya Mehta,FEMALE,29,Mumbai,Gujarat,India,Corporate,2023-11-15
CUST00220,Vivaan Gupta,,42,Ahmedabad,Telangana,India,Corporate,2023-03-06
CUST00221,Dhruvi Desai, male ,52,Surat,Gujarat,India,Retail,2020-05-21
CUST00222,Priya Desai, male ,33,Bangalore,Tamil Nadu,India,Corporate,2021-07-09
CUST00223,Meera Gupta,,51,Ahmedabad,Maharashtra,India,Retail,2021-07-25
CUST00224,Rohan Shah,FEMALE,40,Chennai,Maharashtra,India,Retail,2020-10-23
CUST00225,Aarav Joshi,Male,18,Surat,Delhi,India,Corporate,2025-12-22
CUST00226,Neha Verma,FEMALE,46,Pune,Delhi,India,Retail,2020-03-08
CUST00227,Sneha Desai,FEMALE,48,Delhi,Gujarat,India,Corporate,2025-11-06
CUST00228,Vivaan Patel, male ,35,Hyderabad,Karnataka,India,Corporate,2025-02-04
CUST00229,Diya Shah,,69,Ahmedabad,Maharashtra,India,Retail,2021-12-08
CUST00230,Arjun Desai,Female,74,Surat,Gujarat,India,Wholesale,2023-07-13
CUST00231,Kavya Desai,,72,Delhi,Telangana,India,Wholesale,2024-09-22
CUST00232,Rohan Agarwal,Female,72,Chennai,Tamil Nadu,India,Corporate,2024-03-23
CUST00233,Aarav Singh,Female,31,Delhi,Karnataka,India,Corporate,2020-06-11
CUST00234,Diya Joshi, male ,18,Bangalore,Delhi,India,Retail,2024-02-25
CUST00235,Meera Agarwal, male ,64,Hyderabad,Delhi,India,Wholesale,2020-01-21
CUST00236,Sneha Gupta,,33,Bangalore,Tamil Nadu,India,Corporate,2023-09-07
CUST00237,Rohan Verma, male ,24,Ahmedabad,Maharashtra,India,Wholesale,2024-01-06
CUST00238,Vivaan Singh,Male,71,Mumbai,Delhi,India,Corporate,2025-08-18
CUST00239,Kavya Gupta,,30,Bangalore,Maharashtra,India,Wholesale,2023-02-03
CUST00240,Neha Patel,Male,33,Mumbai,Karnataka,India,Wholesale,2022-05-25
CUST00241,Sneha Agarwal,Female,28,Pune,Karnataka,India,Retail,2020-12-15
CUST00242,Aarav Joshi,FEMALE,37,Mumbai,Telangana,India,Retail,2020-02-28
CUST00243,Aditya Verma,FEMALE,73,Delhi,Maharashtra,India,Retail,2023-04-17
CUST00244,Yash Singh,FEMALE,47,Chennai,Gujarat,India,Retail,2024-08-25
CUST00245,Neha Kapoor,Female,56,Hyderabad,Telangana,India,Wholesale,2025-04-30
CUST00246,Arjun Singh,FEMALE,67,Mumbai,Delhi,India,Wholesale,2024-10-04
CUST00247,Diya Desai,Female,58,Hyderabad,Gujarat,India,Wholesale,2025-01-04
CUST00248,Isha Shah, male ,29,Hyderabad,Maharashtra,India,Wholesale,2023-01-10
CUST00249,Rahul Desai,,59,Mumbai,Telangana,India,Wholesale,2023-11-26
CUST00250,Sneha Verma,,51,Delhi,Maharashtra,India,Wholesale,2020-06-29
CUST00251,Nidhi Joshi,Female,72,Chennai,Maharashtra,India,Corporate,2021-05-19
CUST00252,Diya Agarwal,Male,46,Mumbai,Maharashtra,India,Retail,2022-09-17
CUST00253,Yash Verma,Female,24,Hyderabad,Karnataka,India,Wholesale,2021-03-30
CUST00254,Aarav Joshi,,32,Ahmedabad,Telangana,India,Wholesale,2021-03-29
CUST00255,Aarav Mehta, male ,20,Bangalore,Tamil Nadu,India,Wholesale,2020-05-14
CUST00256,Rahul Gupta,Male,23,Hyderabad,Telangana,India,Wholesale,2024-09-22
CUST00257,Yash Shah,,65,Ahmedabad,Telangana,India,Wholesale,2023-07-12
CUST00258,Rohan Singh,Female,68,Mumbai,Delhi,India,Retail,2025-09-23
CUST00259,Arjun Joshi, male ,30,Ahmedabad,Telangana,India,Retail,2020-12-11
CUST00260,Arjun Shah,,38,Pune,Karnataka,India,Corporate,2022-01-04
CUST00261,Sneha Patel,,44,Surat,Karnataka,India,Corporate,2025-08-01
CUST00262,Ananya Gupta,,29,Pune,Gujarat,India,Corporate,2022-03-03
CUST00263,Rohan Joshi,FEMALE,70,Mumbai,Telangana,India,Retail,2023-03-11
CUST00264,Meera Shah,FEMALE,31,Pune,Maharashtra,India,Retail,2023-08-30
CUST00265,Ananya Agarwal,Female,55,Pune,Tamil Nadu,India,Retail,2024-05-13
CUST00266,Diya Shah,,42,Chennai,Maharashtra,India,Wholesale,2022-01-05
CUST00267,Diya Shah,,68,Chennai,Tamil Nadu,India,Wholesale,2025-07-22
CUST00268,Neha Joshi,Male,35,Hyderabad,Delhi,India,Retail,2023-06-21
CUST00269,Kavya Kapoor,,69,Hyderabad,Maharashtra,India,Corporate,2020-07-01
CUST00270,Priya Patel,,42,Surat,Delhi,India,Retail,2021-12-19
CUST00271,Aditya Shah,,23,Surat,Maharashtra,India,Retail,2020-09-22
CUST00272,Arjun Kapoor,Male,72,Ahmedabad,Maharashtra,India,Corporate,2023-12-14
CUST00273,Isha Gupta,Male,19,Pune,Delhi,India,Wholesale,2022-12-07
CUST00274,Yash Mehta,Male,36,Mumbai,Maharashtra,India,Corporate,2024-09-25
CUST00275,Isha Patel,Female,68,Mumbai,Tamil Nadu,India,Retail,2025-02-13
CUST00276,Meera Desai,Male,43,Delhi,Telangana,India,Wholesale,2020-12-07
CUST00277,Priya Patel,,74,Bangalore,Maharashtra,India,Corporate,2022-05-06
CUST00278,Meera Mehta,FEMALE,53,Chennai,Karnataka,India,Retail,2024-08-17
CUST00279,Aditya Mehta, male ,30,Delhi,Tamil Nadu,India,Wholesale,2021-05-04
CUST00280,Diya Joshi,,41,Mumbai,Karnataka,India,Wholesale,2024-02-08
CUST00281,Meera Mehta,,50,Chennai,Delhi,India,Wholesale,2023-03-17
CUST00282,Isha Joshi,,72,Delhi,Delhi,India,Corporate,2023-06-27
CUST00283,Aditya Patel,Male,51,Pune,Tamil Nadu,India,Wholesale,2020-02-06
CUST00284,Arjun Singh,Female,22,Pune,Maharashtra,India,Retail,2025-09-15
CUST00285,Isha Joshi, male ,40,Bangalore,Maharashtra,India,Wholesale,2025-02-07
CUST00286,Vivaan Agarwal, male ,38,Chennai,Gujarat,India,Corporate,2023-01-30
CUST00287,Rahul Joshi, male ,39,Hyderabad,Tamil Nadu,India,Retail,2025-02-16
CUST00288,Kavya Singh, male ,56,Delhi,Telangana,India,Corporate,2021-01-04
CUST00289,Diya Gupta,FEMALE,53,Ahmedabad,Karnataka,India,Retail,2022-08-07
CUST00290,Aarav Mehta, male ,65,Hyderabad,Gujarat,India,Retail,2022-07-14
CUST00291,Kavya Joshi,Female,36,Pune,Karnataka,India,Wholesale,2024-01-30
CUST00292,Rahul Verma,Male,57,Bangalore,Karnataka,India,Wholesale,2021-07-20
CUST00293,Rahul Kapoor,,71,Ahmedabad,Maharashtra,India,Wholesale,2023-07-07
CUST00294,Vivaan Verma,Female,49,Ahmedabad,Karnataka,India,Corporate,2021-12-15
CUST00295,Aditya Mehta,,49,Bangalore,Karnataka,India,Retail,2024-02-22
CUST00296,Yash Patel,,38,Bangalore,Tamil Nadu,India,Retail,2024-06-11
CUST00297,Diya Desai,Female,70,Bangalore,Karnataka,India,Corporate,2025-06-20
CUST00298,Aditya Kapoor, male ,19,Delhi,Tamil Nadu,India,Wholesale,2022-10-30
CUST00299,Rahul Verma,Male,54,Ahmedabad,Maharashtra,India,Corporate,2022-11-12
CUST00300,Meera Agarwal,FEMALE,62,Mumbai,Tamil Nadu,India,Retail,2022-05-14
CUST00301,Sneha Shah,Female,36,Hyderabad,Delhi,India,Wholesale,2022-11-02
CUST00302,Rahul Shah,FEMALE,42,Mumbai,Gujarat,India,Wholesale,2024-02-02
CUST00303,Dhruvi Patel,,72,Pune,Gujarat,India,Retail,2020-09-09
CUST00304,Diya Joshi,FEMALE,41,Delhi,Delhi,India,Retail,2024-09-13
CUST00305,Aarav Desai,,54,Delhi,Telangana,India,Corporate,2021-11-26
CUST00306,Vivaan Mehta,FEMALE,45,Chennai,Karnataka,India,Corporate,2025-10-11
CUST00307,Riya Shah,,60,Delhi,Maharashtra,India,Corporate,2023-07-16
CUST00308,Vivaan Verma,Female,35,Pune,Delhi,India,Retail,2023-07-08
CUST00309,Nidhi Singh,,35,Hyderabad,Gujarat,India,Retail,2025-02-27
CUST00310,Isha Gupta,Female,61,Bangalore,Karnataka,India,Corporate,2024-10-21
CUST00311,Yash Verma,Female,74,Hyderabad,Karnataka,India,Retail,2024-05-31
CUST00312,Meera Shah,FEMALE,61,Bangalore,Gujarat,India,Wholesale,2024-01-23
CUST00313,Aditya Patel,,38,Ahmedabad,Maharashtra,India,Corporate,2025-10-19
CUST00314,Rahul Mehta,Female,20,Ahmedabad,Telangana,India,Retail,2023-01-15
CUST00315,Rohan Singh,Female,33,Hyderabad,Delhi,India,Wholesale,2020-03-04
CUST00316,Kavya Gupta,,31,Delhi,Gujarat,India,Wholesale,2021-04-01
CUST00317,Riya Verma,,38,Ahmedabad,Telangana,India,Retail,2021-02-14
CUST00318,Ananya Joshi, male ,55,Delhi,Karnataka,India,Wholesale,2023-05-09
CUST00319,Meera Mehta,,52,Hyderabad,Telangana,India,Retail,2020-10-19
CUST00320,Diya Agarwal,Female,44,Ahmedabad,Karnataka,India,Corporate,2022-11-11
CUST00321,Diya Shah,,23,Pune,Tamil Nadu,India,Retail,2021-10-10
CUST00322,Aarav Singh,Male,23,Hyderabad,Maharashtra,India,Wholesale,2025-09-21
CUST00323,Rohan Agarwal,Male,41,Pune,Gujarat,India,Retail,2020-09-23
CUST00324,Arjun Kapoor,,50,Surat,Tamil Nadu,India,Wholesale,2022-10-03
CUST00325,Priya Agarwal, male ,19,Delhi,Maharashtra,India,Retail,2025-05-27
CUST00326,Nidhi Patel,FEMALE,43,Pune,Delhi,India,Wholesale,2024-02-07
CUST00327,Sneha Joshi,Male,62,Chennai,Delhi,India,Wholesale,2021-10-17
CUST00328,Dhruvi Gupta,,44,Mumbai,Telangana,India,Corporate,2025-11-01
CUST00329,Kavya Agarwal, male ,58,Delhi,Delhi,India,Retail,2023-08-13
CUST00330,Neha Desai, male ,27,Hyderabad,Tamil Nadu,India,Corporate,2020-08-30
CUST00331,Yash Patel,,62,Bangalore,Delhi,India,Corporate,2021-12-21
CUST00332,Sneha Patel,Female,48,Delhi,Maharashtra,India,Corporate,2021-01-07
CUST00333,Arjun Kapoor,Male,48,Pune,Karnataka,India,Retail,2023-12-20
CUST00334,Sneha Verma,Male,25,Ahmedabad,Telangana,India,Retail,2024-09-14
CUST00335,Yash Shah, male ,39,Hyderabad,Maharashtra,India,Corporate,2020-08-09
CUST00336,Aditya Desai,,55,Mumbai,Maharashtra,India,Retail,2021-10-19
CUST00337,Isha Mehta,,59,Mumbai,Karnataka,India,Corporate,2020-11-05
CUST00338,Riya Shah,,28,Pune,Maharashtra,India,Corporate,2023-03-25
CUST00339,Nidhi Agarwal,,28,Chennai,Tamil Nadu,India,Corporate,2022-03-19
CUST00340,Priya Agarwal,Female,44,Bangalore,Gujarat,India,Retail,2024-04-17
CUST00341,Nidhi Gupta,Female,57,Chennai,Delhi,India,Retail,2022-01-14
CUST00342,Neha Singh,,50,Hyderabad,Maharashtra,India,Corporate,2023-02-01
CUST00343,Meera Joshi,FEMALE,31,Ahmedabad,Gujarat,India,Corporate,2024-08-15
CUST00344,Neha Kapoor, male ,31,Ahmedabad,Gujarat,India,Corporate,2022-05-23
CUST00345,Yash Desai,,37,Surat,Karnataka,India,Wholesale,2025-04-24
CUST00346,Arjun Patel, male ,29,Chennai,Tamil Nadu,India,Corporate,2021-07-18
CUST00347,Riya Mehta,,22,Hyderabad,Tamil Nadu,India,Retail,2023-10-28
CUST00348,Sneha Patel,Female,64,Delhi,Telangana,India,Wholesale,2025-01-07
CUST00349,Rohan Mehta,Male,59,Delhi,Delhi,India,Corporate,2023-11-15
CUST00350,Yash Verma,FEMALE,55,Pune,Karnataka,India,Corporate,2024-05-10
CUST00351,Yash Agarwal,Female,62,Bangalore,Telangana,India,Wholesale,2023-02-17
CUST00352,Priya Agarwal,FEMALE,49,Ahmedabad,Gujarat,India,Retail,2023-10-02
CUST00353,Yash Kapoor,Male,74,Mumbai,Tamil Nadu,India,Corporate,2023-06-30
CUST00354,Riya Patel,Male,23,Hyderabad,Maharashtra,India,Corporate,2022-07-24
CUST00355,Nidhi Mehta,,51,Hyderabad,Maharashtra,India,Retail,2020-06-16
CUST00356,Ananya Gupta,,64,Ahmedabad,Delhi,India,Wholesale,2025-05-16
CUST00357,Riya Kapoor,Female,24,Surat,Maharashtra,India,Retail,2020-04-20
CUST00358,Priya Shah,,68,Mumbai,Maharashtra,India,Retail,2020-08-29
CUST00359,Meera Kapoor,FEMALE,20,Mumbai,Delhi,India,Wholesale,2020-04-03
CUST00360,Isha Gupta, male ,30,Ahmedabad,Delhi,India,Retail,2022-04-09
CUST00361,Vivaan Verma, male ,66,Ahmedabad,Maharashtra,India,Wholesale,2026-01-03
CUST00362,Meera Shah,,19,Mumbai,Karnataka,India,Corporate,2023-03-06
CUST00363,Neha Kapoor,Male,19,Surat,Maharashtra,India,Corporate,2020-01-19
CUST00364,Dhruvi Patel, male ,30,Pune,Maharashtra,India,Wholesale,2025-07-20
CUST00365,Arjun Patel,FEMALE,25,Pune,Delhi,India,Wholesale,2023-08-02
CUST00366,Sneha Gupta, male ,33,Surat,Karnataka,India,Wholesale,2022-04-12
CUST00367,Neha Desai,Male,61,Delhi,Maharashtra,India,Corporate,2021-09-13
CUST00368,Diya Agarwal, male ,20,Bangalore,Maharashtra,India,Wholesale,2021-06-26
CUST00369,Nidhi Singh,Female,36,Ahmedabad,Gujarat,India,Retail,2020-02-13
CUST00370,Neha Desai,Male,44,Delhi,Tamil Nadu,India,Corporate,2021-12-16
CUST00371,Vivaan Mehta,FEMALE,58,Hyderabad,Delhi,India,Wholesale,2022-08-23
CUST00372,Rohan Kapoor,Female,56,Hyderabad,Telangana,India,Corporate,2021-05-30
CUST00373,Rahul Kapoor,FEMALE,65,Surat,Tamil Nadu,India,Corporate,2021-01-06
CUST00374,Meera Patel,Male,72,Bangalore,Telangana,India,Retail,2020-04-30
CUST00375,Sneha Mehta, male ,25,Hyderabad,Karnataka,India,Retail,2025-03-24
CUST00376,Ananya Gupta,FEMALE,62,Ahmedabad,Delhi,India,Corporate,2023-10-16
CUST00377,Diya Joshi,,46,Chennai,Tamil Nadu,India,Retail,2022-11-29
CUST00378,Aditya Gupta,FEMALE,38,Delhi,Delhi,India,Wholesale,2023-01-04
CUST00379,Rahul Patel,,30,Chennai,Telangana,India,Corporate,2023-04-29
CUST00380,Arjun Agarwal,Male,28,Chennai,Telangana,India,Wholesale,2024-04-29
CUST00381,Rohan Agarwal,,19,Bangalore,Tamil Nadu,India,Corporate,2023-03-12
CUST00382,Aarav Singh,,31,Chennai,Delhi,India,Corporate,2020-01-25
CUST00383,Nidhi Agarwal,Male,42,Hyderabad,Karnataka,India,Corporate,2025-01-18
CUST00384,Meera Verma,Male,72,Ahmedabad,Delhi,India,Retail,2022-07-22
CUST00385,Nidhi Shah,FEMALE,57,Delhi,Maharashtra,India,Wholesale,2025-11-02
CUST00386,Rahul Mehta,Female,23,Hyderabad,Maharashtra,India,Corporate,2023-11-12
CUST00387,Sneha Desai,Male,70,Delhi,Delhi,India,Wholesale,2021-04-07
CUST00388,Neha Verma, male ,43,Bangalore,Karnataka,India,Wholesale,2021-01-12
CUST00389,Nidhi Shah,Female,38,Chennai,Tamil Nadu,India,Wholesale,2020-12-03
CUST00390,Isha Shah,,29,Delhi,Maharashtra,India,Wholesale,2025-04-20
CUST00391,Sneha Agarwal,FEMALE,23,Chennai,Tamil Nadu,India,Retail,2021-06-14
CUST00392,Isha Shah,Male,49,Mumbai,Tamil Nadu,India,Retail,2023-02-16
CUST00393,Rahul Joshi,,44,Chennai,Tamil Nadu,India,Retail,2024-08-04
CUST00394,Aditya Shah,Male,48,Bangalore,Gujarat,India,Corporate,2022-10-24
CUST00395,Sneha Mehta,,47,Surat,Tamil Nadu,India,Wholesale,2022-11-29
CUST00396,Rahul Shah,Female,48,Bangalore,Gujarat,India,Retail,2020-08-18
CUST00397,Aditya Verma,FEMALE,30,Delhi,Karnataka,India,Retail,2022-05-22
CUST00398,Dhruvi Verma,,45,Delhi,Telangana,India,Retail,2024-04-24
CUST00399,Dhruvi Patel,Female,47,Mumbai,Delhi,India,Wholesale,2020-08-09
CUST00400,Meera Patel,Male,50,Pune,Gujarat,India,Corporate,2025-06-26
CUST00401,Arjun Joshi,Male,30,Surat,Telangana,India,Wholesale,2021-07-28
CUST00402,Riya Verma,Female,70,Bangalore,Gujarat,India,Retail,2024-05-26
CUST00403,Isha Gupta,,24,Delhi,Delhi,India,Corporate,2022-04-28
CUST00404,Sneha Gupta,Female,18,Ahmedabad,Karnataka,India,Retail,2024-03-12
CUST00405,Aditya Gupta,,42,Pune,Karnataka,India,Corporate,2025-11-23
CUST00406,Yash Shah,,61,Ahmedabad,Telangana,India,Corporate,2022-07-30
CUST00407,Aarav Kapoor,FEMALE,51,Delhi,Maharashtra,India,Wholesale,2025-11-07
CUST00408,Isha Agarwal,,26,Ahmedabad,Gujarat,India,Wholesale,2023-01-16
CUST00409,Neha Patel,Male,52,Delhi,Gujarat,India,Corporate,2020-02-18
CUST00410,Rahul Joshi,Male,29,Pune,Telangana,India,Wholesale,2021-07-17
CUST00411,Neha Joshi,,68,Bangalore,Gujarat,India,Wholesale,2020-10-18
CUST00412,Rohan Gupta,Male,38,Surat,Maharashtra,India,Wholesale,2021-03-29
CUST00413,Nidhi Gupta,FEMALE,56,Pune,Tamil Nadu,India,Corporate,2025-06-20
CUST00414,Priya Agarwal,Female,39,Pune,Karnataka,India,Retail,2024-04-27
CUST00415,Vivaan Singh,,62,Surat,Maharashtra,India,Wholesale,2025-03-01
CUST00416,Nidhi Mehta,,65,Mumbai,Tamil Nadu,India,Corporate,2024-10-29
CUST00417,Rahul Gupta, male ,30,Hyderabad,Telangana,India,Corporate,2021-12-03
CUST00418,Priya Kapoor,Male,19,Ahmedabad,Delhi,India,Wholesale,2024-12-08
CUST00419,Diya Desai,Male,52,Pune,Telangana,India,Wholesale,2021-03-04
CUST00420,Kavya Mehta,Female,18,Chennai,Delhi,India,Retail,2020-10-17
CUST00421,Rahul Kapoor,Female,19,Mumbai,Karnataka,India,Corporate,2024-01-22
CUST00422,Nidhi Gupta,,34,Chennai,Tamil Nadu,India,Corporate,2023-07-09
CUST00423,Nidhi Kapoor, male ,57,Bangalore,Maharashtra,India,Wholesale,2021-12-26
CUST00424,Dhruvi Joshi,,35,Pune,Delhi,India,Wholesale,2024-11-08
CUST00425,Meera Joshi,FEMALE,51,Mumbai,Tamil Nadu,India,Retail,2023-07-04
CUST00426,Aditya Verma,,65,Hyderabad,Maharashtra,India,Wholesale,2020-05-15
CUST00427,Dhruvi Shah,,65,Bangalore,Telangana,India,Retail,2021-07-14
CUST00428,Neha Verma, male ,41,Chennai,Telangana,India,Corporate,2023-06-04
CUST00429,Riya Mehta, male ,28,Ahmedabad,Karnataka,India,Retail,2024-10-13
CUST00430,Priya Patel, male ,47,Ahmedabad,Gujarat,India,Wholesale,2023-10-04
CUST00431,Yash Verma,FEMALE,45,Mumbai,Karnataka,India,Retail,2020-03-27
CUST00432,Riya Kapoor,Female,18,Surat,Telangana,India,Retail,2023-09-11
CUST00433,Ananya Singh,FEMALE,31,Pune,Tamil Nadu,India,Retail,2020-02-21
CUST00434,Priya Joshi,,47,Delhi,Gujarat,India,Corporate,2023-08-25
CUST00435,Yash Agarwal,Female,70,Chennai,Karnataka,India,Corporate,2023-06-12
CUST00436,Priya Verma,FEMALE,59,Ahmedabad,Gujarat,India,Retail,2022-11-01
CUST00437,Aditya Singh, male ,50,Surat,Tamil Nadu,India,Corporate,2024-04-27
CUST00438,Isha Agarwal,FEMALE,67,Hyderabad,Telangana,India,Retail,2022-04-21
CUST00439,Aditya Gupta,Female,71,Delhi,Telangana,India,Wholesale,2025-08-31
CUST00440,Dhruvi Mehta,Female,25,Ahmedabad,Telangana,India,Retail,2023-05-05
CUST00441,Yash Gupta,,18,Surat,Karnataka,India,Corporate,2022-02-06
CUST00442,Rohan Mehta,Male,65,Hyderabad,Delhi,India,Retail,2025-05-09
CUST00443,Kavya Verma,Male,21,Surat,Telangana,India,Retail,2020-01-12
CUST00444,Rohan Mehta, male ,42,Surat,Tamil Nadu,India,Retail,2022-03-27
CUST00445,Dhruvi Joshi,FEMALE,61,Chennai,Maharashtra,India,Corporate,2024-12-27
CUST00446,Priya Singh, male ,25,Ahmedabad,Gujarat,India,Wholesale,2023-03-30
CUST00447,Rahul Joshi,Female,70,Surat,Gujarat,India,Retail,2025-05-11
CUST00448,Rahul Singh,FEMALE,69,Mumbai,Tamil Nadu,India,Retail,2024-07-15
CUST00449,Vivaan Joshi, male ,29,Surat,Telangana,India,Wholesale,2020-08-08
CUST00450,Rahul Singh, male ,57,Chennai,Delhi,India,Wholesale,2023-09-30
CUST00451,Dhruvi Patel,Female,28,Mumbai,Tamil Nadu,India,Corporate,2020-10-23
CUST00452,Yash Mehta,Female,46,Mumbai,Tamil Nadu,India,Corporate,2025-08-24
CUST00453,Neha Singh, male ,65,Delhi,Gujarat,India,Corporate,2021-09-26
CUST00454,Yash Gupta,,25,Chennai,Gujarat,India,Wholesale,2022-11-28
CUST00455,Vivaan Shah,,61,Surat,Delhi,India,Corporate,2024-12-23
CUST00456,Priya Patel,,28,Hyderabad,Delhi,India,Retail,2021-07-16
CUST00457,Sneha Desai, male ,48,Pune,Maharashtra,India,Wholesale,2025-01-26
CUST00458,Aditya Mehta,FEMALE,50,Pune,Delhi,India,Wholesale,2022-04-12
CUST00459,Dhruvi Verma,,50,Chennai,Delhi,India,Wholesale,2023-08-24
CUST00460,Yash Shah,,58,Surat,Gujarat,India,Retail,2023-09-06
CUST00461,Diya Agarwal,Male,23,Bangalore,Telangana,India,Corporate,2022-01-25
CUST00462,Vivaan Singh, male ,24,Bangalore,Maharashtra,India,Wholesale,2023-01-23
CUST00463,Priya Shah,Male,38,Chennai,Karnataka,India,Wholesale,2022-06-08
CUST00464,Meera Mehta, male ,48,Delhi,Telangana,India,Wholesale,2021-06-29
CUST00465,Priya Joshi,,73,Delhi,Tamil Nadu,India,Wholesale,2020-12-12
CUST00466,Yash Kapoor,FEMALE,27,Delhi,Gujarat,India,Wholesale,2024-10-27
CUST00467,Rohan Singh,FEMALE,31,Hyderabad,Tamil Nadu,India,Wholesale,2025-10-03
CUST00468,Sneha Verma,Male,53,Hyderabad,Delhi,India,Retail,2025-02-21
CUST00469,Aarav Singh,,46,Surat,Karnataka,India,Retail,2025-08-29
CUST00470,Nidhi Joshi,,42,Chennai,Gujarat,India,Corporate,2022-12-29
CUST00471,Meera Verma,Male,68,Bangalore,Maharashtra,India,Corporate,2022-03-26
CUST00472,Yash Singh, male ,36,Bangalore,Telangana,India,Wholesale,2025-08-05
CUST00473,Rohan Desai,Male,72,Delhi,Telangana,India,Corporate,2022-09-16
CUST00474,Priya Joshi,Male,34,Ahmedabad,Delhi,India,Corporate,2022-03-28
CUST00475,Dhruvi Agarwal,,20,Surat,Karnataka,India,Retail,2023-01-15
CUST00476,Rohan Singh,,46,Bangalore,Delhi,India,Corporate,2020-08-28
CUST00477,Rahul Mehta,FEMALE,53,Chennai,Maharashtra,India,Wholesale,2020-01-01
CUST00478,Riya Mehta, male ,22,Delhi,Tamil Nadu,India,Corporate,2024-06-20
CUST00479,Priya Kapoor,,68,Hyderabad,Maharashtra,India,Corporate,2020-07-15
CUST00480,Arjun Shah,FEMALE,29,Pune,Maharashtra,India,Retail,2020-09-27
CUST00481,Kavya Mehta,FEMALE,36,Delhi,Karnataka,India,Retail,2025-06-10
CUST00482,Aarav Kapoor,Female,50,Surat,Telangana,India,Corporate,2022-11-15
CUST00483,Isha Desai,Female,53,Surat,Karnataka,India,Corporate,2020-07-25
CUST00484,Diya Desai,Male,60,Hyderabad,Tamil Nadu,India,Corporate,2025-09-09
CUST00485,Meera Shah,Male,71,Mumbai,Karnataka,India,Retail,2025-11-28
CUST00486,Ananya Joshi,Female,48,Surat,Karnataka,India,Corporate,2020-08-20
CUST00487,Diya Joshi,,45,Ahmedabad,Tamil Nadu,India,Retail,2022-01-16
CUST00488,Ananya Desai, male ,25,Chennai,Karnataka,India,Corporate,2022-07-12
CUST00489,Rohan Singh,,70,Delhi,Karnataka,India,Retail,2023-11-03
CUST00490,Rahul Desai,FEMALE,21,Chennai,Telangana,India,Wholesale,2024-04-15
CUST00491,Aarav Shah,FEMALE,43,Delhi,Gujarat,India,Corporate,2021-05-21
CUST00492,Meera Agarwal,,62,Delhi,Maharashtra,India,Wholesale,2020-01-29
CUST00493,Kavya Kapoor,Male,41,Chennai,Tamil Nadu,India,Wholesale,2021-07-31
CUST00494,Aditya Mehta,FEMALE,23,Chennai,Maharashtra,India,Wholesale,2022-05-23
CUST00495,Dhruvi Gupta,,24,Chennai,Delhi,India,Retail,2021-06-20
CUST00496,Riya Shah,Female,60,Chennai,Telangana,India,Wholesale,2020-09-16
CUST00497,Meera Agarwal, male ,25,Surat,Karnataka,India,Retail,2025-10-17
CUST00498,Kavya Shah,,55,Bangalore,Maharashtra,India,Retail,2021-06-28
CUST00499,Dhruvi Patel,,65,Delhi,Maharashtra,India,Corporate,2023-09-25
CUST00500,Rohan Joshi, male ,24,Chennai,Karnataka,India,Retail,2022-04-15
CUST00501,Neha Mehta,Male,55,Surat,Gujarat,India,Wholesale,2024-08-02
CUST00502,Dhruvi Kapoor,,66,Surat,Telangana,India,Retail,2022-12-31
CUST00503,Kavya Shah,Male,67,Mumbai,Delhi,India,Retail,2020-01-23
CUST00504,Nidhi Kapoor,FEMALE,47,Hyderabad,Delhi,India,Retail,2022-02-05
CUST00505,Sneha Gupta,,49,Pune,Gujarat,India,Corporate,2025-07-19
CUST00506,Arjun Desai, male ,40,Hyderabad,Delhi,India,Corporate,2023-10-14
CUST00507,Sneha Joshi, male ,47,Bangalore,Tamil Nadu,India,Wholesale,2020-04-26
CUST00508,Ananya Singh,FEMALE,71,Hyderabad,Delhi,India,Wholesale,2021-06-26
CUST00509,Riya Shah,,42,Delhi,Maharashtra,India,Corporate,2024-06-22
CUST00510,Arjun Patel,Female,38,Mumbai,Karnataka,India,Corporate,2024-12-10
CUST00511,Sneha Gupta,Female,52,Bangalore,Karnataka,India,Corporate,2024-05-04
CUST00512,Dhruvi Kapoor,,62,Mumbai,Maharashtra,India,Retail,2020-05-16
CUST00513,Isha Mehta, male ,62,Chennai,Gujarat,India,Wholesale,2021-01-23
CUST00514,Yash Desai,,44,Delhi,Tamil Nadu,India,Corporate,2025-01-15
CUST00515,Yash Gupta, male ,45,Bangalore,Delhi,India,Corporate,2026-01-03
CUST00516,Rahul Kapoor, male ,45,Hyderabad,Karnataka,India,Corporate,2025-03-22
CUST00517,Rohan Agarwal,Male,20,Delhi,Tamil Nadu,India,Wholesale,2021-06-08
CUST00518,Priya Verma,Female,23,Hyderabad,Telangana,India,Wholesale,2022-04-21
CUST00519,Sneha Verma,,32,Surat,Telangana,India,Wholesale,2020-02-09
CUST00520,Yash Joshi,,61,Bangalore,Telangana,India,Retail,2021-08-17
CUST00521,Sneha Verma, male ,41,Hyderabad,Telangana,India,Retail,2026-01-03
CUST00522,Diya Verma,,27,Surat,Tamil Nadu,India,Retail,2021-01-01
CUST00523,Aarav Desai,,70,Ahmedabad,Gujarat,India,Corporate,2020-02-13
CUST00524,Nidhi Desai,,50,Surat,Gujarat,India,Retail,2022-05-26
CUST00525,Priya Mehta,,63,Ahmedabad,Delhi,India,Corporate,2024-05-11
CUST00526,Sneha Kapoor,Female,18,Surat,Delhi,India,Retail,2020-12-03
CUST00527,Neha Patel,FEMALE,30,Delhi,Telangana,India,Wholesale,2024-09-14
CUST00528,Dhruvi Gupta,Female,45,Mumbai,Telangana,India,Corporate,2022-11-02
CUST00529,Dhruvi Patel,,52,Bangalore,Tamil Nadu,India,Corporate,2020-11-30
CUST00530,Priya Patel,Female,46,Surat,Gujarat,India,Retail,2023-07-05
CUST00531,Ananya Mehta,,47,Pune,Tamil Nadu,India,Retail,2020-10-13
CUST00532,Ananya Mehta,,41,Bangalore,Telangana,India,Retail,2024-08-11
CUST00533,Nidhi Mehta,Male,70,Bangalore,Tamil Nadu,India,Retail,2024-12-17
CUST00534,Yash Desai,Female,30,Bangalore,Tamil Nadu,India,Corporate,2023-02-09
CUST00535,Riya Mehta,,74,Surat,Telangana,India,Retail,2024-12-01
CUST00536,Yash Joshi,,31,Chennai,Tamil Nadu,India,Corporate,2020-01-04
CUST00537,Isha Agarwal,Female,68,Mumbai,Maharashtra,India,Corporate,2020-08-04
CUST00538,Nidhi Patel,Male,34,Mumbai,Delhi,India,Retail,2021-05-29
CUST00539,Isha Singh,Male,34,Bangalore,Karnataka,India,Retail,2021-02-26
CUST00540,Meera Joshi,Female,51,Pune,Delhi,India,Wholesale,2022-10-21
CUST00541,Neha Mehta,,65,Surat,Tamil Nadu,India,Wholesale,2022-07-22
CUST00542,Aditya Desai,,36,Delhi,Telangana,India,Corporate,2020-08-23
CUST00543,Dhruvi Joshi, male ,74,Ahmedabad,Gujarat,India,Corporate,2025-05-30
CUST00544,Aditya Gupta,,52,Mumbai,Karnataka,India,Wholesale,2020-07-12
CUST00545,Yash Verma,,58,Pune,Maharashtra,India,Retail,2020-01-16
CUST00546,Ananya Kapoor,FEMALE,65,Ahmedabad,Tamil Nadu,India,Retail,2025-08-27
CUST00547,Diya Kapoor,,58,Bangalore,Telangana,India,Wholesale,2021-01-21
CUST00548,Vivaan Patel,,59,Chennai,Karnataka,India,Retail,2025-07-22
CUST00549,Priya Mehta,FEMALE,26,Surat,Tamil Nadu,India,Wholesale,2021-12-30
CUST00550,Dhruvi Verma,FEMALE,52,Surat,Delhi,India,Retail,2021-01-20
CUST00551,Priya Shah, male ,52,Bangalore,Telangana,India,Wholesale,2020-07-18
CUST00552,Riya Kapoor,,55,Chennai,Karnataka,India,Wholesale,2021-03-07
CUST00553,Vivaan Singh, male ,54,Surat,Karnataka,India,Retail,2023-04-30
CUST00554,Sneha Mehta,,41,Bangalore,Maharashtra,India,Wholesale,2022-10-17
CUST00555,Rahul Desai,,69,Mumbai,Tamil Nadu,India,Corporate,2020-01-02
CUST00556,Aarav Shah,FEMALE,59,Hyderabad,Karnataka,India,Retail,2024-06-26
CUST00557,Aditya Agarwal, male ,65,Surat,Telangana,India,Retail,2024-12-09
CUST00558,Diya Agarwal, male ,54,Mumbai,Gujarat,India,Wholesale,2023-10-21
CUST00559,Nidhi Agarwal,,26,Delhi,Delhi,India,Wholesale,2022-08-02
CUST00560,Nidhi Joshi,Male,74,Delhi,Delhi,India,Retail,2022-09-02
CUST00561,Rahul Gupta,Male,72,Surat,Gujarat,India,Corporate,2022-07-05
CUST00562,Isha Desai,,27,Hyderabad,Maharashtra,India,Retail,2024-10-15
CUST00563,Riya Singh,Male,51,Bangalore,Tamil Nadu,India,Corporate,2021-10-02
CUST00564,Rahul Desai, male ,19,Mumbai,Maharashtra,India,Wholesale,2024-05-24
CUST00565,Vivaan Agarwal,Male,34,Hyderabad,Maharashtra,India,Retail,2022-11-28
CUST00566,Rahul Joshi,,60,Chennai,Gujarat,India,Retail,2024-03-15
CUST00567,Ananya Kapoor,,70,Delhi,Tamil Nadu,India,Retail,2021-06-04
CUST00568,Kavya Mehta,Male,29,Mumbai,Gujarat,India,Corporate,2020-08-24
CUST00569,Diya Verma,,71,Pune,Tamil Nadu,India,Wholesale,2021-04-30
CUST00570,Neha Mehta,,65,Ahmedabad,Gujarat,India,Retail,2020-03-27
CUST00571,Priya Mehta,Female,19,Delhi,Tamil Nadu,India,Corporate,2025-11-20
CUST00572,Aditya Gupta,Male,27,Ahmedabad,Maharashtra,India,Retail,2021-03-23
CUST00573,Priya Gupta,FEMALE,73,Pune,Telangana,India,Retail,2024-06-18
CUST00574,Arjun Singh,Male,25,Chennai,Delhi,India,Retail,2020-01-27
CUST00575,Dhruvi Patel,Male,35,Pune,Karnataka,India,Corporate,2022-02-25
CUST00576,Aarav Gupta,,35,Mumbai,Maharashtra,India,Retail,2025-01-08
CUST00577,Vivaan Singh,,56,Delhi,Tamil Nadu,India,Retail,2020-02-08
CUST00578,Isha Gupta,Male,56,Delhi,Telangana,India,Wholesale,2025-08-08
CUST00579,Arjun Mehta,Male,28,Ahmedabad,Delhi,India,Retail,2022-03-29
CUST00580,Rahul Joshi,,23,Mumbai,Karnataka,India,Retail,2024-12-12
CUST00581,Meera Desai,,39,Bangalore,Karnataka,India,Wholesale,2022-06-05
CUST00582,Dhruvi Singh,Male,48,Surat,Delhi,India,Retail,2023-08-29
CUST00583,Kavya Desai,Female,54,Mumbai,Telangana,India,Retail,2023-03-31
CUST00584,Neha Joshi,Female,31,Chennai,Telangana,India,Corporate,2024-12-17
CUST00585,Nidhi Singh,Male,67,Ahmedabad,Tamil Nadu,India,Retail,2021-01-01
CUST00586,Ananya Kapoor,FEMALE,65,Bangalore,Delhi,India,Wholesale,2023-02-05
CUST00587,Sneha Agarwal,,57,Ahmedabad,Telangana,India,Retail,2020-07-31
CUST00588,Sneha Mehta,,67,Hyderabad,Delhi,India,Corporate,2020-06-30
CUST00589,Dhruvi Kapoor,,28,Delhi,Maharashtra,India,Wholesale,2024-11-08
CUST00590,Riya Shah,,41,Pune,Delhi,India,Wholesale,2023-06-19
CUST00591,Rohan Mehta, male ,68,Pune,Delhi,India,Corporate,2020-06-10
CUST00592,Meera Patel,FEMALE,43,Hyderabad,Delhi,India,Corporate,2025-07-08
CUST00593,Sneha Verma,,36,Hyderabad,Tamil Nadu,India,Wholesale,2021-08-10
CUST00594,Nidhi Desai,,54,Delhi,Delhi,India,Corporate,2023-02-07
CUST00595,Rahul Gupta,,73,Delhi,Telangana,India,Retail,2021-11-08
CUST00596,Aarav Desai, male ,42,Mumbai,Karnataka,India,Retail,2025-05-16
CUST00597,Priya Mehta,,73,Delhi,Tamil Nadu,India,Retail,2020-04-19
CUST00598,Rohan Joshi,,53,Ahmedabad,Telangana,India,Retail,2023-10-06
CUST00599,Priya Verma,Female,71,Ahmedabad,Gujarat,India,Corporate,2025-01-17
CUST00600,Rohan Singh,,49,Pune,Telangana,India,Corporate,2022-04-19
CUST00601,Riya Verma,,38,Pune,Delhi,India,Retail,2022-07-22
CUST00602,Isha Desai,Female,65,Delhi,Maharashtra,India,Retail,2023-01-25
CUST00603,Aarav Shah,,48,Surat,Karnataka,India,Retail,2025-09-22
CUST00604,Priya Mehta,,26,Hyderabad,Delhi,India,Wholesale,2024-07-03
CUST00605,Priya Patel, male ,51,Chennai,Tamil Nadu,India,Retail,2025-03-26
CUST00606,Nidhi Gupta,Female,60,Delhi,Gujarat,India,Corporate,2024-12-17
CUST00607,Neha Desai,,67,Ahmedabad,Karnataka,India,Retail,2023-12-05
CUST00608,Isha Verma,,45,Chennai,Delhi,India,Wholesale,2025-09-05
CUST00609,Diya Shah,FEMALE,41,Pune,Delhi,India,Wholesale,2022-12-08
CUST00610,Diya Joshi,Female,34,Bangalore,Tamil Nadu,India,Retail,2020-09-24
CUST00611,Isha Mehta, male ,34,Surat,Maharashtra,India,Retail,2020-04-15
CUST00612,Meera Mehta,Female,49,Bangalore,Karnataka,India,Corporate,2022-06-17
CUST00613,Neha Desai,FEMALE,18,Mumbai,Delhi,India,Corporate,2021-10-04
CUST00614,Sneha Agarwal,Female,19,Surat,Delhi,India,Retail,2021-08-05
CUST00615,Vivaan Mehta,FEMALE,33,Bangalore,Tamil Nadu,India,Wholesale,2023-02-26
CUST00616,Meera Gupta,Male,69,Surat,Delhi,India,Wholesale,2023-02-10
CUST00617,Dhruvi Shah,FEMALE,57,Delhi,Karnataka,India,Retail,2023-07-09
CUST00618,Aarav Kapoor,,44,Hyderabad,Tamil Nadu,India,Corporate,2021-11-04
CUST00619,Aarav Singh,FEMALE,22,Hyderabad,Maharashtra,India,Retail,2025-12-26
CUST00620,Vivaan Verma,,50,Pune,Telangana,India,Corporate,2023-11-16
CUST00621,Aditya Mehta,,59,Mumbai,Maharashtra,India,Retail,2020-11-08
CUST00622,Arjun Mehta,Female,50,Chennai,Delhi,India,Retail,2020-10-08
CUST00623,Neha Desai,Female,35,Surat,Maharashtra,India,Wholesale,2022-12-05
CUST00624,Ananya Desai,,34,Pune,Delhi,India,Wholesale,2023-03-07
CUST00625,Rahul Desai,Female,27,Delhi,Gujarat,India,Corporate,2023-12-07
CUST00626,Dhruvi Patel,Male,27,Delhi,Delhi,India,Retail,2021-08-25
CUST00627,Vivaan Shah, male ,57,Hyderabad,Tamil Nadu,India,Corporate,2025-07-14
CUST00628,Riya Desai,Female,29,Surat,Telangana,India,Wholesale,2020-05-11
CUST00629,Nidhi Gupta,FEMALE,38,Hyderabad,Gujarat,India,Retail,2023-09-29
CUST00630,Diya Mehta,Male,37,Surat,Telangana,India,Corporate,2021-10-06
CUST00631,Yash Kapoor,,62,Surat,Gujarat,India,Corporate,2021-08-12
CUST00632,Nidhi Singh,FEMALE,65,Delhi,Gujarat,India,Retail,2022-11-22
CUST00633,Priya Shah,,31,Delhi,Maharashtra,India,Retail,2022-09-27
CUST00634,Meera Shah,FEMALE,46,Chennai,Karnataka,India,Wholesale,2023-09-07
CUST00635,Dhruvi Shah,Male,62,Chennai,Karnataka,India,Wholesale,2025-06-12
CUST00636,Sneha Shah,Male,30,Delhi,Tamil Nadu,India,Wholesale,2020-01-06
CUST00637,Rohan Kapoor,Female,69,Bangalore,Maharashtra,India,Corporate,2025-11-29
CUST00638,Diya Desai, male ,40,Mumbai,Maharashtra,India,Corporate,2024-05-22
CUST00639,Diya Mehta,FEMALE,60,Hyderabad,Gujarat,India,Retail,2021-10-26
CUST00640,Priya Desai,,61,Mumbai,Tamil Nadu,India,Corporate,2021-02-20
CUST00641,Priya Mehta,FEMALE,65,Hyderabad,Telangana,India,Retail,2023-03-18
CUST00642,Aditya Joshi,,52,Hyderabad,Delhi,India,Corporate,2021-01-25
CUST00643,Kavya Shah,Male,18,Hyderabad,Tamil Nadu,India,Retail,2020-09-18
CUST00644,Priya Desai, male ,45,Pune,Delhi,India,Retail,2024-01-27
CUST00645,Aarav Joshi,,21,Bangalore,Delhi,India,Wholesale,2022-04-15
CUST00646,Sneha Gupta,FEMALE,37,Pune,Gujarat,India,Corporate,2021-01-24
CUST00647,Arjun Desai,Male,57,Delhi,Delhi,India,Retail,2020-04-22
CUST00648,Riya Joshi,Female,44,Hyderabad,Karnataka,India,Retail,2022-03-10
CUST00649,Aarav Shah,Female,59,Pune,Telangana,India,Wholesale,2024-01-16
CUST00650,Ananya Shah,,65,Surat,Delhi,India,Corporate,2023-11-06
CUST00651,Riya Agarwal,,28,Hyderabad,Maharashtra,India,Retail,2023-07-03
CUST00652,Isha Desai,,48,Hyderabad,Karnataka,India,Retail,2020-06-23
CUST00653,Sneha Gupta,Female,54,Chennai,Delhi,India,Retail,2021-05-11
CUST00654,Dhruvi Singh,Male,44,Surat,Gujarat,India,Wholesale,2025-04-18
CUST00655,Rahul Agarwal,Male,36,Delhi,Tamil Nadu,India,Retail,2023-08-28
CUST00656,Meera Kapoor,,69,Ahmedabad,Karnataka,India,Wholesale,2020-03-07
CUST00657,Vivaan Shah, male ,57,Chennai,Karnataka,India,Wholesale,2021-03-11
CUST00658,Vivaan Shah,,63,Mumbai,Delhi,India,Corporate,2020-01-06
CUST00659,Arjun Kapoor,Female,35,Hyderabad,Telangana,India,Wholesale,2022-10-11
CUST00660,Isha Desai,,53,Surat,Gujarat,India,Retail,2025-02-14
CUST00661,Riya Agarwal, male ,63,Surat,Telangana,India,Retail,2025-07-10
CUST00662,Aarav Agarwal,,49,Delhi,Telangana,India,Wholesale,2025-07-01
CUST00663,Rahul Gupta,,46,Bangalore,Telangana,India,Wholesale,2022-05-08
CUST00664,Rohan Mehta, male ,23,Bangalore,Gujarat,India,Retail,2022-05-01
CUST00665,Yash Singh,Male,48,Delhi,Maharashtra,India,Wholesale,2025-02-26
CUST00666,Kavya Joshi,FEMALE,68,Bangalore,Gujarat,India,Wholesale,2021-08-25
CUST00667,Aditya Kapoor,FEMALE,62,Delhi,Maharashtra,India,Wholesale,2022-12-27
CUST00668,Aarav Shah, male ,50,Mumbai,Karnataka,India,Wholesale,2020-12-31
CUST00669,Ananya Agarwal,FEMALE,46,Mumbai,Telangana,India,Wholesale,2022-04-24
CUST00670,Aditya Joshi, male ,31,Bangalore,Karnataka,India,Wholesale,2020-07-20
CUST00671,Meera Kapoor,Female,46,Delhi,Maharashtra,India,Retail,2022-10-22
CUST00672,Neha Shah,,69,Hyderabad,Gujarat,India,Corporate,2024-07-27
CUST00673,Rohan Kapoor, male ,37,Mumbai,Maharashtra,India,Corporate,2025-12-15
CUST00674,Rohan Singh,,32,Chennai,Maharashtra,India,Retail,2024-02-11
CUST00675,Diya Singh,,27,Chennai,Tamil Nadu,India,Corporate,2024-05-07
CUST00676,Kavya Agarwal,Male,32,Delhi,Karnataka,India,Wholesale,2020-10-03
CUST00677,Diya Gupta,,48,Pune,Karnataka,India,Corporate,2020-07-02
CUST00678,Nidhi Singh,,19,Delhi,Delhi,India,Corporate,2021-03-05
CUST00679,Kavya Mehta,Male,23,Pune,Gujarat,India,Corporate,2024-02-19
CUST00680,Rahul Desai,,54,Surat,Karnataka,India,Retail,2022-07-29
CUST00681,Dhruvi Gupta,FEMALE,61,Bangalore,Telangana,India,Wholesale,2021-04-14
CUST00682,Aditya Shah,Female,52,Delhi,Telangana,India,Corporate,2021-06-10
CUST00683,Nidhi Desai,,44,Pune,Gujarat,India,Wholesale,2023-07-31
CUST00684,Dhruvi Verma,FEMALE,58,Chennai,Maharashtra,India,Wholesale,2022-05-10
CUST00685,Priya Verma,Female,44,Hyderabad,Delhi,India,Corporate,2021-09-03
CUST00686,Kavya Gupta,,43,Ahmedabad,Karnataka,India,Retail,2020-12-29
CUST00687,Diya Agarwal, male ,49,Ahmedabad,Karnataka,India,Corporate,2021-09-16
CUST00688,Ananya Agarwal,,41,Pune,Telangana,India,Corporate,2023-04-04
CUST00689,Diya Patel,Male,63,Ahmedabad,Gujarat,India,Retail,2025-05-17
CUST00690,Riya Shah, male ,34,Ahmedabad,Gujarat,India,Corporate,2021-10-30
CUST00691,Dhruvi Mehta,,66,Surat,Karnataka,India,Retail,2022-02-03
CUST00692,Rohan Kapoor,,68,Surat,Gujarat,India,Wholesale,2024-08-09
CUST00693,Meera Mehta,Male,21,Surat,Telangana,India,Corporate,2021-12-29
CUST00694,Dhruvi Shah,Female,44,Surat,Tamil Nadu,India,Corporate,2020-01-10
CUST00695,Ananya Mehta,Male,26,Bangalore,Gujarat,India,Retail,2023-10-31
CUST00696,Priya Shah,,73,Bangalore,Maharashtra,India,Retail,2024-10-09
CUST00697,Arjun Singh,FEMALE,25,Bangalore,Gujarat,India,Retail,2023-01-17
CUST00698,Kavya Gupta,Male,40,Surat,Delhi,India,Corporate,2021-05-08
CUST00699,Rohan Gupta,Female,65,Ahmedabad,Gujarat,India,Corporate,2024-03-22
CUST00700,Meera Joshi,,56,Pune,Maharashtra,India,Retail,2021-12-14
CUST00701,Aditya Desai,Male,60,Hyderabad,Delhi,India,Wholesale,2022-09-16
CUST00702,Vivaan Agarwal,,24,Bangalore,Gujarat,India,Wholesale,2025-12-13
CUST00703,Isha Gupta,Female,62,Pune,Delhi,India,Corporate,2023-03-29
CUST00704,Meera Patel,,30,Bangalore,Delhi,India,Corporate,2022-07-30
CUST00705,Ananya Desai, male ,21,Ahmedabad,Gujarat,India,Corporate,2024-04-05
CUST00706,Kavya Kapoor,,23,Delhi,Karnataka,India,Corporate,2024-05-20
CUST00707,Diya Desai, male ,23,Mumbai,Maharashtra,India,Wholesale,2024-09-22
CUST00708,Dhruvi Shah,Female,47,Surat,Tamil Nadu,India,Wholesale,2025-02-12
CUST00709,Rahul Desai,Male,43,Delhi,Tamil Nadu,India,Corporate,2025-09-03
CUST00710,Yash Agarwal,Female,67,Chennai,Tamil Nadu,India,Retail,2021-03-10
CUST00711,Kavya Mehta,FEMALE,53,Delhi,Tamil Nadu,India,Corporate,2024-09-04
CUST00712,Neha Mehta,Female,28,Bangalore,Delhi,India,Wholesale,2025-02-27
CUST00713,Kavya Shah,Female,45,Chennai,Karnataka,India,Retail,2025-09-07
CUST00714,Isha Gupta,,33,Hyderabad,Karnataka,India,Corporate,2024-04-18
CUST00715,Priya Verma,FEMALE,39,Bangalore,Tamil Nadu,India,Wholesale,2025-12-27
CUST00716,Dhruvi Mehta,FEMALE,72,Surat,Telangana,India,Corporate,2020-03-17
CUST00717,Aarav Joshi,,62,Mumbai,Delhi,India,Retail,2025-06-12
CUST00718,Riya Singh,Female,50,Pune,Karnataka,India,Wholesale,2020-02-05
CUST00719,Aarav Desai,,53,Mumbai,Maharashtra,India,Corporate,2024-11-01
CUST00720,Dhruvi Verma,FEMALE,47,Mumbai,Telangana,India,Retail,2022-09-11
CUST00721,Yash Joshi,,29,Hyderabad,Delhi,India,Corporate,2023-12-08
CUST00722,Kavya Joshi,,26,Mumbai,Maharashtra,India,Corporate,2023-05-14
CUST00723,Vivaan Desai,Female,69,Mumbai,Maharashtra,India,Retail,2021-03-11
CUST00724,Dhruvi Desai,Female,62,Pune,Telangana,India,Retail,2024-07-15
CUST00725,Aarav Patel,FEMALE,42,Surat,Tamil Nadu,India,Wholesale,2022-10-06
CUST00726,Sneha Joshi, male ,22,Surat,Karnataka,India,Wholesale,2022-12-05
CUST00727,Rohan Verma,FEMALE,31,Hyderabad,Gujarat,India,Wholesale,2024-08-15
CUST00728,Aditya Desai,Male,24,Hyderabad,Telangana,India,Corporate,2024-10-25
CUST00729,Dhruvi Mehta, male ,28,Delhi,Tamil Nadu,India,Wholesale,2025-08-17
CUST00730,Aarav Agarwal,Male,67,Mumbai,Maharashtra,India,Retail,2020-11-19
CUST00731,Rohan Shah,FEMALE,72,Ahmedabad,Maharashtra,India,Retail,2024-01-11
CUST00732,Rohan Mehta,FEMALE,67,Delhi,Delhi,India,Retail,2025-04-19
CUST00733,Diya Agarwal,Female,47,Chennai,Tamil Nadu,India,Corporate,2020-01-11
CUST00734,Diya Agarwal,Male,29,Bangalore,Telangana,India,Retail,2024-05-13
CUST00735,Aarav Patel,FEMALE,73,Surat,Gujarat,India,Wholesale,2020-12-28
CUST00736,Aditya Desai,FEMALE,56,Mumbai,Maharashtra,India,Wholesale,2022-08-10
CUST00737,Dhruvi Kapoor,FEMALE,42,Hyderabad,Maharashtra,India,Wholesale,2020-05-31
CUST00738,Riya Agarwal,,37,Surat,Delhi,India,Corporate,2021-03-05
CUST00739,Sneha Mehta,Male,45,Chennai,Tamil Nadu,India,Retail,2021-09-16
CUST00740,Meera Kapoor,FEMALE,58,Pune,Maharashtra,India,Wholesale,2025-06-06
CUST00741,Arjun Patel,,18,Hyderabad,Tamil Nadu,India,Corporate,2022-07-03
CUST00742,Ananya Desai,,34,Delhi,Delhi,India,Wholesale,2025-03-24
CUST00743,Isha Singh,FEMALE,43,Bangalore,Maharashtra,India,Retail,2020-12-14
CUST00744,Neha Agarwal, male ,18,Bangalore,Telangana,India,Corporate,2023-02-05
CUST00745,Aarav Agarwal,,48,Mumbai,Gujarat,India,Retail,2024-02-10
CUST00746,Yash Mehta,Male,46,Mumbai,Karnataka,India,Corporate,2023-05-12
CUST00747,Rahul Joshi,,61,Delhi,Tamil Nadu,India,Retail,2023-12-14
CUST00748,Yash Kapoor,,66,Chennai,Gujarat,India,Wholesale,2020-12-25
CUST00749,Aarav Verma,Female,69,Surat,Telangana,India,Retail,2021-04-05
CUST00750,Rohan Gupta,,42,Mumbai,Tamil Nadu,India,Retail,2023-01-14
CUST00751,Nidhi Agarwal, male ,44,Delhi,Gujarat,India,Corporate,2021-05-23
CUST00752,Dhruvi Joshi,,44,Mumbai,Gujarat,India,Wholesale,2021-05-28
CUST00753,Rohan Shah,Male,20,Hyderabad,Karnataka,India,Retail,2024-02-26
CUST00754,Priya Singh,Female,23,Chennai,Karnataka,India,Corporate,2025-06-24
CUST00755,Nidhi Gupta,,22,Bangalore,Maharashtra,India,Wholesale,2020-04-22
CUST00756,Aditya Desai,FEMALE,27,Bangalore,Karnataka,India,Corporate,2021-01-25
CUST00757,Sneha Patel,FEMALE,51,Mumbai,Karnataka,India,Wholesale,2025-05-24
CUST00758,Rahul Joshi,Female,55,Delhi,Karnataka,India,Corporate,2025-12-27
CUST00759,Nidhi Verma,Male,55,Bangalore,Telangana,India,Corporate,2024-06-21
CUST00760,Vivaan Singh,Female,32,Delhi,Maharashtra,India,Corporate,2020-10-28
CUST00761,Nidhi Kapoor,Female,33,Mumbai,Gujarat,India,Retail,2020-10-09
CUST00762,Priya Desai, male ,68,Surat,Telangana,India,Wholesale,2024-01-01
CUST00763,Isha Shah,FEMALE,53,Surat,Delhi,India,Corporate,2022-07-07
CUST00764,Diya Singh,FEMALE,43,Delhi,Tamil Nadu,India,Wholesale,2024-09-23
CUST00765,Isha Gupta,,36,Chennai,Maharashtra,India,Corporate,2025-07-30
CUST00766,Arjun Desai, male ,64,Bangalore,Gujarat,India,Retail,2023-03-14
CUST00767,Rahul Patel,FEMALE,28,Pune,Delhi,India,Corporate,2021-05-06
CUST00768,Priya Agarwal, male ,29,Hyderabad,Delhi,India,Corporate,2025-03-26
CUST00769,Riya Desai,Male,52,Bangalore,Gujarat,India,Corporate,2022-02-12
CUST00770,Yash Joshi, male ,44,Pune,Karnataka,India,Corporate,2023-02-12
CUST00771,Meera Joshi,FEMALE,63,Delhi,Tamil Nadu,India,Retail,2022-03-12
CUST00772,Yash Singh,,73,Mumbai,Telangana,India,Corporate,2021-10-05
CUST00773,Arjun Patel,Female,37,Mumbai,Delhi,India,Wholesale,2022-10-05
CUST00774,Kavya Agarwal,Male,61,Pune,Tamil Nadu,India,Retail,2025-05-14
CUST00775,Ananya Verma,,66,Pune,Karnataka,India,Retail,2020-05-12
CUST00776,Aditya Patel,Male,30,Mumbai,Gujarat,India,Wholesale,2022-10-07
CUST00777,Neha Verma,FEMALE,42,Delhi,Delhi,India,Retail,2021-04-13
CUST00778,Meera Singh,,34,Bangalore,Tamil Nadu,India,Retail,2025-09-03
CUST00779,Sneha Singh, male ,71,Hyderabad,Karnataka,India,Wholesale,2021-03-18
CUST00780,Kavya Kapoor,,65,Hyderabad,Maharashtra,India,Retail,2021-09-23
CUST00781,Nidhi Verma,Female,40,Bangalore,Gujarat,India,Wholesale,2025-10-31
CUST00782,Rohan Mehta,FEMALE,70,Mumbai,Delhi,India,Wholesale,2021-07-23
CUST00783,Aditya Verma,Male,44,Mumbai,Gujarat,India,Retail,2022-01-22
CUST00784,Aditya Gupta,Male,21,Bangalore,Gujarat,India,Wholesale,2020-02-09
CUST00785,Rahul Patel,Male,66,Pune,Gujarat,India,Retail,2021-01-09
CUST00786,Aarav Verma,Male,22,Chennai,Tamil Nadu,India,Corporate,2023-08-19
CUST00787,Yash Singh,Male,57,Hyderabad,Karnataka,India,Retail,2025-10-26
CUST00788,Arjun Desai, male ,64,Ahmedabad,Tamil Nadu,India,Retail,2024-12-20
CUST00789,Kavya Gupta,Female,41,Pune,Maharashtra,India,Corporate,2022-11-27
CUST00790,Ananya Singh, male ,51,Ahmedabad,Telangana,India,Wholesale,2021-06-26
CUST00791,Yash Joshi,,35,Delhi,Delhi,India,Corporate,2024-04-22
CUST00792,Diya Mehta,Female,28,Mumbai,Delhi,India,Corporate,2021-06-09
CUST00793,Riya Kapoor, male ,45,Mumbai,Gujarat,India,Retail,2024-02-04
CUST00794,Diya Patel,FEMALE,22,Bangalore,Delhi,India,Corporate,2023-01-01
CUST00795,Kavya Joshi,Male,44,Delhi,Karnataka,India,Retail,2025-06-30
CUST00796,Kavya Verma,FEMALE,67,Pune,Gujarat,India,Retail,2021-03-05
CUST00797,Aarav Shah,Female,27,Ahmedabad,Gujarat,India,Corporate,2022-03-07
CUST00798,Diya Patel,Female,35,Pune,Delhi,India,Retail,2024-04-01
CUST00799,Sneha Shah,,54,Pune,Gujarat,India,Corporate,2023-10-06
CUST00800,Ananya Shah,Male,48,Surat,Telangana,India,Wholesale,2024-02-07
CUST00801,Diya Desai,Male,36,Surat,Gujarat,India,Wholesale,2022-03-09
CUST00802,Vivaan Agarwal,Female,27,Bangalore,Tamil Nadu,India,Corporate,2022-10-24
CUST00803,Riya Singh,,62,Ahmedabad,Maharashtra,India,Retail,2022-08-03
CUST00804,Dhruvi Agarwal,Male,55,Ahmedabad,Telangana,India,Corporate,2021-11-07
CUST00805,Vivaan Mehta,Male,26,Chennai,Telangana,India,Wholesale,2023-07-12
CUST00806,Kavya Joshi,FEMALE,59,Ahmedabad,Delhi,India,Wholesale,2024-11-18
CUST00807,Neha Agarwal, male ,73,Delhi,Gujarat,India,Corporate,2020-10-24
CUST00808,Meera Joshi,,21,Surat,Delhi,India,Corporate,2020-11-19
CUST00809,Yash Agarwal,,26,Bangalore,Maharashtra,India,Corporate,2025-07-23
CUST00810,Rahul Desai,Female,53,Surat,Karnataka,India,Wholesale,2022-04-27
CUST00811,Dhruvi Verma, male ,59,Surat,Telangana,India,Corporate,2024-12-27
CUST00812,Priya Patel,FEMALE,45,Chennai,Maharashtra,India,Corporate,2025-07-15
CUST00813,Yash Joshi,Female,52,Pune,Tamil Nadu,India,Wholesale,2023-04-08
CUST00814,Meera Singh,Female,52,Bangalore,Telangana,India,Corporate,2020-08-31
CUST00815,Nidhi Patel,FEMALE,39,Chennai,Karnataka,India,Retail,2023-12-22
CUST00816,Neha Joshi,,44,Delhi,Maharashtra,India,Corporate,2024-11-04
CUST00817,Riya Patel,,68,Chennai,Maharashtra,India,Retail,2022-04-03
CUST00818,Rahul Kapoor,Male,38,Mumbai,Karnataka,India,Wholesale,2023-04-21
CUST00819,Rohan Gupta,,67,Chennai,Delhi,India,Retail,2022-12-24
CUST00820,Sneha Gupta,Male,49,Mumbai,Karnataka,India,Corporate,2025-09-15
CUST00821,Neha Agarwal, male ,74,Ahmedabad,Telangana,India,Wholesale,2021-02-06
CUST00822,Sneha Singh,,69,Delhi,Telangana,India,Wholesale,2020-09-09
CUST00823,Vivaan Shah,,31,Delhi,Maharashtra,India,Wholesale,2022-06-29
CUST00824,Yash Gupta,Male,46,Mumbai,Karnataka,India,Retail,2020-07-19
CUST00825,Ananya Desai,,44,Bangalore,Telangana,India,Wholesale,2026-01-03
CUST00826,Riya Gupta,Female,57,Bangalore,Delhi,India,Corporate,2024-06-10
CUST00827,Priya Kapoor,FEMALE,34,Delhi,Telangana,India,Retail,2022-03-16
CUST00828,Kavya Agarwal, male ,21,Hyderabad,Tamil Nadu,India,Corporate,2024-05-17
CUST00829,Diya Singh,Male,64,Mumbai,Karnataka,India,Retail,2025-08-04
CUST00830,Priya Gupta, male ,57,Bangalore,Delhi,India,Corporate,2020-09-27
CUST00831,Nidhi Singh,,53,Ahmedabad,Delhi,India,Corporate,2020-01-27
CUST00832,Sneha Verma,,44,Hyderabad,Delhi,India,Wholesale,2020-04-25
CUST00833,Sneha Kapoor,,68,Chennai,Telangana,India,Corporate,2021-03-15
CUST00834,Nidhi Patel,FEMALE,45,Surat,Telangana,India,Wholesale,2020-06-21
CUST00835,Arjun Verma,,61,Pune,Delhi,India,Wholesale,2023-03-26
CUST00836,Diya Mehta, male ,41,Mumbai,Gujarat,India,Corporate,2023-10-09
CUST00837,Diya Joshi,Female,43,Surat,Maharashtra,India,Wholesale,2020-08-01
CUST00838,Nidhi Shah,,51,Bangalore,Delhi,India,Wholesale,2024-05-13
CUST00839,Ananya Joshi,Female,58,Surat,Maharashtra,India,Retail,2025-06-19
CUST00840,Arjun Shah,,33,Pune,Gujarat,India,Retail,2023-11-08
CUST00841,Yash Kapoor,FEMALE,37,Surat,Karnataka,India,Wholesale,2022-06-19
CUST00842,Sneha Mehta,,63,Delhi,Maharashtra,India,Wholesale,2020-02-27
CUST00843,Sneha Shah,Male,26,Hyderabad,Gujarat,India,Wholesale,2023-07-15
CUST00844,Rahul Gupta,FEMALE,53,Chennai,Telangana,India,Corporate,2020-06-01
CUST00845,Aditya Verma,FEMALE,61,Surat,Gujarat,India,Wholesale,2025-04-18
CUST00846,Arjun Verma,,71,Pune,Telangana,India,Wholesale,2024-05-08
CUST00847,Vivaan Kapoor,FEMALE,23,Hyderabad,Karnataka,India,Wholesale,2022-09-19
CUST00848,Yash Agarwal,Female,48,Delhi,Karnataka,India,Corporate,2023-06-15
CUST00849,Priya Patel, male ,60,Pune,Maharashtra,India,Retail,2020-11-25
CUST00850,Rahul Agarwal,Female,52,Bangalore,Maharashtra,India,Retail,2021-09-29
CUST00851,Yash Mehta,FEMALE,72,Surat,Gujarat,India,Retail,2022-03-28
CUST00852,Vivaan Patel, male ,59,Delhi,Maharashtra,India,Retail,2023-12-18
CUST00853,Diya Mehta,Male,58,Delhi,Gujarat,India,Wholesale,2022-10-25
CUST00854,Arjun Desai,,55,Chennai,Telangana,India,Corporate,2024-07-16
CUST00855,Neha Patel,,21,Bangalore,Maharashtra,India,Wholesale,2022-12-08
CUST00856,Diya Desai,FEMALE,23,Chennai,Maharashtra,India,Retail,2022-04-22
CUST00857,Nidhi Verma,,69,Surat,Telangana,India,Retail,2021-03-09
CUST00858,Sneha Mehta,,71,Delhi,Gujarat,India,Corporate,2021-08-04
CUST00859,Neha Patel, male ,28,Bangalore,Maharashtra,India,Corporate,2024-08-25
CUST00860,Rohan Verma,,33,Ahmedabad,Karnataka,India,Retail,2022-02-09
CUST00861,Priya Agarwal,,55,Delhi,Maharashtra,India,Corporate,2024-01-26
CUST00862,Arjun Joshi,FEMALE,35,Hyderabad,Delhi,India,Wholesale,2020-06-09
CUST00863,Aditya Agarwal,FEMALE,67,Mumbai,Gujarat,India,Retail,2024-10-27
CUST00864,Aditya Patel,Female,21,Hyderabad,Telangana,India,Retail,2023-05-05
CUST00865,Diya Singh,,33,Ahmedabad,Delhi,India,Wholesale,2022-05-03
CUST00866,Aditya Gupta,,18,Bangalore,Delhi,India,Wholesale,2022-07-21
CUST00867,Rohan Kapoor,Female,21,Delhi,Tamil Nadu,India,Retail,2021-11-29
CUST00868,Riya Verma,Female,58,Surat,Gujarat,India,Wholesale,2025-08-23
CUST00869,Dhruvi Patel,,58,Ahmedabad,Gujarat,India,Corporate,2021-04-26
CUST00870,Vivaan Desai,,30,Surat,Gujarat,India,Corporate,2024-01-31
CUST00871,Aditya Mehta, male ,73,Chennai,Telangana,India,Retail,2022-05-22
CUST00872,Aarav Verma, male ,72,Mumbai,Maharashtra,India,Wholesale,2023-04-04
CUST00873,Rahul Desai,Male,44,Chennai,Karnataka,India,Corporate,2023-12-28
CUST00874,Riya Shah,Female,45,Hyderabad,Karnataka,India,Wholesale,2025-07-15
CUST00875,Kavya Singh, male ,67,Bangalore,Maharashtra,India,Corporate,2020-02-04
CUST00876,Vivaan Verma,FEMALE,22,Pune,Delhi,India,Retail,2024-10-23
CUST00877,Dhruvi Agarwal,FEMALE,55,Delhi,Maharashtra,India,Retail,2023-08-14
CUST00878,Dhruvi Kapoor,Female,30,Bangalore,Telangana,India,Wholesale,2023-08-02
CUST00879,Kavya Shah,,22,Hyderabad,Telangana,India,Retail,2023-02-16
CUST00880,Rohan Verma,FEMALE,58,Ahmedabad,Delhi,India,Retail,2023-09-14
CUST00881,Nidhi Desai,Male,60,Mumbai,Telangana,India,Wholesale,2020-12-21
CUST00882,Arjun Singh,FEMALE,43,Chennai,Karnataka,India,Retail,2020-06-01
CUST00883,Meera Gupta,,28,Hyderabad,Tamil Nadu,India,Retail,2024-02-06
CUST00884,Riya Desai,Male,44,Pune,Gujarat,India,Corporate,2020-05-06
CUST00885,Isha Gupta,,60,Ahmedabad,Telangana,India,Wholesale,2021-07-26
CUST00886,Sneha Mehta,FEMALE,63,Pune,Telangana,India,Retail,2020-02-12
CUST00887,Sneha Shah,FEMALE,49,Delhi,Tamil Nadu,India,Wholesale,2025-07-24
CUST00888,Vivaan Verma, male ,59,Delhi,Telangana,India,Wholesale,2020-10-13
CUST00889,Aditya Kapoor,,23,Ahmedabad,Telangana,India,Retail,2022-10-21
CUST00890,Riya Joshi,Female,27,Chennai,Maharashtra,India,Wholesale,2025-09-06
CUST00891,Diya Gupta,Female,59,Bangalore,Tamil Nadu,India,Retail,2022-02-25
CUST00892,Neha Kapoor,Male,66,Hyderabad,Delhi,India,Retail,2020-11-16
CUST00893,Aditya Agarwal,FEMALE,61,Pune,Gujarat,India,Retail,2025-07-13
CUST00894,Neha Patel,FEMALE,69,Hyderabad,Telangana,India,Retail,2023-01-02
CUST00895,Yash Verma,,74,Chennai,Tamil Nadu,India,Retail,2020-06-04
CUST00896,Meera Verma,FEMALE,31,Surat,Tamil Nadu,India,Retail,2022-09-10
CUST00897,Dhruvi Agarwal, male ,70,Delhi,Tamil Nadu,India,Corporate,2024-04-24
CUST00898,Kavya Joshi,Female,22,Mumbai,Karnataka,India,Retail,2025-04-05
CUST00899,Sneha Agarwal,FEMALE,39,Chennai,Tamil Nadu,India,Retail,2023-11-22
CUST00900,Nidhi Desai,,68,Surat,Maharashtra,India,Wholesale,2024-05-09
CUST00901,Nidhi Gupta,Female,56,Bangalore,Tamil Nadu,India,Wholesale,2022-09-22
CUST00902,Isha Shah,,39,Pune,Gujarat,India,Wholesale,2021-01-28
CUST00903,Ananya Gupta,,59,Chennai,Delhi,India,Retail,2021-05-19
CUST00904,Priya Desai,,28,Hyderabad,Karnataka,India,Retail,2023-05-02
CUST00905,Aditya Desai,,63,Hyderabad,Delhi,India,Corporate,2020-07-15
CUST00906,Diya Gupta,,49,Bangalore,Gujarat,India,Wholesale,2021-02-26
CUST00907,Meera Patel,Male,50,Delhi,Telangana,India,Corporate,2023-12-18
CUST00908,Nidhi Mehta,Male,62,Ahmedabad,Karnataka,India,Corporate,2025-03-04
CUST00909,Dhruvi Gupta, male ,44,Mumbai,Telangana,India,Retail,2022-03-08
CUST00910,Vivaan Patel, male ,19,Surat,Tamil Nadu,India,Corporate,2022-10-25
CUST00911,Dhruvi Patel,,72,Bangalore,Maharashtra,India,Wholesale,2025-07-01
CUST00912,Kavya Shah, male ,31,Pune,Gujarat,India,Corporate,2025-06-16
CUST00913,Isha Agarwal,Male,35,Bangalore,Gujarat,India,Retail,2021-09-09
CUST00914,Rohan Gupta,FEMALE,37,Mumbai,Maharashtra,India,Retail,2023-04-02
CUST00915,Yash Joshi,Female,40,Ahmedabad,Telangana,India,Retail,2025-06-23
CUST00916,Rohan Shah,Female,68,Surat,Tamil Nadu,India,Retail,2024-08-09
CUST00917,Rohan Singh,Male,70,Mumbai,Maharashtra,India,Retail,2024-09-27
CUST00918,Aditya Gupta, male ,63,Ahmedabad,Tamil Nadu,India,Retail,2025-08-16
CUST00919,Neha Agarwal, male ,56,Chennai,Tamil Nadu,India,Retail,2024-03-07
CUST00920,Rahul Singh,,69,Hyderabad,Delhi,India,Wholesale,2020-02-06
CUST00921,Isha Kapoor,Female,22,Chennai,Delhi,India,Corporate,2024-02-01
CUST00922,Kavya Desai,FEMALE,48,Hyderabad,Karnataka,India,Corporate,2022-01-31
CUST00923,Diya Shah,FEMALE,42,Chennai,Tamil Nadu,India,Wholesale,2023-12-19
CUST00924,Kavya Joshi,,62,Pune,Gujarat,India,Wholesale,2023-08-20
CUST00925,Rohan Verma,FEMALE,52,Delhi,Karnataka,India,Retail,2023-04-24
CUST00926,Ananya Singh,,71,Bangalore,Tamil Nadu,India,Corporate,2023-01-04
CUST00927,Vivaan Shah,Male,50,Surat,Karnataka,India,Wholesale,2020-04-02
CUST00928,Arjun Desai,Female,66,Pune,Karnataka,India,Wholesale,2023-04-25
CUST00929,Dhruvi Patel,,59,Ahmedabad,Maharashtra,India,Corporate,2020-07-12
CUST00930,Priya Mehta, male ,64,Mumbai,Karnataka,India,Wholesale,2024-06-14
CUST00931,Isha Singh,Male,65,Hyderabad,Karnataka,India,Retail,2022-10-04
CUST00932,Aditya Gupta,Male,57,Ahmedabad,Delhi,India,Wholesale,2023-11-03
CUST00933,Meera Shah,FEMALE,24,Pune,Telangana,India,Retail,2021-11-05
CUST00934,Kavya Patel, male ,74,Hyderabad,Karnataka,India,Wholesale,2020-03-05
CUST00935,Aarav Agarwal,,22,Mumbai,Karnataka,India,Corporate,2020-04-16
CUST00936,Rahul Mehta,Female,22,Mumbai,Tamil Nadu,India,Wholesale,2025-12-06
CUST00937,Neha Agarwal,Male,54,Surat,Gujarat,India,Retail,2022-10-30
CUST00938,Ananya Gupta,,48,Surat,Maharashtra,India,Corporate,2022-04-25
CUST00939,Sneha Singh,FEMALE,58,Mumbai,Delhi,India,Retail,2021-04-16
CUST00940,Neha Verma, male ,22,Hyderabad,Karnataka,India,Retail,2025-12-19
CUST00941,Dhruvi Joshi,Male,21,Delhi,Maharashtra,India,Retail,2022-09-30
CUST00942,Riya Shah,,58,Chennai,Tamil Nadu,India,Wholesale,2023-07-14
CUST00943,Aarav Verma,,46,Mumbai,Tamil Nadu,India,Corporate,2025-08-30
CUST00944,Kavya Patel,Male,57,Bangalore,Karnataka,India,Retail,2020-09-20
CUST00945,Rahul Joshi,Male,58,Hyderabad,Delhi,India,Wholesale,2021-10-25
CUST00946,Meera Mehta,Male,44,Delhi,Delhi,India,Retail,2021-08-19
CUST00947,Neha Gupta,Female,28,Hyderabad,Maharashtra,India,Retail,2020-02-18
CUST00948,Isha Mehta,FEMALE,42,Delhi,Delhi,India,Wholesale,2023-07-04
CUST00949,Rohan Mehta,,19,Pune,Gujarat,India,Wholesale,2025-12-20
CUST00950,Neha Joshi, male ,71,Surat,Gujarat,India,Wholesale,2024-06-12
CUST00951,Rahul Verma,,42,Chennai,Telangana,India,Retail,2024-10-28
CUST00952,Dhruvi Agarwal,FEMALE,40,Ahmedabad,Maharashtra,India,Wholesale,2024-07-09
CUST00953,Ananya Agarwal,,18,Chennai,Karnataka,India,Retail,2022-07-09
CUST00954,Diya Agarwal,,59,Bangalore,Maharashtra,India,Retail,2020-07-10
CUST00955,Sneha Joshi,,64,Chennai,Delhi,India,Retail,2020-04-01
CUST00956,Sneha Agarwal,FEMALE,20,Pune,Karnataka,India,Wholesale,2024-10-19
CUST00957,Priya Patel,Male,62,Mumbai,Tamil Nadu,India,Corporate,2023-04-03
CUST00958,Sneha Patel,,48,Chennai,Karnataka,India,Retail,2020-08-24
CUST00959,Yash Kapoor,Female,41,Surat,Tamil Nadu,India,Retail,2025-02-10
CUST00960,Vivaan Mehta,Female,31,Mumbai,Telangana,India,Wholesale,2022-04-09
CUST00961,Aarav Shah,Male,57,Chennai,Maharashtra,India,Corporate,2022-06-27
CUST00962,Rohan Desai, male ,36,Delhi,Delhi,India,Corporate,2025-11-29
CUST00963,Priya Kapoor,Male,69,Hyderabad,Tamil Nadu,India,Corporate,2025-10-11
CUST00964,Yash Shah,FEMALE,18,Chennai,Gujarat,India,Wholesale,2021-08-11
CUST00965,Priya Agarwal,,44,Ahmedabad,Tamil Nadu,India,Wholesale,2025-05-02
CUST00966,Riya Patel,Female,54,Delhi,Maharashtra,India,Retail,2021-06-22
CUST00967,Aarav Singh,,45,Bangalore,Karnataka,India,Wholesale,2025-09-23
CUST00968,Riya Mehta,FEMALE,53,Chennai,Gujarat,India,Wholesale,2023-04-14
CUST00969,Yash Shah,,31,Bangalore,Karnataka,India,Corporate,2020-11-06
CUST00970,Isha Singh,Male,53,Surat,Telangana,India,Wholesale,2021-05-25
CUST00971,Priya Singh,Female,43,Chennai,Karnataka,India,Retail,2025-11-21
CUST00972,Rahul Kapoor,FEMALE,54,Surat,Delhi,India,Corporate,2020-02-23
CUST00973,Yash Patel,Male,31,Bangalore,Telangana,India,Retail,2024-12-21
CUST00974,Aditya Kapoor,Male,65,Hyderabad,Gujarat,India,Corporate,2021-11-15
CUST00975,Sneha Desai, male ,72,Bangalore,Delhi,India,Wholesale,2020-07-25
CUST00976,Aditya Singh,Female,51,Hyderabad,Tamil Nadu,India,Wholesale,2025-03-13
CUST00977,Isha Verma,,21,Mumbai,Gujarat,India,Corporate,2025-07-30
CUST00978,Sneha Gupta,FEMALE,53,Pune,Delhi,India,Retail,2020-06-12
CUST00979,Vivaan Patel, male ,22,Mumbai,Telangana,India,Corporate,2022-03-23
CUST00980,Aarav Agarwal,,46,Ahmedabad,Maharashtra,India,Wholesale,2024-07-03
CUST00981,Ananya Singh, male ,66,Bangalore,Maharashtra,India,Wholesale,2023-09-16
CUST00982,Diya Kapoor,,68,Ahmedabad,Telangana,India,Wholesale,2023-11-04
CUST00983,Ananya Patel,Male,31,Hyderabad,Delhi,India,Retail,2021-12-05
CUST00984,Nidhi Singh,,28,Ahmedabad,Karnataka,India,Wholesale,2022-06-09
CUST00985,Diya Gupta,Male,70,Surat,Karnataka,India,Wholesale,2021-12-07
CUST00986,Isha Patel,FEMALE,33,Chennai,Delhi,India,Wholesale,2020-07-13
CUST00987,Neha Gupta, male ,45,Bangalore,Delhi,India,Wholesale,2020-11-07
CUST00988,Priya Kapoor,FEMALE,26,Delhi,Maharashtra,India,Corporate,2024-10-20
CUST00989,Ananya Agarwal, male ,19,Chennai,Gujarat,India,Wholesale,2025-04-22
CUST00990,Sneha Mehta,FEMALE,72,Pune,Delhi,India,Wholesale,2023-12-21
CUST00991,Aarav Verma,Male,21,Mumbai,Delhi,India,Corporate,2023-09-10
CUST00992,Aarav Mehta,,40,Delhi,Karnataka,India,Retail,2021-02-10
CUST00993,Dhruvi Patel,,18,Hyderabad,Tamil Nadu,India,Corporate,2020-10-15
CUST00994,Nidhi Kapoor,,58,Hyderabad,Delhi,India,Retail,2022-08-17
CUST00995,Riya Mehta,,74,Hyderabad,Karnataka,India,Retail,2021-04-16
CUST00996,Meera Verma,Male,21,Surat,Maharashtra,India,Corporate,2021-09-13
CUST00997,Sneha Singh,FEMALE,22,Ahmedabad,Karnataka,India,Corporate,2025-07-08
CUST00998,Nidhi Agarwal,Male,51,Bangalore,Delhi,India,Corporate,2020-09-08
CUST00999,Sneha Gupta,FEMALE,44,Bangalore,Telangana,India,Wholesale,2023-04-09
CUST01000,Sneha Singh,FEMALE,28,Chennai,Delhi,India,Corporate,2024-07-17
CUST01001,Kavya Agarwal,Male,59,Pune,Gujarat,India,Wholesale,2021-05-10
CUST01002,Neha Agarwal,FEMALE,68,Delhi,Tamil Nadu,India,Wholesale,2024-07-01
CUST01003,Neha Agarwal,,21,Chennai,Gujarat,India,Retail,2022-02-16
CUST01004,Ananya Verma,,22,Chennai,Karnataka,India,Retail,2021-04-09
CUST01005,Rahul Singh,FEMALE,20,Pune,Karnataka,India,Corporate,2025-01-27
CUST01006,Yash Singh,FEMALE,50,Chennai,Gujarat,India,Corporate,2025-08-09
CUST01007,Aarav Mehta,Female,50,Ahmedabad,Delhi,India,Retail,2023-04-18
CUST01008,Neha Shah,,19,Chennai,Telangana,India,Retail,2023-12-11
CUST01009,Nidhi Joshi,,44,Pune,Maharashtra,India,Retail,2025-07-24
CUST01010,Aditya Joshi, male ,36,Chennai,Maharashtra,India,Retail,2020-01-08
CUST01011,Neha Singh,Female,43,Mumbai,Telangana,India,Wholesale,2021-01-19
CUST01012,Arjun Joshi,,29,Surat,Telangana,India,Corporate,2024-01-15
CUST01013,Yash Agarwal,Female,73,Surat,Tamil Nadu,India,Wholesale,2023-03-12
CUST01014,Ananya Gupta,,38,Chennai,Telangana,India,Retail,2021-02-21
CUST01015,Aarav Kapoor, male ,32,Chennai,Karnataka,India,Retail,2024-03-18
CUST01016,Ananya Shah,Male,45,Surat,Telangana,India,Retail,2022-08-10
CUST01017,Diya Gupta,Female,65,Pune,Gujarat,India,Wholesale,2025-08-21
CUST01018,Rohan Verma,Female,40,Hyderabad,Tamil Nadu,India,Retail,2024-09-16
CUST01019,Vivaan Patel, male ,49,Pune,Tamil Nadu,India,Corporate,2021-07-17
CUST01020,Meera Shah,FEMALE,40,Bangalore,Tamil Nadu,India,Wholesale,2024-02-07
CUST01021,Riya Singh,Male,38,Bangalore,Telangana,India,Wholesale,2021-04-13
CUST01022,Ananya Mehta,Female,61,Chennai,Delhi,India,Wholesale,2025-05-04
CUST01023,Rohan Singh,Male,61,Pune,Maharashtra,India,Retail,2020-11-06
CUST01024,Rahul Joshi,FEMALE,71,Chennai,Maharashtra,India,Retail,2022-02-16
CUST01025,Nidhi Shah,,24,Mumbai,Maharashtra,India,Retail,2023-11-19
CUST01026,Sneha Patel,FEMALE,22,Ahmedabad,Tamil Nadu,India,Corporate,2023-04-23
CUST01027,Aarav Kapoor, male ,57,Pune,Delhi,India,Retail,2020-03-24
CUST01028,Neha Kapoor,FEMALE,50,Chennai,Telangana,India,Corporate,2024-05-27
CUST01029,Arjun Singh,,35,Bangalore,Karnataka,India,Wholesale,2023-10-31
CUST01030,Dhruvi Singh,FEMALE,35,Chennai,Tamil Nadu,India,Retail,2023-06-07
CUST01031,Rahul Gupta,FEMALE,39,Surat,Maharashtra,India,Retail,2020-03-24
CUST01032,Priya Gupta,Female,27,Surat,Tamil Nadu,India,Wholesale,2023-05-20
CUST01033,Aditya Joshi, male ,67,Ahmedabad,Delhi,India,Retail,2020-12-08
CUST01034,Meera Verma,,30,Pune,Karnataka,India,Wholesale,2022-12-10
CUST01035,Priya Joshi,Male,47,Hyderabad,Gujarat,India,Corporate,2025-04-10
CUST01036,Yash Shah, male ,71,Pune,Gujarat,India,Corporate,2022-09-16
CUST01037,Sneha Agarwal,,39,Ahmedabad,Karnataka,India,Corporate,2021-01-26
CUST01038,Ananya Joshi,,52,Delhi,Maharashtra,India,Retail,2021-03-11
CUST01039,Kavya Desai,,65,Chennai,Gujarat,India,Retail,2025-09-22
CUST01040,Neha Shah,Female,58,Surat,Delhi,India,Corporate,2024-06-27
CUST01041,Rohan Kapoor,Female,48,Delhi,Tamil Nadu,India,Corporate,2021-08-31
CUST01042,Arjun Joshi,,63,Hyderabad,Delhi,India,Corporate,2023-05-16
CUST01043,Rohan Patel,Male,22,Surat,Karnataka,India,Retail,2021-05-11
CUST01044,Isha Shah,Male,67,Bangalore,Telangana,India,Corporate,2024-07-31
CUST01045,Nidhi Shah,Male,49,Ahmedabad,Delhi,India,Wholesale,2022-11-07
CUST01046,Priya Kapoor,,25,Surat,Tamil Nadu,India,Wholesale,2021-06-04
CUST01047,Isha Shah,FEMALE,69,Bangalore,Delhi,India,Wholesale,2022-08-19
CUST01048,Aditya Desai, male ,64,Pune,Delhi,India,Retail,2023-03-05
CUST01049,Kavya Gupta,FEMALE,60,Hyderabad,Karnataka,India,Wholesale,2021-04-03
CUST01050,Isha Shah,,56,Surat,Karnataka,India,Wholesale,2021-05-26
CUST01051,Diya Desai,Male,64,Pune,Karnataka,India,Wholesale,2022-10-05
CUST01052,Isha Kapoor,,53,Ahmedabad,Delhi,India,Corporate,2022-04-03
CUST01053,Nidhi Singh,Male,50,Chennai,Telangana,India,Retail,2024-09-07
CUST01054,Nidhi Desai,,28,Delhi,Gujarat,India,Corporate,2020-02-15
CUST01055,Meera Gupta, male ,40,Delhi,Delhi,India,Wholesale,2022-07-29
CUST01056,Meera Kapoor,,33,Delhi,Maharashtra,India,Retail,2023-09-11
CUST01057,Aditya Verma,,18,Pune,Gujarat,India,Wholesale,2021-02-06
CUST01058,Nidhi Joshi,Male,49,Chennai,Maharashtra,India,Corporate,2021-05-26
CUST01059,Priya Mehta,Male,69,Surat,Delhi,India,Corporate,2023-05-14
CUST01060,Dhruvi Agarwal,,42,Surat,Gujarat,India,Wholesale,2021-05-05
CUST01061,Dhruvi Agarwal, male ,72,Surat,Delhi,India,Corporate,2021-06-25
CUST01062,Nidhi Joshi,Female,35,Hyderabad,Karnataka,India,Retail,2021-05-06
CUST01063,Aarav Kapoor,Male,44,Hyderabad,Maharashtra,India,Corporate,2023-06-13
CUST01064,Riya Singh,Female,53,Bangalore,Karnataka,India,Wholesale,2023-04-21
CUST01065,Riya Joshi,Male,42,Mumbai,Telangana,India,Retail,2024-12-11
CUST01066,Nidhi Singh, male ,30,Pune,Delhi,India,Wholesale,2021-04-28
CUST01067,Arjun Gupta,,37,Surat,Gujarat,India,Corporate,2021-09-27
CUST01068,Isha Shah,,49,Mumbai,Maharashtra,India,Retail,2025-11-05
CUST01069,Ananya Patel,FEMALE,58,Ahmedabad,Gujarat,India,Retail,2025-06-28
CUST01070,Vivaan Patel,Male,57,Bangalore,Telangana,India,Wholesale,2021-11-07
CUST01071,Arjun Joshi,,55,Delhi,Maharashtra,India,Retail,2024-09-30
CUST01072,Priya Desai, male ,46,Hyderabad,Gujarat,India,Retail,2023-08-30
CUST01073,Diya Shah,Female,72,Chennai,Gujarat,India,Wholesale,2020-04-07
CUST01074,Rohan Singh,Male,69,Chennai,Telangana,India,Corporate,2025-11-28
CUST01075,Riya Patel,FEMALE,49,Pune,Karnataka,India,Wholesale,2023-08-08
CUST01076,Rahul Kapoor,FEMALE,46,Mumbai,Gujarat,India,Retail,2023-01-31
CUST01077,Aditya Kapoor,FEMALE,34,Ahmedabad,Delhi,India,Retail,2021-11-22
CUST01078,Neha Shah,Male,43,Bangalore,Delhi,India,Retail,2022-02-12
CUST01079,Arjun Gupta,,29,Ahmedabad,Gujarat,India,Corporate,2021-02-19
CUST01080,Dhruvi Mehta,FEMALE,29,Delhi,Maharashtra,India,Corporate,2025-09-21
CUST01081,Aditya Shah,,20,Surat,Gujarat,India,Corporate,2020-10-20
CUST01082,Priya Patel,Female,73,Pune,Tamil Nadu,India,Wholesale,2021-12-16
CUST01083,Neha Mehta,,29,Hyderabad,Karnataka,India,Retail,2023-09-29
CUST01084,Aarav Joshi,Female,63,Hyderabad,Maharashtra,India,Corporate,2023-06-06
CUST01085,Arjun Desai,,60,Hyderabad,Gujarat,India,Corporate,2023-07-23
CUST01086,Neha Shah,Female,37,Chennai,Tamil Nadu,India,Corporate,2021-02-20
CUST01087,Kavya Kapoor,FEMALE,73,Pune,Maharashtra,India,Retail,2023-01-14
CUST01088,Aditya Shah,FEMALE,58,Bangalore,Maharashtra,India,Retail,2023-10-21
CUST01089,Rahul Singh,,42,Ahmedabad,Tamil Nadu,India,Corporate,2025-09-18
CUST01090,Neha Verma, male ,55,Mumbai,Delhi,India,Corporate,2021-10-28
CUST01091,Dhruvi Singh,,52,Mumbai,Gujarat,India,Retail,2020-02-10
CUST01092,Meera Desai,,37,Chennai,Gujarat,India,Corporate,2023-01-03
CUST01093,Aditya Joshi,Male,55,Pune,Delhi,India,Wholesale,2025-12-25
CUST01094,Arjun Desai,Male,43,Mumbai,Maharashtra,India,Retail,2024-04-12
CUST01095,Priya Joshi, male ,45,Delhi,Karnataka,India,Corporate,2025-09-21
CUST01096,Aditya Mehta,,59,Surat,Karnataka,India,Corporate,2022-02-09
CUST01097,Vivaan Verma,Male,64,Delhi,Karnataka,India,Wholesale,2024-03-16
CUST01098,Isha Verma,,27,Pune,Delhi,India,Retail,2022-08-05
CUST01099,Rohan Verma, male ,74,Chennai,Gujarat,India,Wholesale,2021-06-09
CUST01100,Kavya Gupta,Male,60,Chennai,Maharashtra,India,Wholesale,2022-07-30
CUST01101,Isha Singh,Male,70,Pune,Gujarat,India,Retail,2021-03-11
CUST01102,Neha Singh,Female,27,Pune,Karnataka,India,Corporate,2020-12-24
CUST01103,Rahul Kapoor,,34,Pune,Gujarat,India,Corporate,2020-07-06
CUST01104,Yash Kapoor,FEMALE,22,Pune,Tamil Nadu,India,Wholesale,2020-06-13
CUST01105,Ananya Verma,,18,Surat,Karnataka,India,Retail,2022-11-11
CUST01106,Neha Gupta, male ,53,Surat,Telangana,India,Retail,2023-01-10
CUST01107,Vivaan Verma,,67,Ahmedabad,Karnataka,India,Corporate,2024-07-19
CUST01108,Sneha Singh,,49,Bangalore,Maharashtra,India,Corporate,2023-02-07
CUST01109,Ananya Joshi,,28,Bangalore,Gujarat,India,Retail,2024-06-20
CUST01110,Isha Agarwal, male ,56,Chennai,Maharashtra,India,Corporate,2020-07-15
CUST01111,Yash Desai,FEMALE,50,Pune,Tamil Nadu,India,Corporate,2023-11-11
CUST01112,Arjun Verma,,18,Ahmedabad,Gujarat,India,Retail,2024-01-06
CUST01113,Vivaan Mehta,,36,Hyderabad,Delhi,India,Corporate,2025-05-30
CUST01114,Diya Desai,Male,72,Mumbai,Telangana,India,Retail,2020-01-20
CUST01115,Yash Kapoor,Female,36,Delhi,Maharashtra,India,Retail,2023-05-29
CUST01116,Neha Singh,FEMALE,70,Hyderabad,Telangana,India,Wholesale,2023-02-05
CUST01117,Priya Kapoor,FEMALE,41,Bangalore,Delhi,India,Retail,2024-05-08
CUST01118,Neha Joshi,,42,Delhi,Maharashtra,India,Corporate,2022-01-20
CUST01119,Nidhi Joshi, male ,20,Ahmedabad,Telangana,India,Corporate,2022-07-27
CUST01120,Priya Kapoor,FEMALE,72,Bangalore,Tamil Nadu,India,Corporate,2024-05-07
CUST01121,Neha Kapoor,Female,51,Delhi,Maharashtra,India,Retail,2024-08-13
CUST01122,Arjun Joshi,Female,72,Delhi,Delhi,India,Retail,2021-04-18
CUST01123,Arjun Singh,,58,Bangalore,Delhi,India,Retail,2021-10-15
CUST01124,Priya Agarwal,,68,Pune,Delhi,India,Corporate,2021-06-12
CUST01125,Priya Patel, male ,40,Mumbai,Gujarat,India,Corporate,2020-06-07
CUST01126,Yash Desai,,63,Chennai,Karnataka,India,Corporate,2025-04-09
CUST01127,Priya Verma,Female,40,Chennai,Gujarat,India,Wholesale,2021-03-25
CUST01128,Aditya Kapoor,Male,33,Pune,Delhi,India,Corporate,2022-12-22
CUST01129,Aarav Singh,Female,61,Ahmedabad,Karnataka,India,Corporate,2022-06-12
CUST01130,Diya Agarwal,,33,Pune,Delhi,India,Retail,2022-11-25
CUST01131,Dhruvi Gupta,FEMALE,46,Delhi,Karnataka,India,Retail,2022-08-24
CUST01132,Rohan Joshi,,54,Ahmedabad,Telangana,India,Corporate,2022-04-21
CUST01133,Diya Patel,,50,Surat,Tamil Nadu,India,Wholesale,2021-06-21
CUST01134,Neha Gupta,FEMALE,48,Surat,Delhi,India,Retail,2025-10-02
CUST01135,Priya Gupta,Female,55,Hyderabad,Karnataka,India,Retail,2025-10-09
CUST01136,Aarav Verma,,53,Chennai,Maharashtra,India,Corporate,2025-07-27
CUST01137,Ananya Joshi,,18,Chennai,Tamil Nadu,India,Corporate,2022-02-25
CUST01138,Sneha Desai, male ,47,Pune,Karnataka,India,Wholesale,2023-07-07
CUST01139,Nidhi Patel,FEMALE,43,Ahmedabad,Delhi,India,Retail,2022-12-25
CUST01140,Ananya Singh,,49,Bangalore,Maharashtra,India,Wholesale,2020-03-10
CUST01141,Rohan Mehta,FEMALE,58,Chennai,Karnataka,India,Wholesale,2021-02-05
CUST01142,Ananya Shah, male ,36,Pune,Tamil Nadu,India,Retail,2025-10-17
CUST01143,Arjun Verma,Male,23,Bangalore,Karnataka,India,Wholesale,2020-02-20
CUST01144,Nidhi Agarwal,Female,31,Chennai,Tamil Nadu,India,Retail,2022-03-04
CUST01145,Diya Gupta, male ,46,Mumbai,Delhi,India,Corporate,2024-05-01
CUST01146,Yash Desai, male ,59,Delhi,Gujarat,India,Retail,2021-08-01
CUST01147,Priya Kapoor,,30,Surat,Gujarat,India,Retail,2024-11-03
CUST01148,Aarav Singh,FEMALE,60,Hyderabad,Maharashtra,India,Wholesale,2023-07-25
CUST01149,Aarav Desai,Female,55,Chennai,Telangana,India,Corporate,2021-07-26
CUST01150,Meera Kapoor,,56,Ahmedabad,Gujarat,India,Wholesale,2025-10-17
CUST01151,Sneha Patel,,18,Pune,Delhi,India,Wholesale,2021-01-04
CUST01152,Rohan Kapoor, male ,50,Pune,Telangana,India,Wholesale,2025-03-20
CUST01153,Aditya Joshi,Female,55,Mumbai,Tamil Nadu,India,Corporate,2022-07-27
CUST01154,Rohan Agarwal,,31,Surat,Maharashtra,India,Corporate,2023-08-07
CUST01155,Diya Gupta,FEMALE,57,Ahmedabad,Delhi,India,Retail,2024-10-15
CUST01156,Meera Desai,FEMALE,24,Hyderabad,Tamil Nadu,India,Corporate,2021-04-07
CUST01157,Meera Mehta,Female,19,Chennai,Telangana,India,Wholesale,2021-12-17
CUST01158,Priya Joshi,,42,Hyderabad,Karnataka,India,Corporate,2024-03-20
CUST01159,Arjun Patel,Male,41,Bangalore,Karnataka,India,Corporate,2023-02-05
CUST01160,Neha Agarwal,Male,63,Surat,Telangana,India,Wholesale,2025-03-31
CUST01161,Aditya Patel,,25,Bangalore,Maharashtra,India,Corporate,2022-08-18
CUST01162,Nidhi Joshi,,36,Hyderabad,Delhi,India,Retail,2023-01-24
CUST01163,Aarav Shah,,43,Delhi,Tamil Nadu,India,Wholesale,2025-06-28
CUST01164,Aditya Mehta,,71,Delhi,Tamil Nadu,India,Wholesale,2020-06-13
CUST01165,Isha Mehta,,58,Pune,Gujarat,India,Wholesale,2025-02-18
CUST01166,Isha Joshi,Female,54,Pune,Delhi,India,Wholesale,2025-11-04
CUST01167,Yash Agarwal,FEMALE,68,Surat,Maharashtra,India,Wholesale,2021-11-15
CUST01168,Sneha Patel,,19,Surat,Tamil Nadu,India,Corporate,2023-07-30
CUST01169,Neha Agarwal, male ,22,Surat,Karnataka,India,Wholesale,2024-05-01
CUST01170,Kavya Patel,FEMALE,59,Hyderabad,Telangana,India,Retail,2020-11-17
CUST01171,Rohan Gupta,,55,Chennai,Telangana,India,Retail,2024-05-21
CUST01172,Aarav Verma,Female,30,Ahmedabad,Delhi,India,Wholesale,2023-06-22
CUST01173,Priya Joshi,,69,Chennai,Delhi,India,Retail,2023-02-14
CUST01174,Rohan Shah, male ,33,Chennai,Karnataka,India,Retail,2025-06-05
CUST01175,Isha Gupta,Female,49,Delhi,Maharashtra,India,Wholesale,2022-02-13
CUST01176,Rahul Singh,,54,Surat,Telangana,India,Wholesale,2024-04-18
CUST01177,Rohan Desai,Female,66,Ahmedabad,Tamil Nadu,India,Wholesale,2024-01-31
CUST01178,Riya Singh,FEMALE,32,Pune,Delhi,India,Corporate,2021-02-20
CUST01179,Isha Agarwal,,55,Delhi,Karnataka,India,Wholesale,2025-11-09
CUST01180,Vivaan Singh,,19,Delhi,Telangana,India,Corporate,2020-08-08
CUST01181,Neha Patel,Male,28,Mumbai,Karnataka,India,Corporate,2025-06-26
CUST01182,Meera Shah, male ,35,Delhi,Maharashtra,India,Corporate,2023-03-15
CUST01183,Nidhi Patel,FEMALE,49,Ahmedabad,Gujarat,India,Corporate,2022-07-13
CUST01184,Priya Verma,Male,39,Mumbai,Gujarat,India,Wholesale,2025-04-27
CUST01185,Diya Desai,Female,40,Chennai,Gujarat,India,Wholesale,2023-11-03
CUST01186,Arjun Joshi, male ,40,Delhi,Maharashtra,India,Retail,2022-12-11
CUST01187,Dhruvi Joshi,Male,18,Ahmedabad,Tamil Nadu,India,Corporate,2026-01-03
CUST01188,Yash Singh,FEMALE,45,Mumbai,Maharashtra,India,Retail,2022-01-17
CUST01189,Ananya Gupta, male ,54,Delhi,Gujarat,India,Retail,2024-06-03
CUST01190,Ananya Mehta,,69,Delhi,Gujarat,India,Wholesale,2023-12-08
CUST01191,Ananya Desai,,74,Mumbai,Maharashtra,India,Retail,2025-05-21
CUST01192,Aarav Kapoor,Male,55,Chennai,Karnataka,India,Corporate,2023-07-13
CUST01193,Arjun Desai,,35,Surat,Delhi,India,Wholesale,2020-05-03
CUST01194,Nidhi Shah,FEMALE,24,Hyderabad,Delhi,India,Corporate,2024-08-12
CUST01195,Aarav Joshi,,34,Pune,Delhi,India,Wholesale,2021-03-05
CUST01196,Riya Gupta,,62,Chennai,Karnataka,India,Retail,2025-07-23
CUST01197,Meera Desai,Male,69,Pune,Maharashtra,India,Wholesale,2023-09-10
CUST01198,Yash Agarwal,FEMALE,42,Pune,Delhi,India,Wholesale,2025-08-20
CUST01199,Vivaan Mehta,FEMALE,60,Hyderabad,Maharashtra,India,Wholesale,2020-04-23
CUST01200,Priya Kapoor,,50,Delhi,Tamil Nadu,India,Retail,2025-12-29
CUST01201,Yash Patel, male ,74,Chennai,Delhi,India,Retail,2024-04-14
CUST01202,Riya Mehta, male ,26,Bangalore,Maharashtra,India,Retail,2021-04-21
CUST01203,Rahul Desai,,46,Mumbai,Delhi,India,Corporate,2021-02-06
CUST01204,Rohan Singh,Male,34,Surat,Gujarat,India,Retail,2024-05-23
CUST01205,Neha Desai,Male,59,Pune,Delhi,India,Retail,2022-12-13
CUST01206,Priya Singh, male ,18,Hyderabad,Karnataka,India,Retail,2024-05-20
CUST01207,Aditya Agarwal, male ,66,Delhi,Maharashtra,India,Wholesale,2024-03-20
CUST01208,Kavya Patel, male ,67,Delhi,Delhi,India,Corporate,2022-05-09
CUST01209,Vivaan Desai,Male,42,Pune,Maharashtra,India,Wholesale,2021-07-13
CUST01210,Nidhi Shah,Female,36,Chennai,Tamil Nadu,India,Wholesale,2024-02-28
CUST01211,Kavya Patel,Male,49,Chennai,Tamil Nadu,India,Corporate,2022-09-09
CUST01212,Rohan Joshi, male ,38,Surat,Delhi,India,Corporate,2023-08-30
CUST01213,Yash Desai,Female,56,Delhi,Telangana,India,Corporate,2024-03-03
CUST01214,Dhruvi Verma,,63,Delhi,Karnataka,India,Retail,2022-05-09
CUST01215,Nidhi Desai,FEMALE,48,Pune,Maharashtra,India,Corporate,2021-03-27
CUST01216,Diya Shah,Male,25,Chennai,Gujarat,India,Retail,2021-05-17
CUST01217,Aarav Kapoor,Male,31,Ahmedabad,Gujarat,India,Retail,2020-03-17
CUST01218,Sneha Singh, male ,63,Delhi,Tamil Nadu,India,Retail,2022-05-28
CUST01219,Isha Shah,,35,Bangalore,Delhi,India,Corporate,2024-12-01
CUST01220,Vivaan Joshi,Female,60,Chennai,Telangana,India,Corporate,2025-03-08
CUST01221,Riya Agarwal,,56,Delhi,Tamil Nadu,India,Corporate,2022-04-02
CUST01222,Aarav Verma,,59,Bangalore,Gujarat,India,Wholesale,2023-04-17
CUST01223,Yash Desai,,31,Delhi,Maharashtra,India,Wholesale,2024-06-20
CUST01224,Priya Singh,Female,32,Ahmedabad,Tamil Nadu,India,Corporate,2020-10-22
CUST01225,Rohan Shah,,34,Mumbai,Delhi,India,Corporate,2020-05-17
CUST01226,Riya Mehta,FEMALE,24,Chennai,Delhi,India,Retail,2024-02-02
CUST01227,Meera Singh,,42,Bangalore,Telangana,India,Corporate,2021-01-21
CUST01228,Kavya Gupta,FEMALE,56,Ahmedabad,Maharashtra,India,Corporate,2025-08-20
CUST01229,Aditya Shah,Male,25,Hyderabad,Telangana,India,Wholesale,2024-02-08
CUST01230,Neha Kapoor,,67,Delhi,Gujarat,India,Wholesale,2021-12-06
CUST01231,Arjun Desai, male ,46,Pune,Telangana,India,Corporate,2020-12-26
CUST01232,Kavya Gupta,Male,54,Surat,Tamil Nadu,India,Wholesale,2023-11-29
CUST01233,Yash Mehta,Female,49,Ahmedabad,Gujarat,India,Corporate,2023-10-01
CUST01234,Arjun Singh,FEMALE,36,Bangalore,Maharashtra,India,Corporate,2025-08-08
CUST01235,Kavya Kapoor, male ,23,Mumbai,Karnataka,India,Wholesale,2020-01-11
CUST01236,Rahul Verma, male ,74,Mumbai,Tamil Nadu,India,Retail,2025-05-03
CUST01237,Riya Patel,Female,67,Bangalore,Karnataka,India,Corporate,2024-01-12
CUST01238,Aditya Kapoor,Male,59,Pune,Maharashtra,India,Corporate,2022-11-10
CUST01239,Rohan Mehta,Male,33,Pune,Maharashtra,India,Corporate,2023-11-07
CUST01240,Diya Verma,,47,Pune,Tamil Nadu,India,Corporate,2022-08-23
CUST01241,Nidhi Shah,Male,69,Delhi,Maharashtra,India,Wholesale,2020-12-25
CUST01242,Dhruvi Patel,Female,32,Bangalore,Maharashtra,India,Wholesale,2022-11-30
CUST01243,Dhruvi Patel,Female,40,Mumbai,Tamil Nadu,India,Wholesale,2022-09-06
CUST01244,Priya Shah,,56,Pune,Tamil Nadu,India,Corporate,2025-03-13
CUST01245,Isha Patel,Male,49,Pune,Telangana,India,Wholesale,2022-05-26
CUST01246,Diya Joshi,Male,29,Chennai,Tamil Nadu,India,Retail,2025-06-14
CUST01247,Aditya Desai,Male,50,Pune,Tamil Nadu,India,Retail,2020-07-10
CUST01248,Riya Mehta,FEMALE,18,Mumbai,Karnataka,India,Corporate,2025-08-12
CUST01249,Rohan Singh,FEMALE,50,Surat,Karnataka,India,Corporate,2020-07-09
CUST01250,Nidhi Mehta,Male,33,Mumbai,Karnataka,India,Retail,2021-06-10
CUST01251,Riya Singh,Male,62,Bangalore,Tamil Nadu,India,Wholesale,2024-01-11
CUST01252,Meera Desai,Male,27,Bangalore,Tamil Nadu,India,Corporate,2021-02-14
CUST01253,Rohan Desai, male ,38,Mumbai,Delhi,India,Corporate,2025-10-25
CUST01254,Neha Desai, male ,26,Bangalore,Telangana,India,Wholesale,2023-06-10
CUST01255,Meera Agarwal,,59,Ahmedabad,Telangana,India,Retail,2023-07-19
CUST01256,Kavya Singh,Male,21,Hyderabad,Maharashtra,India,Wholesale,2022-11-11
CUST01257,Rohan Patel,Female,24,Delhi,Karnataka,India,Retail,2021-08-27
CUST01258,Yash Shah,Male,29,Ahmedabad,Tamil Nadu,India,Corporate,2023-10-02
CUST01259,Rahul Desai,,31,Mumbai,Karnataka,India,Corporate,2022-09-14
CUST01260,Rohan Shah, male ,49,Ahmedabad,Gujarat,India,Wholesale,2022-05-15
CUST01261,Aditya Patel,FEMALE,58,Delhi,Gujarat,India,Retail,2020-11-02
CUST01262,Dhruvi Mehta,FEMALE,71,Mumbai,Maharashtra,India,Corporate,2025-06-18
CUST01263,Riya Shah,Female,51,Hyderabad,Delhi,India,Retail,2022-04-19
CUST01264,Meera Desai,,50,Hyderabad,Gujarat,India,Retail,2024-08-26
CUST01265,Nidhi Desai,Male,61,Hyderabad,Tamil Nadu,India,Wholesale,2023-02-17
CUST01266,Diya Verma,Male,71,Ahmedabad,Gujarat,India,Retail,2022-01-13
CUST01267,Vivaan Patel,,32,Chennai,Gujarat,India,Corporate,2023-03-02
CUST01268,Aarav Shah,FEMALE,39,Pune,Gujarat,India,Wholesale,2023-01-30
CUST01269,Sneha Gupta, male ,44,Mumbai,Telangana,India,Corporate,2022-01-11
CUST01270,Nidhi Mehta, male ,73,Pune,Tamil Nadu,India,Corporate,2022-03-19
CUST01271,Yash Mehta, male ,21,Chennai,Karnataka,India,Wholesale,2021-12-02
CUST01272,Isha Patel,,31,Surat,Maharashtra,India,Retail,2022-01-26
CUST01273,Diya Gupta,,45,Surat,Delhi,India,Wholesale,2020-02-10
CUST01274,Rahul Agarwal,,22,Chennai,Gujarat,India,Wholesale,2022-06-25
CUST01275,Rohan Kapoor,,49,Bangalore,Tamil Nadu,India,Wholesale,2022-04-27
CUST01276,Isha Gupta,Male,34,Surat,Telangana,India,Corporate,2025-04-06
CUST01277,Sneha Singh,,43,Chennai,Delhi,India,Corporate,2020-05-01
CUST01278,Aarav Shah, male ,46,Pune,Tamil Nadu,India,Corporate,2023-09-18
CUST01279,Riya Agarwal,Male,58,Bangalore,Maharashtra,India,Corporate,2023-11-21
CUST01280,Riya Agarwal,,59,Surat,Karnataka,India,Wholesale,2020-03-19
CUST01281,Diya Desai,,36,Pune,Telangana,India,Wholesale,2024-08-23
CUST01282,Isha Joshi,,19,Hyderabad,Karnataka,India,Retail,2025-03-24
CUST01283,Kavya Mehta,Female,74,Delhi,Maharashtra,India,Retail,2025-09-06
CUST01284,Isha Gupta, male ,30,Ahmedabad,Gujarat,India,Corporate,2022-04-20
CUST01285,Vivaan Desai,Female,50,Delhi,Tamil Nadu,India,Corporate,2020-08-27
CUST01286,Kavya Joshi,FEMALE,60,Chennai,Delhi,India,Corporate,2024-08-20
CUST01287,Kavya Gupta,Female,24,Hyderabad,Delhi,India,Retail,2023-06-16
CUST01288,Diya Kapoor, male ,40,Delhi,Tamil Nadu,India,Retail,2024-10-22
CUST01289,Aarav Patel,,32,Ahmedabad,Delhi,India,Corporate,2021-04-01
CUST01290,Vivaan Singh, male ,47,Chennai,Telangana,India,Corporate,2025-10-13
CUST01291,Vivaan Shah,Male,47,Delhi,Delhi,India,Wholesale,2023-06-10
CUST01292,Isha Agarwal,Male,35,Bangalore,Tamil Nadu,India,Corporate,2020-09-17
CUST01293,Sneha Shah,FEMALE,69,Surat,Tamil Nadu,India,Wholesale,2022-02-03
CUST01294,Rohan Agarwal,FEMALE,40,Delhi,Maharashtra,India,Wholesale,2024-05-20
CUST01295,Aditya Mehta, male ,18,Mumbai,Tamil Nadu,India,Retail,2024-06-20
CUST01296,Neha Gupta,Female,74,Hyderabad,Gujarat,India,Corporate,2020-12-23
CUST01297,Vivaan Joshi,Female,24,Pune,Gujarat,India,Wholesale,2022-05-12
CUST01298,Rahul Kapoor,Female,49,Surat,Delhi,India,Wholesale,2022-07-30
CUST01299,Priya Singh,,28,Bangalore,Telangana,India,Corporate,2021-10-25
CUST01300,Kavya Kapoor,Female,40,Bangalore,Delhi,India,Corporate,2023-08-15
CUST01301,Aarav Kapoor,,35,Bangalore,Telangana,India,Wholesale,2021-11-19
CUST01302,Nidhi Kapoor,FEMALE,36,Ahmedabad,Karnataka,India,Wholesale,2022-03-01
CUST01303,Rahul Shah,Female,27,Chennai,Maharashtra,India,Retail,2022-12-19
CUST01304,Rohan Verma,Male,22,Delhi,Delhi,India,Corporate,2024-03-15
CUST01305,Arjun Singh,Male,66,Ahmedabad,Tamil Nadu,India,Wholesale,2020-03-08
CUST01306,Rohan Joshi, male ,55,Bangalore,Delhi,India,Retail,2025-01-31
CUST01307,Sneha Shah, male ,67,Ahmedabad,Maharashtra,India,Wholesale,2021-01-23
CUST01308,Riya Verma,FEMALE,34,Chennai,Tamil Nadu,India,Corporate,2025-07-10
CUST01309,Ananya Verma,Male,39,Chennai,Tamil Nadu,India,Corporate,2025-02-28
CUST01310,Arjun Singh,Female,42,Ahmedabad,Tamil Nadu,India,Corporate,2026-01-08
CUST01311,Ananya Agarwal,,62,Hyderabad,Telangana,India,Retail,2022-10-05
CUST01312,Isha Mehta,,33,Mumbai,Gujarat,India,Wholesale,2021-02-04
CUST01313,Rohan Kapoor, male ,54,Ahmedabad,Maharashtra,India,Wholesale,2025-11-23
CUST01314,Meera Agarwal,,50,Pune,Karnataka,India,Retail,2022-08-12
CUST01315,Aditya Patel,,26,Pune,Tamil Nadu,India,Wholesale,2021-09-13
CUST01316,Kavya Verma,,67,Mumbai,Gujarat,India,Retail,2022-11-03
CUST01317,Isha Kapoor, male ,34,Mumbai,Delhi,India,Corporate,2021-08-20
CUST01318,Isha Singh,,37,Surat,Karnataka,India,Wholesale,2020-02-10
CUST01319,Neha Kapoor,,70,Bangalore,Telangana,India,Corporate,2023-06-20
CUST01320,Neha Verma,,66,Bangalore,Maharashtra,India,Wholesale,2023-05-20
CUST01321,Yash Agarwal,,46,Bangalore,Delhi,India,Wholesale,2020-08-31
CUST01322,Priya Desai, male ,24,Chennai,Telangana,India,Wholesale,2024-11-24
CUST01323,Aarav Patel, male ,61,Hyderabad,Telangana,India,Wholesale,2023-05-20
CUST01324,Vivaan Gupta,FEMALE,33,Chennai,Tamil Nadu,India,Corporate,2025-01-18
CUST01325,Rahul Patel,Female,74,Hyderabad,Telangana,India,Corporate,2023-01-14
CUST01326,Isha Kapoor,,67,Delhi,Tamil Nadu,India,Retail,2024-06-10
CUST01327,Sneha Verma,Female,53,Hyderabad,Telangana,India,Wholesale,2025-11-01
CUST01328,Sneha Joshi,,31,Chennai,Delhi,India,Wholesale,2022-11-23
CUST01329,Isha Agarwal,,59,Mumbai,Gujarat,India,Wholesale,2023-07-10
CUST01330,Diya Joshi,FEMALE,42,Chennai,Tamil Nadu,India,Corporate,2025-05-16
CUST01331,Aarav Singh, male ,68,Mumbai,Maharashtra,India,Corporate,2024-07-11
CUST01332,Priya Mehta, male ,64,Mumbai,Gujarat,India,Wholesale,2021-03-18
CUST01333,Yash Mehta,,57,Delhi,Delhi,India,Corporate,2025-12-17
CUST01334,Dhruvi Agarwal,FEMALE,36,Chennai,Maharashtra,India,Wholesale,2021-02-03
CUST01335,Aarav Patel,,38,Delhi,Telangana,India,Corporate,2025-03-25
CUST01336,Rohan Joshi,Female,56,Ahmedabad,Telangana,India,Retail,2024-11-19
CUST01337,Diya Verma, male ,65,Bangalore,Maharashtra,India,Wholesale,2024-11-25
CUST01338,Kavya Shah,FEMALE,27,Surat,Tamil Nadu,India,Wholesale,2022-06-01
CUST01339,Aarav Desai, male ,42,Delhi,Telangana,India,Corporate,2020-10-14
CUST01340,Diya Agarwal,,28,Mumbai,Gujarat,India,Wholesale,2020-06-26
CUST01341,Sneha Kapoor,FEMALE,61,Mumbai,Tamil Nadu,India,Retail,2024-02-23
CUST01342,Arjun Agarwal,,63,Hyderabad,Gujarat,India,Retail,2024-10-26
CUST01343,Meera Verma,Female,22,Bangalore,Maharashtra,India,Wholesale,2024-05-26
CUST01344,Ananya Agarwal,,45,Pune,Karnataka,India,Retail,2025-01-22
CUST01345,Riya Shah,FEMALE,71,Bangalore,Telangana,India,Corporate,2023-03-04
CUST01346,Vivaan Gupta,,45,Delhi,Tamil Nadu,India,Retail,2025-10-10
CUST01347,Rahul Kapoor, male ,72,Bangalore,Maharashtra,India,Corporate,2023-12-20
CUST01348,Vivaan Agarwal,,31,Delhi,Gujarat,India,Wholesale,2025-05-12
CUST01349,Sneha Patel,FEMALE,21,Chennai,Delhi,India,Retail,2024-01-23
CUST01350,Ananya Shah,,48,Chennai,Telangana,India,Retail,2025-06-07
CUST01351,Meera Mehta,FEMALE,60,Surat,Tamil Nadu,India,Corporate,2023-01-05
CUST01352,Aditya Verma,,34,Ahmedabad,Telangana,India,Wholesale,2020-03-16
CUST01353,Neha Shah,,39,Surat,Tamil Nadu,India,Retail,2025-05-10
CUST01354,Rohan Kapoor,Female,53,Delhi,Karnataka,India,Retail,2020-05-24
CUST01355,Ananya Kapoor,Female,19,Ahmedabad,Telangana,India,Retail,2023-03-03
CUST01356,Aarav Joshi,Male,46,Bangalore,Tamil Nadu,India,Corporate,2022-06-25
CUST01357,Dhruvi Joshi,Male,48,Mumbai,Telangana,India,Retail,2021-12-23
CUST01358,Nidhi Singh,,57,Pune,Maharashtra,India,Corporate,2022-09-15
CUST01359,Aditya Patel, male ,53,Chennai,Delhi,India,Retail,2020-10-26
CUST01360,Riya Mehta, male ,34,Surat,Telangana,India,Retail,2020-09-13
CUST01361,Arjun Patel, male ,73,Bangalore,Tamil Nadu,India,Wholesale,2020-04-12
CUST01362,Priya Gupta, male ,35,Bangalore,Delhi,India,Corporate,2024-06-28
CUST01363,Aditya Joshi,Male,53,Ahmedabad,Maharashtra,India,Corporate,2025-07-19
CUST01364,Isha Desai,Female,44,Hyderabad,Gujarat,India,Corporate,2024-03-26
CUST01365,Rahul Verma,,55,Pune,Maharashtra,India,Wholesale,2021-05-14
CUST01366,Arjun Shah, male ,58,Pune,Telangana,India,Wholesale,2025-09-16
CUST01367,Dhruvi Gupta,,65,Delhi,Maharashtra,India,Corporate,2021-05-23
CUST01368,Arjun Verma,Male,33,Delhi,Delhi,India,Retail,2025-06-01
CUST01369,Rahul Kapoor,Female,56,Bangalore,Maharashtra,India,Corporate,2021-09-16
CUST01370,Rahul Mehta,Female,50,Mumbai,Tamil Nadu,India,Retail,2023-07-18
CUST01371,Riya Mehta,Female,69,Pune,Maharashtra,India,Retail,2020-10-18
CUST01372,Rohan Singh,,67,Hyderabad,Gujarat,India,Retail,2022-08-27
CUST01373,Arjun Verma,Male,47,Chennai,Delhi,India,Corporate,2021-06-19
CUST01374,Aarav Agarwal,,58,Delhi,Maharashtra,India,Corporate,2023-03-01
CUST01375,Priya Shah,Male,24,Pune,Maharashtra,India,Corporate,2021-12-06
CUST01376,Ananya Patel,,72,Hyderabad,Maharashtra,India,Corporate,2021-04-06
CUST01377,Arjun Mehta,,32,Hyderabad,Maharashtra,India,Retail,2021-06-03
CUST01378,Kavya Desai,Male,23,Delhi,Gujarat,India,Wholesale,2024-10-12
CUST01379,Priya Joshi, male ,23,Pune,Gujarat,India,Retail,2022-09-30
CUST01380,Diya Joshi,Female,46,Pune,Tamil Nadu,India,Retail,2021-03-17
CUST01381,Diya Joshi,,40,Delhi,Karnataka,India,Corporate,2024-04-01
CUST01382,Aarav Mehta,,58,Hyderabad,Telangana,India,Wholesale,2025-08-04
CUST01383,Riya Agarwal,Female,35,Chennai,Delhi,India,Corporate,2024-01-24
CUST01384,Sneha Desai,,72,Bangalore,Maharashtra,India,Corporate,2021-02-04
CUST01385,Rahul Joshi,FEMALE,48,Pune,Telangana,India,Corporate,2020-02-05
CUST01386,Meera Patel,FEMALE,37,Delhi,Tamil Nadu,India,Wholesale,2024-02-01
CUST01387,Dhruvi Agarwal,,24,Hyderabad,Delhi,India,Wholesale,2022-02-14
CUST01388,Kavya Agarwal, male ,44,Mumbai,Gujarat,India,Corporate,2024-02-14
CUST01389,Aditya Patel,FEMALE,36,Chennai,Tamil Nadu,India,Corporate,2021-07-23
CUST01390,Neha Joshi, male ,38,Hyderabad,Gujarat,India,Wholesale,2022-01-02
CUST01391,Isha Patel,Male,19,Delhi,Maharashtra,India,Wholesale,2020-05-03
CUST01392,Aditya Shah,Female,18,Bangalore,Telangana,India,Corporate,2025-09-29
CUST01393,Kavya Verma,,45,Hyderabad,Telangana,India,Retail,2023-03-07
CUST01394,Aditya Mehta,FEMALE,53,Surat,Maharashtra,India,Retail,2020-06-06
CUST01395,Isha Mehta,,47,Mumbai,Delhi,India,Corporate,2022-01-19
CUST01396,Aarav Patel, male ,24,Chennai,Gujarat,India,Retail,2023-05-01
CUST01397,Vivaan Kapoor,,26,Mumbai,Telangana,India,Retail,2024-12-24
CUST01398,Arjun Joshi,Male,35,Hyderabad,Gujarat,India,Retail,2025-10-18
CUST01399,Ananya Patel,Male,60,Bangalore,Delhi,India,Corporate,2020-10-29
CUST01400,Dhruvi Patel,FEMALE,44,Ahmedabad,Gujarat,India,Retail,2024-01-11
CUST01401,Nidhi Kapoor,,49,Pune,Maharashtra,India,Corporate,2025-06-02
CUST01402,Isha Verma,,68,Chennai,Delhi,India,Corporate,2025-05-11
CUST01403,Aarav Verma,,29,Bangalore,Tamil Nadu,India,Wholesale,2022-04-07
CUST01404,Rahul Shah,,58,Surat,Karnataka,India,Corporate,2025-01-24
CUST01405,Meera Joshi,Male,67,Chennai,Telangana,India,Corporate,2025-05-28
CUST01406,Rohan Agarwal,Male,68,Hyderabad,Karnataka,India,Corporate,2024-02-12
CUST01407,Neha Gupta,Female,37,Surat,Telangana,India,Wholesale,2021-05-18
CUST01408,Priya Gupta,Male,66,Delhi,Maharashtra,India,Corporate,2021-12-26
CUST01409,Neha Joshi,Male,58,Mumbai,Maharashtra,India,Retail,2020-07-16
CUST01410,Rohan Verma,Female,25,Delhi,Telangana,India,Retail,2022-12-15
CUST01411,Neha Mehta,,61,Pune,Tamil Nadu,India,Corporate,2021-01-30
CUST01412,Vivaan Shah,Male,72,Delhi,Maharashtra,India,Wholesale,2025-12-29
CUST01413,Aarav Verma,Female,46,Bangalore,Maharashtra,India,Corporate,2021-11-24
CUST01414,Priya Singh,,46,Ahmedabad,Maharashtra,India,Corporate,2020-11-08
CUST01415,Aarav Agarwal,,68,Ahmedabad,Maharashtra,India,Retail,2020-10-21
CUST01416,Arjun Verma, male ,55,Mumbai,Telangana,India,Retail,2021-06-30
CUST01417,Aarav Verma,Female,29,Pune,Karnataka,India,Corporate,2023-08-15
CUST01418,Yash Agarwal,Female,40,Chennai,Gujarat,India,Retail,2021-07-09
CUST01419,Isha Patel,,58,Mumbai,Telangana,India,Retail,2022-09-30
CUST01420,Nidhi Shah,FEMALE,21,Mumbai,Delhi,India,Corporate,2023-08-06
CUST01421,Priya Patel, male ,55,Surat,Gujarat,India,Wholesale,2022-07-18
CUST01422,Arjun Verma,Male,72,Chennai,Karnataka,India,Wholesale,2024-05-02
CUST01423,Aarav Desai,FEMALE,61,Chennai,Telangana,India,Wholesale,2020-12-11
CUST01424,Priya Joshi,,35,Chennai,Delhi,India,Wholesale,2020-01-16
CUST01425,Isha Joshi,,65,Hyderabad,Tamil Nadu,India,Retail,2024-09-13
CUST01426,Neha Kapoor,,33,Delhi,Karnataka,India,Wholesale,2025-03-27
CUST01427,Diya Desai,FEMALE,26,Mumbai,Delhi,India,Corporate,2022-06-11
CUST01428,Riya Verma,,38,Hyderabad,Tamil Nadu,India,Wholesale,2025-11-18
CUST01429,Meera Verma, male ,73,Pune,Telangana,India,Corporate,2024-12-30
CUST01430,Isha Kapoor,FEMALE,38,Hyderabad,Karnataka,India,Retail,2024-08-27
CUST01431,Dhruvi Patel,,57,Surat,Gujarat,India,Corporate,2021-04-30
CUST01432,Yash Verma, male ,60,Ahmedabad,Delhi,India,Retail,2020-01-21
CUST01433,Yash Patel,,47,Hyderabad,Maharashtra,India,Retail,2021-09-24
CUST01434,Ananya Kapoor,,23,Mumbai,Gujarat,India,Corporate,2024-11-02
CUST01435,Arjun Singh, male ,24,Surat,Gujarat,India,Corporate,2021-05-14
CUST01436,Ananya Joshi,,64,Ahmedabad,Maharashtra,India,Corporate,2025-07-11
CUST01437,Aarav Patel, male ,19,Mumbai,Tamil Nadu,India,Retail,2023-01-07
CUST01438,Rahul Shah,FEMALE,18,Delhi,Telangana,India,Retail,2021-04-29
CUST01439,Priya Shah,,25,Hyderabad,Gujarat,India,Retail,2024-10-26
CUST01440,Neha Gupta,Male,62,Delhi,Maharashtra,India,Corporate,2025-10-19
CUST01441,Rahul Desai,Female,21,Mumbai,Karnataka,India,Corporate,2025-07-23
CUST01442,Nidhi Joshi,Male,20,Surat,Tamil Nadu,India,Wholesale,2021-09-22
CUST01443,Aditya Kapoor,FEMALE,35,Hyderabad,Maharashtra,India,Retail,2025-08-17
CUST01444,Priya Verma,,25,Delhi,Gujarat,India,Wholesale,2022-01-05
CUST01445,Arjun Kapoor,FEMALE,22,Pune,Gujarat,India,Corporate,2022-11-04
CUST01446,Yash Desai,,43,Delhi,Karnataka,India,Corporate,2021-07-24
CUST01447,Yash Patel,,37,Pune,Karnataka,India,Wholesale,2022-10-09
CUST01448,Priya Desai,Female,24,Hyderabad,Karnataka,India,Wholesale,2021-02-18
CUST01449,Meera Singh, male ,66,Surat,Tamil Nadu,India,Wholesale,2023-01-23
CUST01450,Meera Singh, male ,61,Mumbai,Delhi,India,Wholesale,2023-08-18
CUST01451,Dhruvi Shah, male ,64,Bangalore,Tamil Nadu,India,Wholesale,2020-09-30
CUST01452,Rahul Singh,,18,Pune,Telangana,India,Retail,2020-11-25
CUST01453,Isha Agarwal,Female,48,Delhi,Delhi,India,Retail,2022-01-26
CUST01454,Ananya Kapoor,,69,Mumbai,Delhi,India,Wholesale,2023-01-06
CUST01455,Vivaan Gupta,FEMALE,41,Surat,Telangana,India,Corporate,2022-08-10
CUST01456,Diya Kapoor,Male,27,Hyderabad,Maharashtra,India,Corporate,2024-04-04
CUST01457,Yash Joshi,Male,42,Hyderabad,Gujarat,India,Wholesale,2020-06-03
CUST01458,Dhruvi Gupta,Male,46,Surat,Delhi,India,Retail,2025-01-31
CUST01459,Rohan Mehta,Female,67,Hyderabad,Delhi,India,Retail,2020-09-04
CUST01460,Aarav Kapoor,FEMALE,45,Ahmedabad,Telangana,India,Corporate,2025-05-06
CUST01461,Kavya Kapoor,FEMALE,40,Surat,Telangana,India,Corporate,2023-01-07
CUST01462,Ananya Joshi,FEMALE,57,Ahmedabad,Gujarat,India,Corporate,2024-06-21
CUST01463,Dhruvi Kapoor,Male,52,Pune,Delhi,India,Retail,2022-09-28
CUST01464,Vivaan Patel,Male,60,Pune,Maharashtra,India,Corporate,2022-07-16
CUST01465,Priya Agarwal,Male,63,Pune,Gujarat,India,Retail,2020-12-31
CUST01466,Aditya Desai,Male,18,Mumbai,Gujarat,India,Corporate,2020-01-12
CUST01467,Ananya Mehta,Female,67,Chennai,Karnataka,India,Wholesale,2023-10-21
CUST01468,Sneha Verma,Male,24,Surat,Telangana,India,Wholesale,2020-09-26
CUST01469,Kavya Mehta,FEMALE,41,Delhi,Delhi,India,Retail,2021-05-27
CUST01470,Diya Patel,,61,Bangalore,Tamil Nadu,India,Retail,2022-04-05
CUST01471,Neha Joshi,FEMALE,47,Hyderabad,Karnataka,India,Wholesale,2022-01-14
CUST01472,Riya Gupta,,25,Pune,Delhi,India,Wholesale,2020-12-09
CUST01473,Rohan Patel,FEMALE,56,Surat,Maharashtra,India,Wholesale,2021-03-13
CUST01474,Neha Verma,,20,Mumbai,Tamil Nadu,India,Wholesale,2022-03-12
CUST01475,Kavya Kapoor,FEMALE,50,Delhi,Telangana,India,Wholesale,2025-01-25
CUST01476,Ananya Kapoor,Female,20,Chennai,Delhi,India,Wholesale,2021-10-12
CUST01477,Arjun Mehta,Female,36,Bangalore,Maharashtra,India,Corporate,2022-08-17
CUST01478,Ananya Mehta,,73,Pune,Telangana,India,Wholesale,2021-10-05
CUST01479,Rohan Shah,Male,46,Bangalore,Delhi,India,Wholesale,2024-09-30
CUST01480,Sneha Joshi,FEMALE,51,Surat,Karnataka,India,Wholesale,2020-10-21
CUST01481,Neha Mehta,FEMALE,70,Surat,Telangana,India,Wholesale,2020-01-14
CUST01482,Yash Patel,,66,Bangalore,Maharashtra,India,Corporate,2024-04-13
CUST01483,Isha Verma,,61,Chennai,Delhi,India,Wholesale,2023-05-05
CUST01484,Neha Shah,FEMALE,24,Mumbai,Tamil Nadu,India,Corporate,2023-11-25
CUST01485,Rahul Desai,Female,73,Mumbai,Maharashtra,India,Retail,2021-03-11
CUST01486,Rahul Gupta,Female,34,Delhi,Karnataka,India,Wholesale,2020-12-26
CUST01487,Kavya Mehta,FEMALE,64,Hyderabad,Tamil Nadu,India,Wholesale,2022-12-26
CUST01488,Rahul Shah,Male,60,Delhi,Telangana,India,Corporate,2022-03-27
CUST01489,Riya Shah,,21,Surat,Karnataka,India,Wholesale,2025-10-03
CUST01490,Rohan Mehta,Male,24,Bangalore,Tamil Nadu,India,Retail,2023-12-12
CUST01491,Isha Shah,Female,58,Mumbai,Maharashtra,India,Retail,2024-10-07
CUST01492,Nidhi Mehta,,66,Bangalore,Maharashtra,India,Corporate,2024-04-24
CUST01493,Dhruvi Shah,FEMALE,25,Pune,Gujarat,India,Wholesale,2024-02-24
CUST01494,Meera Joshi,Female,43,Mumbai,Telangana,India,Wholesale,2021-07-16
CUST01495,Vivaan Singh,FEMALE,47,Delhi,Maharashtra,India,Wholesale,2023-03-08
CUST01496,Dhruvi Patel,Female,55,Ahmedabad,Tamil Nadu,India,Corporate,2025-12-07
CUST01497,Diya Kapoor,Female,60,Pune,Delhi,India,Retail,2025-01-25
CUST01498,Rahul Joshi, male ,29,Bangalore,Tamil Nadu,India,Wholesale,2021-01-27
CUST01499,Ananya Joshi,,50,Hyderabad,Maharashtra,India,Retail,2022-06-27
CUST01500,Diya Desai,Female,65,Delhi,Gujarat,India,Retail,2024-02-20
CUST01501,Nidhi Joshi, male ,30,Bangalore,Tamil Nadu,India,Retail,2024-12-22
CUST01502,Aditya Mehta,Female,63,Delhi,Gujarat,India,Corporate,2022-03-11
CUST01503,Dhruvi Desai, male ,40,Chennai,Tamil Nadu,India,Corporate,2025-11-26
CUST01504,Dhruvi Gupta,,74,Surat,Delhi,India,Corporate,2021-01-15
CUST01505,Rohan Gupta, male ,57,Hyderabad,Maharashtra,India,Corporate,2024-08-09
CUST01506,Isha Joshi,,37,Mumbai,Maharashtra,India,Retail,2020-09-22
CUST01507,Sneha Mehta,FEMALE,42,Chennai,Maharashtra,India,Corporate,2025-10-15
CUST01508,Diya Joshi,FEMALE,61,Bangalore,Telangana,India,Corporate,2021-04-29
CUST01509,Meera Shah, male ,62,Bangalore,Gujarat,India,Retail,2021-03-09
CUST01510,Dhruvi Joshi,Female,24,Bangalore,Delhi,India,Wholesale,2022-11-18
CUST01511,Arjun Joshi,,66,Mumbai,Maharashtra,India,Wholesale,2020-06-01
CUST01512,Neha Shah,,37,Ahmedabad,Delhi,India,Retail,2025-04-14
CUST01513,Yash Joshi,,74,Hyderabad,Maharashtra,India,Wholesale,2021-05-18
CUST01514,Vivaan Joshi,,73,Chennai,Karnataka,India,Wholesale,2023-08-18
CUST01515,Meera Desai,Female,24,Bangalore,Karnataka,India,Retail,2023-06-03
CUST01516,Neha Agarwal,FEMALE,55,Mumbai,Gujarat,India,Retail,2025-03-09
CUST01517,Arjun Mehta,,25,Delhi,Gujarat,India,Retail,2023-03-22
CUST01518,Riya Desai,FEMALE,36,Ahmedabad,Maharashtra,India,Corporate,2023-01-11
CUST01519,Yash Shah,,19,Ahmedabad,Maharashtra,India,Corporate,2021-10-11
CUST01520,Arjun Verma,FEMALE,35,Delhi,Tamil Nadu,India,Corporate,2023-10-25
CUST01521,Rahul Verma,Female,65,Ahmedabad,Gujarat,India,Wholesale,2023-08-19
CUST01522,Yash Shah,Male,39,Chennai,Telangana,India,Retail,2022-02-04
CUST01523,Vivaan Verma,FEMALE,29,Hyderabad,Gujarat,India,Retail,2023-07-02
CUST01524,Yash Singh,,47,Chennai,Maharashtra,India,Wholesale,2025-09-10
CUST01525,Yash Gupta,,25,Hyderabad,Gujarat,India,Wholesale,2024-08-07
CUST01526,Arjun Verma,Female,67,Hyderabad,Karnataka,India,Retail,2020-01-03
CUST01527,Dhruvi Shah,Female,65,Ahmedabad,Delhi,India,Corporate,2025-07-06
CUST01528,Isha Shah,Female,61,Ahmedabad,Maharashtra,India,Retail,2024-09-25
CUST01529,Meera Joshi,,56,Bangalore,Gujarat,India,Corporate,2021-06-08
CUST01530,Dhruvi Joshi,,38,Mumbai,Karnataka,India,Wholesale,2022-02-26
CUST01531,Ananya Kapoor, male ,21,Surat,Gujarat,India,Wholesale,2022-10-29
CUST01532,Rahul Kapoor,Female,40,Mumbai,Gujarat,India,Retail,2021-06-05
CUST01533,Sneha Patel,FEMALE,25,Surat,Delhi,India,Wholesale,2021-04-10
CUST01534,Diya Patel,Female,53,Mumbai,Delhi,India,Retail,2023-06-12
CUST01535,Diya Agarwal,,37,Mumbai,Karnataka,India,Corporate,2022-11-29
CUST01536,Arjun Joshi,,62,Hyderabad,Maharashtra,India,Retail,2025-03-05
CUST01537,Aarav Patel, male ,38,Surat,Delhi,India,Retail,2025-01-31
CUST01538,Diya Mehta,FEMALE,39,Surat,Telangana,India,Wholesale,2025-09-06
CUST01539,Priya Joshi,FEMALE,74,Delhi,Maharashtra,India,Wholesale,2021-02-22
CUST01540,Diya Gupta,FEMALE,73,Mumbai,Maharashtra,India,Corporate,2020-10-24
CUST01541,Dhruvi Patel,Female,49,Mumbai,Delhi,India,Wholesale,2022-07-12
CUST01542,Ananya Kapoor,Female,28,Surat,Telangana,India,Corporate,2021-09-06
CUST01543,Meera Patel,FEMALE,37,Ahmedabad,Karnataka,India,Corporate,2023-08-01
CUST01544,Riya Kapoor,,44,Surat,Karnataka,India,Corporate,2023-04-07
CUST01545,Kavya Desai, male ,62,Delhi,Tamil Nadu,India,Wholesale,2025-02-04
CUST01546,Dhruvi Shah,Male,48,Pune,Maharashtra,India,Wholesale,2022-08-18
CUST01547,Diya Patel,FEMALE,24,Delhi,Karnataka,India,Corporate,2021-05-04
CUST01548,Dhruvi Kapoor, male ,36,Mumbai,Telangana,India,Retail,2025-05-28
CUST01549,Neha Patel, male ,62,Ahmedabad,Karnataka,India,Retail,2022-12-03
CUST01550,Rahul Singh, male ,55,Hyderabad,Telangana,India,Corporate,2023-04-06
CUST01551,Aditya Desai,FEMALE,63,Surat,Delhi,India,Retail,2025-02-28
CUST01552,Nidhi Patel,,20,Ahmedabad,Tamil Nadu,India,Corporate,2020-07-03
CUST01553,Vivaan Gupta,FEMALE,38,Hyderabad,Tamil Nadu,India,Retail,2023-02-13
CUST01554,Neha Gupta,Male,50,Pune,Karnataka,India,Retail,2025-01-12
CUST01555,Dhruvi Agarwal, male ,60,Ahmedabad,Gujarat,India,Wholesale,2020-02-12
CUST01556,Ananya Desai,Female,36,Chennai,Telangana,India,Retail,2025-01-16
CUST01557,Ananya Desai,,62,Pune,Maharashtra,India,Corporate,2024-12-23
CUST01558,Isha Singh,,68,Surat,Karnataka,India,Corporate,2024-08-20
CUST01559,Dhruvi Shah, male ,51,Delhi,Gujarat,India,Corporate,2020-10-29
CUST01560,Rahul Mehta,,21,Bangalore,Tamil Nadu,India,Corporate,2020-08-07
CUST01561,Riya Gupta,,39,Bangalore,Gujarat,India,Retail,2023-08-31
CUST01562,Isha Shah,FEMALE,57,Ahmedabad,Maharashtra,India,Wholesale,2025-09-24
CUST01563,Isha Singh,FEMALE,61,Hyderabad,Delhi,India,Wholesale,2023-04-07
CUST01564,Neha Joshi,Male,71,Ahmedabad,Maharashtra,India,Retail,2025-12-07
CUST01565,Priya Mehta, male ,45,Pune,Gujarat,India,Wholesale,2025-09-20
CUST01566,Kavya Verma,,57,Chennai,Gujarat,India,Wholesale,2021-09-23
CUST01567,Riya Mehta,FEMALE,27,Chennai,Telangana,India,Retail,2022-11-08
CUST01568,Nidhi Patel,,36,Pune,Karnataka,India,Corporate,2021-10-22
CUST01569,Sneha Singh,,63,Ahmedabad,Tamil Nadu,India,Retail,2024-10-30
CUST01570,Riya Kapoor,Female,24,Delhi,Telangana,India,Wholesale,2024-12-17
CUST01571,Dhruvi Patel,,68,Chennai,Telangana,India,Corporate,2020-06-27
CUST01572,Meera Patel, male ,20,Bangalore,Gujarat,India,Wholesale,2021-03-17
CUST01573,Aarav Kapoor,FEMALE,24,Chennai,Telangana,India,Retail,2025-03-20
CUST01574,Meera Shah,FEMALE,60,Chennai,Tamil Nadu,India,Wholesale,2024-08-11
CUST01575,Priya Patel,Female,65,Pune,Maharashtra,India,Wholesale,2024-04-24
CUST01576,Kavya Shah,FEMALE,47,Pune,Gujarat,India,Retail,2023-11-23
CUST01577,Rahul Verma,Female,64,Mumbai,Maharashtra,India,Retail,2025-06-28
CUST01578,Vivaan Patel, male ,35,Chennai,Maharashtra,India,Wholesale,2024-08-03
CUST01579,Aditya Desai,Male,22,Surat,Tamil Nadu,India,Corporate,2025-08-14
CUST01580,Neha Shah,,57,Mumbai,Karnataka,India,Retail,2020-04-03
CUST01581,Riya Patel,Male,37,Hyderabad,Gujarat,India,Corporate,2024-07-26
CUST01582,Nidhi Singh,Female,62,Pune,Karnataka,India,Corporate,2025-06-24
CUST01583,Kavya Desai,,38,Ahmedabad,Gujarat,India,Wholesale,2021-10-09
CUST01584,Neha Kapoor,,56,Surat,Gujarat,India,Wholesale,2022-08-27
CUST01585,Riya Verma, male ,20,Chennai,Delhi,India,Corporate,2025-08-28
CUST01586,Arjun Agarwal,,22,Pune,Gujarat,India,Retail,2024-06-04
CUST01587,Priya Gupta,,72,Surat,Delhi,India,Retail,2023-11-30
CUST01588,Riya Patel,Female,73,Pune,Delhi,India,Corporate,2021-12-29
CUST01589,Aarav Mehta,Female,47,Bangalore,Delhi,India,Wholesale,2024-06-05
CUST01590,Dhruvi Desai,Female,64,Pune,Telangana,India,Retail,2025-10-25
CUST01591,Yash Agarwal,,24,Delhi,Tamil Nadu,India,Corporate,2025-03-15
CUST01592,Yash Singh, male ,74,Mumbai,Delhi,India,Corporate,2021-07-20
CUST01593,Aditya Gupta,Female,68,Ahmedabad,Tamil Nadu,India,Retail,2020-02-28
CUST01594,Aarav Singh,,74,Hyderabad,Telangana,India,Retail,2023-08-10
CUST01595,Ananya Desai,Female,47,Hyderabad,Gujarat,India,Wholesale,2022-10-17
CUST01596,Aarav Mehta, male ,46,Chennai,Telangana,India,Wholesale,2025-10-07
CUST01597,Kavya Patel,,43,Mumbai,Delhi,India,Corporate,2023-12-18
CUST01598,Nidhi Joshi,Female,20,Chennai,Tamil Nadu,India,Wholesale,2022-12-25
CUST01599,Vivaan Desai, male ,69,Bangalore,Gujarat,India,Retail,2022-01-20
CUST01600,Diya Patel,Female,34,Bangalore,Gujarat,India,Wholesale,2024-09-13
CUST01601,Dhruvi Gupta,Male,44,Pune,Tamil Nadu,India,Wholesale,2023-01-26
CUST01602,Aditya Shah,,33,Delhi,Maharashtra,India,Wholesale,2024-07-11
CUST01603,Meera Patel,FEMALE,39,Mumbai,Gujarat,India,Retail,2020-01-24
CUST01604,Nidhi Agarwal,,45,Surat,Delhi,India,Corporate,2020-09-24
CUST01605,Ananya Shah,,36,Delhi,Maharashtra,India,Corporate,2020-12-06
CUST01606,Arjun Desai,Male,64,Pune,Karnataka,India,Corporate,2024-07-14
CUST01607,Arjun Gupta,FEMALE,71,Ahmedabad,Tamil Nadu,India,Wholesale,2024-02-15
CUST01608,Diya Joshi,FEMALE,59,Delhi,Telangana,India,Retail,2025-12-19
CUST01609,Rahul Agarwal,Female,46,Mumbai,Karnataka,India,Corporate,2023-06-16
CUST01610,Priya Desai,FEMALE,59,Pune,Tamil Nadu,India,Wholesale,2020-02-04
CUST01611,Rahul Joshi,,31,Surat,Telangana,India,Wholesale,2022-06-23
CUST01612,Arjun Shah,,38,Hyderabad,Karnataka,India,Wholesale,2022-09-05
CUST01613,Priya Agarwal,,48,Bangalore,Gujarat,India,Corporate,2024-09-14
CUST01614,Rahul Agarwal, male ,59,Ahmedabad,Tamil Nadu,India,Corporate,2023-07-05
CUST01615,Nidhi Verma,Male,44,Mumbai,Maharashtra,India,Retail,2022-07-02
CUST01616,Arjun Patel,Female,53,Ahmedabad,Telangana,India,Wholesale,2024-06-23
CUST01617,Riya Desai, male ,23,Chennai,Telangana,India,Wholesale,2024-09-04
CUST01618,Diya Patel,,56,Mumbai,Karnataka,India,Retail,2023-02-12
CUST01619,Yash Kapoor,FEMALE,49,Hyderabad,Karnataka,India,Corporate,2023-08-22
CUST01620,Riya Patel,Female,52,Mumbai,Tamil Nadu,India,Wholesale,2025-05-08
CUST01621,Isha Desai,Female,46,Hyderabad,Karnataka,India,Wholesale,2021-01-17
CUST01622,Dhruvi Shah,Male,25,Delhi,Delhi,India,Wholesale,2025-10-05
CUST01623,Arjun Kapoor,Male,19,Delhi,Tamil Nadu,India,Corporate,2024-09-29
CUST01624,Dhruvi Singh,Female,61,Bangalore,Maharashtra,India,Corporate,2021-10-10
CUST01625,Diya Mehta,Female,49,Ahmedabad,Gujarat,India,Wholesale,2021-07-09
CUST01626,Rohan Verma,FEMALE,72,Mumbai,Gujarat,India,Retail,2023-11-29
CUST01627,Sneha Gupta,FEMALE,32,Surat,Maharashtra,India,Wholesale,2020-07-10
CUST01628,Aarav Joshi,,68,Mumbai,Maharashtra,India,Retail,2024-01-30
CUST01629,Neha Joshi,,56,Ahmedabad,Tamil Nadu,India,Retail,2020-02-25
CUST01630,Arjun Singh,,25,Mumbai,Gujarat,India,Retail,2021-08-16
CUST01631,Diya Shah,Female,62,Delhi,Gujarat,India,Retail,2023-07-06
CUST01632,Nidhi Kapoor,,65,Pune,Tamil Nadu,India,Corporate,2020-04-09
CUST01633,Arjun Kapoor,FEMALE,71,Ahmedabad,Karnataka,India,Corporate,2022-04-07
CUST01634,Diya Patel,Male,62,Surat,Tamil Nadu,India,Retail,2025-09-17
CUST01635,Aditya Gupta,,57,Pune,Gujarat,India,Retail,2024-06-05
CUST01636,Ananya Gupta,,53,Mumbai,Delhi,India,Retail,2023-08-04
CUST01637,Nidhi Verma, male ,51,Surat,Tamil Nadu,India,Wholesale,2020-06-03
CUST01638,Nidhi Desai,,48,Surat,Karnataka,India,Retail,2021-06-12
CUST01639,Yash Gupta,Male,64,Chennai,Tamil Nadu,India,Corporate,2021-11-27
CUST01640,Yash Kapoor,Female,29,Bangalore,Tamil Nadu,India,Retail,2020-08-22
CUST01641,Arjun Mehta, male ,27,Bangalore,Maharashtra,India,Wholesale,2025-12-19
CUST01642,Kavya Desai,,68,Ahmedabad,Karnataka,India,Corporate,2021-03-04
CUST01643,Yash Desai,FEMALE,61,Hyderabad,Maharashtra,India,Retail,2024-11-27
CUST01644,Dhruvi Desai,Female,57,Pune,Karnataka,India,Wholesale,2020-04-08
CUST01645,Meera Joshi,Female,28,Hyderabad,Maharashtra,India,Corporate,2021-11-24
CUST01646,Arjun Joshi,,50,Surat,Gujarat,India,Corporate,2021-10-01
CUST01647,Rahul Joshi, male ,60,Bangalore,Gujarat,India,Retail,2022-04-20
CUST01648,Ananya Kapoor, male ,52,Pune,Telangana,India,Retail,2022-08-25
CUST01649,Diya Mehta,FEMALE,52,Mumbai,Gujarat,India,Wholesale,2024-06-01
CUST01650,Vivaan Singh,Male,20,Hyderabad,Tamil Nadu,India,Retail,2022-09-13
CUST01651,Dhruvi Mehta,Male,54,Surat,Telangana,India,Wholesale,2021-01-23
CUST01652,Kavya Agarwal,FEMALE,40,Chennai,Maharashtra,India,Corporate,2024-08-07
CUST01653,Neha Joshi, male ,18,Ahmedabad,Tamil Nadu,India,Corporate,2023-02-10
CUST01654,Meera Mehta,FEMALE,70,Delhi,Telangana,India,Wholesale,2021-03-12
CUST01655,Rohan Kapoor,,18,Delhi,Gujarat,India,Wholesale,2020-03-21
CUST01656,Meera Mehta,,32,Delhi,Tamil Nadu,India,Corporate,2022-06-19
CUST01657,Kavya Agarwal,,21,Ahmedabad,Tamil Nadu,India,Wholesale,2023-02-23
CUST01658,Sneha Patel,,68,Ahmedabad,Delhi,India,Wholesale,2023-03-19
CUST01659,Isha Kapoor,Female,25,Surat,Gujarat,India,Retail,2024-12-18
CUST01660,Aditya Agarwal,,71,Hyderabad,Tamil Nadu,India,Corporate,2020-03-12
CUST01661,Ananya Patel,,38,Ahmedabad,Delhi,India,Retail,2023-05-27
CUST01662,Kavya Mehta,,42,Hyderabad,Maharashtra,India,Retail,2024-03-30
CUST01663,Dhruvi Mehta, male ,60,Hyderabad,Telangana,India,Retail,2025-06-28
CUST01664,Vivaan Mehta,Female,24,Surat,Gujarat,India,Retail,2022-01-19
CUST01665,Neha Shah,Male,56,Surat,Karnataka,India,Corporate,2023-05-18
CUST01666,Rohan Singh, male ,72,Pune,Maharashtra,India,Retail,2020-12-08
CUST01667,Ananya Mehta, male ,32,Surat,Delhi,India,Wholesale,2021-04-21
CUST01668,Nidhi Mehta,,40,Surat,Gujarat,India,Retail,2023-07-16
CUST01669,Arjun Gupta,,64,Surat,Delhi,India,Corporate,2021-01-29
CUST01670,Diya Kapoor,Female,45,Surat,Tamil Nadu,India,Corporate,2023-07-08
CUST01671,Riya Singh,,64,Chennai,Karnataka,India,Wholesale,2023-01-16
CUST01672,Nidhi Gupta,,54,Bangalore,Tamil Nadu,India,Corporate,2022-08-19
CUST01673,Aditya Patel,,45,Delhi,Maharashtra,India,Wholesale,2022-07-23
CUST01674,Aarav Gupta,Female,29,Hyderabad,Delhi,India,Retail,2022-03-08
CUST01675,Yash Kapoor, male ,62,Surat,Gujarat,India,Corporate,2020-06-05
CUST01676,Dhruvi Singh,Male,60,Pune,Delhi,India,Corporate,2024-04-10
CUST01677,Dhruvi Patel, male ,32,Mumbai,Delhi,India,Wholesale,2022-09-21
CUST01678,Arjun Verma, male ,43,Surat,Karnataka,India,Wholesale,2025-12-01
CUST01679,Priya Kapoor, male ,33,Delhi,Maharashtra,India,Wholesale,2021-09-23
CUST01680,Neha Verma,Female,65,Hyderabad,Maharashtra,India,Retail,2020-03-18
CUST01681,Riya Singh, male ,33,Surat,Gujarat,India,Retail,2024-09-10
CUST01682,Aarav Verma,Female,41,Bangalore,Telangana,India,Retail,2021-04-28
CUST01683,Nidhi Singh,Female,65,Pune,Telangana,India,Wholesale,2025-02-05
CUST01684,Kavya Agarwal,Male,68,Delhi,Telangana,India,Retail,2021-06-16
CUST01685,Neha Kapoor,,48,Pune,Gujarat,India,Retail,2022-01-24
CUST01686,Meera Shah,Female,71,Delhi,Gujarat,India,Wholesale,2021-07-18
CUST01687,Diya Gupta,Male,40,Mumbai,Telangana,India,Retail,2024-02-21
CUST01688,Kavya Singh,,21,Delhi,Gujarat,India,Retail,2024-05-21
CUST01689,Dhruvi Mehta,Female,37,Delhi,Tamil Nadu,India,Retail,2023-02-10
CUST01690,Riya Mehta,FEMALE,59,Bangalore,Gujarat,India,Retail,2025-02-11
CUST01691,Arjun Agarwal,,34,Hyderabad,Tamil Nadu,India,Retail,2021-12-13
CUST01692,Diya Joshi,,24,Delhi,Telangana,India,Wholesale,2024-03-21
CUST01693,Ananya Gupta,,55,Hyderabad,Karnataka,India,Retail,2022-12-12
CUST01694,Neha Verma, male ,68,Mumbai,Tamil Nadu,India,Wholesale,2025-03-13
CUST01695,Aditya Kapoor,,60,Ahmedabad,Tamil Nadu,India,Retail,2024-11-06
CUST01696,Diya Gupta,FEMALE,66,Mumbai,Karnataka,India,Wholesale,2023-08-31
CUST01697,Aarav Kapoor,Male,72,Bangalore,Tamil Nadu,India,Wholesale,2024-06-14
CUST01698,Yash Joshi, male ,18,Bangalore,Tamil Nadu,India,Wholesale,2021-10-13
CUST01699,Dhruvi Verma,Male,33,Mumbai,Maharashtra,India,Wholesale,2025-01-17
CUST01700,Arjun Singh,,69,Chennai,Tamil Nadu,India,Wholesale,2021-06-09
CUST01701,Dhruvi Shah,Female,65,Delhi,Maharashtra,India,Corporate,2020-01-20
CUST01702,Sneha Patel,,44,Hyderabad,Maharashtra,India,Retail,2024-12-30
CUST01703,Rahul Agarwal,Male,60,Ahmedabad,Tamil Nadu,India,Wholesale,2025-07-27
CUST01704,Dhruvi Verma, male ,32,Bangalore,Tamil Nadu,India,Corporate,2024-01-25
CUST01705,Meera Verma,Male,33,Delhi,Delhi,India,Corporate,2022-03-01
CUST01706,Aarav Agarwal,Male,47,Chennai,Maharashtra,India,Corporate,2024-06-15
CUST01707,Riya Mehta,,19,Hyderabad,Telangana,India,Wholesale,2021-11-17
CUST01708,Arjun Mehta,Male,37,Pune,Karnataka,India,Corporate,2023-04-05
CUST01709,Yash Singh,Female,32,Hyderabad,Gujarat,India,Corporate,2021-09-02
CUST01710,Isha Kapoor,,49,Chennai,Maharashtra,India,Wholesale,2020-03-09
CUST01711,Nidhi Kapoor,,33,Ahmedabad,Telangana,India,Retail,2023-11-06
CUST01712,Nidhi Verma, male ,36,Chennai,Delhi,India,Wholesale,2023-04-21
CUST01713,Nidhi Agarwal,Female,58,Chennai,Maharashtra,India,Wholesale,2025-08-02
CUST01714,Arjun Patel, male ,28,Ahmedabad,Maharashtra,India,Wholesale,2021-05-30
CUST01715,Kavya Agarwal,,69,Chennai,Karnataka,India,Retail,2023-02-07
CUST01716,Diya Desai,FEMALE,67,Delhi,Tamil Nadu,India,Wholesale,2025-08-06
CUST01717,Priya Desai,Female,51,Ahmedabad,Gujarat,India,Corporate,2025-09-27
CUST01718,Neha Kapoor,,18,Mumbai,Telangana,India,Corporate,2022-08-17
CUST01719,Isha Joshi,Female,55,Delhi,Tamil Nadu,India,Wholesale,2025-09-13
CUST01720,Diya Joshi,FEMALE,28,Chennai,Delhi,India,Wholesale,2020-09-04
CUST01721,Dhruvi Patel,,44,Chennai,Gujarat,India,Retail,2023-10-26
CUST01722,Sneha Kapoor,FEMALE,44,Mumbai,Tamil Nadu,India,Wholesale,2022-12-05
CUST01723,Aditya Patel, male ,35,Mumbai,Tamil Nadu,India,Corporate,2021-11-21
CUST01724,Kavya Verma, male ,57,Surat,Gujarat,India,Retail,2021-08-06
CUST01725,Riya Verma,Male,74,Bangalore,Telangana,India,Corporate,2020-07-22
CUST01726,Meera Patel,Male,27,Ahmedabad,Gujarat,India,Corporate,2025-03-13
CUST01727,Priya Singh,,24,Delhi,Gujarat,India,Wholesale,2022-02-12
CUST01728,Neha Patel,FEMALE,27,Delhi,Karnataka,India,Corporate,2022-08-09
CUST01729,Isha Singh,FEMALE,57,Delhi,Delhi,India,Corporate,2024-10-31
CUST01730,Neha Agarwal,,49,Surat,Tamil Nadu,India,Wholesale,2023-03-18
CUST01731,Meera Singh,,27,Surat,Gujarat,India,Corporate,2020-03-13
CUST01732,Ananya Desai, male ,34,Bangalore,Karnataka,India,Wholesale,2020-12-19
CUST01733,Kavya Mehta,Male,37,Delhi,Tamil Nadu,India,Retail,2023-07-16
CUST01734,Yash Agarwal,Male,29,Surat,Telangana,India,Corporate,2020-03-27
CUST01735,Aarav Mehta, male ,51,Delhi,Telangana,India,Corporate,2025-11-11
CUST01736,Kavya Shah,FEMALE,39,Bangalore,Tamil Nadu,India,Retail,2023-09-08
CUST01737,Rahul Mehta,Male,41,Surat,Gujarat,India,Corporate,2022-10-15
CUST01738,Aarav Verma,FEMALE,63,Chennai,Delhi,India,Retail,2022-08-11
CUST01739,Ananya Singh,,46,Ahmedabad,Delhi,India,Retail,2024-01-31
CUST01740,Rohan Joshi,Male,70,Pune,Maharashtra,India,Wholesale,2022-01-31
CUST01741,Priya Shah,,47,Delhi,Telangana,India,Retail,2023-12-09
CUST01742,Rohan Verma,,57,Pune,Delhi,India,Corporate,2023-10-24
CUST01743,Meera Desai,FEMALE,50,Chennai,Tamil Nadu,India,Wholesale,2025-11-11
CUST01744,Aditya Mehta,FEMALE,69,Pune,Karnataka,India,Wholesale,2022-09-26
CUST01745,Ananya Agarwal,,70,Mumbai,Maharashtra,India,Wholesale,2023-06-18
CUST01746,Ananya Singh,,31,Chennai,Gujarat,India,Wholesale,2020-11-18
CUST01747,Aditya Patel,,25,Delhi,Telangana,India,Retail,2024-04-03
CUST01748,Meera Singh,FEMALE,44,Chennai,Delhi,India,Corporate,2022-07-09
CUST01749,Ananya Verma,Female,66,Ahmedabad,Maharashtra,India,Corporate,2024-04-25
CUST01750,Aditya Patel,Male,30,Pune,Gujarat,India,Corporate,2020-05-08
CUST01751,Rohan Shah,FEMALE,46,Pune,Tamil Nadu,India,Corporate,2026-01-08
CUST01752,Arjun Desai, male ,36,Mumbai,Delhi,India,Corporate,2022-02-11
CUST01753,Nidhi Joshi, male ,21,Ahmedabad,Delhi,India,Retail,2025-01-21
CUST01754,Priya Mehta,,46,Pune,Maharashtra,India,Wholesale,2023-03-19
CUST01755,Ananya Shah, male ,26,Surat,Gujarat,India,Corporate,2022-12-16
CUST01756,Rohan Mehta,FEMALE,54,Mumbai,Telangana,India,Corporate,2020-06-02
CUST01757,Vivaan Mehta,FEMALE,21,Surat,Telangana,India,Retail,2024-06-21
CUST01758,Sneha Shah,,72,Bangalore,Maharashtra,India,Retail,2024-09-20
CUST01759,Arjun Shah,,45,Pune,Karnataka,India,Wholesale,2023-08-13
CUST01760,Riya Mehta,Male,46,Hyderabad,Maharashtra,India,Wholesale,2024-06-14
CUST01761,Sneha Mehta,Male,25,Mumbai,Karnataka,India,Retail,2022-07-22
CUST01762,Diya Mehta,Male,24,Surat,Telangana,India,Retail,2024-06-28
CUST01763,Sneha Patel,FEMALE,57,Mumbai,Tamil Nadu,India,Corporate,2022-08-02
CUST01764,Diya Verma, male ,20,Bangalore,Telangana,India,Wholesale,2022-10-27
CUST01765,Neha Singh,,43,Mumbai,Telangana,India,Corporate,2021-05-26
CUST01766,Meera Mehta,Female,38,Ahmedabad,Tamil Nadu,India,Wholesale,2024-05-03
CUST01767,Rahul Shah,,59,Surat,Delhi,India,Retail,2023-10-11
CUST01768,Priya Kapoor,FEMALE,31,Surat,Delhi,India,Wholesale,2022-06-01
CUST01769,Rohan Verma,,54,Mumbai,Karnataka,India,Wholesale,2022-02-23
CUST01770,Sneha Singh,,37,Surat,Karnataka,India,Corporate,2020-04-02
CUST01771,Arjun Kapoor,FEMALE,65,Ahmedabad,Delhi,India,Wholesale,2025-11-21
CUST01772,Dhruvi Shah,,61,Pune,Telangana,India,Corporate,2021-12-01
CUST01773,Rahul Desai,,31,Pune,Delhi,India,Wholesale,2022-07-03
CUST01774,Rohan Patel, male ,36,Delhi,Gujarat,India,Wholesale,2020-06-07
CUST01775,Isha Agarwal,Female,21,Surat,Maharashtra,India,Wholesale,2023-07-25
CUST01776,Meera Desai, male ,47,Mumbai,Delhi,India,Retail,2025-02-27
CUST01777,Meera Verma,,72,Hyderabad,Tamil Nadu,India,Wholesale,2022-06-25
CUST01778,Priya Verma,,65,Pune,Maharashtra,India,Corporate,2022-05-07
CUST01779,Dhruvi Verma,Female,69,Surat,Delhi,India,Retail,2021-11-19
CUST01780,Meera Desai, male ,55,Pune,Telangana,India,Wholesale,2025-11-21
CUST01781,Rohan Desai,Male,74,Bangalore,Delhi,India,Corporate,2025-01-10
CUST01782,Rahul Gupta,,59,Chennai,Telangana,India,Retail,2021-03-15
CUST01783,Aarav Shah,Male,68,Ahmedabad,Maharashtra,India,Corporate,2023-11-28
CUST01784,Sneha Shah,Female,68,Hyderabad,Gujarat,India,Retail,2020-12-07
CUST01785,Aarav Verma,FEMALE,24,Ahmedabad,Delhi,India,Corporate,2022-01-07
CUST01786,Sneha Mehta,Male,57,Surat,Maharashtra,India,Wholesale,2022-01-10
CUST01787,Priya Kapoor,,56,Surat,Delhi,India,Corporate,2024-06-13
CUST01788,Meera Agarwal,,71,Delhi,Karnataka,India,Retail,2021-01-17
CUST01789,Rahul Agarwal,,26,Mumbai,Maharashtra,India,Corporate,2024-11-28
CUST01790,Riya Agarwal, male ,26,Surat,Maharashtra,India,Corporate,2025-03-22
CUST01791,Riya Singh,Male,38,Chennai,Delhi,India,Wholesale,2025-05-07
CUST01792,Arjun Kapoor,FEMALE,35,Surat,Karnataka,India,Corporate,2025-08-28
CUST01793,Nidhi Joshi, male ,27,Delhi,Gujarat,India,Retail,2025-01-22
CUST01794,Arjun Patel,,58,Bangalore,Maharashtra,India,Retail,2023-12-01
CUST01795,Sneha Joshi, male ,30,Ahmedabad,Gujarat,India,Corporate,2023-08-15
CUST01796,Ananya Singh,Female,30,Ahmedabad,Maharashtra,India,Corporate,2022-10-24
CUST01797,Priya Mehta, male ,20,Surat,Telangana,India,Retail,2023-09-02
CUST01798,Aarav Joshi, male ,73,Pune,Tamil Nadu,India,Corporate,2021-01-12
CUST01799,Sneha Joshi,FEMALE,63,Pune,Gujarat,India,Retail,2024-10-15
CUST01800,Arjun Agarwal,Male,73,Ahmedabad,Maharashtra,India,Wholesale,2020-11-30
CUST01801,Aarav Desai,,44,Mumbai,Telangana,India,Wholesale,2025-09-03
CUST01802,Sneha Verma,,20,Bangalore,Karnataka,India,Retail,2026-01-08
CUST01803,Diya Gupta, male ,31,Delhi,Telangana,India,Corporate,2023-12-27
CUST01804,Neha Shah,Male,61,Bangalore,Telangana,India,Corporate,2021-03-18
CUST01805,Riya Agarwal,,37,Delhi,Telangana,India,Corporate,2022-07-15
CUST01806,Dhruvi Verma,FEMALE,49,Bangalore,Maharashtra,India,Corporate,2023-10-09
CUST01807,Neha Agarwal, male ,30,Delhi,Delhi,India,Wholesale,2020-05-22
CUST01808,Vivaan Desai,,68,Surat,Delhi,India,Wholesale,2025-06-13
CUST01809,Arjun Agarwal,Male,65,Delhi,Delhi,India,Wholesale,2021-01-27
CUST01810,Priya Mehta,,27,Hyderabad,Gujarat,India,Corporate,2020-05-10
CUST01811,Arjun Shah, male ,44,Ahmedabad,Maharashtra,India,Corporate,2024-08-14
CUST01812,Aditya Joshi,Female,63,Hyderabad,Telangana,India,Retail,2021-04-27
CUST01813,Isha Singh,Male,19,Surat,Telangana,India,Corporate,2022-03-18
CUST01814,Meera Patel,,32,Mumbai,Delhi,India,Corporate,2020-05-19
CUST01815,Kavya Joshi,,74,Mumbai,Tamil Nadu,India,Retail,2023-08-11
CUST01816,Sneha Singh, male ,26,Surat,Telangana,India,Retail,2023-05-07
CUST01817,Arjun Desai,,33,Mumbai,Delhi,India,Corporate,2020-09-03
CUST01818,Isha Desai,Female,49,Hyderabad,Gujarat,India,Corporate,2020-08-09
CUST01819,Yash Gupta,,21,Mumbai,Maharashtra,India,Wholesale,2021-05-02
CUST01820,Meera Agarwal, male ,25,Pune,Maharashtra,India,Retail,2020-03-04
CUST01821,Nidhi Kapoor, male ,49,Bangalore,Delhi,India,Corporate,2020-01-29
CUST01822,Riya Gupta,,31,Delhi,Delhi,India,Wholesale,2023-05-19
CUST01823,Riya Kapoor, male ,66,Delhi,Maharashtra,India,Wholesale,2023-07-24
CUST01824,Isha Kapoor,,64,Hyderabad,Tamil Nadu,India,Corporate,2023-07-15
CUST01825,Sneha Verma, male ,24,Surat,Delhi,India,Wholesale,2025-09-08
CUST01826,Meera Joshi,,23,Hyderabad,Delhi,India,Retail,2025-04-16
CUST01827,Riya Gupta, male ,31,Hyderabad,Delhi,India,Wholesale,2022-01-05
CUST01828,Sneha Joshi,,32,Pune,Maharashtra,India,Corporate,2020-01-25
CUST01829,Riya Desai, male ,38,Pune,Delhi,India,Retail,2022-06-12
CUST01830,Dhruvi Mehta,Female,39,Hyderabad,Maharashtra,India,Wholesale,2024-08-06
CUST01831,Aarav Mehta,FEMALE,64,Hyderabad,Telangana,India,Wholesale,2024-04-21
CUST01832,Rahul Kapoor,FEMALE,28,Pune,Tamil Nadu,India,Wholesale,2020-11-14
CUST01833,Priya Agarwal,Male,25,Pune,Delhi,India,Wholesale,2020-03-16
CUST01834,Sneha Joshi, male ,64,Hyderabad,Gujarat,India,Wholesale,2021-06-03
CUST01835,Rohan Verma,Male,51,Hyderabad,Tamil Nadu,India,Wholesale,2023-05-03
CUST01836,Arjun Gupta,Female,58,Pune,Tamil Nadu,India,Retail,2021-12-14
CUST01837,Arjun Kapoor,,21,Chennai,Telangana,India,Retail,2025-06-17
CUST01838,Diya Joshi,,26,Bangalore,Karnataka,India,Retail,2021-07-22
CUST01839,Isha Joshi, male ,42,Mumbai,Gujarat,India,Retail,2024-12-15
CUST01840,Meera Patel,Female,19,Bangalore,Maharashtra,India,Corporate,2020-02-18
CUST01841,Kavya Singh,Male,26,Delhi,Maharashtra,India,Retail,2022-04-28
CUST01842,Nidhi Desai, male ,54,Bangalore,Delhi,India,Corporate,2024-01-17
CUST01843,Rohan Joshi,FEMALE,59,Mumbai,Tamil Nadu,India,Corporate,2020-06-23
CUST01844,Rahul Singh,Female,49,Hyderabad,Karnataka,India,Wholesale,2023-02-24
CUST01845,Neha Gupta, male ,48,Ahmedabad,Telangana,India,Corporate,2021-05-31
CUST01846,Nidhi Gupta,,48,Delhi,Tamil Nadu,India,Corporate,2021-07-07
CUST01847,Neha Mehta,,53,Pune,Karnataka,India,Corporate,2025-11-22
CUST01848,Arjun Shah,Female,49,Pune,Telangana,India,Retail,2021-08-18
CUST01849,Rahul Patel, male ,54,Bangalore,Maharashtra,India,Retail,2022-01-15
CUST01850,Arjun Desai,Male,26,Ahmedabad,Maharashtra,India,Corporate,2023-03-06
CUST01851,Vivaan Shah, male ,50,Pune,Telangana,India,Wholesale,2023-09-02
CUST01852,Kavya Kapoor,FEMALE,54,Hyderabad,Maharashtra,India,Wholesale,2021-02-17
CUST01853,Vivaan Shah,Female,53,Bangalore,Karnataka,India,Retail,2022-05-01
CUST01854,Aarav Desai,Male,71,Hyderabad,Maharashtra,India,Wholesale,2024-09-18
CUST01855,Sneha Mehta,Female,21,Ahmedabad,Telangana,India,Wholesale,2023-10-22
CUST01856,Dhruvi Mehta,,63,Hyderabad,Maharashtra,India,Retail,2023-06-24
CUST01857,Isha Shah,Female,21,Ahmedabad,Delhi,India,Corporate,2021-06-19
CUST01858,Vivaan Shah,Male,31,Ahmedabad,Gujarat,India,Corporate,2020-04-16
CUST01859,Aarav Agarwal,,70,Hyderabad,Telangana,India,Corporate,2023-03-20
CUST01860,Dhruvi Gupta,,72,Delhi,Delhi,India,Corporate,2024-12-05
CUST01861,Kavya Singh, male ,53,Chennai,Maharashtra,India,Wholesale,2024-04-18
CUST01862,Arjun Gupta,,49,Chennai,Delhi,India,Retail,2022-01-18
CUST01863,Kavya Gupta, male ,29,Delhi,Gujarat,India,Wholesale,2022-07-17
CUST01864,Neha Agarwal,FEMALE,70,Chennai,Karnataka,India,Retail,2023-10-10
CUST01865,Nidhi Mehta, male ,35,Delhi,Gujarat,India,Corporate,2024-09-16
CUST01866,Kavya Kapoor,FEMALE,40,Delhi,Tamil Nadu,India,Retail,2024-02-13
CUST01867,Aditya Patel,,25,Mumbai,Tamil Nadu,India,Corporate,2021-05-10
CUST01868,Diya Joshi,,64,Bangalore,Maharashtra,India,Retail,2025-10-01
CUST01869,Diya Joshi,,33,Ahmedabad,Delhi,India,Wholesale,2025-04-09
CUST01870,Nidhi Patel,,68,Hyderabad,Telangana,India,Corporate,2025-02-26
CUST01871,Yash Patel,,46,Mumbai,Karnataka,India,Corporate,2023-12-08
CUST01872,Ananya Shah, male ,38,Mumbai,Delhi,India,Retail,2024-04-17
CUST01873,Diya Verma,,26,Bangalore,Delhi,India,Corporate,2025-08-16
CUST01874,Arjun Agarwal, male ,73,Ahmedabad,Maharashtra,India,Corporate,2023-10-08
CUST01875,Isha Desai,Male,37,Ahmedabad,Karnataka,India,Retail,2021-03-04
CUST01876,Diya Desai,FEMALE,43,Hyderabad,Maharashtra,India,Wholesale,2020-01-30
CUST01877,Rohan Singh,FEMALE,27,Bangalore,Tamil Nadu,India,Wholesale,2025-04-16
CUST01878,Riya Joshi,Male,62,Surat,Gujarat,India,Corporate,2022-12-27
CUST01879,Dhruvi Shah,,32,Mumbai,Telangana,India,Retail,2020-03-20
CUST01880,Yash Singh, male ,18,Delhi,Maharashtra,India,Wholesale,2021-08-26
CUST01881,Meera Patel,Female,34,Hyderabad,Maharashtra,India,Corporate,2024-02-03
CUST01882,Isha Agarwal, male ,36,Hyderabad,Delhi,India,Retail,2021-10-04
CUST01883,Nidhi Verma,,24,Ahmedabad,Karnataka,India,Wholesale,2024-03-17
CUST01884,Kavya Singh,Male,41,Ahmedabad,Karnataka,India,Retail,2020-04-06
CUST01885,Dhruvi Kapoor, male ,35,Chennai,Delhi,India,Corporate,2022-09-17
CUST01886,Aarav Agarwal, male ,64,Hyderabad,Maharashtra,India,Retail,2020-10-30
CUST01887,Kavya Mehta,Male,52,Chennai,Maharashtra,India,Corporate,2024-10-12
CUST01888,Aarav Shah,,25,Surat,Delhi,India,Wholesale,2024-01-05
CUST01889,Priya Agarwal,,41,Bangalore,Delhi,India,Corporate,2024-11-16
CUST01890,Meera Desai,,49,Pune,Maharashtra,India,Retail,2020-05-30
CUST01891,Ananya Verma,,48,Ahmedabad,Telangana,India,Wholesale,2021-04-22
CUST01892,Priya Patel,Male,37,Pune,Delhi,India,Retail,2024-10-16
CUST01893,Yash Desai,FEMALE,72,Pune,Maharashtra,India,Retail,2025-09-05
CUST01894,Dhruvi Singh, male ,32,Bangalore,Gujarat,India,Wholesale,2023-02-23
CUST01895,Ananya Verma, male ,39,Delhi,Telangana,India,Retail,2020-12-10
CUST01896,Dhruvi Joshi,,32,Hyderabad,Tamil Nadu,India,Wholesale,2024-01-09
CUST01897,Dhruvi Verma,FEMALE,62,Bangalore,Maharashtra,India,Corporate,2021-02-02
CUST01898,Vivaan Desai,FEMALE,72,Pune,Karnataka,India,Corporate,2020-04-05
CUST01899,Riya Gupta,,50,Bangalore,Tamil Nadu,India,Corporate,2020-03-06
CUST01900,Ananya Singh,,52,Ahmedabad,Telangana,India,Corporate,2022-05-19
CUST01901,Isha Mehta, male ,47,Pune,Karnataka,India,Wholesale,2025-08-22
CUST01902,Rahul Joshi,,38,Delhi,Gujarat,India,Retail,2025-05-12
CUST01903,Rahul Shah,,59,Ahmedabad,Delhi,India,Wholesale,2023-10-23
CUST01904,Diya Singh,,34,Delhi,Maharashtra,India,Wholesale,2025-09-12
CUST01905,Aarav Kapoor,,35,Bangalore,Telangana,India,Retail,2020-01-23
CUST01906,Neha Patel,,48,Hyderabad,Gujarat,India,Wholesale,2022-07-02
CUST01907,Yash Singh,Female,28,Surat,Karnataka,India,Wholesale,2022-10-02
CUST01908,Vivaan Patel,Male,59,Surat,Telangana,India,Wholesale,2020-12-05
CUST01909,Rohan Desai,,29,Delhi,Tamil Nadu,India,Retail,2025-08-04
CUST01910,Diya Kapoor, male ,44,Delhi,Maharashtra,India,Retail,2023-07-26
CUST01911,Neha Joshi,,49,Mumbai,Telangana,India,Retail,2020-12-19
CUST01912,Ananya Verma, male ,66,Pune,Delhi,India,Retail,2020-01-20
CUST01913,Yash Gupta, male ,50,Hyderabad,Telangana,India,Corporate,2022-01-18
CUST01914,Vivaan Mehta,Female,54,Ahmedabad,Gujarat,India,Wholesale,2021-05-05
CUST01915,Arjun Mehta,Male,73,Ahmedabad,Maharashtra,India,Retail,2022-01-09
CUST01916,Dhruvi Mehta,,38,Bangalore,Maharashtra,India,Wholesale,2023-05-25
CUST01917,Riya Patel,,42,Hyderabad,Tamil Nadu,India,Retail,2021-12-12
CUST01918,Meera Verma, male ,30,Pune,Telangana,India,Corporate,2021-11-29
CUST01919,Neha Joshi,,46,Hyderabad,Maharashtra,India,Wholesale,2020-08-16
CUST01920,Rohan Agarwal, male ,53,Chennai,Telangana,India,Wholesale,2022-08-01
CUST01921,Aarav Patel,,43,Pune,Karnataka,India,Wholesale,2025-12-13
CUST01922,Vivaan Gupta,,60,Hyderabad,Telangana,India,Wholesale,2023-12-14
CUST01923,Yash Gupta, male ,57,Chennai,Maharashtra,India,Corporate,2023-11-01
CUST01924,Meera Desai, male ,32,Hyderabad,Karnataka,India,Retail,2024-10-21
CUST01925,Riya Kapoor,FEMALE,56,Delhi,Gujarat,India,Retail,2023-05-29
CUST01926,Aditya Verma,,62,Delhi,Delhi,India,Corporate,2020-07-27
CUST01927,Kavya Shah,FEMALE,33,Mumbai,Maharashtra,India,Wholesale,2022-11-30
CUST01928,Meera Mehta,Male,46,Delhi,Tamil Nadu,India,Wholesale,2022-04-24
CUST01929,Riya Gupta,Female,29,Bangalore,Delhi,India,Retail,2023-11-17
CUST01930,Yash Patel,FEMALE,28,Mumbai,Maharashtra,India,Corporate,2024-10-31
CUST01931,Isha Agarwal,Male,71,Hyderabad,Tamil Nadu,India,Retail,2024-02-11
CUST01932,Isha Shah,FEMALE,46,Hyderabad,Maharashtra,India,Wholesale,2023-04-01
CUST01933,Aditya Desai,Male,32,Hyderabad,Delhi,India,Corporate,2022-06-20
CUST01934,Dhruvi Kapoor,FEMALE,54,Surat,Tamil Nadu,India,Retail,2020-09-24
CUST01935,Aarav Joshi,Female,53,Surat,Delhi,India,Wholesale,2024-01-14
CUST01936,Rahul Singh,Male,19,Mumbai,Maharashtra,India,Wholesale,2021-12-17
CUST01937,Neha Gupta, male ,22,Chennai,Delhi,India,Wholesale,2020-10-06
CUST01938,Neha Agarwal,FEMALE,25,Delhi,Tamil Nadu,India,Retail,2022-06-03
CUST01939,Dhruvi Mehta, male ,71,Hyderabad,Telangana,India,Wholesale,2023-08-15
CUST01940,Rahul Verma,Male,49,Bangalore,Delhi,India,Retail,2020-08-02
CUST01941,Ananya Desai,,18,Pune,Telangana,India,Wholesale,2025-05-28
CUST01942,Dhruvi Mehta,Male,31,Surat,Gujarat,India,Corporate,2021-03-15
CUST01943,Sneha Patel,,49,Mumbai,Delhi,India,Retail,2020-05-21
CUST01944,Kavya Desai,,41,Hyderabad,Delhi,India,Wholesale,2022-10-27
CUST01945,Diya Mehta,Female,33,Bangalore,Gujarat,India,Wholesale,2021-12-11
CUST01946,Ananya Agarwal,Female,19,Surat,Maharashtra,India,Retail,2021-06-27
CUST01947,Kavya Shah, male ,18,Mumbai,Gujarat,India,Retail,2020-08-31
CUST01948,Sneha Gupta,,61,Hyderabad,Tamil Nadu,India,Corporate,2023-07-15
CUST01949,Yash Verma,FEMALE,68,Mumbai,Telangana,India,Corporate,2021-04-15
CUST01950,Arjun Mehta, male ,33,Delhi,Maharashtra,India,Retail,2020-05-20
CUST01951,Priya Gupta, male ,25,Hyderabad,Karnataka,India,Wholesale,2020-01-12
CUST01952,Vivaan Agarwal,Male,27,Delhi,Telangana,India,Retail,2023-12-21
CUST01953,Diya Joshi,,43,Surat,Tamil Nadu,India,Wholesale,2023-11-25
CUST01954,Aditya Joshi,Male,52,Chennai,Karnataka,India,Wholesale,2025-01-05
CUST01955,Arjun Joshi, male ,59,Surat,Karnataka,India,Retail,2024-11-05
CUST01956,Arjun Verma,Female,38,Pune,Telangana,India,Corporate,2025-01-04
CUST01957,Neha Desai,Male,22,Hyderabad,Tamil Nadu,India,Corporate,2025-10-08
CUST01958,Vivaan Patel,Male,38,Hyderabad,Karnataka,India,Corporate,2023-08-28
CUST01959,Kavya Shah,FEMALE,52,Surat,Telangana,India,Wholesale,2021-09-27
CUST01960,Arjun Desai,,66,Surat,Karnataka,India,Retail,2022-12-07
CUST01961,Nidhi Agarwal,FEMALE,35,Surat,Delhi,India,Corporate,2023-04-02
CUST01962,Nidhi Desai,FEMALE,24,Mumbai,Karnataka,India,Corporate,2020-01-16
CUST01963,Nidhi Joshi,Male,22,Delhi,Telangana,India,Corporate,2023-12-04
CUST01964,Dhruvi Joshi,FEMALE,65,Hyderabad,Maharashtra,India,Corporate,2021-05-25
CUST01965,Aarav Mehta,Male,34,Delhi,Karnataka,India,Wholesale,2020-10-01
CUST01966,Aditya Mehta, male ,69,Mumbai,Telangana,India,Corporate,2021-02-03
CUST01967,Aditya Gupta,FEMALE,44,Mumbai,Tamil Nadu,India,Retail,2024-03-26
CUST01968,Nidhi Gupta,Female,73,Hyderabad,Delhi,India,Corporate,2024-01-08
CUST01969,Sneha Agarwal,FEMALE,45,Pune,Karnataka,India,Wholesale,2023-08-08
CUST01970,Aarav Patel,Male,63,Bangalore,Delhi,India,Corporate,2025-08-14
CUST01971,Meera Desai,,26,Hyderabad,Maharashtra,India,Corporate,2022-09-13
CUST01972,Ananya Verma,Male,34,Mumbai,Telangana,India,Corporate,2024-04-05
CUST01973,Aarav Desai,Male,63,Surat,Gujarat,India,Retail,2023-11-27
CUST01974,Aarav Joshi,Male,49,Hyderabad,Maharashtra,India,Corporate,2025-02-16
CUST01975,Rahul Mehta, male ,42,Hyderabad,Delhi,India,Corporate,2023-09-16
CUST01976,Arjun Mehta, male ,51,Delhi,Gujarat,India,Wholesale,2022-09-12
CUST01977,Aarav Verma, male ,18,Chennai,Telangana,India,Corporate,2023-02-06
CUST01978,Ananya Gupta, male ,50,Hyderabad,Gujarat,India,Corporate,2022-10-13
CUST01979,Priya Singh,Male,54,Surat,Tamil Nadu,India,Retail,2023-08-26
CUST01980,Rahul Gupta,,35,Surat,Karnataka,India,Retail,2024-07-16
CUST01981,Nidhi Agarwal,Female,48,Delhi,Delhi,India,Wholesale,2021-03-27
CUST01982,Arjun Patel,,57,Pune,Telangana,India,Corporate,2020-05-25
CUST01983,Isha Patel,Female,72,Ahmedabad,Maharashtra,India,Wholesale,2021-05-29
CUST01984,Sneha Agarwal, male ,61,Chennai,Delhi,India,Corporate,2021-09-14
CUST01985,Sneha Mehta,FEMALE,66,Bangalore,Gujarat,India,Corporate,2021-10-31
CUST01986,Priya Joshi,Female,36,Pune,Delhi,India,Corporate,2022-09-04
CUST01987,Rahul Gupta,FEMALE,52,Pune,Maharashtra,India,Wholesale,2025-12-01
CUST01988,Diya Mehta,FEMALE,31,Hyderabad,Delhi,India,Retail,2021-05-12
CUST01989,Priya Patel,FEMALE,26,Chennai,Delhi,India,Retail,2021-11-12
CUST01990,Isha Patel,Female,37,Bangalore,Maharashtra,India,Wholesale,2021-06-02
CUST01991,Nidhi Joshi,,20,Pune,Telangana,India,Retail,2022-06-10
CUST01992,Diya Kapoor,,27,Delhi,Maharashtra,India,Wholesale,2020-05-06
CUST01993,Arjun Kapoor,Female,24,Delhi,Maharashtra,India,Wholesale,2022-04-18
CUST01994,Isha Singh,,46,Delhi,Karnataka,India,Wholesale,2025-04-12
CUST01995,Priya Desai,,18,Surat,Maharashtra,India,Wholesale,2023-09-06
CUST01996,Aditya Singh,Male,31,Chennai,Tamil Nadu,India,Wholesale,2025-05-08
CUST01997,Dhruvi Shah,,69,Surat,Maharashtra,India,Wholesale,2020-08-26
CUST01998,Arjun Shah,FEMALE,48,Mumbai,Telangana,India,Wholesale,2025-09-13
CUST01999,Ananya Gupta,,67,Delhi,Gujarat,India,Retail,2022-11-15
CUST02000,Neha Joshi,FEMALE,47,Mumbai,Delhi,India,Retail,2021-06-03
CUST02001,Vivaan Kapoor,,66,Mumbai,Karnataka,India,Corporate,2023-01-21
CUST02002,Aditya Mehta,,33,Delhi,Maharashtra,India,Retail,2025-11-21
CUST02003,Rohan Shah, male ,24,Hyderabad,Karnataka,India,Corporate,2021-07-14
CUST02004,Vivaan Singh,Male,20,Delhi,Maharashtra,India,Corporate,2020-04-25
CUST02005,Neha Verma,,48,Bangalore,Maharashtra,India,Wholesale,2024-04-18
CUST02006,Dhruvi Gupta,,38,Bangalore,Telangana,India,Wholesale,2020-06-13
CUST02007,Aditya Singh,FEMALE,24,Surat,Gujarat,India,Retail,2024-05-30
CUST02008,Meera Gupta,Female,38,Hyderabad,Karnataka,India,Wholesale,2022-07-16
CUST02009,Sneha Joshi,,33,Mumbai,Tamil Nadu,India,Corporate,2020-11-14
CUST02010,Rohan Patel,FEMALE,55,Ahmedabad,Telangana,India,Retail,2021-08-11
CUST02011,Rahul Kapoor,,45,Hyderabad,Maharashtra,India,Corporate,2024-09-15
CUST02012,Diya Joshi,,59,Bangalore,Delhi,India,Wholesale,2023-07-03
CUST02013,Ananya Joshi,FEMALE,19,Pune,Gujarat,India,Corporate,2024-07-14
CUST02014,Isha Desai,Female,49,Bangalore,Tamil Nadu,India,Corporate,2022-08-22
CUST02015,Meera Shah,FEMALE,29,Delhi,Karnataka,India,Corporate,2025-07-18
CUST02016,Vivaan Gupta,,56,Pune,Karnataka,India,Corporate,2023-04-30
CUST02017,Aarav Desai, male ,19,Chennai,Karnataka,India,Retail,2020-11-11
CUST02018,Kavya Kapoor,,36,Delhi,Tamil Nadu,India,Retail,2022-02-03
CUST02019,Aditya Singh,FEMALE,33,Mumbai,Tamil Nadu,India,Retail,2020-04-04
CUST02020,Rohan Gupta, male ,63,Surat,Maharashtra,India,Retail,2021-12-16
CUST02021,Yash Shah,,32,Pune,Telangana,India,Wholesale,2021-11-12
CUST02022,Aarav Mehta,Female,66,Chennai,Karnataka,India,Wholesale,2020-01-30
CUST02023,Diya Patel,Female,23,Surat,Delhi,India,Retail,2021-12-16
CUST02024,Aditya Joshi,,20,Mumbai,Gujarat,India,Retail,2020-01-18
CUST02025,Aarav Verma,Female,43,Hyderabad,Karnataka,India,Corporate,2023-07-22
CUST02026,Rahul Verma, male ,68,Ahmedabad,Gujarat,India,Retail,2024-12-25
CUST02027,Priya Mehta,Male,21,Chennai,Gujarat,India,Corporate,2021-08-03
CUST02028,Arjun Joshi,,72,Delhi,Maharashtra,India,Retail,2020-12-29
CUST02029,Riya Patel,FEMALE,23,Ahmedabad,Telangana,India,Corporate,2024-03-21
CUST02030,Yash Joshi,,27,Mumbai,Telangana,India,Retail,2020-02-07
CUST02031,Arjun Kapoor,,73,Mumbai,Maharashtra,India,Corporate,2020-11-09
CUST02032,Aarav Desai,,60,Hyderabad,Telangana,India,Retail,2020-10-04
CUST02033,Riya Mehta,,59,Ahmedabad,Telangana,India,Corporate,2023-10-17
CUST02034,Vivaan Shah,Female,26,Pune,Gujarat,India,Corporate,2024-09-15
CUST02035,Aditya Verma,Female,40,Hyderabad,Telangana,India,Wholesale,2020-06-25
CUST02036,Kavya Joshi,FEMALE,31,Ahmedabad,Karnataka,India,Corporate,2024-09-25
CUST02037,Rahul Kapoor, male ,40,Chennai,Maharashtra,India,Wholesale,2025-06-04
CUST02038,Neha Mehta, male ,19,Delhi,Delhi,India,Wholesale,2021-07-31
CUST02039,Rohan Gupta,,69,Delhi,Gujarat,India,Corporate,2021-07-11
CUST02040,Neha Mehta,Female,64,Chennai,Gujarat,India,Corporate,2023-09-20
CUST02041,Riya Desai, male ,31,Ahmedabad,Tamil Nadu,India,Wholesale,2020-06-23
CUST02042,Priya Mehta,Male,22,Mumbai,Tamil Nadu,India,Wholesale,2023-09-22
CUST02043,Dhruvi Mehta,Female,24,Hyderabad,Karnataka,India,Corporate,2021-05-04
CUST02044,Sneha Shah, male ,32,Ahmedabad,Maharashtra,India,Corporate,2022-05-24
CUST02045,Neha Patel,Female,73,Hyderabad,Maharashtra,India,Corporate,2024-06-20
CUST02046,Ananya Kapoor, male ,35,Delhi,Tamil Nadu,India,Wholesale,2021-02-09
CUST02047,Aarav Verma,Female,31,Surat,Tamil Nadu,India,Wholesale,2022-03-19
CUST02048,Ananya Mehta,,42,Pune,Tamil Nadu,India,Wholesale,2023-11-07
CUST02049,Rahul Shah,,42,Chennai,Telangana,India,Wholesale,2025-10-03
CUST02050,Isha Gupta, male ,58,Bangalore,Delhi,India,Corporate,2024-07-12
CUST02051,Rahul Singh, male ,38,Mumbai,Karnataka,India,Retail,2020-02-16
CUST02052,Sneha Mehta,Female,24,Delhi,Delhi,India,Retail,2025-10-24
CUST02053,Sneha Mehta,,35,Ahmedabad,Maharashtra,India,Retail,2022-08-22
CUST02054,Neha Joshi,,54,Ahmedabad,Karnataka,India,Retail,2023-03-01
CUST02055,Yash Agarwal,,45,Hyderabad,Telangana,India,Corporate,2023-02-01
CUST02056,Priya Joshi,FEMALE,66,Chennai,Telangana,India,Retail,2024-10-12
CUST02057,Isha Gupta,FEMALE,26,Delhi,Karnataka,India,Corporate,2022-11-16
CUST02058,Nidhi Joshi,,68,Ahmedabad,Tamil Nadu,India,Retail,2022-08-08
CUST02059,Rohan Kapoor,,54,Chennai,Delhi,India,Wholesale,2025-11-23
CUST02060,Neha Verma,,34,Mumbai,Karnataka,India,Corporate,2024-08-27
CUST02061,Yash Patel,,55,Bangalore,Karnataka,India,Retail,2022-04-08
CUST02062,Aditya Joshi,Male,61,Mumbai,Delhi,India,Corporate,2025-09-23
CUST02063,Ananya Agarwal,FEMALE,25,Chennai,Telangana,India,Corporate,2024-07-14
CUST02064,Yash Agarwal, male ,59,Chennai,Delhi,India,Retail,2022-04-26
CUST02065,Ananya Agarwal,Female,35,Bangalore,Delhi,India,Wholesale,2023-09-14
CUST02066,Dhruvi Patel,Male,37,Ahmedabad,Tamil Nadu,India,Retail,2025-08-23
CUST02067,Rahul Kapoor,FEMALE,27,Delhi,Delhi,India,Retail,2023-08-31
CUST02068,Rohan Patel,FEMALE,54,Bangalore,Delhi,India,Corporate,2022-09-05
CUST02069,Dhruvi Gupta,Male,24,Ahmedabad,Maharashtra,India,Retail,2021-01-07
CUST02070,Neha Verma,,30,Chennai,Telangana,India,Wholesale,2023-09-10
CUST02071,Arjun Singh,,24,Mumbai,Delhi,India,Retail,2021-12-10
CUST02072,Isha Desai,FEMALE,44,Ahmedabad,Karnataka,India,Retail,2022-08-19
CUST02073,Meera Shah,FEMALE,62,Bangalore,Karnataka,India,Corporate,2025-01-12
CUST02074,Sneha Shah,FEMALE,43,Bangalore,Delhi,India,Retail,2020-12-02
CUST02075,Rohan Agarwal,Male,36,Bangalore,Delhi,India,Wholesale,2024-11-01
CUST02076,Priya Shah,,67,Surat,Telangana,India,Corporate,2024-02-13
CUST02077,Riya Patel, male ,37,Hyderabad,Karnataka,India,Corporate,2022-05-28
CUST02078,Nidhi Joshi,Male,66,Mumbai,Maharashtra,India,Wholesale,2020-11-10
CUST02079,Rahul Gupta,Male,73,Delhi,Maharashtra,India,Corporate,2020-09-05
CUST02080,Kavya Gupta,FEMALE,50,Ahmedabad,Delhi,India,Wholesale,2023-11-28
CUST02081,Neha Gupta, male ,60,Delhi,Telangana,India,Wholesale,2022-04-11
CUST02082,Sneha Kapoor,Female,33,Mumbai,Tamil Nadu,India,Corporate,2025-11-16
CUST02083,Rohan Verma,,54,Hyderabad,Gujarat,India,Retail,2024-12-22
CUST02084,Dhruvi Joshi,,42,Hyderabad,Telangana,India,Wholesale,2025-08-13
CUST02085,Dhruvi Kapoor,,33,Pune,Delhi,India,Wholesale,2022-05-03
CUST02086,Priya Kapoor,,28,Hyderabad,Karnataka,India,Wholesale,2025-04-22
CUST02087,Nidhi Singh,Female,43,Pune,Delhi,India,Wholesale,2024-10-29
CUST02088,Arjun Verma,FEMALE,32,Hyderabad,Delhi,India,Retail,2020-10-16
CUST02089,Kavya Shah,Female,54,Mumbai,Gujarat,India,Retail,2022-01-12
CUST02090,Vivaan Patel, male ,31,Mumbai,Delhi,India,Retail,2022-07-08
CUST02091,Vivaan Verma, male ,69,Pune,Tamil Nadu,India,Wholesale,2021-09-06
CUST02092,Kavya Gupta,FEMALE,39,Surat,Telangana,India,Corporate,2020-11-19
CUST02093,Nidhi Desai, male ,67,Pune,Telangana,India,Corporate,2025-09-13
CUST02094,Dhruvi Agarwal,FEMALE,31,Hyderabad,Gujarat,India,Retail,2021-06-02
CUST02095,Yash Kapoor,FEMALE,18,Chennai,Maharashtra,India,Wholesale,2023-08-31
CUST02096,Aarav Singh,Male,19,Delhi,Delhi,India,Corporate,2022-12-03
CUST02097,Rahul Mehta,,22,Hyderabad,Gujarat,India,Corporate,2021-08-28
CUST02098,Sneha Agarwal,Female,73,Bangalore,Gujarat,India,Corporate,2021-04-04
CUST02099,Dhruvi Mehta,Male,31,Ahmedabad,Karnataka,India,Retail,2023-11-18
CUST02100,Dhruvi Joshi,FEMALE,47,Ahmedabad,Karnataka,India,Retail,2020-06-07
CUST02101,Rahul Kapoor,,46,Hyderabad,Maharashtra,India,Retail,2025-06-11
CUST02102,Isha Kapoor,,52,Surat,Gujarat,India,Corporate,2020-02-26
CUST02103,Meera Mehta,FEMALE,38,Mumbai,Telangana,India,Corporate,2024-11-29
CUST02104,Rahul Joshi,,73,Ahmedabad,Maharashtra,India,Corporate,2021-10-13
CUST02105,Ananya Desai,Female,58,Bangalore,Telangana,India,Retail,2023-09-17
CUST02106,Sneha Kapoor,Male,60,Chennai,Telangana,India,Wholesale,2021-01-04
CUST02107,Rohan Mehta,Female,68,Chennai,Gujarat,India,Retail,2020-02-11
CUST02108,Neha Gupta, male ,24,Pune,Maharashtra,India,Wholesale,2024-10-09
CUST02109,Riya Kapoor,Male,66,Chennai,Gujarat,India,Corporate,2021-09-11
CUST02110,Priya Verma,,46,Ahmedabad,Karnataka,India,Wholesale,2025-08-14
CUST02111,Kavya Agarwal,Male,65,Hyderabad,Karnataka,India,Retail,2020-06-02
CUST02112,Ananya Singh,Female,35,Ahmedabad,Telangana,India,Retail,2025-10-25
CUST02113,Riya Joshi,Male,53,Mumbai,Gujarat,India,Wholesale,2020-10-25
CUST02114,Nidhi Desai,,68,Surat,Telangana,India,Corporate,2025-04-28
CUST02115,Priya Agarwal,FEMALE,22,Surat,Karnataka,India,Wholesale,2022-10-29
CUST02116,Aarav Joshi,,74,Ahmedabad,Telangana,India,Wholesale,2025-09-21
CUST02117,Diya Patel,Female,21,Pune,Karnataka,India,Wholesale,2021-01-18
CUST02118,Kavya Shah,,58,Delhi,Maharashtra,India,Corporate,2025-04-07
CUST02119,Diya Patel,,69,Ahmedabad,Gujarat,India,Retail,2020-12-14
CUST02120,Yash Singh,Female,54,Delhi,Delhi,India,Retail,2025-03-18
CUST02121,Vivaan Desai,,30,Ahmedabad,Delhi,India,Corporate,2020-08-30
CUST02122,Aditya Mehta,,21,Hyderabad,Maharashtra,India,Retail,2022-04-02
CUST02123,Kavya Verma,,34,Pune,Maharashtra,India,Retail,2023-11-12
CUST02124,Vivaan Verma,Female,36,Bangalore,Maharashtra,India,Corporate,2023-03-11
CUST02125,Nidhi Shah,FEMALE,51,Delhi,Maharashtra,India,Wholesale,2021-04-10
CUST02126,Diya Singh, male ,39,Surat,Tamil Nadu,India,Retail,2024-08-02
CUST02127,Meera Desai,FEMALE,56,Mumbai,Karnataka,India,Retail,2025-01-19
CUST02128,Yash Kapoor,FEMALE,69,Delhi,Maharashtra,India,Corporate,2025-09-02
CUST02129,Dhruvi Verma,,63,Surat,Tamil Nadu,India,Wholesale,2024-01-04
CUST02130,Priya Kapoor, male ,72,Surat,Tamil Nadu,India,Corporate,2021-04-30
CUST02131,Riya Gupta,,73,Ahmedabad,Karnataka,India,Corporate,2024-01-25
CUST02132,Meera Joshi,FEMALE,48,Mumbai,Telangana,India,Corporate,2021-06-07
CUST02133,Ananya Shah, male ,67,Ahmedabad,Delhi,India,Wholesale,2024-06-29
CUST02134,Neha Patel,,58,Bangalore,Delhi,India,Retail,2021-06-23
CUST02135,Dhruvi Agarwal, male ,42,Surat,Delhi,India,Wholesale,2025-12-05
CUST02136,Rahul Patel,Female,63,Ahmedabad,Delhi,India,Wholesale,2022-03-07
CUST02137,Neha Kapoor,,25,Chennai,Tamil Nadu,India,Corporate,2025-11-28
CUST02138,Aditya Mehta,Male,64,Surat,Telangana,India,Wholesale,2021-08-16
CUST02139,Vivaan Mehta,Female,42,Mumbai,Delhi,India,Wholesale,2022-03-23
CUST02140,Arjun Singh,Male,29,Chennai,Telangana,India,Corporate,2025-11-07
CUST02141,Neha Patel,,71,Surat,Gujarat,India,Corporate,2025-12-16
CUST02142,Aditya Patel,FEMALE,66,Bangalore,Gujarat,India,Retail,2021-03-22
CUST02143,Dhruvi Joshi,Female,47,Delhi,Tamil Nadu,India,Corporate,2025-04-24
CUST02144,Meera Verma,FEMALE,60,Surat,Karnataka,India,Wholesale,2020-12-08
CUST02145,Arjun Patel, male ,25,Surat,Tamil Nadu,India,Retail,2023-03-05
CUST02146,Arjun Gupta,,57,Ahmedabad,Telangana,India,Wholesale,2025-10-02
CUST02147,Yash Singh,,29,Hyderabad,Gujarat,India,Retail,2024-02-26
CUST02148,Rohan Shah,Female,28,Pune,Delhi,India,Corporate,2023-08-30
CUST02149,Kavya Desai,,59,Hyderabad,Delhi,India,Corporate,2023-05-28
CUST02150,Diya Singh, male ,72,Surat,Karnataka,India,Retail,2024-08-09
CUST02151,Ananya Kapoor,,63,Delhi,Telangana,India,Corporate,2023-09-07
CUST02152,Nidhi Gupta,,59,Pune,Telangana,India,Retail,2020-03-07
CUST02153,Rohan Shah,Male,59,Mumbai,Gujarat,India,Retail,2022-12-23
CUST02154,Isha Gupta,,57,Surat,Tamil Nadu,India,Wholesale,2021-02-07
CUST02155,Isha Kapoor,,38,Delhi,Delhi,India,Retail,2025-06-14
CUST02156,Arjun Mehta,Female,27,Surat,Telangana,India,Retail,2021-09-22
CUST02157,Yash Shah,FEMALE,30,Bangalore,Karnataka,India,Wholesale,2025-11-01
CUST02158,Rahul Kapoor,,31,Delhi,Telangana,India,Corporate,2021-01-11
CUST02159,Meera Joshi,Male,61,Pune,Karnataka,India,Retail,2023-12-01
CUST02160,Vivaan Joshi,,53,Mumbai,Telangana,India,Retail,2020-12-06
CUST02161,Isha Agarwal,FEMALE,50,Chennai,Karnataka,India,Corporate,2023-08-29
CUST02162,Nidhi Gupta,Female,40,Mumbai,Gujarat,India,Wholesale,2025-12-11
CUST02163,Ananya Joshi,,27,Bangalore,Delhi,India,Wholesale,2023-05-24
CUST02164,Riya Verma, male ,47,Bangalore,Karnataka,India,Corporate,2023-10-21
CUST02165,Priya Agarwal,FEMALE,42,Bangalore,Gujarat,India,Corporate,2022-06-01
CUST02166,Vivaan Desai,,59,Ahmedabad,Gujarat,India,Retail,2025-11-22
CUST02167,Rahul Mehta,,25,Mumbai,Tamil Nadu,India,Wholesale,2022-04-18
CUST02168,Dhruvi Kapoor,,58,Mumbai,Maharashtra,India,Retail,2022-07-05
CUST02169,Rahul Singh,FEMALE,32,Pune,Karnataka,India,Wholesale,2024-12-24
CUST02170,Ananya Kapoor,FEMALE,18,Hyderabad,Karnataka,India,Wholesale,2023-08-14
CUST02171,Kavya Agarwal,FEMALE,46,Bangalore,Gujarat,India,Retail,2024-12-07
CUST02172,Riya Desai,FEMALE,61,Pune,Gujarat,India,Corporate,2020-02-04
CUST02173,Rohan Desai,,29,Mumbai,Karnataka,India,Wholesale,2023-12-15
CUST02174,Diya Gupta,Male,70,Ahmedabad,Telangana,India,Retail,2024-09-08
CUST02175,Sneha Shah,Male,68,Delhi,Maharashtra,India,Wholesale,2023-12-15
CUST02176,Rahul Singh,Male,41,Ahmedabad,Delhi,India,Wholesale,2025-02-07
CUST02177,Sneha Patel,FEMALE,70,Hyderabad,Delhi,India,Wholesale,2024-12-21
CUST02178,Diya Patel,Female,50,Ahmedabad,Maharashtra,India,Retail,2025-11-24
CUST02179,Ananya Singh, male ,31,Hyderabad,Gujarat,India,Corporate,2021-12-22
CUST02180,Rohan Singh,,71,Ahmedabad,Telangana,India,Retail,2025-10-05
CUST02181,Riya Patel,Male,18,Hyderabad,Karnataka,India,Wholesale,2021-12-30
CUST02182,Rohan Patel,FEMALE,19,Pune,Karnataka,India,Wholesale,2025-07-17
CUST02183,Vivaan Agarwal,Male,63,Delhi,Tamil Nadu,India,Corporate,2024-10-29
CUST02184,Arjun Kapoor, male ,34,Mumbai,Maharashtra,India,Wholesale,2023-05-11
CUST02185,Dhruvi Verma,Male,18,Pune,Gujarat,India,Retail,2025-07-12
CUST02186,Neha Singh,,40,Delhi,Karnataka,India,Wholesale,2021-01-14
CUST02187,Nidhi Joshi,,65,Surat,Telangana,India,Wholesale,2024-06-10
CUST02188,Vivaan Kapoor,FEMALE,61,Delhi,Gujarat,India,Corporate,2024-08-28
CUST02189,Sneha Desai,Male,53,Bangalore,Gujarat,India,Retail,2021-02-09
CUST02190,Diya Singh,Female,59,Delhi,Gujarat,India,Corporate,2025-04-19
CUST02191,Aarav Singh,FEMALE,35,Ahmedabad,Tamil Nadu,India,Corporate,2024-03-29
CUST02192,Ananya Desai,Female,38,Mumbai,Maharashtra,India,Corporate,2025-01-22
CUST02193,Dhruvi Gupta,,27,Bangalore,Tamil Nadu,India,Corporate,2024-06-21
CUST02194,Ananya Mehta,,35,Pune,Maharashtra,India,Wholesale,2022-06-09
CUST02195,Riya Shah,,42,Surat,Telangana,India,Wholesale,2025-02-23
CUST02196,Yash Gupta, male ,18,Surat,Karnataka,India,Retail,2020-04-28
CUST02197,Diya Shah,Male,41,Bangalore,Tamil Nadu,India,Corporate,2022-10-04
CUST02198,Dhruvi Patel,Male,63,Surat,Tamil Nadu,India,Wholesale,2022-01-06
CUST02199,Dhruvi Kapoor,FEMALE,60,Bangalore,Gujarat,India,Wholesale,2022-06-22
CUST02200,Aarav Mehta,Female,53,Chennai,Gujarat,India,Retail,2024-01-01
CUST02201,Isha Shah,Female,38,Mumbai,Karnataka,India,Wholesale,2025-01-25
CUST02202,Sneha Mehta,FEMALE,73,Surat,Karnataka,India,Retail,2023-10-14
CUST02203,Kavya Kapoor,,22,Pune,Gujarat,India,Corporate,2025-01-03
CUST02204,Ananya Agarwal,Female,34,Chennai,Delhi,India,Corporate,2025-04-16
CUST02205,Arjun Gupta,Male,61,Hyderabad,Maharashtra,India,Corporate,2020-01-21
CUST02206,Isha Patel, male ,32,Pune,Maharashtra,India,Retail,2023-09-09
CUST02207,Meera Kapoor,Female,30,Pune,Delhi,India,Wholesale,2020-10-11
CUST02208,Diya Kapoor,Male,54,Mumbai,Delhi,India,Corporate,2021-06-14
CUST02209,Neha Mehta,,46,Pune,Delhi,India,Corporate,2024-10-15
CUST02210,Meera Singh, male ,70,Delhi,Karnataka,India,Wholesale,2025-10-07
CUST02211,Kavya Shah,,58,Ahmedabad,Delhi,India,Corporate,2021-07-09
CUST02212,Dhruvi Desai,Male,26,Ahmedabad,Telangana,India,Wholesale,2023-07-05
CUST02213,Diya Joshi,,46,Ahmedabad,Telangana,India,Wholesale,2021-11-25
CUST02214,Rahul Mehta,,69,Pune,Tamil Nadu,India,Wholesale,2024-02-03
CUST02215,Yash Joshi,FEMALE,23,Delhi,Tamil Nadu,India,Wholesale,2024-12-10
CUST02216,Isha Patel,Male,51,Hyderabad,Maharashtra,India,Corporate,2021-09-13
CUST02217,Riya Verma,,36,Chennai,Gujarat,India,Corporate,2020-10-15
CUST02218,Neha Singh,FEMALE,45,Bangalore,Maharashtra,India,Corporate,2024-05-20
CUST02219,Aditya Patel,FEMALE,23,Pune,Delhi,India,Corporate,2022-01-18
CUST02220,Rahul Agarwal,,34,Bangalore,Tamil Nadu,India,Retail,2023-04-29
CUST02221,Neha Desai,,65,Surat,Karnataka,India,Corporate,2025-04-16
CUST02222,Meera Shah,FEMALE,33,Hyderabad,Maharashtra,India,Wholesale,2025-04-30
CUST02223,Sneha Mehta,Male,72,Bangalore,Gujarat,India,Corporate,2021-02-28
CUST02224,Nidhi Verma,Male,50,Mumbai,Telangana,India,Retail,2021-07-06
CUST02225,Isha Desai,,39,Surat,Delhi,India,Corporate,2025-02-26
CUST02226,Sneha Kapoor,,43,Hyderabad,Tamil Nadu,India,Retail,2025-05-27
CUST02227,Kavya Gupta, male ,51,Delhi,Telangana,India,Retail,2020-11-13
CUST02228,Nidhi Mehta,Female,66,Bangalore,Tamil Nadu,India,Corporate,2023-04-29
CUST02229,Arjun Mehta,,30,Mumbai,Delhi,India,Retail,2024-12-22
CUST02230,Aditya Shah,FEMALE,61,Surat,Delhi,India,Wholesale,2024-06-15
CUST02231,Rohan Desai, male ,64,Bangalore,Gujarat,India,Wholesale,2025-08-15
CUST02232,Aarav Singh, male ,40,Pune,Karnataka,India,Retail,2025-06-01
CUST02233,Isha Patel,,63,Mumbai,Delhi,India,Retail,2023-04-28
CUST02234,Kavya Desai,Female,46,Delhi,Maharashtra,India,Retail,2020-08-23
CUST02235,Arjun Agarwal,Female,22,Hyderabad,Telangana,India,Retail,2025-11-03
CUST02236,Arjun Mehta, male ,50,Chennai,Karnataka,India,Retail,2021-03-18
CUST02237,Aditya Shah,,33,Chennai,Telangana,India,Retail,2024-03-01
CUST02238,Sneha Agarwal,Male,24,Bangalore,Maharashtra,India,Corporate,2021-11-19
CUST02239,Meera Joshi,,18,Pune,Maharashtra,India,Corporate,2024-01-31
CUST02240,Ananya Mehta,FEMALE,71,Pune,Delhi,India,Retail,2020-02-03
CUST02241,Neha Gupta,,28,Hyderabad,Karnataka,India,Corporate,2022-11-27
CUST02242,Arjun Gupta, male ,42,Bangalore,Telangana,India,Retail,2022-01-03
CUST02243,Aarav Joshi,Female,18,Hyderabad,Delhi,India,Retail,2024-02-16
CUST02244,Sneha Agarwal,Female,68,Delhi,Maharashtra,India,Wholesale,2024-01-20
CUST02245,Arjun Mehta,Female,41,Mumbai,Delhi,India,Wholesale,2022-12-21
CUST02246,Rahul Kapoor, male ,59,Pune,Telangana,India,Wholesale,2023-11-14
CUST02247,Nidhi Verma,Female,57,Ahmedabad,Delhi,India,Corporate,2023-01-25
CUST02248,Arjun Singh,Male,42,Bangalore,Gujarat,India,Retail,2022-05-12
CUST02249,Rohan Mehta,,60,Pune,Tamil Nadu,India,Retail,2024-08-07
CUST02250,Aarav Gupta,Male,59,Chennai,Delhi,India,Retail,2023-12-26
CUST02251,Riya Singh,,59,Bangalore,Maharashtra,India,Corporate,2022-11-16
CUST02252,Rohan Shah,FEMALE,44,Delhi,Gujarat,India,Retail,2023-02-26
CUST02253,Riya Patel,FEMALE,58,Ahmedabad,Delhi,India,Corporate,2021-02-07
CUST02254,Rohan Desai,Male,37,Chennai,Gujarat,India,Corporate,2023-03-05
CUST02255,Ananya Shah, male ,63,Delhi,Maharashtra,India,Wholesale,2024-02-03
CUST02256,Nidhi Desai,FEMALE,30,Ahmedabad,Karnataka,India,Wholesale,2020-06-18
CUST02257,Nidhi Singh,,68,Delhi,Telangana,India,Corporate,2025-03-15
CUST02258,Aarav Agarwal,FEMALE,71,Hyderabad,Maharashtra,India,Corporate,2022-12-09
CUST02259,Ananya Patel, male ,53,Mumbai,Tamil Nadu,India,Corporate,2024-08-07
CUST02260,Kavya Kapoor,FEMALE,54,Mumbai,Tamil Nadu,India,Wholesale,2025-01-22
CUST02261,Isha Shah,,67,Surat,Gujarat,India,Wholesale,2022-07-23
CUST02262,Yash Gupta,,66,Chennai,Delhi,India,Corporate,2022-02-22
CUST02263,Diya Kapoor,Male,65,Chennai,Telangana,India,Retail,2025-05-10
CUST02264,Aarav Patel,,33,Bangalore,Gujarat,India,Retail,2024-04-10
CUST02265,Rahul Desai,,71,Mumbai,Karnataka,India,Corporate,2022-09-05
CUST02266,Meera Mehta, male ,34,Ahmedabad,Gujarat,India,Retail,2024-05-02
CUST02267,Yash Singh,FEMALE,61,Surat,Karnataka,India,Wholesale,2025-01-24
CUST02268,Isha Patel,Male,30,Mumbai,Gujarat,India,Corporate,2021-09-25
CUST02269,Kavya Kapoor,Female,19,Chennai,Delhi,India,Corporate,2020-03-24
CUST02270,Rohan Patel,,20,Mumbai,Karnataka,India,Wholesale,2021-02-06
CUST02271,Vivaan Joshi,Female,19,Delhi,Delhi,India,Wholesale,2021-11-23
CUST02272,Vivaan Kapoor, male ,33,Hyderabad,Gujarat,India,Wholesale,2021-06-15
CUST02273,Diya Joshi,Male,25,Mumbai,Tamil Nadu,India,Wholesale,2025-08-14
CUST02274,Nidhi Gupta,,30,Pune,Telangana,India,Corporate,2021-09-07
CUST02275,Neha Patel,,22,Pune,Gujarat,India,Wholesale,2022-02-09
CUST02276,Neha Mehta,,23,Surat,Karnataka,India,Corporate,2025-08-05
CUST02277,Yash Agarwal,Female,33,Chennai,Delhi,India,Corporate,2020-01-06
CUST02278,Kavya Singh,,50,Pune,Karnataka,India,Retail,2022-02-27
CUST02279,Yash Kapoor,Male,62,Chennai,Gujarat,India,Wholesale,2021-02-05
CUST02280,Rohan Joshi,,72,Chennai,Gujarat,India,Retail,2022-04-01
CUST02281,Kavya Shah,Female,24,Bangalore,Gujarat,India,Corporate,2021-01-23
CUST02282,Priya Desai,,58,Mumbai,Tamil Nadu,India,Wholesale,2020-02-18
CUST02283,Meera Patel,Male,29,Delhi,Telangana,India,Wholesale,2024-12-07
CUST02284,Aditya Singh,,19,Ahmedabad,Maharashtra,India,Retail,2024-08-08
CUST02285,Dhruvi Joshi,Male,36,Bangalore,Gujarat,India,Retail,2020-07-28
CUST02286,Nidhi Mehta,,72,Ahmedabad,Karnataka,India,Retail,2020-12-14
CUST02287,Priya Desai,,63,Bangalore,Telangana,India,Corporate,2022-05-09
CUST02288,Neha Agarwal,FEMALE,58,Surat,Tamil Nadu,India,Retail,2023-03-07
CUST02289,Dhruvi Singh, male ,56,Mumbai,Telangana,India,Corporate,2021-09-08
CUST02290,Rohan Desai,Male,64,Mumbai,Gujarat,India,Corporate,2023-07-09
CUST02291,Nidhi Desai,Male,30,Delhi,Telangana,India,Retail,2023-03-12
CUST02292,Rahul Kapoor,Female,55,Pune,Gujarat,India,Retail,2020-11-20
CUST02293,Isha Desai,FEMALE,57,Bangalore,Tamil Nadu,India,Corporate,2023-08-22
CUST02294,Aditya Gupta,Female,46,Delhi,Telangana,India,Retail,2024-12-07
CUST02295,Arjun Singh,Female,23,Chennai,Tamil Nadu,India,Retail,2020-07-08
CUST02296,Yash Singh,Female,39,Pune,Delhi,India,Wholesale,2023-11-01
CUST02297,Aarav Gupta,FEMALE,39,Chennai,Tamil Nadu,India,Wholesale,2022-07-13
CUST02298,Diya Mehta,Female,19,Bangalore,Gujarat,India,Corporate,2025-02-16
CUST02299,Neha Gupta,,40,Delhi,Karnataka,India,Retail,2020-06-18
CUST02300,Dhruvi Desai,Male,23,Chennai,Gujarat,India,Corporate,2025-03-03
CUST02301,Yash Singh, male ,38,Delhi,Telangana,India,Wholesale,2022-04-03
CUST02302,Ananya Patel,,41,Pune,Tamil Nadu,India,Wholesale,2023-12-21
CUST02303,Kavya Shah, male ,42,Ahmedabad,Tamil Nadu,India,Corporate,2022-03-23
CUST02304,Meera Kapoor,FEMALE,25,Bangalore,Tamil Nadu,India,Wholesale,2020-05-20
CUST02305,Vivaan Verma,FEMALE,30,Bangalore,Tamil Nadu,India,Corporate,2024-12-16
CUST02306,Yash Verma, male ,20,Surat,Maharashtra,India,Corporate,2024-08-06
CUST02307,Arjun Mehta,,18,Ahmedabad,Telangana,India,Retail,2025-08-02
CUST02308,Isha Desai,Male,61,Chennai,Gujarat,India,Retail,2020-02-12
CUST02309,Sneha Mehta,,54,Delhi,Delhi,India,Wholesale,2021-01-29
CUST02310,Diya Desai, male ,72,Bangalore,Tamil Nadu,India,Retail,2025-05-04
CUST02311,Kavya Verma,,71,Surat,Tamil Nadu,India,Corporate,2022-05-15
CUST02312,Vivaan Desai, male ,50,Pune,Telangana,India,Retail,2022-01-17
CUST02313,Riya Shah,Male,38,Pune,Karnataka,India,Corporate,2021-02-27
CUST02314,Dhruvi Gupta,Male,70,Pune,Telangana,India,Corporate,2022-12-26
CUST02315,Rohan Shah,,30,Hyderabad,Delhi,India,Wholesale,2020-05-20
CUST02316,Rahul Desai,FEMALE,70,Pune,Karnataka,India,Wholesale,2022-11-10
CUST02317,Rahul Agarwal,,57,Surat,Tamil Nadu,India,Corporate,2020-08-06
CUST02318,Vivaan Joshi,FEMALE,35,Delhi,Delhi,India,Wholesale,2021-09-20
CUST02319,Dhruvi Mehta,,72,Mumbai,Gujarat,India,Retail,2024-12-26
CUST02320,Sneha Patel, male ,57,Ahmedabad,Telangana,India,Corporate,2025-08-27
CUST02321,Isha Gupta,,64,Chennai,Tamil Nadu,India,Wholesale,2023-11-05
CUST02322,Meera Verma,,59,Pune,Karnataka,India,Wholesale,2020-05-15
CUST02323,Aditya Mehta,FEMALE,21,Pune,Karnataka,India,Corporate,2020-12-10
CUST02324,Meera Kapoor,Female,49,Chennai,Delhi,India,Retail,2022-02-14
CUST02325,Arjun Joshi,Male,34,Hyderabad,Delhi,India,Corporate,2021-02-28
CUST02326,Riya Gupta, male ,57,Chennai,Telangana,India,Corporate,2021-12-09
CUST02327,Arjun Kapoor, male ,39,Pune,Delhi,India,Wholesale,2023-02-27
CUST02328,Nidhi Singh,Female,22,Ahmedabad,Gujarat,India,Retail,2022-07-05
CUST02329,Nidhi Agarwal,,47,Pune,Tamil Nadu,India,Corporate,2021-03-17
CUST02330,Nidhi Singh, male ,23,Ahmedabad,Gujarat,India,Wholesale,2021-10-20
CUST02331,Neha Verma, male ,20,Chennai,Maharashtra,India,Wholesale,2023-11-22
CUST02332,Yash Agarwal,Female,31,Ahmedabad,Tamil Nadu,India,Corporate,2025-09-26
CUST02333,Ananya Singh,FEMALE,45,Delhi,Delhi,India,Wholesale,2023-08-07
CUST02334,Sneha Desai,Male,22,Chennai,Delhi,India,Retail,2022-10-30
CUST02335,Rohan Verma,FEMALE,51,Ahmedabad,Delhi,India,Wholesale,2020-01-22
CUST02336,Meera Shah,Female,49,Hyderabad,Telangana,India,Wholesale,2024-04-12
CUST02337,Isha Singh,,63,Pune,Maharashtra,India,Wholesale,2024-02-12
CUST02338,Rahul Agarwal,Male,47,Surat,Gujarat,India,Retail,2025-05-09
CUST02339,Neha Kapoor,,33,Surat,Gujarat,India,Wholesale,2021-06-26
CUST02340,Nidhi Shah,,22,Surat,Karnataka,India,Corporate,2022-03-01
CUST02341,Nidhi Shah, male ,61,Delhi,Maharashtra,India,Retail,2022-10-18
CUST02342,Rahul Mehta,Male,22,Ahmedabad,Gujarat,India,Wholesale,2025-11-17
CUST02343,Aarav Joshi,,46,Delhi,Tamil Nadu,India,Wholesale,2023-08-29
CUST02344,Dhruvi Mehta,,73,Hyderabad,Delhi,India,Corporate,2022-02-28
CUST02345,Isha Singh,,18,Surat,Telangana,India,Retail,2021-09-07
CUST02346,Rahul Singh,,18,Mumbai,Tamil Nadu,India,Wholesale,2023-05-23
CUST02347,Rahul Mehta, male ,64,Chennai,Gujarat,India,Corporate,2020-10-20
CUST02348,Rohan Mehta,Male,24,Pune,Telangana,India,Corporate,2023-01-15
CUST02349,Aditya Gupta,FEMALE,26,Pune,Tamil Nadu,India,Corporate,2022-06-05
CUST02350,Yash Agarwal, male ,69,Hyderabad,Maharashtra,India,Wholesale,2023-09-04
CUST02351,Dhruvi Kapoor,Male,56,Delhi,Tamil Nadu,India,Corporate,2022-04-15
CUST02352,Rohan Shah,,68,Surat,Telangana,India,Retail,2020-09-11
CUST02353,Sneha Desai,Female,70,Pune,Karnataka,India,Wholesale,2025-02-10
CUST02354,Diya Shah,Female,57,Delhi,Telangana,India,Corporate,2025-05-18
CUST02355,Sneha Singh, male ,20,Bangalore,Delhi,India,Corporate,2025-03-10
CUST02356,Arjun Singh,FEMALE,39,Pune,Maharashtra,India,Retail,2025-12-14
CUST02357,Isha Patel,FEMALE,57,Chennai,Tamil Nadu,India,Retail,2025-09-27
CUST02358,Isha Agarwal,Male,29,Bangalore,Maharashtra,India,Retail,2024-04-04
CUST02359,Diya Verma,Female,23,Pune,Karnataka,India,Corporate,2023-06-27
CUST02360,Neha Shah,,51,Chennai,Telangana,India,Corporate,2025-08-25
CUST02361,Aarav Kapoor,FEMALE,24,Hyderabad,Karnataka,India,Wholesale,2025-12-03
CUST02362,Sneha Kapoor,FEMALE,55,Pune,Karnataka,India,Wholesale,2020-06-25
CUST02363,Nidhi Verma,Female,68,Hyderabad,Gujarat,India,Corporate,2023-10-09
CUST02364,Arjun Patel,,63,Mumbai,Gujarat,India,Corporate,2023-10-04
CUST02365,Yash Joshi,Male,59,Bangalore,Gujarat,India,Wholesale,2022-06-04
CUST02366,Aarav Patel,Male,25,Delhi,Karnataka,India,Wholesale,2020-03-12
CUST02367,Neha Singh,,39,Bangalore,Delhi,India,Wholesale,2025-12-15
CUST02368,Priya Kapoor,Male,53,Mumbai,Telangana,India,Corporate,2021-02-04
CUST02369,Riya Agarwal,Male,29,Delhi,Tamil Nadu,India,Retail,2023-10-02
CUST02370,Isha Kapoor,Female,59,Mumbai,Gujarat,India,Corporate,2021-08-08
CUST02371,Aarav Joshi,,35,Mumbai,Delhi,India,Corporate,2025-05-03
CUST02372,Vivaan Joshi,Male,65,Surat,Karnataka,India,Retail,2022-07-10
CUST02373,Isha Joshi,Female,44,Chennai,Gujarat,India,Retail,2024-05-24
CUST02374,Riya Shah,FEMALE,50,Mumbai,Gujarat,India,Retail,2023-12-14
CUST02375,Vivaan Singh,Female,40,Ahmedabad,Telangana,India,Retail,2025-07-08
CUST02376,Riya Verma, male ,42,Surat,Maharashtra,India,Corporate,2020-01-23
CUST02377,Kavya Joshi, male ,66,Chennai,Tamil Nadu,India,Retail,2025-06-29
CUST02378,Nidhi Gupta,FEMALE,68,Surat,Delhi,India,Corporate,2021-04-01
CUST02379,Nidhi Singh,,73,Bangalore,Tamil Nadu,India,Wholesale,2025-03-18
CUST02380,Kavya Verma,,47,Hyderabad,Maharashtra,India,Retail,2022-02-27
CUST02381,Vivaan Agarwal, male ,19,Pune,Tamil Nadu,India,Corporate,2022-12-07
CUST02382,Nidhi Kapoor,Female,42,Chennai,Maharashtra,India,Corporate,2025-08-25
CUST02383,Ananya Singh,,24,Delhi,Tamil Nadu,India,Wholesale,2020-03-08
CUST02384,Sneha Shah,FEMALE,37,Ahmedabad,Tamil Nadu,India,Wholesale,2021-01-09
CUST02385,Kavya Agarwal,,65,Bangalore,Tamil Nadu,India,Retail,2022-07-23
CUST02386,Aditya Kapoor, male ,52,Ahmedabad,Karnataka,India,Wholesale,2022-12-29
CUST02387,Riya Patel,,40,Delhi,Maharashtra,India,Corporate,2021-08-15
CUST02388,Rahul Desai,,37,Chennai,Delhi,India,Wholesale,2022-07-16
CUST02389,Rahul Joshi,Male,21,Delhi,Tamil Nadu,India,Wholesale,2023-08-18
CUST02390,Yash Desai,Male,43,Mumbai,Tamil Nadu,India,Corporate,2022-09-12
CUST02391,Vivaan Gupta,Male,57,Chennai,Telangana,India,Wholesale,2026-01-02
CUST02392,Dhruvi Verma, male ,22,Pune,Maharashtra,India,Wholesale,2024-12-03
CUST02393,Ananya Agarwal,,19,Chennai,Gujarat,India,Retail,2024-11-08
CUST02394,Riya Joshi,,67,Delhi,Karnataka,India,Retail,2022-02-02
CUST02395,Aditya Kapoor, male ,32,Ahmedabad,Maharashtra,India,Wholesale,2022-10-28
CUST02396,Rohan Mehta,,36,Chennai,Tamil Nadu,India,Wholesale,2020-02-24
CUST02397,Riya Patel,Female,36,Bangalore,Tamil Nadu,India,Retail,2023-09-28
CUST02398,Priya Gupta,Female,70,Mumbai,Telangana,India,Retail,2020-01-27
CUST02399,Neha Agarwal, male ,33,Surat,Maharashtra,India,Wholesale,2023-01-21
CUST02400,Vivaan Agarwal,,55,Delhi,Maharashtra,India,Retail,2024-07-21
CUST02401,Riya Singh,Female,61,Surat,Delhi,India,Wholesale,2020-02-06
CUST02402,Arjun Patel,,48,Delhi,Tamil Nadu,India,Retail,2021-01-15
CUST02403,Riya Joshi,Female,18,Chennai,Telangana,India,Corporate,2023-08-09
CUST02404,Arjun Patel,,62,Surat,Maharashtra,India,Wholesale,2022-09-01
CUST02405,Aarav Agarwal, male ,45,Pune,Telangana,India,Retail,2020-08-10
CUST02406,Rahul Shah,,37,Delhi,Maharashtra,India,Wholesale,2023-11-02
CUST02407,Sneha Joshi, male ,45,Pune,Telangana,India,Corporate,2022-09-09
CUST02408,Priya Shah,,56,Delhi,Tamil Nadu,India,Wholesale,2023-02-20
CUST02409,Ananya Gupta,,49,Pune,Tamil Nadu,India,Retail,2020-12-10
CUST02410,Vivaan Gupta,FEMALE,60,Hyderabad,Telangana,India,Corporate,2025-05-17
CUST02411,Kavya Mehta,Female,24,Mumbai,Gujarat,India,Corporate,2024-04-09
CUST02412,Rohan Mehta,Male,43,Surat,Tamil Nadu,India,Wholesale,2021-03-20
CUST02413,Isha Mehta,FEMALE,53,Delhi,Karnataka,India,Wholesale,2020-11-23
CUST02414,Sneha Patel,Male,31,Surat,Gujarat,India,Corporate,2023-03-16
CUST02415,Riya Patel,Female,33,Ahmedabad,Tamil Nadu,India,Corporate,2022-04-10
CUST02416,Aarav Singh, male ,70,Pune,Telangana,India,Retail,2022-07-14
CUST02417,Meera Shah,Male,18,Delhi,Gujarat,India,Wholesale,2020-11-13
CUST02418,Isha Gupta, male ,44,Mumbai,Telangana,India,Corporate,2020-01-06
CUST02419,Vivaan Gupta,FEMALE,54,Mumbai,Maharashtra,India,Wholesale,2024-02-25
CUST02420,Nidhi Mehta,FEMALE,29,Mumbai,Telangana,India,Retail,2021-03-29
CUST02421,Aarav Joshi, male ,29,Hyderabad,Delhi,India,Corporate,2022-11-29
CUST02422,Vivaan Agarwal,,53,Mumbai,Delhi,India,Corporate,2020-07-28
CUST02423,Meera Verma,Female,20,Pune,Karnataka,India,Corporate,2025-09-11
CUST02424,Nidhi Desai,,30,Mumbai,Gujarat,India,Retail,2022-09-22
CUST02425,Neha Kapoor,FEMALE,34,Hyderabad,Karnataka,India,Corporate,2022-07-13
CUST02426,Rahul Singh,Female,26,Ahmedabad,Delhi,India,Corporate,2024-02-12
CUST02427,Sneha Patel,,67,Surat,Maharashtra,India,Corporate,2022-06-12
CUST02428,Arjun Mehta,Male,70,Mumbai,Maharashtra,India,Corporate,2024-02-28
CUST02429,Isha Singh,,29,Pune,Karnataka,India,Retail,2023-03-28
CUST02430,Aditya Mehta, male ,57,Hyderabad,Gujarat,India,Wholesale,2021-01-13
CUST02431,Aarav Patel,Male,47,Chennai,Karnataka,India,Corporate,2024-11-21
CUST02432,Priya Desai, male ,63,Pune,Tamil Nadu,India,Corporate,2021-02-12
CUST02433,Yash Verma,Male,42,Pune,Telangana,India,Wholesale,2023-04-16
CUST02434,Yash Joshi,FEMALE,61,Bangalore,Tamil Nadu,India,Corporate,2025-11-08
CUST02435,Vivaan Shah,Female,42,Pune,Karnataka,India,Corporate,2020-06-11
CUST02436,Vivaan Joshi,,41,Ahmedabad,Maharashtra,India,Retail,2025-03-20
CUST02437,Diya Joshi,Male,63,Pune,Maharashtra,India,Retail,2022-09-26
CUST02438,Aditya Mehta,FEMALE,66,Pune,Maharashtra,India,Wholesale,2020-07-15
CUST02439,Priya Patel,,23,Mumbai,Tamil Nadu,India,Retail,2020-10-15
CUST02440,Vivaan Patel,FEMALE,41,Delhi,Delhi,India,Wholesale,2024-08-25
CUST02441,Diya Agarwal,Female,23,Surat,Delhi,India,Corporate,2024-10-26
CUST02442,Arjun Kapoor,Female,70,Bangalore,Karnataka,India,Corporate,2024-10-29
CUST02443,Neha Agarwal,Male,63,Chennai,Gujarat,India,Retail,2025-12-22
CUST02444,Riya Joshi,FEMALE,21,Delhi,Telangana,India,Corporate,2024-01-25
CUST02445,Aarav Patel,FEMALE,30,Hyderabad,Karnataka,India,Corporate,2021-02-08
CUST02446,Rohan Shah,Female,52,Pune,Delhi,India,Corporate,2025-07-28
CUST02447,Nidhi Singh, male ,60,Bangalore,Maharashtra,India,Corporate,2023-10-30
CUST02448,Riya Singh,Female,61,Delhi,Maharashtra,India,Corporate,2021-04-01
CUST02449,Ananya Patel, male ,47,Ahmedabad,Karnataka,India,Wholesale,2024-09-11
CUST02450,Riya Kapoor, male ,53,Delhi,Telangana,India,Wholesale,2023-01-22
CUST02451,Riya Desai,,21,Pune,Telangana,India,Corporate,2020-12-30
CUST02452,Rohan Verma, male ,40,Hyderabad,Tamil Nadu,India,Wholesale,2022-01-17
CUST02453,Sneha Agarwal,,67,Pune,Tamil Nadu,India,Wholesale,2020-11-03
CUST02454,Ananya Joshi,,64,Chennai,Karnataka,India,Retail,2022-07-29
CUST02455,Rohan Agarwal,Female,34,Surat,Gujarat,India,Corporate,2021-01-23
CUST02456,Sneha Singh,Male,34,Delhi,Gujarat,India,Wholesale,2025-11-30
CUST02457,Rohan Desai,FEMALE,67,Surat,Tamil Nadu,India,Retail,2020-01-05
CUST02458,Ananya Verma,Female,32,Delhi,Maharashtra,India,Corporate,2024-01-21
CUST02459,Kavya Joshi,Male,52,Ahmedabad,Telangana,India,Retail,2022-10-26
CUST02460,Dhruvi Shah, male ,42,Hyderabad,Karnataka,India,Corporate,2021-06-28
CUST02461,Riya Agarwal,,32,Surat,Maharashtra,India,Corporate,2026-01-02
CUST02462,Diya Agarwal,Female,44,Hyderabad,Gujarat,India,Corporate,2022-11-13
CUST02463,Diya Agarwal,,47,Delhi,Tamil Nadu,India,Corporate,2025-09-12
CUST02464,Rohan Singh,FEMALE,74,Hyderabad,Karnataka,India,Corporate,2021-05-23
CUST02465,Isha Verma, male ,49,Pune,Karnataka,India,Retail,2021-01-29
CUST02466,Nidhi Agarwal,,26,Surat,Delhi,India,Corporate,2022-04-08
CUST02467,Rahul Singh,,54,Mumbai,Delhi,India,Corporate,2024-05-25
CUST02468,Yash Singh, male ,36,Surat,Gujarat,India,Corporate,2025-02-20
CUST02469,Dhruvi Singh,Female,19,Pune,Telangana,India,Retail,2024-06-24
CUST02470,Kavya Patel, male ,19,Delhi,Tamil Nadu,India,Retail,2020-01-09
CUST02471,Nidhi Gupta, male ,55,Ahmedabad,Delhi,India,Retail,2021-12-07
CUST02472,Ananya Kapoor,,42,Surat,Telangana,India,Wholesale,2024-05-14
CUST02473,Kavya Gupta,Female,56,Hyderabad,Delhi,India,Retail,2022-01-08
CUST02474,Riya Mehta,Male,46,Chennai,Tamil Nadu,India,Corporate,2021-03-11
CUST02475,Dhruvi Patel, male ,38,Mumbai,Delhi,India,Corporate,2025-03-31
CUST02476,Arjun Singh,Female,30,Pune,Tamil Nadu,India,Wholesale,2021-12-21
CUST02477,Arjun Singh,,44,Bangalore,Delhi,India,Retail,2021-11-24
CUST02478,Rahul Kapoor, male ,34,Pune,Maharashtra,India,Retail,2022-01-05
CUST02479,Rohan Joshi,,24,Delhi,Telangana,India,Corporate,2021-11-02
CUST02480,Aarav Patel, male ,36,Delhi,Gujarat,India,Corporate,2021-02-03
CUST02481,Sneha Shah,FEMALE,19,Surat,Gujarat,India,Retail,2020-02-05
CUST02482,Rohan Agarwal,FEMALE,36,Pune,Delhi,India,Corporate,2024-09-17
CUST02483,Yash Verma, male ,27,Chennai,Gujarat,India,Retail,2024-11-22
CUST02484,Ananya Mehta,FEMALE,57,Delhi,Delhi,India,Wholesale,2020-08-22
CUST02485,Neha Patel, male ,64,Chennai,Tamil Nadu,India,Wholesale,2020-04-11
CUST02486,Yash Shah,,33,Surat,Karnataka,India,Retail,2025-05-22
CUST02487,Yash Gupta,Female,18,Ahmedabad,Gujarat,India,Wholesale,2020-08-23
CUST02488,Sneha Singh, male ,48,Hyderabad,Tamil Nadu,India,Corporate,2024-03-26
CUST02489,Arjun Kapoor,,35,Chennai,Telangana,India,Retail,2024-04-25
CUST02490,Priya Kapoor,,73,Pune,Maharashtra,India,Wholesale,2021-10-30
CUST02491,Nidhi Shah, male ,70,Chennai,Maharashtra,India,Retail,2021-10-14
CUST02492,Ananya Mehta,Female,38,Ahmedabad,Delhi,India,Corporate,2023-01-27
CUST02493,Sneha Patel,Male,66,Ahmedabad,Telangana,India,Corporate,2023-10-27
CUST02494,Nidhi Shah, male ,44,Bangalore,Tamil Nadu,India,Corporate,2024-05-25
CUST02495,Neha Mehta, male ,33,Mumbai,Gujarat,India,Wholesale,2022-03-22
CUST02496,Aarav Joshi,,65,Ahmedabad,Maharashtra,India,Retail,2023-03-04
CUST02497,Sneha Kapoor,Female,68,Pune,Maharashtra,India,Corporate,2023-10-01
CUST02498,Yash Agarwal,Male,68,Hyderabad,Gujarat,India,Wholesale,2021-06-20
CUST02499,Neha Agarwal, male ,35,Delhi,Gujarat,India,Wholesale,2023-11-12
CUST02500,Nidhi Singh, male ,55,Bangalore,Delhi,India,Corporate,2021-08-09
CUST02501,Yash Desai,,64,Chennai,Maharashtra,India,Corporate,2022-12-17
CUST02502,Kavya Desai,Female,72,Delhi,Tamil Nadu,India,Wholesale,2025-05-29
CUST02503,Ananya Desai,Male,60,Pune,Telangana,India,Retail,2020-12-29
CUST02504,Arjun Shah,Male,33,Delhi,Gujarat,India,Wholesale,2026-01-06
CUST02505,Rohan Agarwal,,66,Mumbai,Telangana,India,Retail,2023-06-01
CUST02506,Ananya Kapoor,Female,56,Delhi,Karnataka,India,Retail,2023-11-26
CUST02507,Arjun Singh, male ,53,Delhi,Maharashtra,India,Retail,2025-02-24
CUST02508,Kavya Shah,FEMALE,47,Chennai,Delhi,India,Wholesale,2024-12-11
CUST02509,Kavya Shah,Female,56,Surat,Delhi,India,Retail,2022-04-20
CUST02510,Dhruvi Kapoor,,40,Bangalore,Tamil Nadu,India,Corporate,2024-04-08
CUST02511,Neha Joshi,Male,45,Surat,Maharashtra,India,Wholesale,2021-07-21
CUST02512,Rahul Patel,,57,Surat,Tamil Nadu,India,Corporate,2020-02-22
CUST02513,Arjun Verma, male ,31,Chennai,Tamil Nadu,India,Retail,2025-07-05
CUST02514,Diya Gupta, male ,60,Surat,Tamil Nadu,India,Retail,2021-03-04
CUST02515,Yash Kapoor,Male,59,Hyderabad,Delhi,India,Corporate,2022-08-13
CUST02516,Ananya Gupta,Male,31,Pune,Tamil Nadu,India,Retail,2021-10-01
CUST02517,Nidhi Patel, male ,59,Delhi,Tamil Nadu,India,Wholesale,2023-01-05
CUST02518,Arjun Patel,,37,Chennai,Delhi,India,Corporate,2025-07-14
CUST02519,Riya Shah,FEMALE,74,Chennai,Gujarat,India,Wholesale,2022-05-31
CUST02520,Ananya Shah,Male,49,Ahmedabad,Telangana,India,Corporate,2020-07-28
CUST02521,Dhruvi Kapoor,Female,60,Chennai,Maharashtra,India,Retail,2020-06-05
CUST02522,Kavya Patel,,31,Ahmedabad,Telangana,India,Wholesale,2021-12-28
CUST02523,Rahul Patel,,35,Bangalore,Maharashtra,India,Corporate,2023-03-15
CUST02524,Priya Verma,Female,34,Pune,Delhi,India,Wholesale,2025-04-19
CUST02525,Aditya Kapoor,Male,66,Chennai,Delhi,India,Wholesale,2021-06-01
CUST02526,Rahul Verma,FEMALE,32,Delhi,Maharashtra,India,Corporate,2022-03-23
CUST02527,Priya Joshi,FEMALE,32,Chennai,Karnataka,India,Wholesale,2022-01-04
CUST02528,Ananya Verma,Female,51,Surat,Karnataka,India,Retail,2025-06-13
CUST02529,Aarav Shah, male ,34,Delhi,Gujarat,India,Retail,2022-10-01
CUST02530,Neha Shah,Male,40,Delhi,Maharashtra,India,Retail,2024-05-10
CUST02531,Aditya Verma,Male,58,Pune,Tamil Nadu,India,Retail,2024-08-29
CUST02532,Dhruvi Mehta, male ,61,Ahmedabad,Gujarat,India,Corporate,2021-02-02
CUST02533,Yash Mehta, male ,68,Chennai,Delhi,India,Corporate,2025-04-28
CUST02534,Diya Joshi, male ,32,Surat,Karnataka,India,Retail,2023-10-30
CUST02535,Rahul Singh,,38,Ahmedabad,Karnataka,India,Wholesale,2024-06-15
CUST02536,Riya Shah,Female,37,Pune,Delhi,India,Retail,2022-01-09
CUST02537,Sneha Shah,FEMALE,48,Bangalore,Telangana,India,Wholesale,2024-04-06
CUST02538,Yash Mehta,,23,Delhi,Karnataka,India,Retail,2024-03-14
CUST02539,Rohan Mehta,FEMALE,36,Hyderabad,Karnataka,India,Wholesale,2025-09-23
CUST02540,Sneha Verma,Male,36,Pune,Maharashtra,India,Retail,2024-10-18
CUST02541,Riya Singh,,69,Surat,Gujarat,India,Retail,2024-05-11
CUST02542,Riya Verma,Male,26,Mumbai,Karnataka,India,Wholesale,2023-07-21
CUST02543,Sneha Singh,Male,44,Ahmedabad,Karnataka,India,Corporate,2025-09-28
CUST02544,Vivaan Singh,,64,Pune,Maharashtra,India,Wholesale,2020-01-19
CUST02545,Rahul Desai,,29,Hyderabad,Tamil Nadu,India,Retail,2022-09-07
CUST02546,Aarav Singh,Male,27,Surat,Tamil Nadu,India,Corporate,2020-06-07
CUST02547,Riya Kapoor,,52,Delhi,Karnataka,India,Retail,2020-03-18
CUST02548,Aarav Verma,FEMALE,36,Ahmedabad,Tamil Nadu,India,Retail,2022-01-01
CUST02549,Diya Patel,FEMALE,38,Bangalore,Telangana,India,Retail,2025-07-11
CUST02550,Isha Gupta, male ,49,Pune,Karnataka,India,Wholesale,2024-03-27
CUST02551,Rohan Joshi,Male,30,Mumbai,Tamil Nadu,India,Wholesale,2024-03-04
CUST02552,Isha Gupta,FEMALE,73,Delhi,Gujarat,India,Corporate,2024-12-19
CUST02553,Kavya Singh,Male,31,Mumbai,Karnataka,India,Wholesale,2021-07-03
CUST02554,Yash Desai,Female,35,Surat,Gujarat,India,Wholesale,2023-01-01
CUST02555,Neha Kapoor,,63,Mumbai,Gujarat,India,Retail,2022-06-17
CUST02556,Rohan Desai,Female,57,Hyderabad,Gujarat,India,Corporate,2024-08-24
CUST02557,Yash Mehta, male ,23,Mumbai,Delhi,India,Corporate,2024-12-30
CUST02558,Aarav Singh,Female,26,Mumbai,Gujarat,India,Retail,2022-09-28
CUST02559,Priya Desai,Male,70,Surat,Maharashtra,India,Retail,2025-03-06
CUST02560,Rohan Patel,FEMALE,35,Pune,Karnataka,India,Corporate,2021-06-05
CUST02561,Aditya Kapoor,,25,Bangalore,Tamil Nadu,India,Corporate,2022-02-22
CUST02562,Nidhi Patel, male ,56,Delhi,Telangana,India,Retail,2020-10-07
CUST02563,Aditya Desai, male ,27,Delhi,Delhi,India,Corporate,2020-01-30
CUST02564,Ananya Desai,,21,Delhi,Delhi,India,Retail,2022-04-10
CUST02565,Vivaan Agarwal,FEMALE,21,Ahmedabad,Maharashtra,India,Wholesale,2023-08-09
CUST02566,Rohan Patel, male ,51,Chennai,Gujarat,India,Wholesale,2022-09-02
CUST02567,Rohan Mehta,FEMALE,44,Mumbai,Tamil Nadu,India,Retail,2020-04-06
CUST02568,Rohan Verma,,66,Chennai,Tamil Nadu,India,Retail,2020-06-11
CUST02569,Meera Desai, male ,59,Surat,Maharashtra,India,Corporate,2024-03-01
CUST02570,Meera Kapoor,FEMALE,56,Pune,Tamil Nadu,India,Corporate,2021-06-07
CUST02571,Arjun Shah,Male,67,Pune,Maharashtra,India,Wholesale,2025-07-09
CUST02572,Vivaan Desai, male ,42,Pune,Tamil Nadu,India,Corporate,2020-09-23
CUST02573,Rahul Verma,Female,31,Delhi,Gujarat,India,Retail,2020-12-11
CUST02574,Rohan Singh,,56,Bangalore,Gujarat,India,Wholesale,2025-08-24
CUST02575,Aarav Agarwal, male ,37,Surat,Tamil Nadu,India,Retail,2021-08-09
CUST02576,Nidhi Mehta,FEMALE,39,Bangalore,Delhi,India,Corporate,2020-01-29
CUST02577,Kavya Singh,,20,Ahmedabad,Tamil Nadu,India,Corporate,2021-02-03
CUST02578,Rahul Gupta,,43,Surat,Tamil Nadu,India,Retail,2025-02-07
CUST02579,Sneha Gupta,,29,Pune,Gujarat,India,Retail,2026-01-05
CUST02580,Neha Mehta,FEMALE,58,Hyderabad,Tamil Nadu,India,Wholesale,2022-01-15
CUST02581,Arjun Verma,Male,56,Hyderabad,Delhi,India,Retail,2021-09-14
CUST02582,Meera Patel,,61,Ahmedabad,Telangana,India,Wholesale,2024-04-01
CUST02583,Yash Kapoor,Female,23,Ahmedabad,Karnataka,India,Retail,2022-02-15
CUST02584,Aarav Patel, male ,65,Surat,Delhi,India,Retail,2022-01-25
CUST02585,Aarav Shah, male ,52,Pune,Delhi,India,Wholesale,2021-08-22
CUST02586,Nidhi Shah,FEMALE,33,Hyderabad,Telangana,India,Corporate,2023-02-03
CUST02587,Aditya Gupta, male ,52,Ahmedabad,Telangana,India,Corporate,2024-05-25
CUST02588,Isha Verma,,65,Delhi,Tamil Nadu,India,Retail,2020-11-08
CUST02589,Neha Desai,FEMALE,33,Delhi,Delhi,India,Wholesale,2020-04-04
CUST02590,Rohan Joshi,FEMALE,20,Delhi,Delhi,India,Corporate,2025-08-14
CUST02591,Rohan Desai,,56,Ahmedabad,Telangana,India,Corporate,2022-10-16
CUST02592,Kavya Verma,FEMALE,32,Delhi,Gujarat,India,Retail,2023-01-07
CUST02593,Aditya Mehta,,66,Bangalore,Gujarat,India,Corporate,2020-11-14
CUST02594,Neha Shah, male ,48,Mumbai,Telangana,India,Retail,2025-04-20
CUST02595,Riya Joshi,,68,Bangalore,Maharashtra,India,Wholesale,2024-02-29
CUST02596,Ananya Shah,,70,Surat,Karnataka,India,Corporate,2022-03-02
CUST02597,Neha Patel,FEMALE,30,Surat,Gujarat,India,Wholesale,2024-06-08
CUST02598,Sneha Verma,FEMALE,57,Surat,Karnataka,India,Retail,2024-09-11
CUST02599,Rohan Gupta,FEMALE,58,Hyderabad,Telangana,India,Wholesale,2025-05-16
CUST02600,Vivaan Verma, male ,33,Pune,Gujarat,India,Wholesale,2025-07-26
CUST02601,Arjun Mehta,,35,Delhi,Delhi,India,Wholesale,2023-07-20
CUST02602,Aarav Singh,,18,Surat,Telangana,India,Corporate,2023-12-14
CUST02603,Neha Kapoor, male ,53,Mumbai,Tamil Nadu,India,Corporate,2023-08-28
CUST02604,Aarav Shah,Female,43,Mumbai,Karnataka,India,Corporate,2025-05-15
CUST02605,Nidhi Gupta,Female,72,Mumbai,Maharashtra,India,Retail,2023-01-04
CUST02606,Diya Patel,Female,31,Hyderabad,Telangana,India,Retail,2022-06-22
CUST02607,Priya Singh,,31,Chennai,Gujarat,India,Retail,2020-01-16
CUST02608,Rahul Shah,,39,Hyderabad,Delhi,India,Wholesale,2021-04-19
CUST02609,Ananya Desai,Female,65,Hyderabad,Gujarat,India,Retail,2020-01-29
CUST02610,Ananya Gupta,FEMALE,71,Surat,Karnataka,India,Corporate,2020-12-25
CUST02611,Isha Verma,,60,Bangalore,Karnataka,India,Wholesale,2025-11-20
CUST02612,Nidhi Agarwal,,49,Mumbai,Delhi,India,Corporate,2021-10-30
CUST02613,Sneha Kapoor,Male,31,Surat,Telangana,India,Retail,2022-11-29
CUST02614,Yash Kapoor,Male,44,Bangalore,Tamil Nadu,India,Wholesale,2022-09-23
CUST02615,Arjun Singh,Female,35,Mumbai,Maharashtra,India,Corporate,2024-02-11
CUST02616,Sneha Gupta,,34,Chennai,Telangana,India,Corporate,2024-09-10
CUST02617,Priya Agarwal,,66,Bangalore,Tamil Nadu,India,Retail,2024-08-03
CUST02618,Arjun Gupta, male ,69,Ahmedabad,Tamil Nadu,India,Corporate,2024-05-14
CUST02619,Kavya Gupta, male ,18,Mumbai,Telangana,India,Retail,2021-01-11
CUST02620,Isha Singh,Female,33,Bangalore,Maharashtra,India,Retail,2020-04-01
CUST02621,Nidhi Agarwal,,56,Hyderabad,Gujarat,India,Retail,2021-06-24
CUST02622,Neha Patel,Female,63,Bangalore,Tamil Nadu,India,Retail,2020-11-03
CUST02623,Neha Kapoor, male ,35,Ahmedabad,Gujarat,India,Corporate,2022-07-21
CUST02624,Riya Kapoor,Male,21,Delhi,Delhi,India,Corporate,2023-05-12
CUST02625,Aarav Mehta,Male,43,Surat,Maharashtra,India,Retail,2023-12-28
CUST02626,Aarav Desai,FEMALE,33,Bangalore,Karnataka,India,Corporate,2025-03-12
CUST02627,Meera Desai,Male,52,Hyderabad,Delhi,India,Retail,2023-05-01
CUST02628,Riya Desai, male ,60,Mumbai,Gujarat,India,Retail,2025-10-14
CUST02629,Aditya Verma,Female,22,Surat,Karnataka,India,Retail,2020-03-31
CUST02630,Riya Joshi, male ,40,Bangalore,Gujarat,India,Retail,2024-08-29
CUST02631,Arjun Patel,,55,Chennai,Delhi,India,Wholesale,2023-06-14
CUST02632,Rohan Desai, male ,41,Pune,Karnataka,India,Corporate,2020-05-18
CUST02633,Vivaan Joshi,FEMALE,40,Hyderabad,Telangana,India,Retail,2024-06-23
CUST02634,Neha Verma,Male,39,Surat,Karnataka,India,Retail,2023-07-14
CUST02635,Meera Joshi,,61,Delhi,Karnataka,India,Wholesale,2024-03-29
CUST02636,Diya Patel,Male,53,Chennai,Gujarat,India,Corporate,2022-12-29
CUST02637,Nidhi Joshi, male ,25,Pune,Gujarat,India,Corporate,2020-06-03
CUST02638,Isha Verma,FEMALE,48,Mumbai,Karnataka,India,Wholesale,2021-08-08
CUST02639,Isha Desai, male ,37,Delhi,Karnataka,India,Retail,2022-03-27
CUST02640,Vivaan Patel,,73,Pune,Maharashtra,India,Retail,2024-03-14
CUST02641,Arjun Gupta,,55,Pune,Maharashtra,India,Corporate,2021-06-13
CUST02642,Vivaan Kapoor,,27,Delhi,Delhi,India,Wholesale,2023-03-12
CUST02643,Priya Joshi,,36,Mumbai,Maharashtra,India,Wholesale,2024-11-14
CUST02644,Ananya Agarwal,Male,24,Bangalore,Karnataka,India,Retail,2024-09-29
CUST02645,Priya Kapoor, male ,32,Surat,Telangana,India,Corporate,2020-06-20
CUST02646,Aarav Gupta,Male,44,Mumbai,Maharashtra,India,Corporate,2024-09-06
CUST02647,Isha Patel,,43,Surat,Karnataka,India,Corporate,2023-06-02
CUST02648,Sneha Kapoor,,23,Pune,Tamil Nadu,India,Wholesale,2024-02-21
CUST02649,Rahul Agarwal, male ,72,Delhi,Tamil Nadu,India,Corporate,2021-10-07
CUST02650,Riya Gupta,FEMALE,41,Hyderabad,Delhi,India,Retail,2020-10-23
CUST02651,Ananya Kapoor,Male,18,Surat,Gujarat,India,Corporate,2021-05-20
CUST02652,Rahul Singh, male ,38,Ahmedabad,Tamil Nadu,India,Wholesale,2025-08-13
CUST02653,Kavya Gupta,,34,Delhi,Karnataka,India,Corporate,2024-04-09
CUST02654,Riya Singh,Male,59,Ahmedabad,Maharashtra,India,Retail,2024-04-09
CUST02655,Riya Joshi,,22,Ahmedabad,Delhi,India,Corporate,2020-02-11
CUST02656,Priya Kapoor,,74,Hyderabad,Delhi,India,Corporate,2025-05-31
CUST02657,Rahul Desai,Female,18,Chennai,Gujarat,India,Retail,2024-10-19
CUST02658,Nidhi Desai,Male,29,Chennai,Karnataka,India,Retail,2021-10-24
CUST02659,Yash Shah,FEMALE,64,Mumbai,Karnataka,India,Wholesale,2023-11-30
CUST02660,Kavya Verma, male ,41,Pune,Gujarat,India,Retail,2025-04-01
CUST02661,Priya Patel, male ,53,Surat,Maharashtra,India,Retail,2020-07-06
CUST02662,Aarav Shah,,74,Bangalore,Telangana,India,Wholesale,2025-07-07
CUST02663,Neha Kapoor,FEMALE,34,Ahmedabad,Delhi,India,Corporate,2024-11-23
CUST02664,Rohan Mehta,Male,35,Surat,Gujarat,India,Corporate,2021-10-28
CUST02665,Riya Singh,Male,50,Chennai,Gujarat,India,Corporate,2020-08-20
CUST02666,Neha Gupta,,57,Ahmedabad,Maharashtra,India,Wholesale,2021-04-08
CUST02667,Aditya Shah,Male,68,Chennai,Maharashtra,India,Retail,2025-09-02
CUST02668,Nidhi Verma,Female,19,Surat,Karnataka,India,Corporate,2021-01-12
CUST02669,Isha Verma,FEMALE,20,Surat,Gujarat,India,Retail,2021-05-27
CUST02670,Aditya Kapoor,,74,Bangalore,Gujarat,India,Corporate,2024-04-01
CUST02671,Vivaan Verma, male ,56,Pune,Tamil Nadu,India,Wholesale,2020-06-11
CUST02672,Neha Mehta,FEMALE,57,Bangalore,Telangana,India,Corporate,2024-02-23
CUST02673,Aditya Desai, male ,54,Delhi,Gujarat,India,Wholesale,2022-06-04
CUST02674,Dhruvi Patel,,43,Mumbai,Karnataka,India,Corporate,2024-08-29
CUST02675,Vivaan Kapoor,FEMALE,52,Pune,Gujarat,India,Wholesale,2020-09-21
CUST02676,Riya Kapoor, male ,20,Chennai,Gujarat,India,Corporate,2020-10-28
CUST02677,Vivaan Kapoor,,68,Pune,Maharashtra,India,Retail,2023-12-20
CUST02678,Sneha Singh,,29,Chennai,Karnataka,India,Wholesale,2021-07-23
CUST02679,Neha Patel, male ,42,Pune,Delhi,India,Corporate,2023-11-28
CUST02680,Dhruvi Desai,,23,Mumbai,Gujarat,India,Wholesale,2022-07-14
CUST02681,Riya Mehta,Male,21,Surat,Telangana,India,Retail,2022-08-11
CUST02682,Meera Shah,Male,18,Surat,Tamil Nadu,India,Wholesale,2023-08-29
CUST02683,Arjun Singh,FEMALE,65,Hyderabad,Karnataka,India,Wholesale,2020-04-02
CUST02684,Rahul Mehta,,41,Pune,Tamil Nadu,India,Corporate,2021-03-27
CUST02685,Ananya Gupta,Male,60,Pune,Tamil Nadu,India,Wholesale,2020-03-15
CUST02686,Vivaan Desai, male ,41,Mumbai,Gujarat,India,Retail,2025-04-10
CUST02687,Rohan Shah,FEMALE,38,Mumbai,Delhi,India,Wholesale,2021-01-08
CUST02688,Neha Patel,Male,20,Ahmedabad,Gujarat,India,Retail,2022-09-09
CUST02689,Diya Desai,Female,46,Delhi,Telangana,India,Wholesale,2023-02-04
CUST02690,Dhruvi Singh,Male,37,Bangalore,Karnataka,India,Retail,2024-03-19
CUST02691,Riya Patel, male ,63,Ahmedabad,Maharashtra,India,Retail,2022-11-14
CUST02692,Rohan Kapoor,,30,Pune,Tamil Nadu,India,Retail,2020-03-01
CUST02693,Ananya Kapoor,FEMALE,30,Ahmedabad,Telangana,India,Retail,2024-12-29
CUST02694,Kavya Kapoor, male ,18,Bangalore,Gujarat,India,Corporate,2025-11-01
CUST02695,Kavya Verma, male ,45,Ahmedabad,Tamil Nadu,India,Wholesale,2020-09-14
CUST02696,Nidhi Joshi,,42,Ahmedabad,Telangana,India,Wholesale,2024-05-17
CUST02697,Aarav Desai,Female,71,Pune,Maharashtra,India,Corporate,2021-09-10
CUST02698,Kavya Mehta, male ,18,Delhi,Gujarat,India,Retail,2022-12-02
CUST02699,Arjun Agarwal,Female,54,Chennai,Karnataka,India,Corporate,2020-04-04
CUST02700,Diya Desai,,21,Chennai,Delhi,India,Wholesale,2020-11-14
CUST02701,Priya Desai,,30,Pune,Gujarat,India,Wholesale,2020-04-28
CUST02702,Meera Patel, male ,32,Bangalore,Delhi,India,Retail,2021-04-21
CUST02703,Arjun Desai,,47,Mumbai,Maharashtra,India,Corporate,2021-06-17
CUST02704,Nidhi Verma,Male,53,Ahmedabad,Maharashtra,India,Wholesale,2024-01-03
CUST02705,Meera Agarwal,FEMALE,46,Pune,Delhi,India,Wholesale,2022-06-12
CUST02706,Meera Joshi,,34,Surat,Karnataka,India,Retail,2025-02-23
CUST02707,Arjun Desai,Female,64,Mumbai,Delhi,India,Retail,2023-02-25
CUST02708,Aditya Agarwal,,40,Chennai,Karnataka,India,Wholesale,2022-01-05
CUST02709,Aarav Agarwal,FEMALE,70,Mumbai,Karnataka,India,Wholesale,2024-04-26
CUST02710,Isha Verma,Female,71,Ahmedabad,Karnataka,India,Corporate,2023-02-16
CUST02711,Aditya Joshi, male ,36,Hyderabad,Tamil Nadu,India,Wholesale,2022-05-25
CUST02712,Yash Agarwal,Female,47,Surat,Karnataka,India,Wholesale,2020-04-08
CUST02713,Diya Gupta,,47,Ahmedabad,Maharashtra,India,Corporate,2023-06-21
CUST02714,Rohan Mehta,FEMALE,29,Bangalore,Delhi,India,Corporate,2023-04-09
CUST02715,Sneha Agarwal,,70,Hyderabad,Gujarat,India,Wholesale,2023-07-05
CUST02716,Yash Singh,,62,Chennai,Maharashtra,India,Retail,2020-05-01
CUST02717,Kavya Joshi, male ,58,Ahmedabad,Tamil Nadu,India,Corporate,2024-07-18
CUST02718,Dhruvi Desai,Male,67,Ahmedabad,Karnataka,India,Corporate,2021-09-26
CUST02719,Isha Joshi, male ,38,Chennai,Telangana,India,Wholesale,2022-01-13
CUST02720,Riya Desai, male ,62,Ahmedabad,Maharashtra,India,Retail,2022-09-27
CUST02721,Kavya Mehta,Male,42,Bangalore,Telangana,India,Corporate,2024-04-29
CUST02722,Nidhi Gupta, male ,55,Chennai,Delhi,India,Retail,2023-08-13
CUST02723,Aditya Kapoor, male ,72,Hyderabad,Gujarat,India,Wholesale,2023-10-26
CUST02724,Yash Patel,,68,Delhi,Karnataka,India,Corporate,2021-01-06
CUST02725,Meera Shah,Male,36,Bangalore,Karnataka,India,Wholesale,2023-07-24
CUST02726,Vivaan Joshi,Female,48,Chennai,Maharashtra,India,Wholesale,2023-11-24
CUST02727,Vivaan Mehta, male ,18,Surat,Gujarat,India,Retail,2021-04-10
CUST02728,Rahul Gupta, male ,71,Surat,Maharashtra,India,Wholesale,2025-10-08
CUST02729,Vivaan Desai,,64,Pune,Delhi,India,Wholesale,2022-08-15
CUST02730,Diya Shah, male ,64,Hyderabad,Karnataka,India,Wholesale,2021-07-07
CUST02731,Meera Desai,,72,Mumbai,Delhi,India,Wholesale,2024-06-26
CUST02732,Aditya Shah,,39,Hyderabad,Maharashtra,India,Wholesale,2025-10-23
CUST02733,Arjun Kapoor,,68,Surat,Tamil Nadu,India,Retail,2020-10-01
CUST02734,Priya Verma,,72,Pune,Karnataka,India,Wholesale,2023-01-31
CUST02735,Arjun Mehta, male ,57,Bangalore,Tamil Nadu,India,Corporate,2025-06-24
CUST02736,Neha Verma,,63,Mumbai,Gujarat,India,Retail,2020-11-29
CUST02737,Neha Mehta,,29,Bangalore,Gujarat,India,Wholesale,2023-03-18
CUST02738,Riya Singh, male ,40,Mumbai,Maharashtra,India,Retail,2024-03-02
CUST02739,Sneha Joshi, male ,57,Mumbai,Karnataka,India,Corporate,2023-09-12
CUST02740,Sneha Desai,Male,32,Delhi,Maharashtra,India,Wholesale,2023-01-02
CUST02741,Dhruvi Kapoor,FEMALE,55,Hyderabad,Delhi,India,Retail,2020-09-01
CUST02742,Isha Shah,FEMALE,46,Ahmedabad,Telangana,India,Retail,2023-08-09
CUST02743,Vivaan Desai,,64,Chennai,Delhi,India,Wholesale,2024-07-19
CUST02744,Neha Desai,,27,Ahmedabad,Karnataka,India,Wholesale,2020-02-03
CUST02745,Arjun Patel,Male,56,Delhi,Karnataka,India,Corporate,2021-03-29
CUST02746,Priya Mehta,Male,34,Hyderabad,Maharashtra,India,Corporate,2022-11-26
CUST02747,Neha Desai,,68,Mumbai,Delhi,India,Retail,2021-06-03
CUST02748,Arjun Singh,Female,38,Pune,Maharashtra,India,Corporate,2024-05-02
CUST02749,Rohan Joshi,Female,24,Pune,Karnataka,India,Corporate,2021-08-09
CUST02750,Aarav Desai,FEMALE,31,Chennai,Telangana,India,Corporate,2025-05-09
CUST02751,Riya Mehta,Male,54,Pune,Karnataka,India,Wholesale,2023-05-14
CUST02752,Yash Singh, male ,25,Ahmedabad,Telangana,India,Corporate,2025-11-20
CUST02753,Yash Gupta,,34,Pune,Telangana,India,Retail,2022-01-13
CUST02754,Aarav Verma,Female,47,Chennai,Karnataka,India,Retail,2023-11-11
CUST02755,Aarav Verma, male ,50,Hyderabad,Maharashtra,India,Wholesale,2024-10-10
CUST02756,Isha Joshi,,39,Chennai,Telangana,India,Wholesale,2020-05-21
CUST02757,Priya Desai,Male,31,Mumbai,Tamil Nadu,India,Corporate,2020-08-21
CUST02758,Arjun Shah,Female,41,Mumbai,Gujarat,India,Wholesale,2025-05-07
CUST02759,Nidhi Gupta,Female,67,Bangalore,Maharashtra,India,Retail,2021-09-02
CUST02760,Rohan Gupta,FEMALE,62,Ahmedabad,Maharashtra,India,Wholesale,2025-10-09
CUST02761,Rahul Agarwal,Female,58,Pune,Delhi,India,Wholesale,2025-05-14
CUST02762,Vivaan Verma,,19,Ahmedabad,Karnataka,India,Corporate,2026-01-06
CUST02763,Nidhi Patel,Male,37,Pune,Karnataka,India,Corporate,2023-09-01
CUST02764,Sneha Desai,FEMALE,38,Bangalore,Maharashtra,India,Corporate,2020-07-26
CUST02765,Aditya Patel,,74,Hyderabad,Maharashtra,India,Retail,2024-10-11
CUST02766,Aditya Agarwal,,63,Chennai,Tamil Nadu,India,Wholesale,2022-06-30
CUST02767,Priya Joshi,,54,Mumbai,Karnataka,India,Retail,2022-07-05
CUST02768,Diya Desai,Female,65,Delhi,Maharashtra,India,Retail,2025-11-17
CUST02769,Riya Gupta,FEMALE,53,Surat,Tamil Nadu,India,Wholesale,2022-11-14
CUST02770,Rohan Patel,Male,66,Pune,Karnataka,India,Corporate,2020-12-25
CUST02771,Rohan Mehta,Male,51,Mumbai,Tamil Nadu,India,Wholesale,2025-06-15
CUST02772,Dhruvi Kapoor, male ,67,Chennai,Delhi,India,Wholesale,2021-09-28
CUST02773,Arjun Shah,,73,Hyderabad,Karnataka,India,Wholesale,2020-02-23
CUST02774,Sneha Patel,,18,Surat,Delhi,India,Corporate,2021-06-04
CUST02775,Aarav Joshi,FEMALE,52,Chennai,Karnataka,India,Corporate,2024-03-22
CUST02776,Aarav Singh,,63,Mumbai,Gujarat,India,Retail,2023-09-23
CUST02777,Diya Singh,Male,35,Surat,Tamil Nadu,India,Wholesale,2025-03-16
CUST02778,Ananya Desai,,34,Pune,Delhi,India,Retail,2026-01-02
CUST02779,Aarav Gupta,Male,24,Delhi,Tamil Nadu,India,Corporate,2025-08-25
CUST02780,Neha Joshi, male ,69,Hyderabad,Maharashtra,India,Corporate,2020-09-17
CUST02781,Priya Agarwal,,64,Mumbai,Gujarat,India,Corporate,2022-12-01
CUST02782,Meera Agarwal,FEMALE,74,Hyderabad,Gujarat,India,Corporate,2021-01-14
CUST02783,Riya Desai,,66,Pune,Maharashtra,India,Corporate,2024-10-15
CUST02784,Ananya Mehta,Female,70,Hyderabad,Gujarat,India,Corporate,2021-09-06
CUST02785,Rohan Shah, male ,67,Surat,Delhi,India,Retail,2025-11-06
CUST02786,Ananya Kapoor,Male,38,Delhi,Telangana,India,Retail,2023-07-08
CUST02787,Rohan Kapoor,Female,73,Bangalore,Telangana,India,Wholesale,2025-01-29
CUST02788,Dhruvi Desai,FEMALE,66,Bangalore,Telangana,India,Corporate,2023-05-07
CUST02789,Priya Kapoor, male ,42,Delhi,Gujarat,India,Corporate,2023-08-14
CUST02790,Ananya Singh,,62,Surat,Gujarat,India,Wholesale,2021-09-22
CUST02791,Vivaan Mehta,Male,62,Mumbai,Tamil Nadu,India,Wholesale,2023-09-13
CUST02792,Priya Mehta,Male,20,Hyderabad,Maharashtra,India,Corporate,2020-11-26
CUST02793,Vivaan Agarwal,,31,Ahmedabad,Delhi,India,Corporate,2025-06-22
CUST02794,Priya Desai,Male,22,Pune,Telangana,India,Retail,2023-03-16
CUST02795,Riya Joshi,Female,43,Bangalore,Telangana,India,Retail,2023-12-18
CUST02796,Rohan Kapoor,FEMALE,39,Chennai,Gujarat,India,Wholesale,2020-02-02
CUST02797,Kavya Gupta,Male,52,Surat,Tamil Nadu,India,Wholesale,2023-07-05
CUST02798,Diya Verma, male ,62,Ahmedabad,Gujarat,India,Corporate,2024-10-12
CUST02799,Aarav Patel,,54,Bangalore,Maharashtra,India,Wholesale,2025-01-12
CUST02800,Kavya Verma,Female,51,Bangalore,Maharashtra,India,Wholesale,2023-09-24
CUST02801,Dhruvi Desai, male ,18,Mumbai,Delhi,India,Retail,2025-11-06
CUST02802,Kavya Gupta,FEMALE,52,Hyderabad,Delhi,India,Wholesale,2023-09-20
CUST02803,Ananya Singh,FEMALE,32,Hyderabad,Gujarat,India,Corporate,2024-05-23
CUST02804,Yash Joshi,Male,45,Delhi,Telangana,India,Corporate,2024-02-09
CUST02805,Aarav Kapoor,Male,57,Chennai,Gujarat,India,Wholesale,2024-07-11
CUST02806,Rahul Shah,,71,Pune,Maharashtra,India,Corporate,2022-06-10
CUST02807,Arjun Singh,Male,40,Delhi,Gujarat,India,Corporate,2021-07-09
CUST02808,Arjun Agarwal,Female,18,Pune,Karnataka,India,Wholesale,2022-07-19
CUST02809,Diya Mehta,,40,Delhi,Telangana,India,Corporate,2020-08-19
CUST02810,Yash Mehta, male ,47,Bangalore,Delhi,India,Corporate,2022-11-22
CUST02811,Aarav Mehta,,54,Delhi,Tamil Nadu,India,Retail,2022-09-21
CUST02812,Aditya Gupta,,70,Pune,Maharashtra,India,Wholesale,2025-06-01
CUST02813,Priya Desai,Female,19,Ahmedabad,Gujarat,India,Corporate,2025-11-16
CUST02814,Ananya Kapoor,,36,Chennai,Maharashtra,India,Retail,2020-11-30
CUST02815,Rahul Kapoor,,61,Bangalore,Telangana,India,Retail,2023-05-01
CUST02816,Arjun Agarwal,,33,Bangalore,Maharashtra,India,Wholesale,2024-07-16
CUST02817,Yash Patel,,34,Surat,Telangana,India,Wholesale,2024-02-12
CUST02818,Nidhi Gupta,,48,Delhi,Maharashtra,India,Retail,2022-02-02
CUST02819,Diya Patel,Male,71,Pune,Delhi,India,Corporate,2024-06-17
CUST02820,Kavya Agarwal,,29,Surat,Telangana,India,Retail,2023-11-10
CUST02821,Priya Mehta,,63,Delhi,Telangana,India,Retail,2025-03-02
CUST02822,Sneha Singh,,22,Chennai,Telangana,India,Retail,2023-05-28
CUST02823,Riya Kapoor, male ,31,Hyderabad,Karnataka,India,Wholesale,2025-06-12
CUST02824,Neha Mehta,Male,35,Hyderabad,Karnataka,India,Wholesale,2023-02-13
CUST02825,Rohan Joshi, male ,60,Pune,Karnataka,India,Wholesale,2022-03-21
CUST02826,Rahul Joshi,FEMALE,50,Ahmedabad,Gujarat,India,Corporate,2023-05-10
CUST02827,Ananya Verma, male ,37,Ahmedabad,Gujarat,India,Retail,2023-02-14
CUST02828,Dhruvi Shah,,74,Delhi,Delhi,India,Wholesale,2023-01-24
CUST02829,Diya Kapoor,FEMALE,72,Mumbai,Gujarat,India,Retail,2023-06-08
CUST02830,Dhruvi Shah,,35,Chennai,Karnataka,India,Retail,2023-08-14
CUST02831,Aditya Desai,,39,Ahmedabad,Telangana,India,Wholesale,2023-12-10
CUST02832,Riya Agarwal,,39,Delhi,Gujarat,India,Corporate,2020-04-14
CUST02833,Diya Agarwal,Female,24,Mumbai,Karnataka,India,Corporate,2025-01-15
CUST02834,Kavya Agarwal,,58,Ahmedabad,Maharashtra,India,Wholesale,2020-01-16
CUST02835,Rohan Shah,FEMALE,29,Bangalore,Telangana,India,Wholesale,2021-01-13
CUST02836,Nidhi Agarwal,,58,Chennai,Karnataka,India,Corporate,2020-01-02
CUST02837,Ananya Singh,,24,Delhi,Gujarat,India,Wholesale,2025-06-18
CUST02838,Nidhi Shah,,68,Pune,Telangana,India,Wholesale,2020-02-16
CUST02839,Priya Singh,FEMALE,51,Pune,Telangana,India,Corporate,2024-02-12
CUST02840,Aarav Joshi,,67,Bangalore,Gujarat,India,Corporate,2025-09-20
CUST02841,Priya Agarwal,Female,72,Pune,Tamil Nadu,India,Wholesale,2021-01-30
CUST02842,Yash Shah,,51,Surat,Tamil Nadu,India,Retail,2024-10-08
CUST02843,Aarav Verma,FEMALE,53,Pune,Telangana,India,Wholesale,2024-05-02
CUST02844,Kavya Gupta,FEMALE,72,Ahmedabad,Maharashtra,India,Wholesale,2025-09-12
CUST02845,Aarav Shah,FEMALE,25,Bangalore,Gujarat,India,Wholesale,2024-10-16
CUST02846,Aarav Agarwal,,34,Chennai,Gujarat,India,Wholesale,2024-11-08
CUST02847,Ananya Verma,FEMALE,34,Hyderabad,Delhi,India,Retail,2020-07-23
CUST02848,Ananya Kapoor,,58,Chennai,Gujarat,India,Wholesale,2022-04-22
CUST02849,Neha Agarwal,,51,Chennai,Telangana,India,Corporate,2025-11-07
CUST02850,Aditya Gupta,Male,46,Pune,Maharashtra,India,Corporate,2024-11-15
CUST02851,Ananya Desai, male ,34,Hyderabad,Tamil Nadu,India,Wholesale,2020-07-25
CUST02852,Kavya Verma,FEMALE,45,Hyderabad,Maharashtra,India,Corporate,2024-11-12
CUST02853,Aditya Kapoor,,50,Hyderabad,Maharashtra,India,Wholesale,2023-09-24
CUST02854,Aarav Singh,Male,28,Mumbai,Maharashtra,India,Wholesale,2020-02-15
CUST02855,Rohan Desai,,31,Ahmedabad,Delhi,India,Wholesale,2020-04-14
CUST02856,Isha Singh,Female,18,Mumbai,Tamil Nadu,India,Wholesale,2022-12-13
CUST02857,Vivaan Kapoor,FEMALE,42,Hyderabad,Karnataka,India,Wholesale,2022-01-07
CUST02858,Sneha Singh,Male,74,Delhi,Gujarat,India,Corporate,2025-04-10
CUST02859,Aarav Verma,Male,56,Chennai,Telangana,India,Wholesale,2025-01-27
CUST02860,Meera Verma,Female,29,Surat,Maharashtra,India,Corporate,2024-07-09
CUST02861,Kavya Gupta,Male,59,Pune,Gujarat,India,Retail,2024-01-29
CUST02862,Rohan Patel,Male,65,Pune,Maharashtra,India,Corporate,2020-09-23
CUST02863,Aarav Singh, male ,37,Surat,Delhi,India,Corporate,2024-02-10
CUST02864,Ananya Patel,,38,Mumbai,Gujarat,India,Wholesale,2021-10-24
CUST02865,Nidhi Kapoor,Female,45,Bangalore,Delhi,India,Corporate,2020-08-21
CUST02866,Kavya Gupta,FEMALE,19,Pune,Tamil Nadu,India,Corporate,2023-12-31
CUST02867,Sneha Kapoor, male ,46,Bangalore,Karnataka,India,Corporate,2021-09-07
CUST02868,Riya Shah,FEMALE,52,Chennai,Gujarat,India,Corporate,2025-01-10
CUST02869,Nidhi Kapoor, male ,42,Ahmedabad,Telangana,India,Wholesale,2025-02-15
CUST02870,Ananya Agarwal,,65,Mumbai,Delhi,India,Wholesale,2023-05-28
CUST02871,Neha Desai,Male,73,Hyderabad,Tamil Nadu,India,Corporate,2020-01-13
CUST02872,Neha Desai,Female,35,Pune,Karnataka,India,Wholesale,2025-05-11
CUST02873,Kavya Patel, male ,35,Delhi,Delhi,India,Wholesale,2025-11-11
CUST02874,Meera Singh,Male,52,Hyderabad,Telangana,India,Corporate,2023-03-11
CUST02875,Yash Gupta, male ,20,Surat,Telangana,India,Retail,2021-07-29
CUST02876,Diya Singh,,51,Pune,Gujarat,India,Corporate,2022-05-02
CUST02877,Aditya Agarwal,Female,72,Hyderabad,Karnataka,India,Corporate,2022-11-04
CUST02878,Vivaan Kapoor,,74,Ahmedabad,Karnataka,India,Retail,2021-10-10
CUST02879,Kavya Patel,FEMALE,56,Ahmedabad,Delhi,India,Corporate,2023-03-31
CUST02880,Kavya Gupta,,53,Bangalore,Maharashtra,India,Corporate,2025-08-16
CUST02881,Sneha Joshi,Male,60,Bangalore,Gujarat,India,Corporate,2022-03-13
CUST02882,Riya Shah,FEMALE,35,Mumbai,Telangana,India,Retail,2021-07-06
CUST02883,Nidhi Agarwal,FEMALE,40,Surat,Karnataka,India,Retail,2022-04-19
CUST02884,Rahul Singh,FEMALE,38,Chennai,Karnataka,India,Wholesale,2022-08-11
CUST02885,Diya Joshi,Female,40,Delhi,Tamil Nadu,India,Retail,2025-08-06
CUST02886,Yash Singh,FEMALE,35,Surat,Maharashtra,India,Corporate,2022-05-10
CUST02887,Rahul Singh,,60,Chennai,Karnataka,India,Corporate,2022-09-06
CUST02888,Rohan Desai,,33,Pune,Delhi,India,Retail,2022-07-30
CUST02889,Ananya Desai,,69,Surat,Karnataka,India,Wholesale,2024-08-17
CUST02890,Meera Agarwal,,40,Surat,Delhi,India,Wholesale,2025-10-21
CUST02891,Priya Singh,,26,Pune,Tamil Nadu,India,Corporate,2024-07-08
CUST02892,Aditya Desai,,45,Chennai,Maharashtra,India,Retail,2022-05-31
CUST02893,Neha Gupta,FEMALE,60,Delhi,Maharashtra,India,Corporate,2022-10-01
CUST02894,Rahul Agarwal,,18,Bangalore,Delhi,India,Wholesale,2025-04-05
CUST02895,Ananya Verma,,22,Bangalore,Maharashtra,India,Wholesale,2023-12-11
CUST02896,Arjun Verma,Female,32,Mumbai,Telangana,India,Corporate,2025-02-01
CUST02897,Priya Gupta, male ,59,Hyderabad,Tamil Nadu,India,Retail,2023-02-24
CUST02898,Dhruvi Desai,Female,29,Hyderabad,Tamil Nadu,India,Corporate,2022-01-05
CUST02899,Ananya Patel,Female,69,Chennai,Karnataka,India,Retail,2024-07-12
CUST02900,Rahul Agarwal,,69,Pune,Gujarat,India,Corporate,2020-01-10
CUST02901,Yash Gupta, male ,70,Bangalore,Delhi,India,Retail,2024-04-11
CUST02902,Aarav Kapoor,Male,49,Hyderabad,Delhi,India,Corporate,2023-08-23
CUST02903,Rohan Singh,FEMALE,46,Ahmedabad,Telangana,India,Wholesale,2021-12-03
CUST02904,Isha Singh,,53,Chennai,Delhi,India,Retail,2023-09-23
CUST02905,Priya Singh,FEMALE,63,Chennai,Gujarat,India,Corporate,2025-02-12
CUST02906,Rohan Desai,,64,Mumbai,Delhi,India,Retail,2024-05-29
CUST02907,Ananya Desai,Male,56,Mumbai,Gujarat,India,Wholesale,2026-01-05
CUST02908,Dhruvi Gupta, male ,32,Delhi,Delhi,India,Retail,2022-09-16
CUST02909,Yash Singh,Female,49,Hyderabad,Karnataka,India,Retail,2022-06-29
CUST02910,Diya Gupta,FEMALE,73,Ahmedabad,Delhi,India,Corporate,2024-12-31
CUST02911,Dhruvi Kapoor, male ,59,Chennai,Gujarat,India,Wholesale,2024-03-01
CUST02912,Dhruvi Patel,,74,Delhi,Tamil Nadu,India,Wholesale,2024-07-24
CUST02913,Ananya Desai,Female,55,Mumbai,Delhi,India,Retail,2024-02-11
CUST02914,Meera Shah,,18,Hyderabad,Telangana,India,Retail,2021-08-10
CUST02915,Ananya Agarwal,Female,32,Mumbai,Karnataka,India,Corporate,2025-10-09
CUST02916,Rahul Kapoor,Female,62,Ahmedabad,Delhi,India,Wholesale,2025-09-25
CUST02917,Kavya Verma,FEMALE,47,Bangalore,Delhi,India,Wholesale,2022-01-21
CUST02918,Meera Patel,,68,Mumbai,Delhi,India,Wholesale,2024-04-27
CUST02919,Diya Joshi, male ,55,Surat,Karnataka,India,Wholesale,2023-03-27
CUST02920,Vivaan Shah, male ,34,Hyderabad,Karnataka,India,Retail,2022-05-01
CUST02921,Ananya Gupta,FEMALE,62,Hyderabad,Telangana,India,Corporate,2021-12-06
CUST02922,Rohan Patel,Male,53,Pune,Delhi,India,Retail,2022-03-22
CUST02923,Riya Gupta,Female,30,Chennai,Karnataka,India,Corporate,2023-11-01
CUST02924,Diya Verma,Female,60,Mumbai,Maharashtra,India,Wholesale,2022-01-30
CUST02925,Aditya Mehta, male ,72,Surat,Telangana,India,Wholesale,2022-03-21
CUST02926,Neha Patel, male ,47,Chennai,Delhi,India,Retail,2025-04-05
CUST02927,Aarav Singh,Male,43,Pune,Karnataka,India,Wholesale,2023-08-23
CUST02928,Riya Mehta,,44,Ahmedabad,Maharashtra,India,Retail,2022-02-23
CUST02929,Aarav Desai,,51,Bangalore,Tamil Nadu,India,Retail,2023-04-13
CUST02930,Riya Gupta,Male,66,Hyderabad,Gujarat,India,Wholesale,2020-03-05
CUST02931,Nidhi Shah,,64,Delhi,Tamil Nadu,India,Retail,2021-04-03
CUST02932,Neha Patel,,46,Hyderabad,Gujarat,India,Corporate,2020-12-03
CUST02933,Ananya Mehta,FEMALE,26,Chennai,Maharashtra,India,Corporate,2024-03-18
CUST02934,Arjun Joshi,FEMALE,33,Mumbai,Maharashtra,India,Corporate,2021-08-13
CUST02935,Rahul Verma,,45,Hyderabad,Tamil Nadu,India,Wholesale,2022-05-13
CUST02936,Rahul Verma,,67,Mumbai,Gujarat,India,Corporate,2021-06-10
CUST02937,Neha Mehta,,55,Surat,Karnataka,India,Wholesale,2022-09-10
CUST02938,Rohan Mehta,,34,Surat,Gujarat,India,Corporate,2022-04-08
CUST02939,Rahul Patel,Male,49,Mumbai,Tamil Nadu,India,Retail,2021-04-02
CUST02940,Dhruvi Gupta,FEMALE,43,Chennai,Maharashtra,India,Wholesale,2021-10-25
CUST02941,Nidhi Gupta,Male,64,Chennai,Delhi,India,Corporate,2025-09-30
CUST02942,Nidhi Verma,FEMALE,68,Mumbai,Delhi,India,Wholesale,2025-10-26
CUST02943,Aarav Desai,Female,50,Delhi,Karnataka,India,Wholesale,2023-01-30
CUST02944,Nidhi Shah,,47,Surat,Karnataka,India,Retail,2021-12-20
CUST02945,Ananya Joshi,Female,41,Ahmedabad,Maharashtra,India,Retail,2021-06-09
CUST02946,Yash Joshi, male ,43,Surat,Maharashtra,India,Corporate,2021-12-25
CUST02947,Neha Singh,FEMALE,21,Chennai,Tamil Nadu,India,Wholesale,2022-07-25
CUST02948,Neha Verma,FEMALE,68,Delhi,Gujarat,India,Retail,2022-01-07
CUST02949,Isha Kapoor,,72,Hyderabad,Gujarat,India,Retail,2024-08-28
CUST02950,Ananya Singh, male ,35,Hyderabad,Delhi,India,Corporate,2024-04-06
CUST02951,Aditya Kapoor,Female,69,Delhi,Tamil Nadu,India,Retail,2020-12-30
CUST02952,Yash Patel,Female,60,Hyderabad,Karnataka,India,Wholesale,2020-02-22
CUST02953,Dhruvi Gupta,Male,65,Mumbai,Telangana,India,Wholesale,2024-07-08
CUST02954,Dhruvi Kapoor,Female,23,Ahmedabad,Gujarat,India,Retail,2023-07-21
CUST02955,Rohan Shah,Male,59,Chennai,Delhi,India,Corporate,2021-11-16
CUST02956,Sneha Verma,Male,63,Delhi,Telangana,India,Corporate,2024-02-21
CUST02957,Arjun Kapoor,Male,61,Delhi,Telangana,India,Corporate,2024-10-09
CUST02958,Neha Gupta,Female,74,Pune,Karnataka,India,Retail,2020-01-12
CUST02959,Yash Mehta,FEMALE,57,Chennai,Tamil Nadu,India,Retail,2021-06-19
CUST02960,Diya Gupta,,58,Pune,Maharashtra,India,Wholesale,2022-04-08
CUST02961,Kavya Agarwal,,28,Mumbai,Maharashtra,India,Retail,2021-12-17
CUST02962,Arjun Shah,Male,63,Hyderabad,Maharashtra,India,Wholesale,2023-12-02
CUST02963,Vivaan Mehta,FEMALE,65,Ahmedabad,Karnataka,India,Corporate,2022-09-18
CUST02964,Priya Gupta, male ,23,Mumbai,Gujarat,India,Wholesale,2020-03-31
CUST02965,Sneha Agarwal,Female,62,Delhi,Delhi,India,Wholesale,2023-12-19
CUST02966,Nidhi Shah,Female,72,Ahmedabad,Delhi,India,Corporate,2022-11-11
CUST02967,Rahul Gupta,,25,Surat,Karnataka,India,Wholesale,2025-10-28
CUST02968,Rahul Shah,Male,55,Hyderabad,Tamil Nadu,India,Retail,2021-09-25
CUST02969,Riya Shah,FEMALE,23,Pune,Maharashtra,India,Wholesale,2022-07-24
CUST02970,Rohan Patel,FEMALE,20,Bangalore,Tamil Nadu,India,Wholesale,2021-07-29
CUST02971,Aarav Patel,Female,21,Pune,Maharashtra,India,Corporate,2025-03-01
CUST02972,Yash Patel,FEMALE,30,Mumbai,Gujarat,India,Retail,2025-11-05
CUST02973,Neha Verma,FEMALE,43,Chennai,Telangana,India,Retail,2024-05-30
CUST02974,Diya Desai,Female,57,Delhi,Telangana,India,Retail,2023-03-06
CUST02975,Isha Joshi,FEMALE,21,Hyderabad,Delhi,India,Wholesale,2024-07-08
CUST02976,Arjun Patel,FEMALE,23,Pune,Gujarat,India,Retail,2025-09-27
CUST02977,Isha Kapoor,,38,Mumbai,Karnataka,India,Wholesale,2023-03-06
CUST02978,Neha Shah,Female,72,Pune,Karnataka,India,Wholesale,2020-08-20
CUST02979,Aditya Kapoor,Male,62,Bangalore,Maharashtra,India,Retail,2024-11-11
CUST02980,Neha Desai,Male,53,Ahmedabad,Maharashtra,India,Retail,2025-03-16
CUST02981,Neha Desai,,52,Bangalore,Tamil Nadu,India,Retail,2025-07-02
CUST02982,Priya Kapoor,,35,Delhi,Gujarat,India,Wholesale,2023-03-12
CUST02983,Vivaan Mehta,Female,18,Pune,Tamil Nadu,India,Wholesale,2025-10-06
CUST02984,Sneha Gupta,,51,Hyderabad,Delhi,India,Wholesale,2022-05-22
CUST02985,Rahul Joshi,,64,Surat,Gujarat,India,Retail,2025-04-24
CUST02986,Neha Patel,Male,33,Surat,Karnataka,India,Retail,2022-06-18
CUST02987,Vivaan Shah,Female,67,Mumbai,Telangana,India,Retail,2022-08-10
CUST02988,Dhruvi Shah,,51,Bangalore,Karnataka,India,Wholesale,2022-10-09
CUST02989,Diya Joshi,Female,23,Mumbai,Karnataka,India,Corporate,2025-11-12
CUST02990,Arjun Kapoor,,57,Hyderabad,Maharashtra,India,Wholesale,2020-11-14
CUST02991,Vivaan Verma,Female,36,Hyderabad,Maharashtra,India,Corporate,2023-10-15
CUST02992,Rahul Shah,Female,54,Pune,Gujarat,India,Wholesale,2020-03-21
CUST02993,Arjun Desai,FEMALE,68,Delhi,Delhi,India,Wholesale,2020-11-13
CUST02994,Riya Verma,Male,73,Bangalore,Gujarat,India,Retail,2025-11-06
CUST02995,Riya Kapoor,,49,Hyderabad,Maharashtra,India,Wholesale,2023-05-29
CUST02996,Nidhi Agarwal, male ,72,Chennai,Tamil Nadu,India,Wholesale,2022-08-22
CUST02997,Arjun Shah,,20,Pune,Tamil Nadu,India,Corporate,2020-04-08
CUST02998,Diya Desai,FEMALE,34,Surat,Tamil Nadu,India,Wholesale,2023-12-05
CUST02999,Riya Shah,Female,39,Delhi,Gujarat,India,Retail,2023-02-10
CUST03000,Isha Joshi, male ,24,Hyderabad,Delhi,India,Corporate,2021-03-20
CUST03001,Aarav Verma,,35,Hyderabad,Tamil Nadu,India,Wholesale,2022-03-22
CUST03002,Meera Singh,Female,19,Surat,Gujarat,India,Corporate,2025-02-09
CUST03003,Sneha Agarwal,,56,Ahmedabad,Tamil Nadu,India,Retail,2026-01-03
CUST03004,Priya Mehta, male ,69,Pune,Gujarat,India,Retail,2021-08-01
CUST03005,Riya Verma,,21,Ahmedabad,Delhi,India,Wholesale,2024-02-12
CUST03006,Aditya Kapoor,,45,Hyderabad,Gujarat,India,Corporate,2022-01-28
CUST03007,Diya Kapoor,,72,Surat,Maharashtra,India,Retail,2020-12-07
CUST03008,Vivaan Desai,,73,Pune,Tamil Nadu,India,Corporate,2022-01-02
CUST03009,Priya Joshi,Female,56,Chennai,Maharashtra,India,Corporate,2025-10-23
CUST03010,Aditya Shah,,52,Chennai,Tamil Nadu,India,Corporate,2022-12-11
CUST03011,Kavya Kapoor,Male,73,Surat,Telangana,India,Retail,2020-06-25
CUST03012,Neha Shah,Female,58,Chennai,Maharashtra,India,Wholesale,2025-10-12
CUST03013,Riya Patel, male ,67,Hyderabad,Maharashtra,India,Retail,2022-01-12
CUST03014,Isha Gupta,FEMALE,65,Chennai,Telangana,India,Retail,2021-09-30
CUST03015,Vivaan Singh,Male,39,Chennai,Telangana,India,Corporate,2023-03-31
CUST03016,Diya Singh, male ,44,Bangalore,Telangana,India,Corporate,2022-03-02
CUST03017,Isha Singh,Male,37,Delhi,Tamil Nadu,India,Corporate,2022-07-08
CUST03018,Yash Singh,Male,73,Hyderabad,Tamil Nadu,India,Retail,2020-02-05
CUST03019,Diya Verma,,27,Mumbai,Gujarat,India,Corporate,2024-12-12
CUST03020,Kavya Mehta,,23,Hyderabad,Delhi,India,Corporate,2020-04-24
CUST03021,Aditya Mehta,Male,67,Bangalore,Telangana,India,Corporate,2023-03-05
CUST03022,Priya Verma,,70,Hyderabad,Maharashtra,India,Retail,2023-10-03
CUST03023,Meera Patel,FEMALE,54,Surat,Telangana,India,Retail,2023-01-04
CUST03024,Priya Gupta,Male,29,Surat,Telangana,India,Corporate,2020-05-02
CUST03025,Diya Gupta,FEMALE,72,Mumbai,Telangana,India,Retail,2020-09-23
CUST03026,Meera Agarwal,Female,58,Pune,Tamil Nadu,India,Wholesale,2020-04-05
CUST03027,Diya Kapoor,Male,28,Pune,Karnataka,India,Corporate,2021-08-16
CUST03028,Aditya Mehta,Male,47,Pune,Gujarat,India,Wholesale,2022-01-10
CUST03029,Kavya Patel, male ,70,Ahmedabad,Gujarat,India,Retail,2021-11-07
CUST03030,Yash Verma,,25,Ahmedabad,Karnataka,India,Retail,2020-02-03
CUST03031,Vivaan Singh,Female,25,Bangalore,Delhi,India,Corporate,2020-04-07
CUST03032,Aditya Gupta,Male,49,Mumbai,Maharashtra,India,Wholesale,2022-04-26
CUST03033,Isha Singh,Female,46,Surat,Gujarat,India,Corporate,2023-07-29
CUST03034,Neha Kapoor,Female,57,Pune,Tamil Nadu,India,Wholesale,2024-09-11
CUST03035,Ananya Kapoor,,26,Pune,Karnataka,India,Retail,2024-08-31
CUST03036,Aarav Joshi,,30,Hyderabad,Gujarat,India,Wholesale,2024-05-02
CUST03037,Aditya Joshi,Male,44,Bangalore,Telangana,India,Wholesale,2021-01-18
CUST03038,Sneha Kapoor, male ,19,Surat,Telangana,India,Retail,2023-02-04
CUST03039,Aarav Shah,FEMALE,39,Hyderabad,Karnataka,India,Wholesale,2024-02-18
CUST03040,Priya Shah,Male,29,Mumbai,Tamil Nadu,India,Wholesale,2021-08-15
CUST03041,Rohan Agarwal,,45,Pune,Karnataka,India,Corporate,2020-03-01
CUST03042,Ananya Joshi,Female,37,Hyderabad,Karnataka,India,Corporate,2023-02-24
CUST03043,Rohan Kapoor,Male,47,Ahmedabad,Delhi,India,Wholesale,2021-02-03
CUST03044,Vivaan Verma, male ,37,Pune,Gujarat,India,Corporate,2025-11-18
CUST03045,Isha Verma,FEMALE,69,Delhi,Gujarat,India,Retail,2023-08-10
CUST03046,Nidhi Kapoor,,73,Ahmedabad,Maharashtra,India,Retail,2020-02-08
CUST03047,Rohan Verma,,19,Surat,Delhi,India,Retail,2023-04-10
CUST03048,Vivaan Agarwal,Male,21,Delhi,Karnataka,India,Corporate,2025-11-10
CUST03049,Rohan Patel,Male,49,Chennai,Maharashtra,India,Retail,2020-08-17
CUST03050,Rohan Shah,Male,42,Ahmedabad,Delhi,India,Retail,2024-08-11
CUST03051,Rohan Mehta,Male,26,Chennai,Gujarat,India,Corporate,2023-05-16
CUST03052,Isha Mehta,Female,57,Pune,Delhi,India,Wholesale,2021-05-30
CUST03053,Kavya Shah,Male,44,Mumbai,Maharashtra,India,Corporate,2022-05-25
CUST03054,Aditya Joshi,,37,Pune,Maharashtra,India,Corporate,2020-03-29
CUST03055,Ananya Singh,Female,24,Chennai,Telangana,India,Corporate,2020-05-22
CUST03056,Rahul Patel,,47,Ahmedabad,Maharashtra,India,Corporate,2023-06-24
CUST03057,Neha Joshi,,21,Delhi,Tamil Nadu,India,Retail,2022-05-15
CUST03058,Yash Joshi,Male,62,Mumbai,Maharashtra,India,Corporate,2021-11-26
CUST03059,Neha Shah,Female,29,Chennai,Karnataka,India,Retail,2021-01-20
CUST03060,Yash Shah,Female,60,Hyderabad,Karnataka,India,Retail,2024-07-29
CUST03061,Aditya Singh,Female,20,Surat,Tamil Nadu,India,Retail,2024-02-07
CUST03062,Isha Singh,,18,Hyderabad,Maharashtra,India,Retail,2021-07-17
CUST03063,Yash Gupta,,18,Hyderabad,Tamil Nadu,India,Corporate,2020-02-09
CUST03064,Ananya Verma,FEMALE,73,Bangalore,Maharashtra,India,Wholesale,2021-05-24
CUST03065,Nidhi Kapoor,,68,Bangalore,Telangana,India,Corporate,2023-11-01
CUST03066,Isha Patel,,64,Surat,Telangana,India,Wholesale,2024-12-29
CUST03067,Nidhi Gupta,,39,Pune,Maharashtra,India,Wholesale,2025-10-20
CUST03068,Isha Patel, male ,19,Mumbai,Delhi,India,Corporate,2020-11-07
CUST03069,Vivaan Mehta,Male,69,Chennai,Tamil Nadu,India,Retail,2022-04-18
CUST03070,Rahul Mehta,Male,20,Bangalore,Telangana,India,Corporate,2025-05-05
CUST03071,Meera Singh,,60,Surat,Delhi,India,Corporate,2021-03-04
CUST03072,Aditya Mehta,Female,26,Surat,Maharashtra,India,Retail,2020-08-24
CUST03073,Kavya Joshi,Male,40,Mumbai,Gujarat,India,Corporate,2020-07-24
CUST03074,Dhruvi Singh,,38,Mumbai,Delhi,India,Corporate,2024-05-10
CUST03075,Arjun Kapoor,,31,Hyderabad,Karnataka,India,Wholesale,2022-10-24
CUST03076,Neha Singh,,68,Chennai,Maharashtra,India,Corporate,2025-08-07
CUST03077,Isha Kapoor,FEMALE,55,Chennai,Maharashtra,India,Corporate,2025-05-30
CUST03078,Ananya Shah, male ,18,Delhi,Tamil Nadu,India,Corporate,2025-12-02
CUST03079,Aarav Patel, male ,28,Pune,Maharashtra,India,Retail,2025-02-20
CUST03080,Priya Patel,FEMALE,21,Chennai,Maharashtra,India,Wholesale,2021-03-31
CUST03081,Diya Mehta,,46,Mumbai,Maharashtra,India,Wholesale,2024-03-09
CUST03082,Aditya Desai,Male,48,Pune,Tamil Nadu,India,Wholesale,2023-07-25
CUST03083,Ananya Kapoor,,28,Chennai,Telangana,India,Corporate,2024-01-23
CUST03084,Kavya Verma,,38,Ahmedabad,Maharashtra,India,Wholesale,2020-05-31
CUST03085,Rahul Desai,,50,Ahmedabad,Delhi,India,Wholesale,2020-04-13
CUST03086,Priya Verma, male ,53,Mumbai,Gujarat,India,Retail,2020-04-24
CUST03087,Aarav Kapoor,FEMALE,58,Surat,Gujarat,India,Retail,2022-02-02
CUST03088,Dhruvi Gupta, male ,22,Hyderabad,Maharashtra,India,Wholesale,2021-09-06
CUST03089,Sneha Verma,Female,67,Surat,Maharashtra,India,Wholesale,2020-08-23
CUST03090,Rohan Kapoor, male ,34,Bangalore,Gujarat,India,Wholesale,2025-02-27
CUST03091,Riya Verma,,29,Hyderabad,Maharashtra,India,Retail,2025-11-02
CUST03092,Isha Joshi,FEMALE,21,Hyderabad,Gujarat,India,Wholesale,2025-02-23
CUST03093,Rohan Singh,,18,Pune,Gujarat,India,Retail,2020-07-03
CUST03094,Isha Mehta,FEMALE,46,Bangalore,Telangana,India,Retail,2025-07-05
CUST03095,Neha Kapoor,Male,32,Surat,Karnataka,India,Retail,2020-04-24
CUST03096,Neha Verma,Female,21,Delhi,Telangana,India,Corporate,2021-06-24
CUST03097,Aarav Joshi,Female,19,Ahmedabad,Karnataka,India,Retail,2020-06-29
CUST03098,Vivaan Mehta,Female,33,Pune,Telangana,India,Retail,2022-10-08
CUST03099,Rohan Singh,,35,Mumbai,Telangana,India,Corporate,2022-09-04
CUST03100,Isha Verma,Male,30,Ahmedabad,Maharashtra,India,Wholesale,2024-06-19
CUST03101,Riya Mehta,Female,74,Ahmedabad,Delhi,India,Wholesale,2024-04-11
CUST03102,Aditya Singh,Male,38,Pune,Gujarat,India,Retail,2023-05-04
CUST03103,Aarav Shah, male ,71,Hyderabad,Gujarat,India,Corporate,2022-03-09
CUST03104,Meera Patel,Female,60,Bangalore,Tamil Nadu,India,Wholesale,2021-08-23
CUST03105,Isha Shah, male ,38,Ahmedabad,Tamil Nadu,India,Wholesale,2023-03-14
CUST03106,Rohan Singh,Male,69,Hyderabad,Tamil Nadu,India,Corporate,2020-08-21
CUST03107,Isha Verma,FEMALE,52,Delhi,Delhi,India,Retail,2020-03-13
CUST03108,Aarav Desai,FEMALE,69,Delhi,Delhi,India,Retail,2022-01-14
CUST03109,Aarav Agarwal,FEMALE,52,Chennai,Maharashtra,India,Retail,2023-08-04
CUST03110,Riya Shah,,33,Delhi,Gujarat,India,Wholesale,2025-01-13
CUST03111,Aditya Shah, male ,48,Mumbai,Karnataka,India,Wholesale,2023-02-05
CUST03112,Rohan Singh,,51,Mumbai,Gujarat,India,Corporate,2021-07-26
CUST03113,Riya Shah,FEMALE,53,Hyderabad,Telangana,India,Corporate,2022-08-08
CUST03114,Sneha Kapoor,,56,Chennai,Maharashtra,India,Corporate,2024-03-28
CUST03115,Sneha Agarwal,,45,Mumbai,Delhi,India,Wholesale,2026-01-09
CUST03116,Vivaan Mehta,FEMALE,50,Bangalore,Karnataka,India,Corporate,2022-10-15
CUST03117,Riya Shah, male ,60,Ahmedabad,Gujarat,India,Retail,2020-10-14
CUST03118,Isha Mehta, male ,30,Surat,Telangana,India,Wholesale,2022-05-22
CUST03119,Neha Gupta,Female,33,Bangalore,Tamil Nadu,India,Retail,2023-01-18
CUST03120,Isha Shah, male ,37,Surat,Tamil Nadu,India,Wholesale,2023-12-13
CUST03121,Ananya Shah, male ,53,Pune,Gujarat,India,Retail,2024-12-18
CUST03122,Ananya Patel,Female,26,Ahmedabad,Telangana,India,Corporate,2023-03-20
CUST03123,Kavya Agarwal,FEMALE,52,Surat,Maharashtra,India,Retail,2025-09-22
CUST03124,Dhruvi Desai, male ,53,Delhi,Tamil Nadu,India,Corporate,2025-02-19
CUST03125,Arjun Kapoor, male ,39,Delhi,Delhi,India,Wholesale,2025-07-28
CUST03126,Kavya Agarwal,,43,Surat,Gujarat,India,Corporate,2024-09-19
CUST03127,Isha Agarwal,Male,33,Surat,Maharashtra,India,Corporate,2021-01-08
CUST03128,Ananya Kapoor, male ,31,Surat,Delhi,India,Wholesale,2020-03-20
CUST03129,Neha Gupta,Male,66,Chennai,Delhi,India,Retail,2025-08-18
CUST03130,Aarav Gupta,FEMALE,56,Ahmedabad,Telangana,India,Corporate,2020-10-21
CUST03131,Neha Desai,Female,73,Pune,Tamil Nadu,India,Corporate,2022-02-23
CUST03132,Aarav Joshi,FEMALE,18,Surat,Maharashtra,India,Corporate,2024-10-18
CUST03133,Aditya Gupta,,24,Delhi,Gujarat,India,Wholesale,2023-11-08
CUST03134,Sneha Kapoor, male ,52,Pune,Gujarat,India,Corporate,2025-11-14
CUST03135,Aditya Agarwal,FEMALE,72,Bangalore,Karnataka,India,Wholesale,2022-05-20
CUST03136,Riya Desai,,59,Pune,Karnataka,India,Wholesale,2020-04-26
CUST03137,Aditya Mehta,Female,54,Bangalore,Karnataka,India,Wholesale,2024-07-28
CUST03138,Dhruvi Patel,Male,43,Chennai,Maharashtra,India,Wholesale,2021-03-03
CUST03139,Ananya Agarwal,,28,Delhi,Gujarat,India,Corporate,2024-09-14
CUST03140,Diya Mehta,FEMALE,48,Chennai,Telangana,India,Wholesale,2025-02-27
CUST03141,Priya Desai,,46,Surat,Telangana,India,Corporate,2022-04-02
CUST03142,Neha Gupta, male ,65,Mumbai,Maharashtra,India,Wholesale,2024-10-07
CUST03143,Neha Patel, male ,60,Surat,Maharashtra,India,Retail,2021-04-05
CUST03144,Diya Singh,,55,Hyderabad,Gujarat,India,Retail,2023-07-22
CUST03145,Neha Verma,,62,Chennai,Delhi,India,Retail,2024-04-05
CUST03146,Aditya Patel,,53,Surat,Maharashtra,India,Corporate,2022-06-03
CUST03147,Kavya Desai,,54,Delhi,Maharashtra,India,Wholesale,2024-08-06
CUST03148,Riya Desai,Male,58,Pune,Maharashtra,India,Wholesale,2022-06-09
CUST03149,Vivaan Joshi,,56,Surat,Karnataka,India,Wholesale,2025-02-15
CUST03150,Diya Kapoor, male ,63,Hyderabad,Delhi,India,Corporate,2024-12-13
CUST03151,Aditya Shah,Male,29,Ahmedabad,Tamil Nadu,India,Retail,2020-01-15
CUST03152,Arjun Joshi,Male,55,Pune,Gujarat,India,Corporate,2024-09-01
CUST03153,Dhruvi Kapoor,,59,Pune,Maharashtra,India,Wholesale,2021-08-24
CUST03154,Arjun Patel,FEMALE,50,Pune,Telangana,India,Retail,2021-01-07
CUST03155,Diya Kapoor,Female,29,Bangalore,Maharashtra,India,Corporate,2025-03-16
CUST03156,Aditya Gupta,Female,54,Surat,Gujarat,India,Corporate,2021-12-27
CUST03157,Aarav Singh,FEMALE,18,Bangalore,Gujarat,India,Retail,2023-10-19
CUST03158,Ananya Kapoor,Male,32,Ahmedabad,Gujarat,India,Corporate,2023-10-11
CUST03159,Rahul Patel,FEMALE,55,Pune,Telangana,India,Retail,2024-10-18
CUST03160,Arjun Joshi,Female,42,Pune,Delhi,India,Wholesale,2022-09-02
CUST03161,Rohan Joshi,FEMALE,46,Chennai,Karnataka,India,Wholesale,2023-08-02
CUST03162,Kavya Verma, male ,50,Ahmedabad,Gujarat,India,Retail,2024-02-27
CUST03163,Diya Shah,FEMALE,72,Bangalore,Telangana,India,Retail,2025-07-03
CUST03164,Aarav Verma,Male,59,Mumbai,Karnataka,India,Retail,2022-03-27
CUST03165,Arjun Joshi,Male,47,Surat,Telangana,India,Corporate,2022-12-06
CUST03166,Ananya Mehta,Male,47,Mumbai,Telangana,India,Corporate,2022-08-16
CUST03167,Rahul Singh,,56,Hyderabad,Karnataka,India,Retail,2023-03-21
CUST03168,Meera Gupta,,22,Bangalore,Maharashtra,India,Corporate,2025-05-06
CUST03169,Rahul Gupta,Male,74,Hyderabad,Telangana,India,Retail,2020-11-01
CUST03170,Aarav Shah,,20,Bangalore,Tamil Nadu,India,Wholesale,2023-09-27
CUST03171,Nidhi Agarwal, male ,20,Chennai,Maharashtra,India,Retail,2025-06-27
CUST03172,Kavya Patel,,38,Pune,Delhi,India,Corporate,2025-12-10
CUST03173,Diya Mehta,FEMALE,25,Delhi,Gujarat,India,Corporate,2021-09-18
CUST03174,Aditya Mehta,FEMALE,60,Pune,Tamil Nadu,India,Wholesale,2025-08-19
CUST03175,Sneha Joshi, male ,33,Mumbai,Delhi,India,Retail,2021-12-24
CUST03176,Ananya Verma,FEMALE,56,Delhi,Delhi,India,Wholesale,2021-05-28
CUST03177,Rahul Kapoor,Female,54,Surat,Gujarat,India,Wholesale,2025-01-28
CUST03178,Neha Shah,FEMALE,53,Pune,Delhi,India,Retail,2023-11-16
CUST03179,Ananya Desai,Female,47,Surat,Tamil Nadu,India,Wholesale,2022-10-26
CUST03180,Aditya Shah, male ,40,Pune,Gujarat,India,Retail,2025-01-12
CUST03181,Arjun Gupta,,41,Bangalore,Delhi,India,Retail,2021-10-09
CUST03182,Nidhi Agarwal,Female,20,Hyderabad,Karnataka,India,Retail,2024-05-13
CUST03183,Isha Agarwal,FEMALE,37,Surat,Tamil Nadu,India,Retail,2020-06-29
CUST03184,Ananya Joshi,FEMALE,40,Delhi,Maharashtra,India,Retail,2021-12-04
CUST03185,Neha Verma,Female,23,Pune,Telangana,India,Corporate,2021-04-28
CUST03186,Dhruvi Desai,FEMALE,23,Bangalore,Maharashtra,India,Wholesale,2020-03-15
CUST03187,Ananya Patel,,30,Mumbai,Telangana,India,Wholesale,2020-07-12
CUST03188,Aarav Desai,,22,Delhi,Gujarat,India,Wholesale,2021-04-26
CUST03189,Diya Agarwal, male ,41,Surat,Maharashtra,India,Corporate,2023-04-18
CUST03190,Nidhi Kapoor,Male,68,Hyderabad,Maharashtra,India,Corporate,2025-09-25
CUST03191,Neha Agarwal,,32,Mumbai,Telangana,India,Wholesale,2020-08-18
CUST03192,Rohan Patel,Female,70,Mumbai,Delhi,India,Retail,2025-04-27
CUST03193,Arjun Joshi,FEMALE,29,Surat,Telangana,India,Corporate,2021-09-13
CUST03194,Rohan Singh,Male,74,Chennai,Telangana,India,Retail,2023-08-11
CUST03195,Diya Joshi,Female,56,Hyderabad,Delhi,India,Wholesale,2025-07-16
CUST03196,Meera Shah,Male,57,Mumbai,Gujarat,India,Retail,2020-07-03
CUST03197,Isha Kapoor,Male,18,Chennai,Gujarat,India,Retail,2022-06-25
CUST03198,Isha Agarwal,Male,49,Mumbai,Delhi,India,Retail,2022-05-08
CUST03199,Nidhi Joshi,,39,Delhi,Telangana,India,Corporate,2024-04-27
CUST03200,Sneha Verma,FEMALE,25,Bangalore,Tamil Nadu,India,Retail,2025-04-16
CUST03201,Rohan Kapoor,Male,68,Surat,Delhi,India,Wholesale,2024-09-05
CUST03202,Dhruvi Joshi,Male,50,Hyderabad,Tamil Nadu,India,Wholesale,2025-06-13
CUST03203,Kavya Singh, male ,62,Mumbai,Gujarat,India,Corporate,2022-06-11
CUST03204,Yash Desai,FEMALE,23,Surat,Maharashtra,India,Corporate,2020-01-26
CUST03205,Meera Agarwal,,49,Chennai,Tamil Nadu,India,Retail,2024-11-22
CUST03206,Riya Patel,FEMALE,51,Surat,Gujarat,India,Wholesale,2024-09-18
CUST03207,Aarav Kapoor,,55,Surat,Tamil Nadu,India,Retail,2024-07-26
CUST03208,Neha Singh,,24,Ahmedabad,Karnataka,India,Retail,2020-09-15
CUST03209,Aditya Gupta,,54,Chennai,Maharashtra,India,Corporate,2021-10-12
CUST03210,Arjun Agarwal,Male,59,Hyderabad,Telangana,India,Wholesale,2020-11-20
CUST03211,Neha Verma,FEMALE,19,Surat,Karnataka,India,Retail,2023-10-19
CUST03212,Aarav Desai,,21,Delhi,Delhi,India,Wholesale,2021-09-17
CUST03213,Vivaan Patel,FEMALE,71,Mumbai,Karnataka,India,Retail,2024-07-17
CUST03214,Sneha Joshi,Female,56,Hyderabad,Gujarat,India,Corporate,2022-10-19
CUST03215,Ananya Kapoor,FEMALE,68,Chennai,Maharashtra,India,Wholesale,2023-06-13
CUST03216,Yash Desai, male ,69,Chennai,Tamil Nadu,India,Wholesale,2025-09-03
CUST03217,Dhruvi Mehta, male ,54,Surat,Maharashtra,India,Wholesale,2022-10-18
CUST03218,Rohan Patel,,35,Bangalore,Delhi,India,Retail,2020-04-23
CUST03219,Aarav Desai, male ,72,Bangalore,Delhi,India,Corporate,2024-05-26
CUST03220,Aditya Desai,,24,Surat,Gujarat,India,Retail,2021-09-11
CUST03221,Yash Singh,Male,21,Pune,Delhi,India,Wholesale,2023-01-29
CUST03222,Rahul Singh,,74,Surat,Tamil Nadu,India,Wholesale,2020-12-04
CUST03223,Ananya Desai,FEMALE,30,Ahmedabad,Maharashtra,India,Retail,2021-10-22
CUST03224,Aarav Patel,,32,Delhi,Tamil Nadu,India,Retail,2021-11-24
CUST03225,Sneha Shah,FEMALE,46,Pune,Telangana,India,Wholesale,2024-03-21
CUST03226,Nidhi Singh,Female,28,Mumbai,Telangana,India,Wholesale,2020-10-24
CUST03227,Sneha Shah,Male,22,Mumbai,Telangana,India,Corporate,2021-08-27
CUST03228,Priya Agarwal, male ,22,Mumbai,Delhi,India,Wholesale,2020-07-12
CUST03229,Diya Agarwal,,52,Surat,Gujarat,India,Retail,2024-01-02
CUST03230,Kavya Joshi, male ,50,Hyderabad,Gujarat,India,Retail,2023-02-11
CUST03231,Dhruvi Singh,Male,38,Pune,Maharashtra,India,Retail,2021-05-12
CUST03232,Nidhi Singh,FEMALE,20,Chennai,Gujarat,India,Corporate,2023-06-04
CUST03233,Aditya Gupta,,55,Chennai,Maharashtra,India,Retail,2024-09-16
CUST03234,Meera Singh,,64,Chennai,Gujarat,India,Retail,2020-12-17
CUST03235,Ananya Agarwal,Female,22,Chennai,Karnataka,India,Corporate,2022-09-10
CUST03236,Vivaan Verma,FEMALE,46,Surat,Maharashtra,India,Corporate,2020-01-02
CUST03237,Ananya Patel,FEMALE,24,Pune,Karnataka,India,Wholesale,2021-03-15
CUST03238,Kavya Shah,,28,Chennai,Gujarat,India,Retail,2021-10-10
CUST03239,Rohan Shah,Male,19,Hyderabad,Maharashtra,India,Corporate,2021-01-31
CUST03240,Priya Patel,,71,Chennai,Karnataka,India,Corporate,2021-03-16
CUST03241,Ananya Kapoor,FEMALE,25,Ahmedabad,Delhi,India,Retail,2023-05-23
CUST03242,Dhruvi Patel,FEMALE,70,Hyderabad,Gujarat,India,Retail,2020-11-26
CUST03243,Dhruvi Patel,FEMALE,50,Delhi,Telangana,India,Wholesale,2024-04-20
CUST03244,Dhruvi Joshi,,65,Delhi,Maharashtra,India,Corporate,2022-09-03
CUST03245,Riya Mehta,FEMALE,69,Hyderabad,Telangana,India,Retail,2024-01-09
CUST03246,Aditya Gupta,FEMALE,29,Delhi,Maharashtra,India,Corporate,2020-07-04
CUST03247,Dhruvi Singh,Female,66,Surat,Karnataka,India,Retail,2020-11-09
CUST03248,Neha Desai,,26,Ahmedabad,Karnataka,India,Corporate,2020-08-06
CUST03249,Dhruvi Patel,,63,Pune,Karnataka,India,Corporate,2023-11-01
CUST03250,Rohan Kapoor,,38,Mumbai,Gujarat,India,Corporate,2023-04-08
CUST03251,Priya Kapoor,Female,70,Pune,Gujarat,India,Retail,2024-12-04
CUST03252,Ananya Gupta,FEMALE,23,Surat,Maharashtra,India,Retail,2024-02-02
CUST03253,Sneha Singh,Female,37,Surat,Gujarat,India,Retail,2023-02-09
CUST03254,Diya Kapoor,Female,71,Chennai,Delhi,India,Corporate,2020-05-27
CUST03255,Nidhi Verma,Male,42,Chennai,Karnataka,India,Wholesale,2023-10-23
CUST03256,Kavya Mehta,Male,66,Surat,Delhi,India,Retail,2022-06-14
CUST03257,Isha Verma, male ,57,Surat,Maharashtra,India,Wholesale,2020-07-31
CUST03258,Dhruvi Singh,Male,71,Mumbai,Maharashtra,India,Wholesale,2024-01-01
CUST03259,Sneha Shah,,28,Bangalore,Karnataka,India,Corporate,2024-01-03
CUST03260,Ananya Mehta,,58,Mumbai,Maharashtra,India,Corporate,2021-06-27
CUST03261,Rohan Patel,Female,57,Surat,Delhi,India,Wholesale,2023-01-22
CUST03262,Riya Singh, male ,25,Surat,Maharashtra,India,Retail,2021-11-05
CUST03263,Riya Singh,Female,43,Pune,Maharashtra,India,Wholesale,2021-08-04
CUST03264,Arjun Joshi, male ,60,Pune,Telangana,India,Wholesale,2022-07-13
CUST03265,Aarav Gupta,FEMALE,42,Hyderabad,Gujarat,India,Corporate,2023-05-11
CUST03266,Riya Joshi,Male,33,Pune,Maharashtra,India,Retail,2021-09-06
CUST03267,Nidhi Kapoor, male ,20,Mumbai,Tamil Nadu,India,Retail,2025-06-05
CUST03268,Vivaan Desai,Female,59,Ahmedabad,Karnataka,India,Retail,2021-11-01
CUST03269,Aarav Gupta, male ,64,Surat,Delhi,India,Retail,2025-06-30
CUST03270,Diya Singh,Female,27,Chennai,Maharashtra,India,Wholesale,2023-12-15
CUST03271,Rohan Agarwal,,64,Hyderabad,Karnataka,India,Wholesale,2025-10-05
CUST03272,Neha Singh,,59,Mumbai,Gujarat,India,Corporate,2023-04-11
CUST03273,Yash Mehta,,62,Pune,Delhi,India,Corporate,2023-01-13
CUST03274,Priya Verma,Female,23,Mumbai,Telangana,India,Wholesale,2023-08-24
CUST03275,Dhruvi Patel,,58,Surat,Telangana,India,Corporate,2023-09-15
CUST03276,Neha Patel, male ,69,Chennai,Karnataka,India,Wholesale,2020-11-15
CUST03277,Sneha Verma,,34,Surat,Tamil Nadu,India,Retail,2023-03-17
CUST03278,Priya Kapoor, male ,67,Hyderabad,Maharashtra,India,Corporate,2020-11-27
CUST03279,Neha Patel,,70,Chennai,Gujarat,India,Retail,2024-12-27
CUST03280,Dhruvi Verma,,58,Ahmedabad,Karnataka,India,Wholesale,2021-12-28
CUST03281,Kavya Patel,,53,Pune,Maharashtra,India,Retail,2023-08-19
CUST03282,Ananya Kapoor,Male,26,Delhi,Delhi,India,Retail,2024-01-07
CUST03283,Kavya Agarwal,Male,63,Hyderabad,Karnataka,India,Retail,2025-05-19
CUST03284,Sneha Kapoor, male ,42,Delhi,Karnataka,India,Corporate,2021-08-07
CUST03285,Aarav Shah,,72,Ahmedabad,Delhi,India,Wholesale,2021-10-26
CUST03286,Aditya Joshi,Female,26,Ahmedabad,Karnataka,India,Retail,2022-04-20
CUST03287,Arjun Joshi,Male,21,Surat,Maharashtra,India,Corporate,2020-09-16
CUST03288,Meera Desai, male ,19,Hyderabad,Gujarat,India,Corporate,2025-11-10
CUST03289,Priya Shah,,20,Mumbai,Maharashtra,India,Wholesale,2022-07-28
CUST03290,Sneha Singh,,31,Chennai,Maharashtra,India,Wholesale,2020-01-19
CUST03291,Aarav Singh,,45,Bangalore,Gujarat,India,Corporate,2023-12-25
CUST03292,Rahul Patel,Female,24,Pune,Maharashtra,India,Corporate,2023-10-20
CUST03293,Arjun Patel,FEMALE,37,Pune,Telangana,India,Wholesale,2024-04-29
CUST03294,Riya Verma, male ,50,Mumbai,Telangana,India,Retail,2024-08-05
CUST03295,Aarav Mehta,,64,Pune,Maharashtra,India,Wholesale,2023-08-15
CUST03296,Isha Singh,FEMALE,20,Ahmedabad,Telangana,India,Retail,2020-10-30
CUST03297,Priya Kapoor, male ,72,Mumbai,Telangana,India,Corporate,2025-03-14
CUST03298,Vivaan Shah,Female,37,Hyderabad,Delhi,India,Retail,2020-11-11
CUST03299,Meera Singh,Male,59,Delhi,Gujarat,India,Corporate,2021-04-02
CUST03300,Nidhi Kapoor,FEMALE,46,Pune,Telangana,India,Corporate,2023-02-01
CUST03301,Dhruvi Agarwal,FEMALE,59,Bangalore,Delhi,India,Corporate,2025-05-29
CUST03302,Yash Singh,FEMALE,52,Hyderabad,Karnataka,India,Corporate,2022-09-23
CUST03303,Vivaan Patel,Male,68,Delhi,Telangana,India,Corporate,2022-09-30
CUST03304,Kavya Joshi,Male,23,Pune,Delhi,India,Corporate,2021-03-13
CUST03305,Riya Verma,Male,48,Delhi,Delhi,India,Retail,2025-03-28
CUST03306,Isha Joshi,,26,Surat,Maharashtra,India,Corporate,2025-05-02
CUST03307,Rohan Kapoor,,73,Mumbai,Telangana,India,Corporate,2022-10-05
CUST03308,Sneha Shah,Female,33,Ahmedabad,Gujarat,India,Wholesale,2023-10-31
CUST03309,Sneha Joshi,,42,Surat,Maharashtra,India,Wholesale,2024-06-10
CUST03310,Arjun Joshi,Male,28,Pune,Maharashtra,India,Corporate,2020-08-18
CUST03311,Priya Singh, male ,62,Hyderabad,Tamil Nadu,India,Wholesale,2024-05-13
CUST03312,Priya Singh,,68,Ahmedabad,Karnataka,India,Wholesale,2020-03-10
CUST03313,Yash Joshi,Female,43,Delhi,Tamil Nadu,India,Wholesale,2024-12-28
CUST03314,Ananya Singh,,20,Surat,Karnataka,India,Corporate,2024-11-18
CUST03315,Dhruvi Patel,,49,Ahmedabad,Tamil Nadu,India,Wholesale,2020-08-16
CUST03316,Rahul Singh,FEMALE,71,Hyderabad,Karnataka,India,Retail,2023-11-29
CUST03317,Rahul Joshi,Female,73,Surat,Tamil Nadu,India,Corporate,2025-02-11
CUST03318,Sneha Desai,Female,33,Surat,Telangana,India,Retail,2023-02-05
CUST03319,Diya Singh,Female,18,Ahmedabad,Gujarat,India,Retail,2020-11-10
CUST03320,Vivaan Verma,,30,Ahmedabad,Telangana,India,Corporate,2021-06-02
CUST03321,Aditya Mehta,FEMALE,30,Bangalore,Karnataka,India,Retail,2021-08-10
CUST03322,Riya Desai,FEMALE,66,Surat,Telangana,India,Corporate,2025-12-11
CUST03323,Riya Verma,,43,Chennai,Karnataka,India,Wholesale,2022-11-03
CUST03324,Rahul Singh,Female,27,Mumbai,Tamil Nadu,India,Retail,2025-06-13
CUST03325,Meera Shah,FEMALE,20,Mumbai,Tamil Nadu,India,Wholesale,2021-05-10
CUST03326,Yash Shah,,30,Pune,Karnataka,India,Retail,2022-10-30
CUST03327,Sneha Agarwal,FEMALE,23,Delhi,Delhi,India,Corporate,2020-06-27
CUST03328,Nidhi Gupta,Female,52,Delhi,Maharashtra,India,Retail,2021-04-05
CUST03329,Riya Kapoor,,64,Hyderabad,Gujarat,India,Retail,2020-12-11
CUST03330,Sneha Kapoor,,43,Pune,Tamil Nadu,India,Retail,2023-02-22
CUST03331,Isha Shah,,65,Bangalore,Delhi,India,Retail,2023-08-09
CUST03332,Rahul Verma,,39,Ahmedabad,Telangana,India,Retail,2022-03-09
CUST03333,Riya Shah,,37,Surat,Tamil Nadu,India,Retail,2022-05-29
CUST03334,Yash Mehta,,70,Delhi,Delhi,India,Wholesale,2023-09-15
CUST03335,Kavya Gupta, male ,30,Surat,Telangana,India,Wholesale,2021-12-06
CUST03336,Aarav Agarwal,FEMALE,18,Pune,Tamil Nadu,India,Wholesale,2023-04-01
CUST03337,Rohan Joshi,,30,Pune,Maharashtra,India,Corporate,2022-06-11
CUST03338,Vivaan Mehta,FEMALE,20,Hyderabad,Gujarat,India,Retail,2021-06-11
CUST03339,Neha Patel,Male,34,Surat,Telangana,India,Retail,2025-08-02
CUST03340,Arjun Agarwal,,18,Surat,Gujarat,India,Corporate,2022-09-17
CUST03341,Yash Agarwal,FEMALE,73,Surat,Tamil Nadu,India,Wholesale,2021-12-20
CUST03342,Riya Agarwal,,35,Mumbai,Tamil Nadu,India,Retail,2025-11-22
CUST03343,Diya Joshi,,41,Surat,Maharashtra,India,Retail,2023-01-22
CUST03344,Vivaan Desai,,59,Surat,Gujarat,India,Wholesale,2025-08-02
CUST03345,Isha Kapoor,,32,Ahmedabad,Maharashtra,India,Wholesale,2022-08-06
CUST03346,Kavya Gupta,,58,Ahmedabad,Tamil Nadu,India,Wholesale,2020-03-16
CUST03347,Aarav Desai,,65,Mumbai,Telangana,India,Corporate,2022-08-27
CUST03348,Aditya Desai,Male,37,Chennai,Maharashtra,India,Retail,2021-02-24
CUST03349,Kavya Gupta,FEMALE,71,Bangalore,Maharashtra,India,Corporate,2025-02-12
CUST03350,Aarav Shah,FEMALE,59,Chennai,Karnataka,India,Retail,2023-12-30
CUST03351,Rohan Patel,,21,Hyderabad,Telangana,India,Retail,2023-10-17
CUST03352,Priya Joshi, male ,34,Delhi,Karnataka,India,Wholesale,2021-12-09
CUST03353,Priya Patel,FEMALE,73,Mumbai,Maharashtra,India,Corporate,2022-06-02
CUST03354,Diya Verma, male ,20,Hyderabad,Telangana,India,Corporate,2023-02-10
CUST03355,Dhruvi Desai,Female,25,Chennai,Tamil Nadu,India,Wholesale,2020-03-31
CUST03356,Priya Gupta,,55,Ahmedabad,Gujarat,India,Corporate,2020-03-31
CUST03357,Diya Joshi,FEMALE,62,Chennai,Karnataka,India,Retail,2023-01-22
CUST03358,Aditya Agarwal,,70,Hyderabad,Gujarat,India,Corporate,2020-03-03
CUST03359,Isha Gupta, male ,34,Pune,Telangana,India,Wholesale,2020-03-31
CUST03360,Aditya Agarwal,FEMALE,71,Delhi,Tamil Nadu,India,Retail,2020-05-01
CUST03361,Sneha Joshi,,58,Ahmedabad,Gujarat,India,Wholesale,2025-11-03
CUST03362,Aarav Shah,,20,Bangalore,Maharashtra,India,Retail,2021-08-22
CUST03363,Sneha Verma,FEMALE,33,Mumbai,Telangana,India,Wholesale,2021-08-09
CUST03364,Ananya Verma,Female,68,Hyderabad,Tamil Nadu,India,Corporate,2023-08-13
CUST03365,Ananya Singh,FEMALE,63,Delhi,Telangana,India,Wholesale,2020-06-19
CUST03366,Sneha Desai,,32,Bangalore,Karnataka,India,Corporate,2022-03-10
CUST03367,Yash Patel,Female,50,Delhi,Tamil Nadu,India,Retail,2024-05-11
CUST03368,Ananya Patel,Female,36,Chennai,Tamil Nadu,India,Wholesale,2022-04-24
CUST03369,Aarav Mehta,,32,Chennai,Gujarat,India,Wholesale,2020-06-15
CUST03370,Aarav Mehta,,61,Ahmedabad,Maharashtra,India,Corporate,2022-10-01
CUST03371,Nidhi Mehta,Female,46,Surat,Gujarat,India,Corporate,2023-10-18
CUST03372,Ananya Mehta, male ,62,Mumbai,Karnataka,India,Wholesale,2024-05-19
CUST03373,Aditya Desai,,49,Ahmedabad,Delhi,India,Wholesale,2020-05-22
CUST03374,Ananya Desai, male ,67,Surat,Maharashtra,India,Retail,2023-12-11
CUST03375,Rohan Kapoor,Female,59,Ahmedabad,Maharashtra,India,Corporate,2024-03-13
CUST03376,Aditya Shah,Male,74,Bangalore,Telangana,India,Wholesale,2022-04-16
CUST03377,Neha Desai,Female,71,Chennai,Gujarat,India,Wholesale,2020-03-30
CUST03378,Meera Shah,Male,58,Bangalore,Karnataka,India,Retail,2023-08-31
CUST03379,Diya Agarwal,FEMALE,65,Ahmedabad,Maharashtra,India,Corporate,2020-05-04
CUST03380,Priya Verma,,69,Chennai,Delhi,India,Wholesale,2025-07-05
CUST03381,Isha Desai,Male,70,Ahmedabad,Telangana,India,Corporate,2024-10-24
CUST03382,Sneha Mehta, male ,45,Bangalore,Delhi,India,Corporate,2021-07-06
CUST03383,Yash Verma, male ,48,Hyderabad,Maharashtra,India,Wholesale,2022-05-17
CUST03384,Nidhi Gupta,Female,31,Ahmedabad,Maharashtra,India,Wholesale,2021-12-31
CUST03385,Riya Singh,Male,18,Pune,Delhi,India,Corporate,2021-10-03
CUST03386,Isha Gupta,Female,44,Hyderabad,Karnataka,India,Corporate,2020-09-10
CUST03387,Rahul Joshi,Female,27,Delhi,Delhi,India,Retail,2021-06-13
CUST03388,Vivaan Singh,Female,33,Bangalore,Maharashtra,India,Corporate,2025-03-07
CUST03389,Diya Agarwal,Female,66,Hyderabad,Tamil Nadu,India,Wholesale,2025-06-16
CUST03390,Isha Shah, male ,67,Ahmedabad,Gujarat,India,Wholesale,2024-07-15
CUST03391,Arjun Singh,FEMALE,32,Surat,Gujarat,India,Corporate,2021-10-17
CUST03392,Neha Singh,,28,Surat,Karnataka,India,Retail,2022-05-12
CUST03393,Aarav Mehta, male ,48,Ahmedabad,Gujarat,India,Wholesale,2025-07-06
CUST03394,Yash Mehta,,64,Bangalore,Tamil Nadu,India,Corporate,2024-12-03
CUST03395,Neha Joshi,,66,Mumbai,Tamil Nadu,India,Retail,2021-09-10
CUST03396,Aditya Verma, male ,35,Mumbai,Tamil Nadu,India,Corporate,2024-12-09
CUST03397,Yash Joshi, male ,31,Delhi,Gujarat,India,Wholesale,2024-07-07
CUST03398,Sneha Patel,,29,Chennai,Karnataka,India,Retail,2024-05-12
CUST03399,Rohan Desai,Female,29,Pune,Karnataka,India,Retail,2024-04-11
CUST03400,Riya Kapoor,Female,38,Ahmedabad,Delhi,India,Wholesale,2021-12-18
CUST03401,Riya Patel,,71,Delhi,Tamil Nadu,India,Wholesale,2022-11-26
CUST03402,Dhruvi Verma,FEMALE,40,Surat,Gujarat,India,Retail,2020-12-18
CUST03403,Aditya Joshi, male ,42,Surat,Maharashtra,India,Wholesale,2023-04-06
CUST03404,Diya Singh,Male,57,Delhi,Maharashtra,India,Corporate,2024-08-12
CUST03405,Kavya Gupta,Female,53,Bangalore,Gujarat,India,Retail,2021-05-02
CUST03406,Aditya Singh,Male,38,Mumbai,Telangana,India,Corporate,2024-05-23
CUST03407,Aditya Joshi, male ,40,Chennai,Telangana,India,Wholesale,2025-09-26
CUST03408,Ananya Mehta,Male,35,Ahmedabad,Telangana,India,Wholesale,2024-12-18
CUST03409,Diya Shah,Female,34,Mumbai,Maharashtra,India,Retail,2020-08-11
CUST03410,Priya Patel, male ,31,Mumbai,Gujarat,India,Corporate,2020-01-31
CUST03411,Yash Gupta,Female,46,Pune,Delhi,India,Retail,2024-08-30
CUST03412,Isha Shah, male ,30,Delhi,Tamil Nadu,India,Corporate,2025-02-13
CUST03413,Kavya Gupta, male ,43,Mumbai,Maharashtra,India,Corporate,2023-07-31
CUST03414,Dhruvi Patel,FEMALE,46,Bangalore,Tamil Nadu,India,Retail,2025-06-08
CUST03415,Meera Joshi, male ,58,Chennai,Telangana,India,Retail,2020-08-03
CUST03416,Isha Desai,FEMALE,74,Delhi,Delhi,India,Corporate,2025-02-06
CUST03417,Priya Agarwal, male ,65,Ahmedabad,Gujarat,India,Corporate,2024-05-05
CUST03418,Diya Joshi,Female,25,Mumbai,Maharashtra,India,Corporate,2024-10-18
CUST03419,Isha Verma,,59,Mumbai,Telangana,India,Corporate,2020-06-12
CUST03420,Nidhi Kapoor, male ,66,Bangalore,Delhi,India,Wholesale,2020-06-14
CUST03421,Kavya Desai,FEMALE,18,Mumbai,Telangana,India,Retail,2022-08-21
CUST03422,Priya Verma,Female,32,Bangalore,Delhi,India,Corporate,2021-07-16
CUST03423,Diya Agarwal, male ,66,Surat,Telangana,India,Corporate,2023-10-16
CUST03424,Priya Joshi,,63,Surat,Delhi,India,Wholesale,2023-06-25
CUST03425,Rohan Gupta, male ,57,Hyderabad,Tamil Nadu,India,Retail,2025-02-07
CUST03426,Aditya Singh,,43,Delhi,Delhi,India,Corporate,2021-02-07
CUST03427,Meera Kapoor,Female,64,Ahmedabad,Karnataka,India,Wholesale,2024-06-02
CUST03428,Kavya Patel, male ,51,Ahmedabad,Maharashtra,India,Corporate,2022-12-11
CUST03429,Kavya Verma,,44,Pune,Telangana,India,Wholesale,2025-07-25
CUST03430,Kavya Verma,Male,22,Pune,Telangana,India,Wholesale,2020-03-26
CUST03431,Arjun Kapoor, male ,20,Mumbai,Telangana,India,Corporate,2025-10-25
CUST03432,Vivaan Patel, male ,63,Ahmedabad,Karnataka,India,Wholesale,2024-12-11
CUST03433,Isha Gupta,,32,Pune,Maharashtra,India,Retail,2021-08-03
CUST03434,Arjun Gupta,,24,Mumbai,Gujarat,India,Wholesale,2020-01-27
CUST03435,Priya Joshi,Female,42,Chennai,Gujarat,India,Corporate,2025-03-21
CUST03436,Arjun Verma,,58,Ahmedabad,Karnataka,India,Retail,2023-07-20
CUST03437,Yash Gupta,,57,Mumbai,Maharashtra,India,Wholesale,2022-01-25
CUST03438,Nidhi Verma,Male,33,Mumbai,Tamil Nadu,India,Retail,2021-11-11
CUST03439,Meera Singh,Male,31,Mumbai,Telangana,India,Corporate,2023-06-03
CUST03440,Riya Shah,,52,Chennai,Gujarat,India,Retail,2020-02-27
CUST03441,Nidhi Kapoor,,55,Surat,Tamil Nadu,India,Retail,2024-04-17
CUST03442,Diya Shah,,73,Surat,Maharashtra,India,Corporate,2022-06-14
CUST03443,Rohan Kapoor,Female,52,Ahmedabad,Delhi,India,Corporate,2025-07-04
CUST03444,Dhruvi Verma,Female,22,Chennai,Telangana,India,Retail,2021-02-14
CUST03445,Nidhi Patel,,29,Chennai,Tamil Nadu,India,Wholesale,2025-08-16
CUST03446,Nidhi Gupta,,45,Surat,Karnataka,India,Wholesale,2025-01-31
CUST03447,Neha Desai,Female,46,Ahmedabad,Maharashtra,India,Retail,2023-09-11
CUST03448,Diya Gupta,Male,37,Ahmedabad,Karnataka,India,Corporate,2022-07-21
CUST03449,Priya Agarwal,,41,Bangalore,Delhi,India,Retail,2020-12-30
CUST03450,Dhruvi Joshi,,62,Surat,Gujarat,India,Retail,2024-04-26
CUST03451,Kavya Mehta,,68,Pune,Delhi,India,Retail,2024-11-19
CUST03452,Diya Kapoor,FEMALE,69,Delhi,Tamil Nadu,India,Wholesale,2023-12-18
CUST03453,Riya Desai,,33,Chennai,Telangana,India,Wholesale,2024-10-23
CUST03454,Priya Joshi,Male,52,Ahmedabad,Maharashtra,India,Wholesale,2022-10-08
CUST03455,Rohan Singh,,69,Pune,Telangana,India,Wholesale,2023-02-04
CUST03456,Neha Desai, male ,19,Surat,Maharashtra,India,Corporate,2021-06-17
CUST03457,Priya Mehta,Male,69,Pune,Karnataka,India,Wholesale,2020-08-13
CUST03458,Sneha Patel,Female,41,Bangalore,Delhi,India,Corporate,2022-04-27
CUST03459,Dhruvi Agarwal,,37,Delhi,Delhi,India,Wholesale,2022-07-03
CUST03460,Aditya Desai,Male,22,Delhi,Delhi,India,Corporate,2023-03-21
CUST03461,Meera Kapoor, male ,20,Mumbai,Delhi,India,Retail,2020-08-15
CUST03462,Yash Kapoor,,51,Pune,Karnataka,India,Retail,2020-11-16
CUST03463,Priya Joshi,,44,Pune,Maharashtra,India,Corporate,2025-11-07
CUST03464,Ananya Verma,Female,68,Hyderabad,Karnataka,India,Corporate,2023-03-21
CUST03465,Yash Patel,,50,Bangalore,Karnataka,India,Retail,2024-06-02
CUST03466,Isha Verma, male ,68,Ahmedabad,Maharashtra,India,Wholesale,2021-02-13
CUST03467,Dhruvi Agarwal,Female,54,Surat,Delhi,India,Wholesale,2023-05-20
CUST03468,Neha Patel, male ,19,Chennai,Delhi,India,Retail,2024-02-24
CUST03469,Rahul Desai, male ,25,Bangalore,Delhi,India,Corporate,2024-11-29
CUST03470,Arjun Shah,FEMALE,57,Mumbai,Delhi,India,Wholesale,2024-06-01
CUST03471,Arjun Kapoor,Male,50,Bangalore,Delhi,India,Corporate,2023-01-13
CUST03472,Ananya Shah, male ,33,Delhi,Telangana,India,Wholesale,2024-10-29
CUST03473,Rohan Joshi,Male,41,Delhi,Telangana,India,Wholesale,2021-10-28
CUST03474,Nidhi Gupta,,58,Chennai,Maharashtra,India,Wholesale,2020-01-17
CUST03475,Sneha Agarwal, male ,68,Bangalore,Maharashtra,India,Retail,2020-12-07
CUST03476,Kavya Kapoor, male ,40,Surat,Delhi,India,Wholesale,2023-09-20
CUST03477,Dhruvi Agarwal,,19,Mumbai,Maharashtra,India,Wholesale,2022-10-18
CUST03478,Kavya Verma,Male,44,Bangalore,Maharashtra,India,Corporate,2025-05-15
CUST03479,Aarav Agarwal,Male,67,Delhi,Maharashtra,India,Corporate,2024-02-05
CUST03480,Dhruvi Mehta,Male,62,Hyderabad,Tamil Nadu,India,Wholesale,2021-06-26
CUST03481,Rahul Patel, male ,54,Ahmedabad,Tamil Nadu,India,Retail,2022-07-23
CUST03482,Diya Mehta,,72,Chennai,Gujarat,India,Wholesale,2022-04-08
CUST03483,Aarav Verma,Female,57,Delhi,Karnataka,India,Retail,2023-01-24
CUST03484,Aarav Agarwal,,26,Mumbai,Gujarat,India,Corporate,2021-11-13
CUST03485,Priya Verma,FEMALE,19,Surat,Tamil Nadu,India,Wholesale,2020-07-15
CUST03486,Aditya Mehta,FEMALE,38,Ahmedabad,Delhi,India,Corporate,2024-01-21
CUST03487,Aditya Gupta,FEMALE,60,Ahmedabad,Gujarat,India,Wholesale,2020-02-12
CUST03488,Priya Desai, male ,19,Bangalore,Karnataka,India,Wholesale,2020-03-05
CUST03489,Riya Verma,,62,Ahmedabad,Tamil Nadu,India,Corporate,2021-10-28
CUST03490,Aarav Agarwal, male ,48,Bangalore,Delhi,India,Corporate,2024-06-06
CUST03491,Sneha Kapoor,,27,Pune,Karnataka,India,Wholesale,2024-07-11
CUST03492,Dhruvi Desai,FEMALE,40,Ahmedabad,Delhi,India,Corporate,2024-03-20
CUST03493,Meera Patel, male ,70,Delhi,Gujarat,India,Retail,2020-11-14
CUST03494,Riya Joshi,Male,62,Ahmedabad,Karnataka,India,Retail,2024-11-09
CUST03495,Kavya Patel,,49,Bangalore,Delhi,India,Corporate,2024-01-26
CUST03496,Neha Singh,,65,Chennai,Maharashtra,India,Corporate,2022-04-22
CUST03497,Vivaan Agarwal,Female,48,Delhi,Karnataka,India,Wholesale,2024-07-14
CUST03498,Nidhi Shah,,63,Mumbai,Delhi,India,Corporate,2025-11-07
CUST03499,Riya Agarwal,Male,58,Delhi,Maharashtra,India,Wholesale,2024-11-27
CUST03500,Arjun Singh,FEMALE,62,Mumbai,Gujarat,India,Wholesale,2023-05-26
CUST03501,Rahul Mehta,Female,56,Bangalore,Gujarat,India,Wholesale,2023-04-17
CUST03502,Ananya Mehta, male ,54,Pune,Maharashtra,India,Corporate,2021-12-16
CUST03503,Diya Shah,Female,49,Pune,Gujarat,India,Corporate,2022-12-03
CUST03504,Dhruvi Joshi,FEMALE,60,Delhi,Gujarat,India,Corporate,2023-10-29
CUST03505,Dhruvi Joshi,FEMALE,70,Chennai,Gujarat,India,Retail,2021-10-22
CUST03506,Aditya Verma,,44,Ahmedabad,Delhi,India,Corporate,2023-05-04
CUST03507,Kavya Desai,,60,Bangalore,Delhi,India,Wholesale,2022-10-08
CUST03508,Meera Agarwal,Male,55,Mumbai,Delhi,India,Retail,2023-12-24
CUST03509,Neha Singh,,37,Surat,Telangana,India,Corporate,2025-10-08
CUST03510,Diya Singh,Male,41,Ahmedabad,Gujarat,India,Retail,2025-12-26
CUST03511,Isha Shah,Female,23,Pune,Telangana,India,Wholesale,2021-03-01
CUST03512,Priya Agarwal,,52,Chennai,Tamil Nadu,India,Retail,2023-02-17
CUST03513,Neha Joshi,,37,Bangalore,Tamil Nadu,India,Retail,2022-10-01
CUST03514,Diya Shah,Male,72,Hyderabad,Maharashtra,India,Corporate,2023-04-20
CUST03515,Dhruvi Patel,,30,Bangalore,Maharashtra,India,Retail,2020-04-24
CUST03516,Aarav Desai,,20,Surat,Maharashtra,India,Corporate,2021-08-04
CUST03517,Diya Gupta,,38,Chennai,Maharashtra,India,Wholesale,2020-10-19
CUST03518,Riya Shah,Male,39,Mumbai,Delhi,India,Retail,2024-02-04
CUST03519,Aarav Mehta,,72,Surat,Karnataka,India,Wholesale,2020-09-10
CUST03520,Vivaan Mehta,Male,18,Pune,Delhi,India,Retail,2025-02-03
CUST03521,Riya Shah,,29,Hyderabad,Karnataka,India,Wholesale,2021-11-26
CUST03522,Diya Gupta,Male,48,Bangalore,Maharashtra,India,Corporate,2022-11-13
CUST03523,Arjun Gupta, male ,48,Delhi,Karnataka,India,Corporate,2021-04-18
CUST03524,Priya Joshi,,49,Mumbai,Maharashtra,India,Wholesale,2020-06-16
CUST03525,Nidhi Joshi,,20,Ahmedabad,Gujarat,India,Corporate,2025-12-03
CUST03526,Arjun Singh,,21,Bangalore,Tamil Nadu,India,Wholesale,2021-07-04
CUST03527,Rahul Shah,,39,Mumbai,Tamil Nadu,India,Wholesale,2021-05-02
CUST03528,Nidhi Patel, male ,54,Bangalore,Karnataka,India,Retail,2025-02-07
CUST03529,Neha Singh,,21,Bangalore,Delhi,India,Corporate,2020-01-13
CUST03530,Nidhi Singh,,67,Mumbai,Karnataka,India,Corporate,2022-11-18
CUST03531,Arjun Gupta, male ,41,Chennai,Telangana,India,Corporate,2023-09-23
CUST03532,Sneha Agarwal,Female,21,Chennai,Delhi,India,Retail,2023-03-29
CUST03533,Vivaan Singh,,36,Surat,Gujarat,India,Wholesale,2023-10-08
CUST03534,Vivaan Shah,,21,Chennai,Telangana,India,Corporate,2020-06-14
CUST03535,Sneha Desai,Male,73,Mumbai,Tamil Nadu,India,Retail,2021-01-25
CUST03536,Ananya Shah,FEMALE,41,Mumbai,Maharashtra,India,Corporate,2023-10-11
CUST03537,Riya Joshi, male ,48,Chennai,Delhi,India,Retail,2022-09-14
CUST03538,Meera Shah,,31,Surat,Karnataka,India,Retail,2025-07-27
CUST03539,Rohan Patel, male ,48,Delhi,Delhi,India,Retail,2023-10-12
CUST03540,Vivaan Patel,,52,Pune,Tamil Nadu,India,Corporate,2022-12-02
CUST03541,Neha Desai,Female,33,Bangalore,Gujarat,India,Corporate,2021-11-16
CUST03542,Yash Kapoor, male ,35,Pune,Telangana,India,Corporate,2020-01-04
CUST03543,Aditya Patel,Female,69,Surat,Delhi,India,Wholesale,2025-12-27
CUST03544,Arjun Desai,Female,71,Mumbai,Maharashtra,India,Wholesale,2023-05-13
CUST03545,Vivaan Patel,Male,56,Ahmedabad,Gujarat,India,Retail,2022-11-29
CUST03546,Dhruvi Agarwal, male ,53,Surat,Karnataka,India,Retail,2024-11-12
CUST03547,Yash Verma,,18,Hyderabad,Telangana,India,Wholesale,2021-06-04
CUST03548,Ananya Gupta,FEMALE,68,Bangalore,Telangana,India,Wholesale,2022-11-07
CUST03549,Meera Shah,,53,Chennai,Telangana,India,Wholesale,2023-12-08
CUST03550,Neha Verma,Female,20,Mumbai,Karnataka,India,Corporate,2023-09-07
CUST03551,Neha Verma,Male,29,Hyderabad,Karnataka,India,Wholesale,2024-12-15
CUST03552,Aditya Shah, male ,30,Bangalore,Delhi,India,Wholesale,2025-06-03
CUST03553,Sneha Mehta,,67,Delhi,Karnataka,India,Retail,2022-02-15
CUST03554,Sneha Verma,FEMALE,33,Bangalore,Tamil Nadu,India,Corporate,2022-02-09
CUST03555,Nidhi Desai,Female,30,Hyderabad,Delhi,India,Wholesale,2021-08-30
CUST03556,Nidhi Verma,,57,Delhi,Telangana,India,Retail,2020-10-14
CUST03557,Isha Gupta, male ,26,Pune,Maharashtra,India,Wholesale,2021-08-06
CUST03558,Aditya Shah, male ,56,Mumbai,Telangana,India,Retail,2021-04-17
CUST03559,Rahul Agarwal, male ,73,Surat,Telangana,India,Corporate,2023-06-14
CUST03560,Priya Kapoor,Male,32,Hyderabad,Maharashtra,India,Corporate,2020-04-30
CUST03561,Neha Gupta,Female,34,Pune,Delhi,India,Retail,2026-01-03
CUST03562,Rohan Desai,,33,Mumbai,Telangana,India,Corporate,2023-02-10
CUST03563,Sneha Patel,,25,Mumbai,Maharashtra,India,Wholesale,2020-05-29
CUST03564,Vivaan Patel,FEMALE,21,Pune,Tamil Nadu,India,Retail,2021-06-27
CUST03565,Nidhi Agarwal,,57,Chennai,Telangana,India,Wholesale,2022-01-23
CUST03566,Arjun Patel,Male,64,Hyderabad,Maharashtra,India,Wholesale,2024-02-17
CUST03567,Aditya Singh,Male,49,Ahmedabad,Tamil Nadu,India,Corporate,2022-11-10
CUST03568,Ananya Agarwal,FEMALE,65,Bangalore,Maharashtra,India,Wholesale,2022-05-07
CUST03569,Priya Shah,Female,40,Mumbai,Tamil Nadu,India,Retail,2025-12-09
CUST03570,Arjun Verma,Male,60,Chennai,Tamil Nadu,India,Wholesale,2024-03-09
CUST03571,Aditya Verma,Male,22,Mumbai,Maharashtra,India,Corporate,2022-07-05
CUST03572,Yash Mehta,FEMALE,64,Bangalore,Gujarat,India,Retail,2021-03-27
CUST03573,Isha Mehta, male ,39,Bangalore,Delhi,India,Retail,2021-07-11
CUST03574,Rohan Verma, male ,51,Bangalore,Delhi,India,Wholesale,2022-09-26
CUST03575,Meera Joshi,,74,Delhi,Delhi,India,Wholesale,2020-10-02
CUST03576,Isha Mehta,FEMALE,34,Pune,Tamil Nadu,India,Corporate,2020-10-22
CUST03577,Neha Verma, male ,65,Surat,Tamil Nadu,India,Retail,2025-03-18
CUST03578,Sneha Agarwal, male ,28,Chennai,Karnataka,India,Retail,2025-03-13
CUST03579,Ananya Mehta,,27,Chennai,Gujarat,India,Corporate,2021-11-05
CUST03580,Diya Gupta, male ,55,Bangalore,Gujarat,India,Wholesale,2020-01-04
CUST03581,Rahul Agarwal,Male,45,Mumbai,Maharashtra,India,Wholesale,2021-06-18
CUST03582,Diya Kapoor,,23,Bangalore,Maharashtra,India,Retail,2021-05-06
CUST03583,Sneha Agarwal,Female,37,Surat,Telangana,India,Retail,2020-08-15
CUST03584,Diya Desai,FEMALE,51,Delhi,Telangana,India,Corporate,2025-11-24
CUST03585,Rohan Singh,Female,44,Mumbai,Maharashtra,India,Wholesale,2025-04-14
CUST03586,Aarav Verma,Male,46,Bangalore,Karnataka,India,Corporate,2020-04-28
CUST03587,Diya Desai, male ,19,Surat,Telangana,India,Corporate,2025-10-25
CUST03588,Vivaan Shah,,65,Surat,Tamil Nadu,India,Retail,2021-05-14
CUST03589,Rahul Gupta,Female,47,Hyderabad,Maharashtra,India,Wholesale,2020-11-19
CUST03590,Meera Kapoor,Female,67,Chennai,Karnataka,India,Corporate,2021-06-30
CUST03591,Nidhi Gupta,Male,38,Chennai,Telangana,India,Retail,2021-11-29
CUST03592,Rohan Singh, male ,57,Ahmedabad,Maharashtra,India,Wholesale,2021-04-25
CUST03593,Rahul Desai,Female,69,Ahmedabad,Delhi,India,Wholesale,2022-03-04
CUST03594,Aditya Desai,Female,50,Bangalore,Telangana,India,Retail,2021-04-25
CUST03595,Rohan Kapoor,Female,70,Mumbai,Gujarat,India,Retail,2025-09-20
CUST03596,Vivaan Joshi,Male,29,Hyderabad,Tamil Nadu,India,Retail,2021-02-23
CUST03597,Diya Gupta,FEMALE,57,Chennai,Telangana,India,Retail,2020-09-04
CUST03598,Dhruvi Kapoor, male ,20,Ahmedabad,Tamil Nadu,India,Retail,2024-07-27
CUST03599,Kavya Desai,,49,Bangalore,Delhi,India,Retail,2020-02-10
CUST03600,Neha Shah,Male,36,Bangalore,Maharashtra,India,Corporate,2021-01-08
CUST03601,Aditya Kapoor,Male,42,Surat,Gujarat,India,Corporate,2023-02-21
CUST03602,Rahul Shah,Female,42,Chennai,Telangana,India,Retail,2022-12-08
CUST03603,Meera Desai, male ,35,Mumbai,Gujarat,India,Corporate,2023-04-16
CUST03604,Arjun Gupta,,29,Mumbai,Karnataka,India,Wholesale,2023-12-07
CUST03605,Dhruvi Patel, male ,61,Ahmedabad,Maharashtra,India,Corporate,2023-02-11
CUST03606,Priya Patel,Male,56,Surat,Tamil Nadu,India,Corporate,2020-05-27
CUST03607,Nidhi Desai,,61,Mumbai,Telangana,India,Wholesale,2024-01-23
CUST03608,Riya Patel,,49,Chennai,Maharashtra,India,Wholesale,2025-09-07
CUST03609,Aarav Joshi,Male,22,Surat,Gujarat,India,Wholesale,2022-05-05
CUST03610,Neha Joshi, male ,68,Surat,Gujarat,India,Corporate,2024-12-02
CUST03611,Meera Patel,Male,71,Chennai,Telangana,India,Corporate,2024-12-28
CUST03612,Priya Verma,,25,Hyderabad,Delhi,India,Corporate,2024-02-28
CUST03613,Riya Verma,FEMALE,49,Hyderabad,Karnataka,India,Corporate,2020-04-11
CUST03614,Rohan Patel,Female,49,Bangalore,Gujarat,India,Corporate,2024-12-21
CUST03615,Neha Patel, male ,52,Bangalore,Gujarat,India,Wholesale,2021-06-14
CUST03616,Priya Patel,Male,29,Pune,Delhi,India,Corporate,2021-07-10
CUST03617,Isha Kapoor, male ,57,Chennai,Tamil Nadu,India,Retail,2020-02-11
CUST03618,Rahul Mehta,Male,61,Hyderabad,Delhi,India,Corporate,2022-05-11
CUST03619,Neha Kapoor,,68,Hyderabad,Gujarat,India,Wholesale,2023-04-07
CUST03620,Priya Patel,Female,34,Bangalore,Gujarat,India,Corporate,2025-02-16
CUST03621,Aditya Desai, male ,52,Surat,Karnataka,India,Retail,2024-05-12
CUST03622,Rohan Gupta, male ,32,Pune,Delhi,India,Retail,2025-08-01
CUST03623,Aditya Desai, male ,48,Hyderabad,Karnataka,India,Corporate,2023-06-07
CUST03624,Neha Joshi, male ,27,Mumbai,Tamil Nadu,India,Wholesale,2022-03-17
CUST03625,Nidhi Gupta,,34,Hyderabad,Karnataka,India,Corporate,2020-06-01
CUST03626,Dhruvi Patel,Male,38,Ahmedabad,Karnataka,India,Retail,2022-09-22
CUST03627,Dhruvi Patel, male ,51,Chennai,Telangana,India,Wholesale,2022-04-14
CUST03628,Ananya Singh,FEMALE,54,Pune,Gujarat,India,Retail,2024-08-18
CUST03629,Arjun Joshi, male ,51,Mumbai,Gujarat,India,Wholesale,2025-10-31
CUST03630,Arjun Kapoor,FEMALE,19,Bangalore,Gujarat,India,Corporate,2020-02-11
CUST03631,Rohan Joshi,FEMALE,49,Chennai,Maharashtra,India,Wholesale,2021-01-11
CUST03632,Ananya Verma,Male,58,Chennai,Telangana,India,Retail,2021-11-19
CUST03633,Riya Mehta, male ,65,Pune,Tamil Nadu,India,Corporate,2024-04-10
CUST03634,Riya Verma,Female,34,Ahmedabad,Karnataka,India,Retail,2022-09-08
CUST03635,Dhruvi Shah,Male,59,Pune,Maharashtra,India,Wholesale,2020-07-03
CUST03636,Diya Shah,,25,Mumbai,Telangana,India,Corporate,2023-05-27
CUST03637,Vivaan Joshi,FEMALE,24,Chennai,Tamil Nadu,India,Retail,2023-02-15
CUST03638,Nidhi Singh, male ,38,Chennai,Maharashtra,India,Corporate,2024-11-21
CUST03639,Meera Patel,FEMALE,31,Surat,Karnataka,India,Wholesale,2021-05-22
CUST03640,Yash Joshi,Female,73,Pune,Telangana,India,Retail,2022-11-18
CUST03641,Kavya Joshi,,71,Hyderabad,Delhi,India,Wholesale,2024-02-08
CUST03642,Meera Desai, male ,68,Hyderabad,Gujarat,India,Wholesale,2025-09-15
CUST03643,Neha Agarwal, male ,21,Hyderabad,Tamil Nadu,India,Retail,2021-09-17
CUST03644,Kavya Shah,Female,30,Mumbai,Delhi,India,Corporate,2024-11-27
CUST03645,Rahul Shah,FEMALE,22,Surat,Telangana,India,Corporate,2022-06-05
CUST03646,Nidhi Patel,,73,Chennai,Tamil Nadu,India,Corporate,2020-01-15
CUST03647,Kavya Kapoor, male ,40,Pune,Tamil Nadu,India,Corporate,2024-06-17
CUST03648,Meera Desai,Male,64,Ahmedabad,Telangana,India,Corporate,2021-11-28
CUST03649,Riya Joshi,FEMALE,34,Delhi,Delhi,India,Retail,2020-04-02
CUST03650,Nidhi Kapoor,Male,31,Pune,Delhi,India,Corporate,2020-09-26
CUST03651,Neha Kapoor,,51,Pune,Delhi,India,Wholesale,2020-08-19
CUST03652,Kavya Agarwal,,24,Ahmedabad,Gujarat,India,Wholesale,2022-10-01
CUST03653,Sneha Patel,,49,Delhi,Delhi,India,Wholesale,2021-12-10
CUST03654,Rahul Singh,FEMALE,60,Bangalore,Gujarat,India,Wholesale,2021-08-18
CUST03655,Aditya Desai,FEMALE,63,Hyderabad,Maharashtra,India,Wholesale,2021-11-28
CUST03656,Kavya Desai,Male,40,Pune,Tamil Nadu,India,Wholesale,2022-12-24
CUST03657,Diya Agarwal,Male,43,Mumbai,Gujarat,India,Wholesale,2020-07-11
CUST03658,Neha Mehta,Male,28,Hyderabad,Karnataka,India,Corporate,2025-05-20
CUST03659,Priya Patel,,67,Bangalore,Telangana,India,Retail,2025-05-04
CUST03660,Meera Joshi,Male,38,Surat,Tamil Nadu,India,Wholesale,2024-06-30
CUST03661,Dhruvi Kapoor,,33,Bangalore,Telangana,India,Wholesale,2021-07-28
CUST03662,Ananya Kapoor,,72,Pune,Delhi,India,Corporate,2024-07-23
CUST03663,Dhruvi Verma,,74,Ahmedabad,Maharashtra,India,Wholesale,2020-04-17
CUST03664,Dhruvi Joshi,Female,29,Ahmedabad,Tamil Nadu,India,Wholesale,2022-08-09
CUST03665,Rahul Joshi,,54,Chennai,Gujarat,India,Corporate,2021-09-25
CUST03666,Priya Gupta, male ,19,Ahmedabad,Gujarat,India,Wholesale,2021-08-26
CUST03667,Aarav Agarwal,,35,Bangalore,Karnataka,India,Corporate,2021-06-18
CUST03668,Kavya Joshi,,61,Ahmedabad,Karnataka,India,Corporate,2024-05-06
CUST03669,Yash Patel,,44,Chennai,Maharashtra,India,Retail,2021-04-19
CUST03670,Priya Singh,,64,Bangalore,Maharashtra,India,Corporate,2021-11-29
CUST03671,Nidhi Desai,FEMALE,33,Delhi,Gujarat,India,Retail,2024-03-02
CUST03672,Sneha Mehta,,31,Surat,Telangana,India,Wholesale,2024-01-26
CUST03673,Aditya Kapoor, male ,58,Ahmedabad,Gujarat,India,Retail,2024-07-19
CUST03674,Kavya Desai,FEMALE,50,Surat,Karnataka,India,Wholesale,2024-01-17
CUST03675,Yash Joshi,FEMALE,57,Hyderabad,Maharashtra,India,Corporate,2024-10-09
CUST03676,Dhruvi Gupta,FEMALE,63,Chennai,Gujarat,India,Corporate,2025-05-21
CUST03677,Meera Kapoor, male ,22,Pune,Telangana,India,Retail,2024-03-05
CUST03678,Yash Agarwal,FEMALE,38,Pune,Tamil Nadu,India,Wholesale,2022-09-02
CUST03679,Arjun Shah,,50,Surat,Delhi,India,Retail,2024-10-02
CUST03680,Riya Verma,Female,32,Surat,Maharashtra,India,Retail,2021-09-22
CUST03681,Priya Shah, male ,62,Chennai,Karnataka,India,Wholesale,2021-05-19
CUST03682,Riya Desai,,28,Mumbai,Karnataka,India,Corporate,2022-07-22
CUST03683,Rahul Patel,Male,20,Ahmedabad,Maharashtra,India,Retail,2020-06-26
CUST03684,Priya Agarwal,FEMALE,57,Hyderabad,Gujarat,India,Corporate,2020-05-19
CUST03685,Isha Joshi,,19,Pune,Tamil Nadu,India,Retail,2024-05-21
CUST03686,Yash Desai,Female,24,Chennai,Telangana,India,Retail,2026-01-01
CUST03687,Neha Agarwal,Male,39,Delhi,Tamil Nadu,India,Retail,2022-01-06
CUST03688,Isha Verma,,36,Hyderabad,Gujarat,India,Corporate,2025-06-10
CUST03689,Sneha Joshi,Male,71,Pune,Gujarat,India,Retail,2022-12-01
CUST03690,Nidhi Kapoor,Male,21,Surat,Maharashtra,India,Corporate,2020-01-02
CUST03691,Riya Agarwal,Male,21,Surat,Maharashtra,India,Wholesale,2022-08-16
CUST03692,Yash Agarwal,Male,48,Hyderabad,Karnataka,India,Corporate,2024-08-19
CUST03693,Isha Singh,Male,23,Pune,Maharashtra,India,Corporate,2022-02-03
CUST03694,Vivaan Kapoor,Male,46,Hyderabad,Karnataka,India,Retail,2022-07-12
CUST03695,Meera Patel,FEMALE,53,Mumbai,Tamil Nadu,India,Corporate,2025-06-25
CUST03696,Sneha Gupta,Female,23,Bangalore,Delhi,India,Wholesale,2021-09-03
CUST03697,Sneha Desai,,27,Ahmedabad,Telangana,India,Wholesale,2022-01-06
CUST03698,Isha Singh,,51,Hyderabad,Tamil Nadu,India,Wholesale,2024-01-05
CUST03699,Priya Patel,Male,27,Bangalore,Karnataka,India,Wholesale,2024-09-11
CUST03700,Aarav Desai,Male,48,Chennai,Gujarat,India,Wholesale,2024-03-08
CUST03701,Aarav Singh,FEMALE,67,Delhi,Tamil Nadu,India,Corporate,2020-05-22
CUST03702,Arjun Verma,FEMALE,29,Ahmedabad,Tamil Nadu,India,Retail,2024-02-02
CUST03703,Diya Desai,FEMALE,52,Ahmedabad,Telangana,India,Retail,2022-03-22
CUST03704,Yash Kapoor,Male,61,Chennai,Maharashtra,India,Retail,2021-01-18
CUST03705,Dhruvi Patel,Female,74,Bangalore,Karnataka,India,Wholesale,2023-08-05
CUST03706,Aditya Patel,FEMALE,44,Pune,Tamil Nadu,India,Retail,2023-07-28
CUST03707,Arjun Gupta,Female,53,Bangalore,Delhi,India,Corporate,2024-10-30
CUST03708,Vivaan Patel,FEMALE,35,Pune,Delhi,India,Corporate,2025-11-13
CUST03709,Diya Joshi, male ,74,Hyderabad,Karnataka,India,Wholesale,2020-05-08
CUST03710,Kavya Kapoor,,35,Chennai,Karnataka,India,Corporate,2023-10-20
CUST03711,Aditya Singh,Female,30,Mumbai,Delhi,India,Retail,2025-02-28
CUST03712,Rohan Joshi,Male,48,Mumbai,Tamil Nadu,India,Corporate,2020-01-17
CUST03713,Isha Mehta,FEMALE,24,Pune,Tamil Nadu,India,Retail,2023-11-02
CUST03714,Dhruvi Patel, male ,67,Ahmedabad,Maharashtra,India,Corporate,2023-01-29
CUST03715,Neha Kapoor,FEMALE,73,Bangalore,Gujarat,India,Retail,2023-06-30
CUST03716,Diya Patel,,64,Pune,Maharashtra,India,Corporate,2020-08-02
CUST03717,Dhruvi Agarwal,,51,Hyderabad,Telangana,India,Corporate,2022-04-19
CUST03718,Kavya Desai, male ,54,Surat,Delhi,India,Corporate,2023-02-02
CUST03719,Rahul Singh,,42,Pune,Maharashtra,India,Retail,2022-08-18
CUST03720,Kavya Desai,,34,Bangalore,Telangana,India,Corporate,2022-10-05
CUST03721,Dhruvi Singh, male ,70,Delhi,Telangana,India,Corporate,2022-07-29
CUST03722,Vivaan Shah,,49,Ahmedabad,Delhi,India,Wholesale,2025-08-06
CUST03723,Ananya Agarwal, male ,40,Hyderabad,Telangana,India,Retail,2022-12-28
CUST03724,Priya Patel,,23,Bangalore,Karnataka,India,Retail,2023-07-11
CUST03725,Dhruvi Kapoor, male ,38,Hyderabad,Delhi,India,Wholesale,2021-09-14
CUST03726,Neha Shah,FEMALE,30,Ahmedabad,Telangana,India,Corporate,2022-05-25
CUST03727,Nidhi Patel,,28,Ahmedabad,Gujarat,India,Wholesale,2025-10-10
CUST03728,Ananya Singh,,30,Hyderabad,Telangana,India,Wholesale,2020-10-27
CUST03729,Nidhi Mehta,FEMALE,34,Surat,Gujarat,India,Retail,2020-05-25
CUST03730,Neha Singh,,56,Mumbai,Telangana,India,Retail,2020-03-26
CUST03731,Riya Agarwal, male ,24,Bangalore,Tamil Nadu,India,Wholesale,2020-08-12
CUST03732,Rahul Gupta,,25,Bangalore,Gujarat,India,Wholesale,2025-11-23
CUST03733,Yash Verma,Male,42,Surat,Karnataka,India,Wholesale,2022-09-04
CUST03734,Rohan Verma, male ,47,Ahmedabad,Telangana,India,Corporate,2022-02-03
CUST03735,Sneha Shah, male ,46,Mumbai,Gujarat,India,Corporate,2021-08-24
CUST03736,Yash Verma,FEMALE,56,Chennai,Gujarat,India,Corporate,2025-11-28
CUST03737,Meera Joshi,Male,64,Ahmedabad,Delhi,India,Corporate,2025-10-04
CUST03738,Arjun Joshi,,25,Chennai,Maharashtra,India,Retail,2025-04-13
CUST03739,Rohan Verma,Female,55,Chennai,Maharashtra,India,Retail,2025-08-11
CUST03740,Vivaan Singh, male ,68,Delhi,Telangana,India,Corporate,2025-09-07
CUST03741,Kavya Patel, male ,33,Delhi,Gujarat,India,Wholesale,2022-11-01
CUST03742,Yash Verma,Male,25,Delhi,Delhi,India,Wholesale,2021-03-17
CUST03743,Dhruvi Kapoor,Female,71,Pune,Karnataka,India,Wholesale,2022-11-06
CUST03744,Sneha Desai,Female,53,Bangalore,Maharashtra,India,Wholesale,2022-04-09
CUST03745,Dhruvi Patel, male ,30,Pune,Tamil Nadu,India,Wholesale,2025-07-21
CUST03746,Vivaan Agarwal,,48,Ahmedabad,Delhi,India,Wholesale,2024-08-10
CUST03747,Kavya Joshi,,63,Delhi,Tamil Nadu,India,Wholesale,2022-10-18
CUST03748,Meera Shah,,38,Ahmedabad,Tamil Nadu,India,Retail,2025-08-08
CUST03749,Ananya Desai,FEMALE,52,Pune,Telangana,India,Retail,2025-09-10
CUST03750,Rohan Shah,FEMALE,49,Surat,Delhi,India,Retail,2023-04-09
CUST03751,Ananya Gupta,Male,49,Chennai,Telangana,India,Wholesale,2022-02-27
CUST03752,Nidhi Gupta,,70,Surat,Tamil Nadu,India,Corporate,2020-01-02
CUST03753,Yash Desai,,66,Pune,Gujarat,India,Wholesale,2022-02-13
CUST03754,Sneha Joshi,FEMALE,18,Chennai,Maharashtra,India,Corporate,2024-09-24
CUST03755,Yash Joshi, male ,18,Ahmedabad,Maharashtra,India,Wholesale,2020-10-21
CUST03756,Aditya Gupta,Female,44,Bangalore,Delhi,India,Wholesale,2020-03-09
CUST03757,Diya Agarwal, male ,24,Ahmedabad,Gujarat,India,Retail,2025-11-01
CUST03758,Priya Shah,Female,37,Chennai,Telangana,India,Wholesale,2021-01-20
CUST03759,Diya Agarwal,FEMALE,22,Surat,Karnataka,India,Corporate,2020-09-09
CUST03760,Kavya Gupta,,30,Chennai,Gujarat,India,Corporate,2022-05-04
CUST03761,Neha Kapoor,Male,25,Chennai,Gujarat,India,Wholesale,2022-08-03
CUST03762,Neha Agarwal,,70,Chennai,Tamil Nadu,India,Corporate,2021-08-21
CUST03763,Meera Shah,Male,52,Hyderabad,Maharashtra,India,Wholesale,2024-07-31
CUST03764,Isha Agarwal,Female,54,Hyderabad,Telangana,India,Wholesale,2025-10-08
CUST03765,Nidhi Patel,FEMALE,23,Surat,Tamil Nadu,India,Wholesale,2021-09-03
CUST03766,Aarav Singh,Female,49,Delhi,Maharashtra,India,Retail,2024-08-20
CUST03767,Dhruvi Singh, male ,60,Pune,Maharashtra,India,Wholesale,2020-08-17
CUST03768,Kavya Agarwal,Male,28,Hyderabad,Delhi,India,Retail,2021-02-16
CUST03769,Nidhi Agarwal,FEMALE,45,Bangalore,Karnataka,India,Wholesale,2025-05-18
CUST03770,Isha Mehta, male ,69,Surat,Gujarat,India,Corporate,2022-09-13
CUST03771,Meera Shah,Female,59,Mumbai,Maharashtra,India,Wholesale,2023-01-19
CUST03772,Rahul Desai,Male,67,Chennai,Gujarat,India,Wholesale,2024-12-15
CUST03773,Kavya Shah,,49,Delhi,Maharashtra,India,Retail,2022-10-23
CUST03774,Kavya Verma,FEMALE,25,Hyderabad,Telangana,India,Corporate,2021-12-01
CUST03775,Aarav Joshi, male ,60,Ahmedabad,Tamil Nadu,India,Retail,2020-02-25
CUST03776,Meera Joshi,Female,32,Hyderabad,Karnataka,India,Corporate,2023-02-01
CUST03777,Nidhi Singh,,58,Hyderabad,Telangana,India,Wholesale,2024-05-16
CUST03778,Neha Singh,Male,60,Ahmedabad,Gujarat,India,Wholesale,2022-02-11
CUST03779,Rahul Joshi,,69,Hyderabad,Karnataka,India,Wholesale,2024-03-26
CUST03780,Dhruvi Desai, male ,33,Mumbai,Tamil Nadu,India,Retail,2024-09-04
CUST03781,Rohan Joshi,,35,Chennai,Delhi,India,Retail,2025-06-11
CUST03782,Rahul Joshi,,31,Delhi,Karnataka,India,Retail,2021-03-21
CUST03783,Vivaan Desai,Male,51,Mumbai,Gujarat,India,Retail,2020-06-16
CUST03784,Priya Joshi,Male,58,Pune,Tamil Nadu,India,Retail,2025-12-21
CUST03785,Aditya Patel,Male,47,Delhi,Delhi,India,Corporate,2025-06-30
CUST03786,Nidhi Kapoor, male ,33,Ahmedabad,Tamil Nadu,India,Wholesale,2020-02-23
CUST03787,Ananya Desai,Male,38,Chennai,Gujarat,India,Corporate,2022-05-30
CUST03788,Neha Patel,FEMALE,60,Pune,Tamil Nadu,India,Wholesale,2025-04-12
CUST03789,Rohan Kapoor,Male,66,Mumbai,Maharashtra,India,Corporate,2020-03-25
CUST03790,Kavya Verma,FEMALE,39,Pune,Telangana,India,Wholesale,2025-06-12
CUST03791,Kavya Joshi,,32,Delhi,Delhi,India,Retail,2023-07-07
CUST03792,Arjun Joshi,FEMALE,18,Bangalore,Gujarat,India,Corporate,2020-11-25
CUST03793,Priya Singh,Female,31,Surat,Maharashtra,India,Retail,2025-09-17
CUST03794,Neha Mehta,Male,30,Mumbai,Delhi,India,Corporate,2025-05-10
CUST03795,Dhruvi Gupta,Female,37,Mumbai,Telangana,India,Retail,2021-09-30
CUST03796,Arjun Verma,FEMALE,18,Pune,Gujarat,India,Retail,2023-07-10
CUST03797,Aarav Gupta,Female,32,Pune,Gujarat,India,Retail,2024-11-29
CUST03798,Dhruvi Singh,Female,41,Chennai,Maharashtra,India,Corporate,2024-03-11
CUST03799,Riya Patel, male ,43,Delhi,Delhi,India,Corporate,2025-05-03
CUST03800,Kavya Joshi,,36,Mumbai,Karnataka,India,Corporate,2020-12-20
CUST03801,Sneha Gupta, male ,68,Pune,Maharashtra,India,Wholesale,2025-09-01
CUST03802,Ananya Joshi,FEMALE,36,Pune,Telangana,India,Wholesale,2022-06-25
CUST03803,Arjun Singh,FEMALE,58,Delhi,Tamil Nadu,India,Retail,2021-07-27
CUST03804,Arjun Desai,,61,Surat,Karnataka,India,Corporate,2023-08-15
CUST03805,Meera Patel,Male,59,Ahmedabad,Maharashtra,India,Wholesale,2022-04-03
CUST03806,Isha Patel,,27,Ahmedabad,Delhi,India,Corporate,2020-01-13
CUST03807,Aarav Verma,FEMALE,18,Delhi,Tamil Nadu,India,Wholesale,2025-12-20
CUST03808,Yash Desai,Female,44,Ahmedabad,Delhi,India,Corporate,2023-10-07
CUST03809,Isha Joshi,FEMALE,65,Delhi,Delhi,India,Corporate,2021-02-09
CUST03810,Yash Agarwal,Male,39,Hyderabad,Telangana,India,Retail,2023-08-27
CUST03811,Neha Verma,Female,48,Surat,Telangana,India,Corporate,2020-06-24
CUST03812,Rahul Shah,Female,69,Bangalore,Maharashtra,India,Retail,2025-09-09
CUST03813,Priya Gupta,Female,41,Surat,Telangana,India,Wholesale,2023-06-30
CUST03814,Isha Kapoor,FEMALE,41,Delhi,Gujarat,India,Retail,2021-01-16
CUST03815,Rahul Agarwal,,70,Chennai,Karnataka,India,Wholesale,2022-07-23
CUST03816,Riya Mehta,FEMALE,65,Delhi,Maharashtra,India,Retail,2021-02-19
CUST03817,Nidhi Patel,Male,37,Surat,Gujarat,India,Retail,2024-10-22
CUST03818,Nidhi Agarwal, male ,21,Delhi,Gujarat,India,Wholesale,2020-02-23
CUST03819,Diya Verma,,20,Delhi,Tamil Nadu,India,Wholesale,2025-03-18
CUST03820,Vivaan Joshi,,69,Ahmedabad,Delhi,India,Corporate,2022-01-21
CUST03821,Yash Shah,Male,51,Ahmedabad,Tamil Nadu,India,Retail,2023-07-21
CUST03822,Ananya Shah,,18,Pune,Tamil Nadu,India,Wholesale,2023-09-05
CUST03823,Rahul Desai,Female,64,Bangalore,Telangana,India,Wholesale,2024-09-29
CUST03824,Yash Agarwal,Male,56,Mumbai,Tamil Nadu,India,Wholesale,2023-03-01
CUST03825,Aditya Patel, male ,37,Pune,Gujarat,India,Wholesale,2020-11-21
CUST03826,Nidhi Gupta,FEMALE,21,Bangalore,Tamil Nadu,India,Retail,2023-10-04
CUST03827,Aditya Verma,Female,52,Pune,Maharashtra,India,Corporate,2022-07-08
CUST03828,Ananya Kapoor,,31,Mumbai,Karnataka,India,Retail,2020-05-27
CUST03829,Yash Singh,,41,Ahmedabad,Delhi,India,Wholesale,2024-03-29
CUST03830,Nidhi Agarwal,Female,25,Ahmedabad,Gujarat,India,Corporate,2021-10-01
CUST03831,Ananya Kapoor,Female,59,Delhi,Gujarat,India,Wholesale,2020-04-09
CUST03832,Nidhi Kapoor,Male,70,Hyderabad,Delhi,India,Wholesale,2023-02-11
CUST03833,Dhruvi Joshi,FEMALE,32,Ahmedabad,Gujarat,India,Wholesale,2023-04-25
CUST03834,Riya Kapoor,,64,Pune,Telangana,India,Wholesale,2023-06-30
CUST03835,Isha Singh,Male,58,Ahmedabad,Telangana,India,Retail,2022-06-03
CUST03836,Aditya Mehta,FEMALE,34,Hyderabad,Telangana,India,Wholesale,2025-04-04
CUST03837,Riya Desai,Male,66,Delhi,Karnataka,India,Retail,2025-01-09
CUST03838,Dhruvi Singh,FEMALE,57,Ahmedabad,Karnataka,India,Retail,2020-07-10
CUST03839,Diya Agarwal, male ,57,Chennai,Maharashtra,India,Corporate,2025-07-20
CUST03840,Riya Kapoor,FEMALE,29,Bangalore,Maharashtra,India,Wholesale,2022-06-08
CUST03841,Vivaan Patel, male ,18,Pune,Telangana,India,Corporate,2022-11-20
CUST03842,Arjun Shah,Male,70,Delhi,Gujarat,India,Corporate,2021-04-30
CUST03843,Aarav Patel,FEMALE,32,Chennai,Delhi,India,Retail,2025-04-06
CUST03844,Diya Verma,,36,Pune,Telangana,India,Retail,2024-03-07
CUST03845,Riya Desai, male ,41,Delhi,Maharashtra,India,Retail,2023-08-29
CUST03846,Isha Verma,,26,Ahmedabad,Karnataka,India,Wholesale,2025-01-10
CUST03847,Priya Singh, male ,32,Delhi,Karnataka,India,Corporate,2021-01-20
CUST03848,Yash Shah, male ,34,Pune,Karnataka,India,Corporate,2022-06-21
CUST03849,Dhruvi Desai,Male,43,Bangalore,Tamil Nadu,India,Retail,2023-08-05
CUST03850,Nidhi Shah,Female,45,Pune,Karnataka,India,Retail,2020-06-14
CUST03851,Rohan Shah, male ,53,Bangalore,Maharashtra,India,Wholesale,2021-03-09
CUST03852,Arjun Mehta,FEMALE,23,Ahmedabad,Karnataka,India,Wholesale,2025-03-27
CUST03853,Priya Agarwal,Male,41,Hyderabad,Tamil Nadu,India,Wholesale,2020-07-28
CUST03854,Yash Kapoor,FEMALE,26,Delhi,Gujarat,India,Wholesale,2021-05-12
CUST03855,Meera Singh, male ,70,Mumbai,Delhi,India,Wholesale,2022-03-20
CUST03856,Rahul Kapoor,Male,19,Ahmedabad,Maharashtra,India,Corporate,2020-10-10
CUST03857,Vivaan Kapoor,Female,30,Surat,Telangana,India,Retail,2021-02-09
CUST03858,Aarav Verma,Female,29,Hyderabad,Gujarat,India,Retail,2020-01-12
CUST03859,Vivaan Kapoor,,26,Ahmedabad,Maharashtra,India,Corporate,2020-09-24
CUST03860,Neha Gupta,FEMALE,64,Hyderabad,Gujarat,India,Wholesale,2020-09-08
CUST03861,Aarav Patel,Male,42,Pune,Maharashtra,India,Retail,2021-02-24
CUST03862,Neha Agarwal,,64,Bangalore,Tamil Nadu,India,Wholesale,2021-06-29
CUST03863,Diya Singh,FEMALE,22,Ahmedabad,Telangana,India,Wholesale,2020-12-24
CUST03864,Neha Singh,Female,59,Delhi,Maharashtra,India,Corporate,2023-02-14
CUST03865,Arjun Joshi,FEMALE,26,Bangalore,Maharashtra,India,Retail,2021-10-08
CUST03866,Kavya Shah,,30,Mumbai,Karnataka,India,Corporate,2022-11-10
CUST03867,Yash Patel,,72,Surat,Telangana,India,Wholesale,2024-05-19
CUST03868,Riya Verma, male ,32,Hyderabad,Maharashtra,India,Corporate,2024-07-03
CUST03869,Rahul Singh,Female,64,Hyderabad,Delhi,India,Corporate,2022-07-08
CUST03870,Riya Gupta,,59,Hyderabad,Maharashtra,India,Wholesale,2024-05-11
CUST03871,Yash Agarwal,Female,34,Bangalore,Telangana,India,Corporate,2023-05-22
CUST03872,Riya Shah, male ,59,Hyderabad,Telangana,India,Retail,2024-05-04
CUST03873,Arjun Verma,,18,Pune,Telangana,India,Corporate,2024-07-14
CUST03874,Dhruvi Patel,Female,61,Hyderabad,Maharashtra,India,Retail,2022-05-31
CUST03875,Meera Gupta,Female,53,Chennai,Maharashtra,India,Corporate,2022-09-07
CUST03876,Rahul Joshi,Male,49,Chennai,Tamil Nadu,India,Retail,2024-04-05
CUST03877,Rahul Mehta,,50,Ahmedabad,Telangana,India,Retail,2024-10-08
CUST03878,Kavya Desai,,20,Hyderabad,Gujarat,India,Wholesale,2022-06-11
CUST03879,Rahul Agarwal,FEMALE,46,Pune,Karnataka,India,Corporate,2020-11-15
CUST03880,Arjun Mehta,Female,74,Pune,Karnataka,India,Wholesale,2023-02-10
CUST03881,Diya Verma,,40,Hyderabad,Tamil Nadu,India,Corporate,2025-12-29
CUST03882,Yash Mehta, male ,59,Hyderabad,Gujarat,India,Corporate,2024-01-18
CUST03883,Isha Agarwal,Female,50,Pune,Gujarat,India,Corporate,2022-07-01
CUST03884,Diya Agarwal, male ,29,Delhi,Gujarat,India,Retail,2020-06-21
CUST03885,Nidhi Joshi,,52,Hyderabad,Telangana,India,Retail,2022-10-29
CUST03886,Dhruvi Patel,FEMALE,48,Pune,Telangana,India,Retail,2025-08-08
CUST03887,Isha Shah,Female,28,Surat,Karnataka,India,Corporate,2025-04-30
CUST03888,Rohan Joshi,FEMALE,67,Chennai,Tamil Nadu,India,Corporate,2022-11-23
CUST03889,Aditya Joshi,FEMALE,66,Delhi,Gujarat,India,Wholesale,2022-11-07
CUST03890,Isha Kapoor, male ,74,Ahmedabad,Gujarat,India,Wholesale,2025-09-10
CUST03891,Aarav Joshi,Female,45,Delhi,Tamil Nadu,India,Retail,2024-11-29
CUST03892,Priya Agarwal,Male,68,Delhi,Gujarat,India,Corporate,2020-07-28
CUST03893,Vivaan Shah,Female,26,Bangalore,Gujarat,India,Wholesale,2021-09-14
CUST03894,Nidhi Desai,Male,61,Ahmedabad,Telangana,India,Corporate,2022-09-29
CUST03895,Vivaan Singh,Male,68,Pune,Delhi,India,Wholesale,2025-06-07
CUST03896,Isha Shah,,22,Hyderabad,Tamil Nadu,India,Corporate,2022-11-29
CUST03897,Arjun Singh,,61,Bangalore,Maharashtra,India,Corporate,2022-10-27
CUST03898,Nidhi Agarwal,Male,50,Bangalore,Tamil Nadu,India,Wholesale,2022-04-21
CUST03899,Diya Kapoor,,62,Ahmedabad,Delhi,India,Wholesale,2020-04-16
CUST03900,Ananya Joshi,Female,52,Pune,Maharashtra,India,Wholesale,2022-05-22
CUST03901,Aditya Desai,,67,Bangalore,Telangana,India,Corporate,2020-02-18
CUST03902,Neha Verma,,57,Mumbai,Karnataka,India,Corporate,2021-06-04
CUST03903,Dhruvi Verma,,67,Delhi,Tamil Nadu,India,Corporate,2024-05-02
CUST03904,Arjun Patel,,38,Bangalore,Tamil Nadu,India,Corporate,2020-12-06
CUST03905,Kavya Gupta, male ,28,Hyderabad,Delhi,India,Wholesale,2020-07-30
CUST03906,Aarav Agarwal,Male,61,Chennai,Tamil Nadu,India,Wholesale,2025-10-10
CUST03907,Neha Joshi,Female,32,Ahmedabad,Delhi,India,Corporate,2021-11-16
CUST03908,Rahul Kapoor,,30,Hyderabad,Telangana,India,Corporate,2021-11-29
CUST03909,Riya Shah,,42,Hyderabad,Maharashtra,India,Wholesale,2022-01-14
CUST03910,Meera Verma, male ,73,Surat,Tamil Nadu,India,Corporate,2025-07-25
CUST03911,Isha Mehta,Female,57,Ahmedabad,Gujarat,India,Wholesale,2023-05-30
CUST03912,Vivaan Kapoor,Female,43,Surat,Karnataka,India,Wholesale,2022-11-15
CUST03913,Dhruvi Mehta,,33,Chennai,Gujarat,India,Retail,2021-12-22
CUST03914,Arjun Desai,Female,42,Pune,Delhi,India,Corporate,2020-02-13
CUST03915,Nidhi Gupta,Female,27,Chennai,Telangana,India,Wholesale,2020-08-15
CUST03916,Kavya Gupta,Female,65,Mumbai,Karnataka,India,Corporate,2022-08-30
CUST03917,Arjun Gupta,,27,Hyderabad,Telangana,India,Corporate,2024-08-18
CUST03918,Isha Verma, male ,48,Chennai,Tamil Nadu,India,Retail,2025-11-25
CUST03919,Kavya Shah,Female,56,Bangalore,Tamil Nadu,India,Wholesale,2024-02-07
CUST03920,Meera Shah,Female,43,Pune,Telangana,India,Corporate,2021-07-19
CUST03921,Dhruvi Kapoor,Male,55,Mumbai,Gujarat,India,Corporate,2024-09-04
CUST03922,Dhruvi Kapoor,FEMALE,19,Ahmedabad,Tamil Nadu,India,Corporate,2025-05-20
CUST03923,Arjun Mehta,Female,37,Delhi,Gujarat,India,Corporate,2022-11-05
CUST03924,Riya Agarwal, male ,58,Hyderabad,Telangana,India,Retail,2023-07-10
CUST03925,Rohan Shah,Male,73,Hyderabad,Telangana,India,Retail,2023-02-03
CUST03926,Aarav Patel,Female,73,Surat,Delhi,India,Corporate,2024-03-07
CUST03927,Aarav Mehta,FEMALE,54,Delhi,Karnataka,India,Retail,2022-01-10
CUST03928,Dhruvi Patel,,62,Hyderabad,Telangana,India,Retail,2020-05-06
CUST03929,Meera Desai,FEMALE,52,Mumbai,Karnataka,India,Wholesale,2021-09-29
CUST03930,Meera Kapoor,FEMALE,28,Pune,Karnataka,India,Wholesale,2020-09-21
CUST03931,Priya Joshi,Male,29,Mumbai,Maharashtra,India,Corporate,2020-06-27
CUST03932,Kavya Singh,,55,Pune,Maharashtra,India,Retail,2025-09-13
CUST03933,Diya Gupta,Male,63,Mumbai,Telangana,India,Corporate,2022-12-16
CUST03934,Riya Singh,,34,Hyderabad,Karnataka,India,Wholesale,2025-03-21
CUST03935,Arjun Singh, male ,37,Delhi,Karnataka,India,Corporate,2025-07-10
CUST03936,Arjun Shah,Male,74,Chennai,Telangana,India,Corporate,2020-12-20
CUST03937,Kavya Patel, male ,24,Ahmedabad,Delhi,India,Retail,2023-06-05
CUST03938,Diya Kapoor,FEMALE,24,Chennai,Delhi,India,Retail,2020-09-01
CUST03939,Nidhi Agarwal,,32,Surat,Tamil Nadu,India,Wholesale,2023-03-01
CUST03940,Riya Verma,FEMALE,26,Hyderabad,Maharashtra,India,Wholesale,2020-07-13
CUST03941,Aarav Verma,Male,46,Chennai,Maharashtra,India,Retail,2021-11-04
CUST03942,Rahul Kapoor,Female,23,Ahmedabad,Delhi,India,Wholesale,2024-02-12
CUST03943,Diya Shah,Male,43,Pune,Gujarat,India,Wholesale,2023-04-25
CUST03944,Meera Shah, male ,70,Bangalore,Maharashtra,India,Wholesale,2023-11-20
CUST03945,Arjun Patel,,25,Bangalore,Maharashtra,India,Corporate,2022-11-07
CUST03946,Aarav Agarwal,,22,Bangalore,Maharashtra,India,Wholesale,2024-11-11
CUST03947,Vivaan Gupta,Male,43,Mumbai,Karnataka,India,Wholesale,2025-10-21
CUST03948,Rohan Desai,Male,25,Delhi,Telangana,India,Retail,2025-09-12
CUST03949,Yash Agarwal,,68,Surat,Tamil Nadu,India,Retail,2025-06-20
CUST03950,Aditya Kapoor,,48,Hyderabad,Maharashtra,India,Corporate,2025-06-03
CUST03951,Sneha Gupta,Female,64,Hyderabad,Gujarat,India,Corporate,2022-10-22
CUST03952,Riya Shah,FEMALE,54,Hyderabad,Delhi,India,Corporate,2021-05-16
CUST03953,Sneha Agarwal, male ,23,Surat,Gujarat,India,Wholesale,2020-01-02
CUST03954,Kavya Mehta, male ,43,Pune,Delhi,India,Retail,2021-04-18
CUST03955,Rahul Patel, male ,65,Hyderabad,Gujarat,India,Corporate,2024-04-23
CUST03956,Priya Agarwal,FEMALE,45,Chennai,Maharashtra,India,Corporate,2023-07-18
CUST03957,Rohan Patel,Male,27,Chennai,Tamil Nadu,India,Retail,2025-08-01
CUST03958,Sneha Gupta,,55,Mumbai,Karnataka,India,Corporate,2020-08-03
CUST03959,Aarav Gupta,,60,Pune,Telangana,India,Retail,2021-11-02
CUST03960,Isha Gupta,,73,Delhi,Karnataka,India,Retail,2024-09-30
CUST03961,Diya Singh,,59,Hyderabad,Gujarat,India,Corporate,2024-03-06
CUST03962,Arjun Mehta,Female,27,Mumbai,Delhi,India,Corporate,2024-10-13
CUST03963,Sneha Singh,,30,Chennai,Telangana,India,Wholesale,2020-02-10
CUST03964,Yash Joshi, male ,41,Pune,Karnataka,India,Wholesale,2022-12-04
CUST03965,Diya Joshi,Male,64,Bangalore,Karnataka,India,Retail,2025-07-14
CUST03966,Vivaan Kapoor,Female,74,Hyderabad,Gujarat,India,Retail,2020-03-11
CUST03967,Sneha Kapoor,,71,Pune,Tamil Nadu,India,Corporate,2021-11-14
CUST03968,Aditya Joshi,FEMALE,29,Bangalore,Tamil Nadu,India,Wholesale,2025-05-05
CUST03969,Sneha Agarwal,FEMALE,30,Pune,Tamil Nadu,India,Corporate,2023-08-16
CUST03970,Rohan Desai,,27,Chennai,Telangana,India,Wholesale,2023-04-13
CUST03971,Isha Verma,Female,51,Bangalore,Karnataka,India,Wholesale,2025-10-03
CUST03972,Neha Joshi,Female,61,Ahmedabad,Delhi,India,Corporate,2025-09-08
CUST03973,Arjun Kapoor,,38,Ahmedabad,Gujarat,India,Retail,2026-01-02
CUST03974,Dhruvi Joshi,FEMALE,71,Delhi,Gujarat,India,Wholesale,2022-03-01
CUST03975,Aditya Joshi,,38,Mumbai,Tamil Nadu,India,Wholesale,2020-03-04
CUST03976,Aditya Patel,,28,Hyderabad,Karnataka,India,Retail,2025-07-18
CUST03977,Riya Mehta,,31,Bangalore,Gujarat,India,Corporate,2021-03-18
CUST03978,Rohan Gupta, male ,50,Mumbai,Delhi,India,Corporate,2021-08-24
CUST03979,Neha Agarwal,,56,Surat,Gujarat,India,Corporate,2024-07-28
CUST03980,Kavya Joshi,FEMALE,45,Delhi,Karnataka,India,Wholesale,2025-12-27
CUST03981,Ananya Desai, male ,61,Mumbai,Karnataka,India,Corporate,2022-03-12
CUST03982,Isha Gupta,Female,67,Mumbai,Maharashtra,India,Retail,2021-03-27
CUST03983,Nidhi Desai, male ,26,Bangalore,Gujarat,India,Wholesale,2023-08-15
CUST03984,Arjun Shah, male ,71,Mumbai,Tamil Nadu,India,Retail,2021-12-06
CUST03985,Rahul Agarwal,,26,Chennai,Delhi,India,Wholesale,2021-10-29
CUST03986,Vivaan Joshi,FEMALE,35,Ahmedabad,Telangana,India,Retail,2025-09-19
CUST03987,Nidhi Joshi,,63,Mumbai,Telangana,India,Retail,2025-12-06
CUST03988,Aditya Gupta,Male,45,Bangalore,Tamil Nadu,India,Corporate,2020-03-29
CUST03989,Arjun Patel,Female,40,Chennai,Telangana,India,Wholesale,2025-07-13
CUST03990,Priya Joshi,FEMALE,73,Pune,Telangana,India,Wholesale,2021-10-10
CUST03991,Neha Shah,,70,Ahmedabad,Telangana,India,Wholesale,2021-02-21
CUST03992,Yash Desai, male ,44,Hyderabad,Gujarat,India,Retail,2021-10-09
CUST03993,Isha Verma,,43,Surat,Delhi,India,Corporate,2022-06-11
CUST03994,Yash Mehta, male ,22,Surat,Tamil Nadu,India,Wholesale,2020-11-07
CUST03995,Vivaan Mehta, male ,31,Bangalore,Tamil Nadu,India,Retail,2023-03-26
CUST03996,Rohan Singh,,59,Delhi,Karnataka,India,Retail,2024-07-01
CUST03997,Diya Patel,,38,Delhi,Maharashtra,India,Corporate,2024-07-28
CUST03998,Ananya Desai, male ,60,Delhi,Delhi,India,Corporate,2020-02-07
CUST03999,Sneha Singh,,63,Hyderabad,Karnataka,India,Wholesale,2022-04-22
CUST04000,Yash Patel,,54,Mumbai,Gujarat,India,Wholesale,2024-09-25
CUST04001,Nidhi Singh,,27,Delhi,Delhi,India,Corporate,2024-02-14
CUST04002,Nidhi Agarwal,,73,Pune,Tamil Nadu,India,Wholesale,2025-04-20
CUST04003,Aarav Verma,Male,23,Chennai,Telangana,India,Retail,2021-06-15
CUST04004,Riya Patel,Female,64,Surat,Telangana,India,Corporate,2020-09-21
CUST04005,Riya Shah, male ,67,Delhi,Maharashtra,India,Retail,2023-05-09
CUST04006,Dhruvi Singh,Female,51,Delhi,Telangana,India,Wholesale,2020-11-09
CUST04007,Priya Mehta,Female,27,Mumbai,Delhi,India,Corporate,2025-05-28
CUST04008,Rohan Agarwal,Male,49,Bangalore,Tamil Nadu,India,Corporate,2025-09-05
CUST04009,Dhruvi Joshi,Female,54,Bangalore,Tamil Nadu,India,Corporate,2026-01-02
CUST04010,Diya Agarwal,FEMALE,53,Mumbai,Maharashtra,India,Corporate,2025-03-15
CUST04011,Sneha Agarwal,Male,74,Pune,Telangana,India,Wholesale,2023-01-29
CUST04012,Meera Agarwal,,49,Hyderabad,Delhi,India,Retail,2021-07-13
CUST04013,Ananya Singh,,66,Delhi,Gujarat,India,Corporate,2022-04-24
CUST04014,Priya Patel, male ,53,Surat,Gujarat,India,Corporate,2024-05-04
CUST04015,Nidhi Agarwal,FEMALE,73,Pune,Maharashtra,India,Retail,2023-10-09
CUST04016,Dhruvi Shah,Male,50,Mumbai,Karnataka,India,Wholesale,2022-10-29
CUST04017,Vivaan Mehta,FEMALE,57,Surat,Telangana,India,Wholesale,2020-12-04
CUST04018,Aditya Mehta,,63,Surat,Telangana,India,Corporate,2020-05-26
CUST04019,Isha Singh,Male,40,Mumbai,Telangana,India,Corporate,2023-02-18
CUST04020,Ananya Shah,,34,Bangalore,Karnataka,India,Retail,2022-03-28
CUST04021,Diya Joshi,Female,19,Delhi,Telangana,India,Corporate,2025-11-13
CUST04022,Yash Patel,FEMALE,43,Mumbai,Karnataka,India,Retail,2020-12-15
CUST04023,Yash Shah, male ,73,Bangalore,Maharashtra,India,Corporate,2024-02-02
CUST04024,Kavya Patel,FEMALE,37,Chennai,Telangana,India,Retail,2021-11-14
CUST04025,Dhruvi Singh,Male,24,Chennai,Delhi,India,Wholesale,2023-02-14
CUST04026,Ananya Gupta,,61,Ahmedabad,Gujarat,India,Wholesale,2024-02-03
CUST04027,Rahul Mehta,,18,Pune,Karnataka,India,Retail,2021-02-04
CUST04028,Arjun Patel, male ,39,Hyderabad,Gujarat,India,Corporate,2024-02-12
CUST04029,Rahul Desai, male ,33,Ahmedabad,Karnataka,India,Corporate,2025-05-22
CUST04030,Aarav Gupta, male ,35,Surat,Karnataka,India,Corporate,2020-11-03
CUST04031,Nidhi Patel,FEMALE,55,Hyderabad,Karnataka,India,Retail,2024-09-11
CUST04032,Kavya Singh,,38,Surat,Maharashtra,India,Retail,2021-05-11
CUST04033,Aditya Joshi,FEMALE,57,Chennai,Gujarat,India,Corporate,2025-05-24
CUST04034,Sneha Shah,Male,35,Pune,Karnataka,India,Retail,2023-10-09
CUST04035,Aarav Verma,Female,23,Delhi,Delhi,India,Retail,2023-08-26
CUST04036,Ananya Singh, male ,20,Bangalore,Maharashtra,India,Retail,2023-10-30
CUST04037,Sneha Desai, male ,74,Mumbai,Gujarat,India,Wholesale,2020-08-03
CUST04038,Yash Verma,Female,39,Delhi,Telangana,India,Wholesale,2021-09-08
CUST04039,Priya Gupta,,65,Hyderabad,Delhi,India,Wholesale,2020-11-12
CUST04040,Vivaan Verma,FEMALE,32,Pune,Karnataka,India,Retail,2021-03-07
CUST04041,Ananya Shah, male ,37,Bangalore,Delhi,India,Retail,2020-11-16
CUST04042,Meera Joshi,,63,Surat,Karnataka,India,Corporate,2022-12-09
CUST04043,Sneha Mehta,,48,Ahmedabad,Telangana,India,Corporate,2023-07-18
CUST04044,Vivaan Singh,Male,63,Delhi,Telangana,India,Wholesale,2025-02-25
CUST04045,Arjun Mehta,FEMALE,59,Pune,Maharashtra,India,Wholesale,2020-09-23
CUST04046,Aditya Verma, male ,52,Mumbai,Maharashtra,India,Retail,2021-11-22
CUST04047,Aditya Verma,Female,24,Pune,Telangana,India,Corporate,2025-05-06
CUST04048,Nidhi Desai,,27,Hyderabad,Telangana,India,Corporate,2022-06-14
CUST04049,Sneha Patel,,46,Ahmedabad,Maharashtra,India,Wholesale,2021-09-15
CUST04050,Kavya Patel,,51,Chennai,Karnataka,India,Corporate,2020-10-30
CUST04051,Meera Shah,Male,32,Delhi,Telangana,India,Corporate,2021-04-14
CUST04052,Rahul Verma,Male,48,Ahmedabad,Delhi,India,Retail,2022-03-27
CUST04053,Nidhi Joshi,FEMALE,32,Pune,Delhi,India,Corporate,2022-01-17
CUST04054,Priya Joshi, male ,36,Pune,Telangana,India,Wholesale,2024-02-25
CUST04055,Isha Agarwal, male ,19,Delhi,Delhi,India,Wholesale,2023-10-14
CUST04056,Aarav Agarwal,Male,69,Surat,Delhi,India,Wholesale,2024-05-10
CUST04057,Meera Patel,Female,69,Surat,Delhi,India,Corporate,2020-11-23
CUST04058,Aarav Verma, male ,30,Chennai,Gujarat,India,Retail,2024-08-23
CUST04059,Aarav Kapoor,Female,41,Bangalore,Karnataka,India,Wholesale,2022-10-27
CUST04060,Rahul Patel,Female,66,Bangalore,Karnataka,India,Corporate,2024-05-11
CUST04061,Rahul Gupta,,70,Surat,Telangana,India,Wholesale,2023-03-04
CUST04062,Aditya Desai, male ,30,Delhi,Karnataka,India,Retail,2020-11-12
CUST04063,Vivaan Mehta,Female,67,Ahmedabad,Telangana,India,Retail,2023-03-01
CUST04064,Meera Joshi,FEMALE,41,Mumbai,Tamil Nadu,India,Retail,2024-06-09
CUST04065,Diya Agarwal, male ,62,Pune,Tamil Nadu,India,Retail,2024-06-13
CUST04066,Yash Desai, male ,25,Ahmedabad,Delhi,India,Retail,2025-01-28
CUST04067,Dhruvi Agarwal,,55,Chennai,Karnataka,India,Wholesale,2024-12-23
CUST04068,Kavya Shah, male ,25,Hyderabad,Delhi,India,Wholesale,2021-02-25
CUST04069,Aarav Singh,Male,24,Pune,Tamil Nadu,India,Corporate,2026-01-05
CUST04070,Meera Joshi,,56,Mumbai,Delhi,India,Corporate,2020-05-07
CUST04071,Vivaan Shah,Male,38,Bangalore,Gujarat,India,Corporate,2020-12-26
CUST04072,Priya Shah,Female,46,Chennai,Gujarat,India,Wholesale,2022-05-02
CUST04073,Nidhi Patel,,30,Chennai,Gujarat,India,Retail,2022-08-18
CUST04074,Rohan Kapoor, male ,39,Pune,Delhi,India,Retail,2022-06-03
CUST04075,Yash Kapoor, male ,24,Surat,Gujarat,India,Corporate,2021-11-25
CUST04076,Neha Verma,FEMALE,71,Surat,Gujarat,India,Wholesale,2026-01-01
CUST04077,Priya Patel,FEMALE,30,Pune,Tamil Nadu,India,Wholesale,2024-06-23
CUST04078,Neha Patel, male ,34,Surat,Gujarat,India,Wholesale,2021-10-29
CUST04079,Kavya Patel,,24,Surat,Maharashtra,India,Wholesale,2025-02-03
CUST04080,Rohan Desai,,72,Pune,Telangana,India,Corporate,2023-11-26
CUST04081,Priya Singh,Female,58,Surat,Telangana,India,Corporate,2023-02-24
CUST04082,Riya Agarwal,,60,Ahmedabad,Telangana,India,Corporate,2025-03-18
CUST04083,Yash Kapoor,Male,58,Bangalore,Karnataka,India,Retail,2024-04-25
CUST04084,Neha Mehta,,41,Delhi,Telangana,India,Wholesale,2020-03-02
CUST04085,Aditya Patel,FEMALE,70,Pune,Delhi,India,Corporate,2022-10-09
CUST04086,Meera Kapoor,FEMALE,50,Hyderabad,Gujarat,India,Corporate,2022-07-16
CUST04087,Priya Gupta,Female,21,Chennai,Telangana,India,Corporate,2024-11-12
CUST04088,Neha Gupta,Male,50,Ahmedabad,Telangana,India,Retail,2023-11-05
CUST04089,Meera Verma,Female,63,Bangalore,Telangana,India,Corporate,2021-02-23
CUST04090,Neha Kapoor,Male,29,Pune,Delhi,India,Corporate,2022-06-04
CUST04091,Isha Gupta,Male,33,Bangalore,Telangana,India,Retail,2025-04-05
CUST04092,Ananya Patel,Male,36,Delhi,Karnataka,India,Retail,2023-10-12
CUST04093,Rohan Agarwal, male ,48,Pune,Delhi,India,Wholesale,2022-12-06
CUST04094,Arjun Mehta,Male,43,Chennai,Telangana,India,Corporate,2024-05-14
CUST04095,Aditya Shah, male ,61,Delhi,Maharashtra,India,Corporate,2022-11-28
CUST04096,Dhruvi Agarwal,Male,49,Mumbai,Karnataka,India,Corporate,2023-07-08
CUST04097,Aditya Verma,,37,Mumbai,Delhi,India,Wholesale,2022-08-18
CUST04098,Isha Shah,FEMALE,43,Pune,Delhi,India,Wholesale,2025-05-04
CUST04099,Nidhi Singh,,66,Delhi,Karnataka,India,Retail,2020-03-29
CUST04100,Arjun Mehta,,31,Pune,Maharashtra,India,Corporate,2020-03-21
CUST04101,Isha Kapoor,Male,61,Mumbai,Tamil Nadu,India,Retail,2020-10-22
CUST04102,Neha Shah, male ,23,Pune,Tamil Nadu,India,Corporate,2020-07-08
CUST04103,Neha Shah,Female,28,Pune,Gujarat,India,Retail,2025-01-31
CUST04104,Ananya Gupta,,65,Hyderabad,Maharashtra,India,Wholesale,2020-03-06
CUST04105,Diya Patel, male ,29,Chennai,Gujarat,India,Corporate,2023-04-12
CUST04106,Rahul Shah,Male,44,Ahmedabad,Tamil Nadu,India,Retail,2021-07-31
CUST04107,Nidhi Agarwal,,57,Chennai,Telangana,India,Corporate,2025-11-04
CUST04108,Isha Verma, male ,38,Ahmedabad,Delhi,India,Retail,2024-03-01
CUST04109,Aarav Mehta,,60,Mumbai,Delhi,India,Wholesale,2022-08-17
CUST04110,Dhruvi Singh, male ,21,Ahmedabad,Gujarat,India,Corporate,2020-11-04
CUST04111,Neha Verma,Female,24,Hyderabad,Tamil Nadu,India,Wholesale,2023-05-27
CUST04112,Diya Joshi,Male,27,Ahmedabad,Gujarat,India,Corporate,2021-05-23
CUST04113,Aditya Kapoor,FEMALE,28,Ahmedabad,Telangana,India,Wholesale,2023-04-13
CUST04114,Neha Agarwal,FEMALE,68,Mumbai,Gujarat,India,Wholesale,2023-08-28
CUST04115,Sneha Verma,,23,Hyderabad,Telangana,India,Wholesale,2021-03-13
CUST04116,Isha Mehta,Male,31,Bangalore,Delhi,India,Retail,2025-01-05
CUST04117,Kavya Patel,Male,65,Ahmedabad,Karnataka,India,Wholesale,2024-02-16
CUST04118,Ananya Singh, male ,50,Ahmedabad,Karnataka,India,Wholesale,2025-12-15
CUST04119,Priya Agarwal,,50,Bangalore,Gujarat,India,Retail,2023-08-01
CUST04120,Aditya Joshi,Male,54,Chennai,Gujarat,India,Retail,2024-02-11
CUST04121,Ananya Patel,,39,Delhi,Tamil Nadu,India,Corporate,2021-08-04
CUST04122,Aarav Desai,FEMALE,74,Mumbai,Tamil Nadu,India,Corporate,2025-03-21
CUST04123,Neha Patel,,32,Surat,Gujarat,India,Corporate,2020-10-25
CUST04124,Isha Gupta,,47,Mumbai,Tamil Nadu,India,Retail,2023-05-16
CUST04125,Aarav Agarwal,FEMALE,57,Delhi,Maharashtra,India,Wholesale,2022-01-23
CUST04126,Meera Joshi,Male,36,Delhi,Karnataka,India,Corporate,2021-08-18
CUST04127,Isha Verma, male ,28,Bangalore,Karnataka,India,Corporate,2024-02-06
CUST04128,Vivaan Joshi,Male,25,Delhi,Gujarat,India,Wholesale,2023-09-30
CUST04129,Rahul Agarwal,Female,67,Ahmedabad,Maharashtra,India,Retail,2021-05-26
CUST04130,Aarav Kapoor,,36,Ahmedabad,Delhi,India,Corporate,2024-07-13
CUST04131,Nidhi Mehta, male ,60,Pune,Gujarat,India,Corporate,2025-07-17
CUST04132,Dhruvi Agarwal,,54,Pune,Tamil Nadu,India,Corporate,2021-01-09
CUST04133,Aditya Joshi, male ,22,Ahmedabad,Maharashtra,India,Retail,2024-11-13
CUST04134,Yash Patel, male ,73,Mumbai,Karnataka,India,Wholesale,2022-07-13
CUST04135,Priya Agarwal, male ,48,Surat,Karnataka,India,Wholesale,2020-02-01
CUST04136,Dhruvi Gupta, male ,58,Ahmedabad,Telangana,India,Retail,2025-05-18
CUST04137,Vivaan Gupta,Female,22,Pune,Telangana,India,Wholesale,2020-08-09
CUST04138,Isha Agarwal,,70,Chennai,Karnataka,India,Corporate,2021-03-20
CUST04139,Dhruvi Gupta, male ,28,Hyderabad,Tamil Nadu,India,Wholesale,2025-07-17
CUST04140,Rahul Shah,FEMALE,37,Ahmedabad,Telangana,India,Corporate,2021-02-21
CUST04141,Arjun Joshi,FEMALE,68,Surat,Telangana,India,Corporate,2023-06-25
CUST04142,Isha Shah,,35,Delhi,Gujarat,India,Retail,2021-03-29
CUST04143,Dhruvi Singh,Male,46,Bangalore,Tamil Nadu,India,Retail,2023-08-15
CUST04144,Dhruvi Singh,,46,Surat,Karnataka,India,Retail,2020-12-10
CUST04145,Riya Patel,FEMALE,20,Chennai,Karnataka,India,Corporate,2025-03-28
CUST04146,Yash Gupta,Female,68,Bangalore,Telangana,India,Retail,2025-04-19
CUST04147,Dhruvi Gupta,,49,Ahmedabad,Maharashtra,India,Retail,2022-06-07
CUST04148,Diya Agarwal,Male,53,Pune,Karnataka,India,Retail,2022-06-23
CUST04149,Diya Patel,Female,24,Surat,Telangana,India,Wholesale,2020-04-05
CUST04150,Diya Shah,Female,70,Bangalore,Karnataka,India,Corporate,2023-02-01
CUST04151,Yash Shah,Male,61,Delhi,Tamil Nadu,India,Wholesale,2025-01-14
CUST04152,Meera Gupta,FEMALE,52,Pune,Karnataka,India,Corporate,2025-06-17
CUST04153,Dhruvi Agarwal,,69,Chennai,Gujarat,India,Wholesale,2024-05-28
CUST04154,Priya Verma,,72,Delhi,Telangana,India,Retail,2024-12-20
CUST04155,Sneha Mehta, male ,42,Ahmedabad,Telangana,India,Retail,2024-09-29
CUST04156,Kavya Agarwal,,44,Delhi,Telangana,India,Retail,2020-12-21
CUST04157,Arjun Verma,,30,Mumbai,Delhi,India,Retail,2025-11-16
CUST04158,Diya Agarwal,FEMALE,60,Delhi,Karnataka,India,Retail,2022-11-06
CUST04159,Meera Desai,Female,24,Chennai,Maharashtra,India,Wholesale,2024-12-04
CUST04160,Arjun Verma,FEMALE,29,Ahmedabad,Tamil Nadu,India,Retail,2023-04-06
CUST04161,Isha Singh,FEMALE,52,Hyderabad,Telangana,India,Wholesale,2022-03-27
CUST04162,Arjun Joshi,,20,Bangalore,Delhi,India,Retail,2020-12-20
CUST04163,Ananya Patel,,28,Ahmedabad,Karnataka,India,Corporate,2020-07-14
CUST04164,Priya Joshi,FEMALE,18,Chennai,Tamil Nadu,India,Retail,2021-03-01
CUST04165,Isha Mehta,Female,62,Chennai,Tamil Nadu,India,Wholesale,2021-12-17
CUST04166,Ananya Singh, male ,46,Surat,Delhi,India,Retail,2023-01-31
CUST04167,Neha Desai,,45,Ahmedabad,Karnataka,India,Retail,2025-04-18
CUST04168,Diya Joshi,,26,Pune,Telangana,India,Corporate,2021-05-14
CUST04169,Kavya Verma,Male,57,Hyderabad,Delhi,India,Wholesale,2020-11-27
CUST04170,Riya Shah,,70,Mumbai,Maharashtra,India,Corporate,2020-08-12
CUST04171,Diya Verma,Male,29,Bangalore,Tamil Nadu,India,Retail,2023-04-26
CUST04172,Nidhi Gupta,FEMALE,70,Delhi,Gujarat,India,Retail,2020-03-09
CUST04173,Dhruvi Singh,FEMALE,37,Chennai,Gujarat,India,Retail,2025-07-28
CUST04174,Aarav Desai,FEMALE,18,Mumbai,Karnataka,India,Wholesale,2022-05-13
CUST04175,Priya Agarwal,,21,Chennai,Tamil Nadu,India,Wholesale,2025-12-24
CUST04176,Aditya Gupta,FEMALE,43,Hyderabad,Delhi,India,Wholesale,2021-07-03
CUST04177,Priya Mehta,FEMALE,42,Bangalore,Telangana,India,Corporate,2020-12-15
CUST04178,Meera Patel,Male,38,Delhi,Karnataka,India,Corporate,2025-12-11
CUST04179,Nidhi Verma,,23,Chennai,Maharashtra,India,Retail,2021-12-17
CUST04180,Arjun Shah,Male,57,Mumbai,Karnataka,India,Wholesale,2025-06-10
CUST04181,Yash Shah,,74,Ahmedabad,Delhi,India,Wholesale,2022-03-30
CUST04182,Sneha Kapoor,,32,Bangalore,Karnataka,India,Wholesale,2025-04-15
CUST04183,Rahul Kapoor,,70,Ahmedabad,Maharashtra,India,Wholesale,2025-06-03
CUST04184,Vivaan Kapoor, male ,45,Delhi,Telangana,India,Wholesale,2020-02-06
CUST04185,Riya Patel,FEMALE,24,Pune,Telangana,India,Corporate,2021-03-09
CUST04186,Riya Verma, male ,25,Pune,Karnataka,India,Retail,2020-07-22
CUST04187,Arjun Desai,,66,Ahmedabad,Gujarat,India,Retail,2025-10-06
CUST04188,Ananya Shah,Male,63,Pune,Gujarat,India,Corporate,2025-06-03
CUST04189,Rohan Patel, male ,23,Pune,Tamil Nadu,India,Retail,2025-09-29
CUST04190,Aarav Verma,,67,Hyderabad,Karnataka,India,Wholesale,2024-10-30
CUST04191,Vivaan Desai,Male,70,Chennai,Karnataka,India,Wholesale,2020-08-28
CUST04192,Isha Verma,Male,54,Hyderabad,Gujarat,India,Retail,2022-04-01
CUST04193,Aditya Shah,Female,26,Ahmedabad,Gujarat,India,Retail,2024-03-01
CUST04194,Rohan Gupta,Male,19,Delhi,Tamil Nadu,India,Wholesale,2023-06-25
CUST04195,Nidhi Mehta, male ,33,Chennai,Telangana,India,Retail,2021-08-18
CUST04196,Sneha Kapoor,Female,46,Bangalore,Maharashtra,India,Corporate,2023-12-01
CUST04197,Meera Kapoor,Male,69,Pune,Delhi,India,Wholesale,2023-12-22
CUST04198,Aditya Singh, male ,23,Mumbai,Gujarat,India,Corporate,2025-06-15
CUST04199,Vivaan Kapoor,FEMALE,26,Delhi,Gujarat,India,Corporate,2021-10-25
CUST04200,Sneha Verma,,62,Delhi,Tamil Nadu,India,Wholesale,2023-11-20
CUST04201,Aarav Singh,FEMALE,62,Delhi,Delhi,India,Wholesale,2020-03-09
CUST04202,Meera Gupta,Female,57,Pune,Gujarat,India,Corporate,2025-05-25
CUST04203,Aditya Patel,,73,Delhi,Delhi,India,Retail,2025-11-09
CUST04204,Dhruvi Singh, male ,31,Pune,Maharashtra,India,Corporate,2020-12-17
CUST04205,Nidhi Joshi,Male,53,Delhi,Telangana,India,Wholesale,2021-03-04
CUST04206,Yash Singh,Female,35,Chennai,Maharashtra,India,Corporate,2023-11-19
CUST04207,Dhruvi Agarwal,,53,Bangalore,Delhi,India,Wholesale,2021-01-07
CUST04208,Ananya Mehta, male ,67,Ahmedabad,Maharashtra,India,Wholesale,2021-01-29
CUST04209,Dhruvi Agarwal, male ,56,Ahmedabad,Karnataka,India,Wholesale,2024-09-05
CUST04210,Diya Kapoor,,58,Pune,Gujarat,India,Wholesale,2023-04-25
CUST04211,Rahul Shah,,47,Delhi,Tamil Nadu,India,Wholesale,2024-02-24
CUST04212,Diya Patel,,54,Chennai,Karnataka,India,Corporate,2023-03-18
CUST04213,Rahul Verma,,36,Mumbai,Karnataka,India,Retail,2020-11-06
CUST04214,Vivaan Mehta,FEMALE,52,Bangalore,Telangana,India,Wholesale,2021-10-29
CUST04215,Aarav Gupta,Male,26,Ahmedabad,Delhi,India,Wholesale,2023-11-06
CUST04216,Diya Gupta,Male,24,Surat,Gujarat,India,Retail,2025-05-30
CUST04217,Ananya Agarwal,Female,28,Mumbai,Delhi,India,Retail,2021-02-26
CUST04218,Vivaan Patel,Male,40,Ahmedabad,Tamil Nadu,India,Corporate,2021-01-31
CUST04219,Kavya Patel,,59,Hyderabad,Delhi,India,Retail,2024-05-26
CUST04220,Diya Gupta, male ,72,Chennai,Telangana,India,Wholesale,2022-02-17
CUST04221,Aarav Mehta,Male,70,Mumbai,Gujarat,India,Wholesale,2021-05-08
CUST04222,Ananya Mehta,Male,70,Delhi,Gujarat,India,Wholesale,2020-09-28
CUST04223,Isha Shah,Male,56,Pune,Gujarat,India,Retail,2025-06-06
CUST04224,Sneha Joshi,Female,64,Hyderabad,Gujarat,India,Corporate,2021-12-06
CUST04225,Isha Shah, male ,56,Delhi,Delhi,India,Retail,2020-09-25
CUST04226,Aditya Singh,,43,Ahmedabad,Karnataka,India,Wholesale,2020-09-05
CUST04227,Isha Shah,,18,Delhi,Delhi,India,Corporate,2025-03-24
CUST04228,Sneha Desai, male ,26,Delhi,Maharashtra,India,Corporate,2021-12-23
CUST04229,Yash Singh,FEMALE,57,Chennai,Maharashtra,India,Wholesale,2025-04-25
CUST04230,Vivaan Mehta,Male,72,Ahmedabad,Telangana,India,Retail,2023-11-28
CUST04231,Kavya Joshi,FEMALE,32,Chennai,Gujarat,India,Corporate,2023-03-01
CUST04232,Sneha Gupta,Male,68,Bangalore,Tamil Nadu,India,Wholesale,2025-01-08
CUST04233,Diya Verma,FEMALE,31,Mumbai,Maharashtra,India,Corporate,2023-11-29
CUST04234,Arjun Joshi, male ,46,Surat,Delhi,India,Retail,2022-05-23
CUST04235,Diya Shah,Female,38,Surat,Telangana,India,Corporate,2020-06-08
CUST04236,Dhruvi Singh,Female,52,Pune,Tamil Nadu,India,Retail,2023-02-23
CUST04237,Riya Joshi,,38,Ahmedabad,Telangana,India,Retail,2024-08-24
CUST04238,Diya Gupta,FEMALE,32,Delhi,Delhi,India,Wholesale,2023-07-11
CUST04239,Isha Joshi,,38,Mumbai,Telangana,India,Retail,2025-12-27
CUST04240,Aarav Gupta,Male,74,Ahmedabad,Telangana,India,Wholesale,2023-11-01
CUST04241,Dhruvi Desai,,20,Mumbai,Gujarat,India,Corporate,2020-10-30
CUST04242,Nidhi Verma,FEMALE,72,Chennai,Gujarat,India,Wholesale,2020-07-25
CUST04243,Meera Agarwal,FEMALE,36,Hyderabad,Maharashtra,India,Retail,2020-07-09
CUST04244,Arjun Shah,FEMALE,30,Ahmedabad,Delhi,India,Wholesale,2024-09-12
CUST04245,Isha Verma,Male,31,Bangalore,Maharashtra,India,Retail,2020-07-05
CUST04246,Aarav Singh,,51,Pune,Delhi,India,Retail,2024-08-27
CUST04247,Nidhi Gupta,,21,Ahmedabad,Maharashtra,India,Corporate,2024-02-29
CUST04248,Rohan Verma,,34,Hyderabad,Tamil Nadu,India,Corporate,2022-09-20
CUST04249,Nidhi Verma,,59,Surat,Delhi,India,Wholesale,2023-07-23
CUST04250,Diya Shah,,62,Delhi,Telangana,India,Wholesale,2024-04-08
CUST04251,Neha Mehta,,28,Delhi,Delhi,India,Retail,2024-11-02
CUST04252,Meera Verma,,26,Mumbai,Gujarat,India,Retail,2025-03-07
CUST04253,Meera Desai, male ,74,Ahmedabad,Maharashtra,India,Retail,2020-03-10
CUST04254,Aarav Shah, male ,49,Mumbai,Karnataka,India,Corporate,2021-03-17
CUST04255,Aarav Gupta,,32,Pune,Tamil Nadu,India,Corporate,2025-10-20
CUST04256,Dhruvi Mehta,FEMALE,18,Chennai,Delhi,India,Wholesale,2023-11-27
CUST04257,Yash Shah,Female,65,Chennai,Karnataka,India,Wholesale,2025-07-10
CUST04258,Kavya Kapoor,Female,65,Delhi,Gujarat,India,Retail,2024-08-03
CUST04259,Sneha Gupta, male ,48,Chennai,Karnataka,India,Wholesale,2025-10-20
CUST04260,Arjun Agarwal,Male,72,Bangalore,Telangana,India,Retail,2024-11-01
CUST04261,Ananya Singh,Male,45,Mumbai,Karnataka,India,Corporate,2024-11-10
CUST04262,Vivaan Shah,,22,Delhi,Gujarat,India,Wholesale,2025-07-02
CUST04263,Riya Patel, male ,57,Ahmedabad,Maharashtra,India,Corporate,2024-09-04
CUST04264,Rahul Kapoor,FEMALE,51,Chennai,Karnataka,India,Retail,2021-09-10
CUST04265,Priya Singh,Male,47,Chennai,Delhi,India,Retail,2022-01-22
CUST04266,Nidhi Joshi,,47,Bangalore,Karnataka,India,Retail,2021-05-29
CUST04267,Neha Mehta,FEMALE,39,Ahmedabad,Tamil Nadu,India,Wholesale,2021-04-12
CUST04268,Isha Gupta,,50,Surat,Maharashtra,India,Corporate,2022-05-12
CUST04269,Riya Patel, male ,21,Chennai,Delhi,India,Wholesale,2024-07-25
CUST04270,Neha Agarwal,Female,37,Bangalore,Karnataka,India,Retail,2024-02-11
CUST04271,Neha Gupta,,29,Chennai,Maharashtra,India,Retail,2023-05-30
CUST04272,Sneha Gupta, male ,50,Pune,Gujarat,India,Wholesale,2022-08-23
CUST04273,Ananya Joshi,,26,Mumbai,Karnataka,India,Retail,2022-03-01
CUST04274,Nidhi Mehta,Male,23,Bangalore,Tamil Nadu,India,Retail,2021-03-08
CUST04275,Rohan Agarwal,,19,Bangalore,Tamil Nadu,India,Wholesale,2025-11-09
CUST04276,Nidhi Gupta,,65,Delhi,Karnataka,India,Wholesale,2024-07-31
CUST04277,Sneha Kapoor,FEMALE,51,Bangalore,Gujarat,India,Retail,2020-03-05
CUST04278,Ananya Shah,FEMALE,64,Surat,Maharashtra,India,Corporate,2022-06-11
CUST04279,Rohan Mehta,Female,35,Hyderabad,Karnataka,India,Corporate,2024-09-01
CUST04280,Vivaan Verma,Male,30,Delhi,Telangana,India,Wholesale,2022-11-16
CUST04281,Meera Shah,,69,Pune,Tamil Nadu,India,Retail,2022-03-23
CUST04282,Kavya Joshi,,54,Pune,Karnataka,India,Corporate,2024-05-18
CUST04283,Aditya Verma,Female,25,Ahmedabad,Tamil Nadu,India,Retail,2022-03-31
CUST04284,Rohan Kapoor,Female,26,Mumbai,Tamil Nadu,India,Retail,2023-09-24
CUST04285,Vivaan Patel,FEMALE,31,Pune,Karnataka,India,Retail,2021-08-12
CUST04286,Ananya Shah,,50,Hyderabad,Karnataka,India,Retail,2025-04-12
CUST04287,Neha Verma,Female,31,Pune,Karnataka,India,Wholesale,2023-06-15
CUST04288,Ananya Gupta,Female,68,Pune,Maharashtra,India,Retail,2020-10-31
CUST04289,Isha Singh,,25,Chennai,Delhi,India,Retail,2021-10-25
CUST04290,Rohan Mehta,FEMALE,50,Chennai,Maharashtra,India,Retail,2023-05-03
CUST04291,Vivaan Gupta,,69,Surat,Tamil Nadu,India,Corporate,2022-09-30
CUST04292,Kavya Shah,,55,Delhi,Delhi,India,Retail,2025-01-21
CUST04293,Nidhi Singh,FEMALE,29,Pune,Gujarat,India,Retail,2024-12-02
CUST04294,Neha Agarwal, male ,27,Pune,Tamil Nadu,India,Wholesale,2023-02-10
CUST04295,Yash Agarwal,,25,Surat,Karnataka,India,Retail,2020-01-24
CUST04296,Riya Patel,Male,60,Pune,Maharashtra,India,Retail,2024-02-13
CUST04297,Diya Patel,FEMALE,37,Delhi,Delhi,India,Wholesale,2023-02-08
CUST04298,Priya Agarwal, male ,28,Ahmedabad,Karnataka,India,Wholesale,2020-08-12
CUST04299,Ananya Patel,Female,33,Chennai,Delhi,India,Corporate,2022-05-06
CUST04300,Rahul Patel,Female,49,Delhi,Tamil Nadu,India,Retail,2020-04-22
CUST04301,Sneha Desai,,57,Mumbai,Tamil Nadu,India,Retail,2022-08-13
CUST04302,Kavya Verma,FEMALE,20,Hyderabad,Tamil Nadu,India,Retail,2020-07-08
CUST04303,Riya Agarwal,,52,Delhi,Telangana,India,Retail,2021-04-08
CUST04304,Priya Verma,Female,30,Bangalore,Telangana,India,Corporate,2022-02-19
CUST04305,Riya Agarwal,FEMALE,66,Chennai,Karnataka,India,Retail,2020-06-30
CUST04306,Ananya Desai,,72,Mumbai,Maharashtra,India,Wholesale,2022-02-23
CUST04307,Dhruvi Desai,Male,19,Mumbai,Maharashtra,India,Retail,2021-09-02
CUST04308,Aditya Verma,Female,23,Hyderabad,Karnataka,India,Retail,2022-02-23
CUST04309,Nidhi Patel,,28,Surat,Tamil Nadu,India,Retail,2025-01-13
CUST04310,Priya Joshi,Male,60,Mumbai,Tamil Nadu,India,Corporate,2020-06-08
CUST04311,Arjun Mehta,FEMALE,64,Bangalore,Karnataka,India,Retail,2021-09-20
CUST04312,Dhruvi Mehta,,63,Hyderabad,Telangana,India,Corporate,2023-11-30
CUST04313,Aditya Kapoor,,48,Bangalore,Maharashtra,India,Retail,2022-03-12
CUST04314,Rahul Agarwal,Female,71,Pune,Gujarat,India,Wholesale,2025-10-13
CUST04315,Arjun Verma,,65,Delhi,Telangana,India,Retail,2025-03-23
CUST04316,Rahul Agarwal,FEMALE,46,Chennai,Delhi,India,Retail,2020-11-06
CUST04317,Nidhi Verma,Male,57,Ahmedabad,Gujarat,India,Retail,2023-12-14
CUST04318,Diya Verma,,46,Bangalore,Tamil Nadu,India,Wholesale,2022-07-16
CUST04319,Dhruvi Singh,Female,68,Pune,Gujarat,India,Retail,2021-03-24
CUST04320,Yash Joshi,,64,Pune,Telangana,India,Retail,2021-02-25
CUST04321,Rohan Agarwal,,61,Ahmedabad,Telangana,India,Corporate,2023-05-17
CUST04322,Meera Gupta, male ,66,Delhi,Telangana,India,Retail,2022-10-03
CUST04323,Arjun Verma,FEMALE,65,Hyderabad,Telangana,India,Corporate,2020-10-25
CUST04324,Yash Singh,FEMALE,68,Ahmedabad,Gujarat,India,Retail,2023-06-27
CUST04325,Ananya Mehta,FEMALE,51,Mumbai,Karnataka,India,Corporate,2023-10-08
CUST04326,Yash Desai,Female,27,Hyderabad,Tamil Nadu,India,Corporate,2023-02-07
CUST04327,Rohan Mehta,FEMALE,59,Pune,Maharashtra,India,Corporate,2023-12-12
CUST04328,Arjun Patel,,59,Hyderabad,Gujarat,India,Retail,2020-12-29
CUST04329,Isha Gupta,,45,Pune,Karnataka,India,Wholesale,2022-01-05
CUST04330,Rahul Shah,,66,Surat,Tamil Nadu,India,Corporate,2023-10-18
CUST04331,Kavya Agarwal,,24,Ahmedabad,Karnataka,India,Corporate,2021-04-29
CUST04332,Kavya Verma,FEMALE,52,Delhi,Telangana,India,Retail,2022-10-04
CUST04333,Diya Joshi,FEMALE,20,Delhi,Tamil Nadu,India,Retail,2021-09-01
CUST04334,Arjun Singh, male ,36,Bangalore,Tamil Nadu,India,Wholesale,2021-07-21
CUST04335,Isha Kapoor,Female,21,Mumbai,Telangana,India,Corporate,2023-07-06
CUST04336,Rohan Verma,,37,Mumbai,Delhi,India,Corporate,2025-07-14
CUST04337,Dhruvi Mehta,Male,34,Delhi,Maharashtra,India,Corporate,2021-08-29
CUST04338,Vivaan Verma,FEMALE,72,Pune,Telangana,India,Wholesale,2025-05-14
CUST04339,Aarav Agarwal,Male,30,Surat,Telangana,India,Retail,2024-08-05
CUST04340,Meera Singh,,63,Pune,Maharashtra,India,Corporate,2020-08-29
CUST04341,Ananya Kapoor,Male,24,Bangalore,Delhi,India,Corporate,2023-08-30
CUST04342,Isha Verma,,29,Mumbai,Tamil Nadu,India,Wholesale,2021-12-18
CUST04343,Aarav Desai,FEMALE,68,Bangalore,Karnataka,India,Corporate,2021-10-30
CUST04344,Priya Singh,Male,36,Chennai,Gujarat,India,Corporate,2024-01-30
CUST04345,Aarav Shah,,23,Ahmedabad,Tamil Nadu,India,Retail,2025-06-01
CUST04346,Kavya Desai,,25,Bangalore,Gujarat,India,Wholesale,2023-02-19
CUST04347,Aditya Patel,,38,Mumbai,Delhi,India,Retail,2020-07-25
CUST04348,Ananya Shah, male ,29,Surat,Delhi,India,Retail,2025-02-21
CUST04349,Sneha Shah,Female,66,Surat,Karnataka,India,Retail,2025-10-17
CUST04350,Ananya Patel, male ,47,Chennai,Delhi,India,Retail,2025-01-26
CUST04351,Meera Patel,,18,Mumbai,Tamil Nadu,India,Wholesale,2021-06-19
CUST04352,Aarav Joshi, male ,37,Ahmedabad,Tamil Nadu,India,Wholesale,2020-02-03
CUST04353,Arjun Mehta,Male,23,Bangalore,Maharashtra,India,Wholesale,2021-12-16
CUST04354,Dhruvi Gupta,,41,Chennai,Karnataka,India,Corporate,2024-01-20
CUST04355,Yash Singh,Male,22,Bangalore,Maharashtra,India,Wholesale,2025-04-08
CUST04356,Dhruvi Patel,Male,65,Chennai,Telangana,India,Wholesale,2025-02-21
CUST04357,Nidhi Shah, male ,66,Delhi,Gujarat,India,Wholesale,2025-06-26
CUST04358,Aarav Shah, male ,49,Bangalore,Maharashtra,India,Wholesale,2022-03-31
CUST04359,Neha Joshi,Male,59,Hyderabad,Tamil Nadu,India,Wholesale,2023-09-13
CUST04360,Vivaan Mehta,,37,Hyderabad,Gujarat,India,Retail,2024-07-13
CUST04361,Neha Joshi,,29,Mumbai,Tamil Nadu,India,Wholesale,2025-04-03
CUST04362,Aditya Desai,FEMALE,24,Ahmedabad,Gujarat,India,Retail,2025-02-28
CUST04363,Nidhi Agarwal,Female,25,Pune,Telangana,India,Corporate,2022-11-08
CUST04364,Arjun Gupta,,31,Delhi,Gujarat,India,Corporate,2022-03-14
CUST04365,Arjun Agarwal,Male,22,Chennai,Delhi,India,Wholesale,2025-06-10
CUST04366,Meera Singh,,34,Hyderabad,Maharashtra,India,Wholesale,2022-08-28
CUST04367,Neha Gupta,,44,Pune,Gujarat,India,Retail,2025-04-28
CUST04368,Neha Desai,,43,Ahmedabad,Karnataka,India,Wholesale,2022-02-01
CUST04369,Priya Mehta,,46,Pune,Gujarat,India,Corporate,2021-12-04
CUST04370,Priya Agarwal, male ,32,Chennai,Maharashtra,India,Wholesale,2020-10-07
CUST04371,Neha Gupta,FEMALE,43,Ahmedabad,Telangana,India,Corporate,2020-04-30
CUST04372,Rohan Patel,FEMALE,50,Surat,Telangana,India,Wholesale,2020-02-14
CUST04373,Rohan Agarwal,Female,70,Mumbai,Maharashtra,India,Corporate,2023-06-04
CUST04374,Priya Agarwal,,46,Pune,Telangana,India,Corporate,2020-08-17
CUST04375,Vivaan Mehta, male ,39,Delhi,Gujarat,India,Retail,2024-07-06
CUST04376,Dhruvi Patel,FEMALE,64,Hyderabad,Telangana,India,Wholesale,2022-06-10
CUST04377,Meera Agarwal,FEMALE,28,Mumbai,Gujarat,India,Wholesale,2020-09-27
CUST04378,Sneha Shah,Female,24,Surat,Telangana,India,Wholesale,2023-10-18
CUST04379,Arjun Gupta,Female,20,Mumbai,Gujarat,India,Wholesale,2024-12-29
CUST04380,Aarav Singh,,53,Ahmedabad,Karnataka,India,Wholesale,2022-08-12
CUST04381,Rohan Agarwal,FEMALE,39,Bangalore,Delhi,India,Retail,2020-11-22
CUST04382,Dhruvi Joshi, male ,34,Mumbai,Tamil Nadu,India,Corporate,2024-09-23
CUST04383,Ananya Mehta,,72,Pune,Delhi,India,Wholesale,2024-03-05
CUST04384,Sneha Kapoor,Male,33,Ahmedabad,Karnataka,India,Corporate,2024-12-27
CUST04385,Ananya Verma,,36,Pune,Maharashtra,India,Corporate,2021-08-22
CUST04386,Priya Gupta,,37,Bangalore,Tamil Nadu,India,Retail,2024-03-22
CUST04387,Dhruvi Joshi,FEMALE,70,Ahmedabad,Maharashtra,India,Retail,2025-10-02
CUST04388,Aditya Shah,Female,23,Bangalore,Gujarat,India,Corporate,2024-06-08
CUST04389,Meera Mehta, male ,23,Ahmedabad,Gujarat,India,Retail,2023-03-30
CUST04390,Aditya Singh,Female,40,Mumbai,Telangana,India,Corporate,2021-03-17
CUST04391,Kavya Shah,Male,22,Mumbai,Delhi,India,Wholesale,2023-04-28
CUST04392,Nidhi Gupta,Male,73,Chennai,Delhi,India,Corporate,2022-01-20
CUST04393,Rahul Verma,Male,61,Hyderabad,Tamil Nadu,India,Retail,2025-07-05
CUST04394,Dhruvi Joshi, male ,22,Ahmedabad,Maharashtra,India,Retail,2023-06-17
CUST04395,Dhruvi Mehta,,68,Delhi,Gujarat,India,Wholesale,2025-10-24
CUST04396,Aditya Kapoor,FEMALE,36,Hyderabad,Karnataka,India,Wholesale,2022-05-09
CUST04397,Rahul Verma,FEMALE,22,Mumbai,Tamil Nadu,India,Retail,2021-09-13
CUST04398,Nidhi Patel,FEMALE,49,Hyderabad,Maharashtra,India,Wholesale,2025-11-14
CUST04399,Kavya Shah,Male,22,Hyderabad,Maharashtra,India,Retail,2025-01-09
CUST04400,Ananya Agarwal,Female,56,Hyderabad,Karnataka,India,Retail,2025-01-10
CUST04401,Vivaan Agarwal,Female,28,Mumbai,Gujarat,India,Retail,2025-02-11
CUST04402,Kavya Agarwal,,55,Ahmedabad,Delhi,India,Retail,2023-06-29
CUST04403,Ananya Desai,Female,47,Bangalore,Gujarat,India,Wholesale,2025-01-21
CUST04404,Kavya Gupta,Male,34,Pune,Tamil Nadu,India,Wholesale,2021-06-08
CUST04405,Nidhi Gupta,,52,Hyderabad,Delhi,India,Corporate,2025-06-29
CUST04406,Arjun Verma,,38,Hyderabad,Karnataka,India,Corporate,2021-02-20
CUST04407,Meera Desai,,24,Pune,Maharashtra,India,Retail,2020-03-09
CUST04408,Priya Desai,Female,32,Ahmedabad,Tamil Nadu,India,Wholesale,2025-03-20
CUST04409,Aarav Mehta,FEMALE,29,Hyderabad,Delhi,India,Retail,2025-06-03
CUST04410,Aarav Gupta,,52,Surat,Telangana,India,Corporate,2022-03-01
CUST04411,Isha Joshi, male ,44,Bangalore,Gujarat,India,Retail,2021-05-01
CUST04412,Arjun Gupta,FEMALE,33,Mumbai,Telangana,India,Retail,2023-01-13
CUST04413,Riya Kapoor,Female,57,Mumbai,Maharashtra,India,Retail,2024-03-16
CUST04414,Yash Singh,FEMALE,26,Surat,Karnataka,India,Retail,2023-03-15
CUST04415,Dhruvi Shah,Female,24,Mumbai,Tamil Nadu,India,Wholesale,2023-04-27
CUST04416,Isha Shah,Male,55,Pune,Gujarat,India,Wholesale,2023-05-02
CUST04417,Diya Singh,,59,Ahmedabad,Karnataka,India,Corporate,2020-07-26
CUST04418,Priya Kapoor, male ,62,Delhi,Gujarat,India,Wholesale,2024-09-13
CUST04419,Rahul Desai,FEMALE,59,Delhi,Maharashtra,India,Wholesale,2022-06-01
CUST04420,Yash Kapoor,,40,Surat,Tamil Nadu,India,Retail,2023-06-02
CUST04421,Vivaan Gupta,FEMALE,22,Ahmedabad,Gujarat,India,Retail,2025-12-23
CUST04422,Dhruvi Shah,FEMALE,51,Hyderabad,Gujarat,India,Wholesale,2024-10-27
CUST04423,Arjun Singh,,55,Bangalore,Karnataka,India,Corporate,2025-04-04
CUST04424,Aarav Verma, male ,70,Chennai,Gujarat,India,Retail,2020-07-09
CUST04425,Arjun Verma,FEMALE,73,Surat,Karnataka,India,Retail,2022-06-14
CUST04426,Aarav Gupta,,22,Mumbai,Telangana,India,Wholesale,2025-04-01
CUST04427,Isha Singh,Male,52,Ahmedabad,Karnataka,India,Retail,2021-06-26
CUST04428,Vivaan Patel, male ,44,Surat,Telangana,India,Wholesale,2021-07-16
CUST04429,Nidhi Gupta,,28,Chennai,Tamil Nadu,India,Wholesale,2020-06-29
CUST04430,Aditya Desai,Male,20,Hyderabad,Karnataka,India,Wholesale,2020-07-13
CUST04431,Priya Shah,FEMALE,19,Hyderabad,Delhi,India,Corporate,2025-12-29
CUST04432,Dhruvi Singh,Male,62,Hyderabad,Gujarat,India,Wholesale,2025-07-20
CUST04433,Nidhi Shah,FEMALE,60,Hyderabad,Tamil Nadu,India,Retail,2020-05-12
CUST04434,Ananya Mehta,,52,Mumbai,Delhi,India,Wholesale,2024-12-17
CUST04435,Ananya Gupta, male ,67,Ahmedabad,Telangana,India,Corporate,2022-02-23
CUST04436,Aarav Patel,,59,Delhi,Delhi,India,Corporate,2021-03-04
CUST04437,Meera Desai,Female,40,Bangalore,Maharashtra,India,Retail,2023-04-09
CUST04438,Nidhi Joshi,,57,Bangalore,Karnataka,India,Retail,2024-07-13
CUST04439,Meera Shah,Female,39,Pune,Tamil Nadu,India,Wholesale,2022-01-06
CUST04440,Riya Patel,,40,Surat,Karnataka,India,Wholesale,2023-08-29
CUST04441,Rahul Mehta,Female,48,Bangalore,Delhi,India,Wholesale,2020-01-14
CUST04442,Riya Joshi,Male,57,Delhi,Gujarat,India,Wholesale,2022-07-14
CUST04443,Aditya Agarwal,,63,Ahmedabad,Karnataka,India,Retail,2022-06-15
CUST04444,Sneha Desai,,19,Delhi,Delhi,India,Corporate,2022-04-09
CUST04445,Sneha Mehta,,19,Hyderabad,Gujarat,India,Corporate,2025-07-09
CUST04446,Aditya Shah,,25,Ahmedabad,Telangana,India,Retail,2023-10-17
CUST04447,Aditya Gupta, male ,25,Delhi,Tamil Nadu,India,Retail,2020-11-27
CUST04448,Diya Gupta,Female,49,Mumbai,Telangana,India,Retail,2025-03-29
CUST04449,Nidhi Gupta, male ,30,Bangalore,Tamil Nadu,India,Wholesale,2021-05-25
CUST04450,Kavya Shah,Male,22,Surat,Karnataka,India,Corporate,2025-11-01
CUST04451,Nidhi Agarwal,FEMALE,54,Pune,Gujarat,India,Corporate,2025-01-28
CUST04452,Sneha Patel,Female,55,Chennai,Gujarat,India,Retail,2020-12-14
CUST04453,Dhruvi Gupta,,54,Hyderabad,Maharashtra,India,Retail,2021-04-29
CUST04454,Aarav Singh,FEMALE,74,Mumbai,Maharashtra,India,Retail,2021-12-10
CUST04455,Aarav Verma,Male,54,Mumbai,Delhi,India,Wholesale,2025-02-07
CUST04456,Arjun Desai,,27,Surat,Karnataka,India,Corporate,2020-07-23
CUST04457,Nidhi Joshi, male ,49,Ahmedabad,Telangana,India,Retail,2020-12-13
CUST04458,Isha Gupta,Female,73,Ahmedabad,Karnataka,India,Wholesale,2020-02-27
CUST04459,Nidhi Mehta,,47,Surat,Delhi,India,Wholesale,2023-12-17
CUST04460,Sneha Mehta,,37,Delhi,Karnataka,India,Retail,2025-03-07
CUST04461,Dhruvi Mehta,Female,57,Chennai,Maharashtra,India,Retail,2023-06-12
CUST04462,Riya Mehta,,34,Bangalore,Maharashtra,India,Corporate,2022-02-06
CUST04463,Neha Kapoor,FEMALE,51,Chennai,Tamil Nadu,India,Wholesale,2020-10-11
CUST04464,Nidhi Kapoor,FEMALE,37,Pune,Gujarat,India,Retail,2023-04-25
CUST04465,Rahul Kapoor, male ,74,Surat,Karnataka,India,Retail,2021-03-07
CUST04466,Isha Desai, male ,56,Ahmedabad,Maharashtra,India,Corporate,2025-09-28
CUST04467,Nidhi Desai,FEMALE,30,Delhi,Delhi,India,Wholesale,2022-04-24
CUST04468,Yash Patel,Male,44,Surat,Gujarat,India,Corporate,2020-05-24
CUST04469,Sneha Desai,Female,73,Ahmedabad,Delhi,India,Wholesale,2024-04-22
CUST04470,Isha Patel,Female,66,Chennai,Maharashtra,India,Wholesale,2021-09-27
CUST04471,Aarav Patel,,73,Chennai,Maharashtra,India,Retail,2022-04-26
CUST04472,Riya Kapoor,,35,Delhi,Delhi,India,Wholesale,2021-05-22
CUST04473,Dhruvi Gupta,Male,31,Surat,Karnataka,India,Corporate,2024-03-25
CUST04474,Rahul Patel,Female,72,Bangalore,Tamil Nadu,India,Corporate,2024-05-26
CUST04475,Isha Verma,,66,Hyderabad,Tamil Nadu,India,Corporate,2021-09-07
CUST04476,Aditya Shah,,18,Delhi,Delhi,India,Retail,2024-11-27
CUST04477,Priya Shah,Male,46,Bangalore,Telangana,India,Corporate,2020-03-30
CUST04478,Isha Shah,Female,36,Mumbai,Gujarat,India,Retail,2021-08-13
CUST04479,Dhruvi Kapoor,Male,44,Hyderabad,Gujarat,India,Wholesale,2024-07-01
CUST04480,Vivaan Agarwal,Female,70,Chennai,Gujarat,India,Corporate,2023-11-22
CUST04481,Yash Singh,Female,27,Pune,Delhi,India,Corporate,2021-03-28
CUST04482,Riya Mehta,,60,Ahmedabad,Gujarat,India,Wholesale,2022-08-01
CUST04483,Sneha Verma,,41,Mumbai,Delhi,India,Corporate,2025-02-03
CUST04484,Arjun Gupta,,53,Pune,Gujarat,India,Wholesale,2020-07-16
CUST04485,Aditya Agarwal, male ,36,Mumbai,Tamil Nadu,India,Wholesale,2023-02-04
CUST04486,Ananya Joshi,Male,70,Mumbai,Delhi,India,Corporate,2021-02-24
CUST04487,Isha Mehta,FEMALE,73,Bangalore,Telangana,India,Wholesale,2024-04-10
CUST04488,Arjun Patel,FEMALE,27,Surat,Delhi,India,Wholesale,2024-08-19
CUST04489,Aarav Kapoor, male ,51,Bangalore,Delhi,India,Retail,2022-11-11
CUST04490,Riya Patel,Male,41,Surat,Karnataka,India,Retail,2021-08-07
CUST04491,Aditya Joshi,,58,Pune,Delhi,India,Wholesale,2024-04-10
CUST04492,Rohan Shah,Female,59,Delhi,Delhi,India,Retail,2022-09-07
CUST04493,Aarav Kapoor,,39,Chennai,Karnataka,India,Retail,2022-06-16
CUST04494,Meera Gupta,Male,58,Pune,Telangana,India,Corporate,2021-04-22
CUST04495,Rahul Singh,,48,Chennai,Gujarat,India,Retail,2024-12-14
CUST04496,Neha Gupta,Female,39,Ahmedabad,Delhi,India,Retail,2024-09-29
CUST04497,Nidhi Kapoor,,45,Delhi,Telangana,India,Retail,2022-11-11
CUST04498,Rohan Gupta,FEMALE,31,Ahmedabad,Tamil Nadu,India,Retail,2021-05-07
CUST04499,Rohan Mehta,Male,50,Mumbai,Telangana,India,Retail,2025-02-19
CUST04500,Sneha Singh,,74,Chennai,Delhi,India,Corporate,2025-04-09
CUST04501,Ananya Mehta, male ,42,Bangalore,Maharashtra,India,Retail,2023-05-19
CUST04502,Meera Mehta,Male,22,Bangalore,Maharashtra,India,Corporate,2020-06-22
CUST04503,Riya Mehta,FEMALE,24,Ahmedabad,Telangana,India,Wholesale,2020-08-01
CUST04504,Diya Agarwal,FEMALE,66,Pune,Tamil Nadu,India,Corporate,2025-06-02
CUST04505,Nidhi Gupta,FEMALE,66,Delhi,Telangana,India,Wholesale,2025-09-23
CUST04506,Aarav Kapoor,Male,29,Ahmedabad,Delhi,India,Wholesale,2020-06-02
CUST04507,Isha Joshi,,67,Bangalore,Maharashtra,India,Corporate,2022-01-10
CUST04508,Dhruvi Agarwal,,59,Delhi,Delhi,India,Retail,2025-01-22
CUST04509,Arjun Desai,,39,Pune,Gujarat,India,Wholesale,2022-03-16
CUST04510,Ananya Verma,,39,Mumbai,Karnataka,India,Retail,2021-02-22
CUST04511,Rohan Gupta, male ,61,Bangalore,Maharashtra,India,Retail,2024-06-23
CUST04512,Ananya Singh,,66,Ahmedabad,Tamil Nadu,India,Corporate,2023-10-28
CUST04513,Isha Verma,Female,24,Pune,Maharashtra,India,Corporate,2025-10-04
CUST04514,Priya Gupta,,68,Ahmedabad,Telangana,India,Retail,2022-09-29
CUST04515,Aditya Singh, male ,29,Chennai,Telangana,India,Wholesale,2024-12-15
CUST04516,Meera Desai,Male,58,Mumbai,Karnataka,India,Corporate,2025-05-02
CUST04517,Vivaan Desai,,58,Delhi,Karnataka,India,Wholesale,2026-01-03
CUST04518,Priya Shah, male ,40,Chennai,Telangana,India,Retail,2023-10-23
CUST04519,Diya Desai,,27,Bangalore,Delhi,India,Corporate,2025-04-11
CUST04520,Meera Gupta,,69,Hyderabad,Tamil Nadu,India,Corporate,2024-10-07
CUST04521,Aditya Shah,,44,Bangalore,Maharashtra,India,Retail,2020-04-08
CUST04522,Diya Verma,Male,47,Chennai,Maharashtra,India,Wholesale,2025-09-27
CUST04523,Isha Verma,,35,Delhi,Tamil Nadu,India,Corporate,2024-11-24
CUST04524,Rahul Kapoor,Female,25,Mumbai,Telangana,India,Wholesale,2025-11-17
CUST04525,Riya Mehta,,53,Surat,Delhi,India,Retail,2021-10-31
CUST04526,Kavya Patel,FEMALE,63,Surat,Gujarat,India,Wholesale,2024-02-20
CUST04527,Priya Mehta, male ,74,Bangalore,Karnataka,India,Corporate,2022-06-26
CUST04528,Isha Agarwal,Male,66,Ahmedabad,Tamil Nadu,India,Wholesale,2020-11-22
CUST04529,Isha Verma, male ,63,Chennai,Tamil Nadu,India,Retail,2021-10-13
CUST04530,Yash Mehta,FEMALE,25,Delhi,Telangana,India,Retail,2022-03-31
CUST04531,Vivaan Agarwal,,54,Chennai,Gujarat,India,Corporate,2024-06-15
CUST04532,Aarav Kapoor,Male,29,Hyderabad,Gujarat,India,Wholesale,2022-08-03
CUST04533,Ananya Desai,,23,Delhi,Tamil Nadu,India,Corporate,2021-07-11
CUST04534,Sneha Verma,FEMALE,22,Mumbai,Tamil Nadu,India,Retail,2024-03-07
CUST04535,Ananya Joshi,,48,Mumbai,Tamil Nadu,India,Retail,2024-10-17
CUST04536,Isha Gupta,,71,Delhi,Delhi,India,Wholesale,2024-12-16
CUST04537,Isha Desai, male ,42,Ahmedabad,Telangana,India,Wholesale,2022-12-24
CUST04538,Aarav Singh,Female,72,Mumbai,Karnataka,India,Retail,2022-01-24
CUST04539,Neha Patel,,40,Bangalore,Maharashtra,India,Wholesale,2020-07-10
CUST04540,Rahul Desai,FEMALE,62,Delhi,Gujarat,India,Retail,2023-12-20
CUST04541,Aditya Kapoor,,67,Chennai,Maharashtra,India,Retail,2022-11-26
CUST04542,Aarav Patel,,18,Chennai,Delhi,India,Wholesale,2025-06-26
CUST04543,Priya Verma,Male,40,Ahmedabad,Tamil Nadu,India,Wholesale,2024-03-12
CUST04544,Vivaan Gupta,,31,Hyderabad,Delhi,India,Wholesale,2022-10-06
CUST04545,Rohan Singh,Female,51,Chennai,Karnataka,India,Retail,2020-01-30
CUST04546,Aarav Shah,FEMALE,67,Delhi,Gujarat,India,Wholesale,2024-06-23
CUST04547,Rahul Kapoor,,44,Mumbai,Maharashtra,India,Corporate,2025-06-12
CUST04548,Aditya Verma,Male,57,Delhi,Karnataka,India,Retail,2024-11-29
CUST04549,Isha Singh,,70,Delhi,Telangana,India,Retail,2021-07-05
CUST04550,Arjun Mehta,,61,Chennai,Delhi,India,Corporate,2023-09-03
CUST04551,Priya Singh,Male,47,Surat,Gujarat,India,Corporate,2021-06-15
CUST04552,Rahul Kapoor, male ,38,Bangalore,Karnataka,India,Wholesale,2024-11-27
CUST04553,Priya Patel,FEMALE,39,Delhi,Delhi,India,Retail,2023-08-16
CUST04554,Yash Kapoor,,49,Mumbai,Karnataka,India,Corporate,2023-12-04
CUST04555,Yash Gupta,,61,Mumbai,Karnataka,India,Retail,2021-08-15
CUST04556,Isha Shah,,71,Surat,Telangana,India,Corporate,2023-07-06
CUST04557,Rohan Verma,FEMALE,61,Pune,Maharashtra,India,Wholesale,2020-10-26
CUST04558,Rohan Singh,,33,Delhi,Tamil Nadu,India,Retail,2025-02-27
CUST04559,Nidhi Agarwal,Female,62,Chennai,Tamil Nadu,India,Retail,2023-07-09
CUST04560,Arjun Gupta,FEMALE,66,Delhi,Telangana,India,Wholesale,2025-07-31
CUST04561,Rohan Shah,,30,Chennai,Telangana,India,Corporate,2023-06-22
CUST04562,Nidhi Gupta, male ,21,Mumbai,Gujarat,India,Retail,2023-05-13
CUST04563,Aditya Desai, male ,42,Mumbai,Gujarat,India,Retail,2024-02-09
CUST04564,Rahul Desai, male ,21,Mumbai,Karnataka,India,Wholesale,2025-09-06
CUST04565,Rohan Joshi, male ,74,Mumbai,Gujarat,India,Retail,2022-05-23
CUST04566,Priya Kapoor,,18,Delhi,Karnataka,India,Corporate,2024-10-30
CUST04567,Sneha Agarwal, male ,71,Bangalore,Gujarat,India,Retail,2025-10-31
CUST04568,Aarav Kapoor,Male,20,Pune,Maharashtra,India,Retail,2024-08-16
CUST04569,Riya Gupta,FEMALE,50,Mumbai,Delhi,India,Corporate,2020-12-12
CUST04570,Rohan Patel,,42,Hyderabad,Tamil Nadu,India,Corporate,2022-07-17
CUST04571,Riya Mehta, male ,38,Ahmedabad,Telangana,India,Retail,2023-07-15
CUST04572,Dhruvi Gupta,,26,Mumbai,Delhi,India,Wholesale,2021-01-12
CUST04573,Sneha Gupta,Male,53,Bangalore,Maharashtra,India,Wholesale,2025-02-17
CUST04574,Kavya Mehta,,50,Pune,Karnataka,India,Corporate,2021-07-03
CUST04575,Diya Verma,FEMALE,48,Ahmedabad,Gujarat,India,Corporate,2025-09-02
CUST04576,Vivaan Joshi,FEMALE,68,Chennai,Telangana,India,Retail,2024-11-21
CUST04577,Priya Shah,Male,31,Surat,Maharashtra,India,Wholesale,2025-09-11
CUST04578,Yash Agarwal,Female,39,Mumbai,Telangana,India,Wholesale,2026-01-01
CUST04579,Aditya Shah, male ,19,Hyderabad,Delhi,India,Retail,2024-08-09
CUST04580,Ananya Desai,,25,Mumbai,Gujarat,India,Wholesale,2020-05-15
CUST04581,Vivaan Kapoor,,39,Pune,Delhi,India,Corporate,2024-12-20
CUST04582,Kavya Mehta,Female,37,Ahmedabad,Karnataka,India,Corporate,2020-06-23
CUST04583,Aditya Patel,Male,31,Delhi,Karnataka,India,Corporate,2025-03-28
CUST04584,Yash Kapoor,,64,Surat,Telangana,India,Wholesale,2022-05-17
CUST04585,Rohan Shah,Male,41,Delhi,Telangana,India,Wholesale,2023-11-27
CUST04586,Aarav Joshi,,39,Pune,Gujarat,India,Wholesale,2025-07-08
CUST04587,Diya Patel,,47,Bangalore,Delhi,India,Corporate,2022-10-13
CUST04588,Kavya Patel,Female,63,Chennai,Gujarat,India,Retail,2022-04-03
CUST04589,Diya Gupta,,23,Mumbai,Maharashtra,India,Wholesale,2021-03-24
CUST04590,Nidhi Verma,FEMALE,30,Ahmedabad,Gujarat,India,Wholesale,2020-04-01
CUST04591,Neha Mehta,Female,42,Mumbai,Karnataka,India,Retail,2021-03-23
CUST04592,Rohan Desai,,23,Mumbai,Tamil Nadu,India,Retail,2021-07-09
CUST04593,Priya Desai,FEMALE,18,Surat,Karnataka,India,Retail,2025-02-08
CUST04594,Meera Gupta, male ,34,Surat,Gujarat,India,Retail,2023-09-07
CUST04595,Isha Patel,Female,65,Chennai,Maharashtra,India,Corporate,2025-05-09
CUST04596,Kavya Gupta,,27,Hyderabad,Delhi,India,Corporate,2025-07-11
CUST04597,Rohan Shah,FEMALE,57,Ahmedabad,Karnataka,India,Corporate,2023-06-11
CUST04598,Priya Patel,Female,44,Pune,Delhi,India,Retail,2022-01-05
CUST04599,Yash Kapoor,Female,64,Hyderabad,Tamil Nadu,India,Wholesale,2025-04-04
CUST04600,Vivaan Kapoor,FEMALE,36,Mumbai,Delhi,India,Retail,2022-11-24
CUST04601,Priya Mehta,Male,33,Ahmedabad,Delhi,India,Corporate,2023-04-29
CUST04602,Sneha Verma, male ,28,Delhi,Tamil Nadu,India,Retail,2022-01-20
CUST04603,Yash Joshi,Male,69,Hyderabad,Karnataka,India,Corporate,2021-08-22
CUST04604,Aditya Agarwal,FEMALE,26,Chennai,Telangana,India,Corporate,2021-05-06
CUST04605,Aarav Gupta,,71,Hyderabad,Telangana,India,Corporate,2021-06-27
CUST04606,Neha Verma,Female,47,Ahmedabad,Maharashtra,India,Wholesale,2020-06-05
CUST04607,Priya Desai,Female,30,Bangalore,Delhi,India,Wholesale,2024-02-14
CUST04608,Vivaan Patel,,40,Surat,Gujarat,India,Retail,2025-04-23
CUST04609,Rohan Gupta,FEMALE,20,Pune,Gujarat,India,Retail,2024-05-19
CUST04610,Yash Desai,,72,Bangalore,Telangana,India,Retail,2022-05-04
CUST04611,Ananya Agarwal,FEMALE,56,Hyderabad,Delhi,India,Wholesale,2023-10-19
CUST04612,Rahul Agarwal,FEMALE,60,Surat,Gujarat,India,Retail,2020-05-12
CUST04613,Aditya Singh,FEMALE,67,Delhi,Delhi,India,Corporate,2025-10-17
CUST04614,Neha Agarwal,Female,22,Surat,Telangana,India,Retail,2021-02-27
CUST04615,Diya Agarwal, male ,31,Delhi,Telangana,India,Retail,2024-08-23
CUST04616,Neha Gupta,FEMALE,68,Surat,Gujarat,India,Wholesale,2020-11-02
CUST04617,Dhruvi Gupta,Male,72,Surat,Maharashtra,India,Retail,2024-12-21
CUST04618,Aarav Shah,FEMALE,25,Delhi,Karnataka,India,Corporate,2024-08-14
CUST04619,Rohan Agarwal,Female,50,Delhi,Telangana,India,Wholesale,2021-03-23
CUST04620,Vivaan Verma,FEMALE,50,Hyderabad,Delhi,India,Corporate,2024-08-27
CUST04621,Meera Patel, male ,49,Chennai,Maharashtra,India,Wholesale,2020-09-22
CUST04622,Riya Agarwal,Female,53,Delhi,Karnataka,India,Retail,2020-01-04
CUST04623,Kavya Joshi,,38,Bangalore,Tamil Nadu,India,Corporate,2020-04-14
CUST04624,Rohan Shah,,57,Chennai,Maharashtra,India,Retail,2022-06-24
CUST04625,Aditya Agarwal,Female,69,Hyderabad,Delhi,India,Retail,2021-08-13
CUST04626,Aditya Patel,,28,Hyderabad,Telangana,India,Retail,2024-10-30
CUST04627,Meera Singh,Male,59,Ahmedabad,Delhi,India,Retail,2022-06-17
CUST04628,Sneha Singh,,41,Mumbai,Maharashtra,India,Retail,2020-08-07
CUST04629,Arjun Kapoor,Male,49,Ahmedabad,Telangana,India,Corporate,2021-01-28
CUST04630,Aarav Joshi,,48,Bangalore,Delhi,India,Corporate,2020-07-25
CUST04631,Sneha Patel,Male,23,Mumbai,Karnataka,India,Corporate,2023-06-06
CUST04632,Priya Agarwal, male ,43,Mumbai,Telangana,India,Corporate,2021-01-15
CUST04633,Aditya Desai,,47,Chennai,Telangana,India,Wholesale,2025-06-08
CUST04634,Kavya Singh,,56,Pune,Tamil Nadu,India,Retail,2023-08-03
CUST04635,Neha Gupta,,60,Pune,Karnataka,India,Corporate,2020-11-28
CUST04636,Priya Mehta,Male,71,Surat,Gujarat,India,Retail,2024-10-21
CUST04637,Arjun Mehta,,25,Bangalore,Delhi,India,Wholesale,2025-07-17
CUST04638,Nidhi Mehta,,57,Ahmedabad,Gujarat,India,Corporate,2020-03-30
CUST04639,Nidhi Singh,,56,Delhi,Gujarat,India,Retail,2025-03-07
CUST04640,Neha Mehta,,63,Ahmedabad,Maharashtra,India,Wholesale,2022-07-02
CUST04641,Riya Joshi,,38,Chennai,Delhi,India,Retail,2025-10-15
CUST04642,Nidhi Patel,,35,Pune,Maharashtra,India,Corporate,2022-11-12
CUST04643,Vivaan Shah,Male,23,Surat,Telangana,India,Retail,2021-09-26
CUST04644,Meera Joshi, male ,59,Surat,Karnataka,India,Wholesale,2023-02-13
CUST04645,Rohan Desai,Female,60,Pune,Delhi,India,Corporate,2023-02-10
CUST04646,Nidhi Agarwal,,54,Mumbai,Maharashtra,India,Corporate,2020-07-22
CUST04647,Yash Verma,Male,51,Bangalore,Gujarat,India,Corporate,2024-03-25
CUST04648,Neha Desai,FEMALE,24,Chennai,Maharashtra,India,Retail,2025-12-09
CUST04649,Nidhi Kapoor, male ,38,Surat,Gujarat,India,Corporate,2022-05-20
CUST04650,Meera Mehta,,23,Chennai,Gujarat,India,Wholesale,2025-01-20
CUST04651,Vivaan Desai,,57,Pune,Telangana,India,Corporate,2025-01-10
CUST04652,Neha Shah,,23,Delhi,Delhi,India,Retail,2024-09-20
CUST04653,Yash Desai,,66,Hyderabad,Maharashtra,India,Retail,2024-07-20
CUST04654,Ananya Patel,FEMALE,58,Surat,Delhi,India,Retail,2023-04-29
CUST04655,Priya Kapoor,FEMALE,39,Ahmedabad,Telangana,India,Retail,2024-03-26
CUST04656,Riya Kapoor,,55,Pune,Karnataka,India,Corporate,2021-06-11
CUST04657,Meera Singh,,24,Mumbai,Karnataka,India,Corporate,2022-06-11
CUST04658,Sneha Verma,,44,Bangalore,Delhi,India,Retail,2025-04-15
CUST04659,Kavya Patel, male ,68,Mumbai,Delhi,India,Wholesale,2020-09-17
CUST04660,Aditya Gupta,Female,74,Pune,Delhi,India,Wholesale,2023-02-26
CUST04661,Aditya Shah,FEMALE,44,Mumbai,Telangana,India,Corporate,2020-03-18
CUST04662,Diya Joshi,,43,Mumbai,Telangana,India,Wholesale,2021-03-01
CUST04663,Yash Desai,Male,23,Ahmedabad,Maharashtra,India,Corporate,2023-04-06
CUST04664,Priya Patel,,49,Chennai,Delhi,India,Retail,2025-03-04
CUST04665,Riya Kapoor,,23,Bangalore,Gujarat,India,Corporate,2024-11-25
CUST04666,Aarav Agarwal, male ,40,Delhi,Gujarat,India,Wholesale,2021-09-26
CUST04667,Aarav Patel,Female,20,Pune,Tamil Nadu,India,Corporate,2021-07-13
CUST04668,Vivaan Joshi,,42,Surat,Karnataka,India,Corporate,2024-09-12
CUST04669,Vivaan Kapoor,FEMALE,62,Hyderabad,Telangana,India,Retail,2023-09-23
CUST04670,Dhruvi Agarwal,Male,52,Hyderabad,Delhi,India,Wholesale,2021-09-27
CUST04671,Nidhi Singh, male ,59,Mumbai,Tamil Nadu,India,Corporate,2021-07-22
CUST04672,Priya Verma, male ,33,Mumbai,Delhi,India,Wholesale,2021-06-30
CUST04673,Neha Verma,,49,Ahmedabad,Tamil Nadu,India,Corporate,2022-01-03
CUST04674,Priya Singh,,49,Ahmedabad,Delhi,India,Wholesale,2024-06-05
CUST04675,Rahul Shah, male ,64,Mumbai,Delhi,India,Retail,2022-06-09
CUST04676,Yash Agarwal, male ,32,Chennai,Tamil Nadu,India,Corporate,2020-03-22
CUST04677,Dhruvi Mehta, male ,44,Mumbai,Maharashtra,India,Retail,2021-05-04
CUST04678,Yash Verma,,74,Chennai,Telangana,India,Wholesale,2024-09-16
CUST04679,Meera Kapoor,,45,Chennai,Maharashtra,India,Retail,2023-03-06
CUST04680,Aditya Verma,,60,Surat,Delhi,India,Retail,2021-10-17
CUST04681,Vivaan Shah,,49,Delhi,Tamil Nadu,India,Corporate,2020-06-04
CUST04682,Dhruvi Shah, male ,34,Ahmedabad,Tamil Nadu,India,Retail,2020-12-16
CUST04683,Dhruvi Agarwal,Female,56,Pune,Karnataka,India,Wholesale,2024-11-11
CUST04684,Dhruvi Shah,Female,64,Ahmedabad,Maharashtra,India,Wholesale,2020-09-15
CUST04685,Priya Gupta,Male,62,Chennai,Tamil Nadu,India,Wholesale,2023-03-17
CUST04686,Kavya Mehta, male ,43,Hyderabad,Gujarat,India,Wholesale,2025-11-24
CUST04687,Vivaan Kapoor,FEMALE,44,Chennai,Delhi,India,Retail,2025-03-29
CUST04688,Sneha Agarwal, male ,22,Hyderabad,Tamil Nadu,India,Corporate,2025-10-10
CUST04689,Arjun Verma,Male,46,Hyderabad,Karnataka,India,Wholesale,2023-04-20
CUST04690,Aditya Desai,,27,Ahmedabad,Delhi,India,Wholesale,2024-08-25
CUST04691,Rahul Patel,Male,38,Bangalore,Gujarat,India,Retail,2021-12-19
CUST04692,Riya Agarwal,Male,56,Chennai,Delhi,India,Corporate,2025-10-01
CUST04693,Diya Agarwal,Male,45,Pune,Karnataka,India,Corporate,2025-10-14
CUST04694,Riya Gupta,,55,Hyderabad,Gujarat,India,Wholesale,2021-12-04
CUST04695,Arjun Kapoor,FEMALE,21,Hyderabad,Tamil Nadu,India,Wholesale,2020-10-17
CUST04696,Kavya Kapoor,,37,Delhi,Gujarat,India,Wholesale,2021-01-06
CUST04697,Vivaan Shah,Female,20,Hyderabad,Tamil Nadu,India,Retail,2023-08-19
CUST04698,Rohan Patel,Male,35,Hyderabad,Telangana,India,Wholesale,2022-01-10
CUST04699,Rohan Verma,FEMALE,42,Bangalore,Telangana,India,Corporate,2023-05-01
CUST04700,Riya Joshi,Female,28,Pune,Telangana,India,Retail,2025-11-15
CUST04701,Arjun Mehta,Male,73,Pune,Telangana,India,Wholesale,2025-06-13
CUST04702,Vivaan Kapoor,,68,Surat,Tamil Nadu,India,Corporate,2024-05-29
CUST04703,Diya Desai, male ,43,Surat,Tamil Nadu,India,Wholesale,2021-04-29
CUST04704,Neha Mehta,,43,Ahmedabad,Karnataka,India,Retail,2025-05-03
CUST04705,Riya Shah,Male,33,Chennai,Tamil Nadu,India,Wholesale,2025-01-24
CUST04706,Arjun Mehta,,21,Delhi,Gujarat,India,Retail,2022-03-07
CUST04707,Isha Singh, male ,31,Bangalore,Delhi,India,Corporate,2023-12-25
CUST04708,Kavya Verma,Male,25,Hyderabad,Delhi,India,Corporate,2023-06-22
CUST04709,Vivaan Singh,Female,50,Pune,Karnataka,India,Wholesale,2020-01-05
CUST04710,Sneha Kapoor,,21,Mumbai,Gujarat,India,Retail,2024-03-25
CUST04711,Arjun Singh,FEMALE,34,Hyderabad,Telangana,India,Wholesale,2025-10-26
CUST04712,Neha Patel, male ,30,Mumbai,Maharashtra,India,Corporate,2020-11-25
CUST04713,Meera Mehta,,38,Bangalore,Maharashtra,India,Retail,2022-09-18
CUST04714,Nidhi Singh,FEMALE,72,Surat,Karnataka,India,Corporate,2025-01-06
CUST04715,Yash Kapoor, male ,66,Hyderabad,Delhi,India,Wholesale,2023-07-20
CUST04716,Rahul Verma,FEMALE,18,Ahmedabad,Gujarat,India,Corporate,2020-08-09
CUST04717,Riya Verma, male ,45,Pune,Tamil Nadu,India,Corporate,2021-06-02
CUST04718,Aarav Gupta,,74,Ahmedabad,Maharashtra,India,Corporate,2021-05-16
CUST04719,Ananya Verma,FEMALE,46,Ahmedabad,Tamil Nadu,India,Retail,2024-06-09
CUST04720,Yash Agarwal,Male,40,Bangalore,Karnataka,India,Corporate,2025-04-20
CUST04721,Ananya Kapoor,FEMALE,47,Surat,Karnataka,India,Corporate,2024-01-20
CUST04722,Yash Patel,Female,26,Pune,Telangana,India,Wholesale,2022-11-21
CUST04723,Rohan Joshi,Male,24,Pune,Tamil Nadu,India,Wholesale,2023-11-12
CUST04724,Sneha Agarwal, male ,41,Chennai,Karnataka,India,Retail,2020-01-29
CUST04725,Neha Joshi,,35,Bangalore,Tamil Nadu,India,Retail,2022-06-07
CUST04726,Priya Gupta,,68,Surat,Telangana,India,Corporate,2024-02-21
CUST04727,Rohan Singh,,45,Ahmedabad,Telangana,India,Corporate,2023-11-07
CUST04728,Arjun Verma,FEMALE,45,Surat,Karnataka,India,Wholesale,2020-11-19
CUST04729,Neha Gupta,,71,Bangalore,Gujarat,India,Wholesale,2021-07-02
CUST04730,Meera Agarwal,,67,Hyderabad,Telangana,India,Retail,2020-07-23
CUST04731,Aditya Shah,Male,44,Ahmedabad,Karnataka,India,Corporate,2025-09-22
CUST04732,Yash Joshi,FEMALE,21,Delhi,Gujarat,India,Retail,2020-10-24
CUST04733,Sneha Shah,Male,47,Delhi,Tamil Nadu,India,Wholesale,2022-07-17
CUST04734,Dhruvi Mehta,Female,40,Delhi,Maharashtra,India,Retail,2020-06-24
CUST04735,Isha Mehta,FEMALE,62,Bangalore,Delhi,India,Wholesale,2022-03-16
CUST04736,Neha Singh,,45,Hyderabad,Delhi,India,Wholesale,2020-02-21
CUST04737,Dhruvi Patel,,73,Ahmedabad,Tamil Nadu,India,Wholesale,2020-11-30
CUST04738,Meera Agarwal,,65,Pune,Maharashtra,India,Corporate,2020-08-05
CUST04739,Aarav Shah, male ,65,Pune,Maharashtra,India,Retail,2023-08-09
CUST04740,Arjun Singh,Male,53,Mumbai,Delhi,India,Retail,2020-03-30
CUST04741,Rohan Shah,Female,64,Ahmedabad,Karnataka,India,Wholesale,2025-12-16
CUST04742,Sneha Verma,Male,64,Pune,Tamil Nadu,India,Wholesale,2025-08-30
CUST04743,Isha Verma,,21,Ahmedabad,Delhi,India,Corporate,2021-03-09
CUST04744,Riya Verma,,47,Chennai,Telangana,India,Retail,2020-01-23
CUST04745,Meera Gupta,FEMALE,28,Surat,Delhi,India,Wholesale,2025-09-29
CUST04746,Isha Kapoor,,54,Bangalore,Gujarat,India,Corporate,2023-09-21
CUST04747,Diya Singh,Male,51,Mumbai,Gujarat,India,Retail,2020-01-07
CUST04748,Yash Desai,Male,43,Hyderabad,Karnataka,India,Retail,2023-11-23
CUST04749,Sneha Desai,FEMALE,69,Mumbai,Karnataka,India,Wholesale,2021-01-28
CUST04750,Kavya Shah,Female,18,Bangalore,Karnataka,India,Corporate,2020-10-16
CUST04751,Kavya Joshi,,47,Surat,Tamil Nadu,India,Wholesale,2021-11-23
CUST04752,Meera Shah,Female,31,Ahmedabad,Tamil Nadu,India,Corporate,2023-01-17
CUST04753,Nidhi Kapoor,,60,Bangalore,Telangana,India,Retail,2022-12-31
CUST04754,Ananya Verma,,65,Chennai,Maharashtra,India,Wholesale,2021-03-15
CUST04755,Yash Verma, male ,63,Surat,Delhi,India,Corporate,2025-03-26
CUST04756,Aarav Joshi,Female,25,Mumbai,Gujarat,India,Retail,2024-08-02
CUST04757,Vivaan Kapoor, male ,33,Mumbai,Telangana,India,Corporate,2025-07-09
CUST04758,Yash Patel,,27,Pune,Maharashtra,India,Corporate,2024-02-26
CUST04759,Dhruvi Shah,Female,44,Ahmedabad,Gujarat,India,Retail,2024-08-30
CUST04760,Vivaan Kapoor, male ,56,Bangalore,Delhi,India,Retail,2023-09-30
CUST04761,Nidhi Mehta,Male,50,Hyderabad,Gujarat,India,Corporate,2024-08-17
CUST04762,Yash Singh,,53,Delhi,Karnataka,India,Corporate,2024-09-09
CUST04763,Diya Kapoor,,45,Ahmedabad,Delhi,India,Retail,2021-01-14
CUST04764,Nidhi Verma, male ,57,Delhi,Telangana,India,Corporate,2025-03-28
CUST04765,Ananya Patel,,43,Ahmedabad,Maharashtra,India,Retail,2022-08-23
CUST04766,Rohan Verma,Female,44,Hyderabad,Gujarat,India,Wholesale,2024-01-15
CUST04767,Isha Patel,,33,Chennai,Telangana,India,Retail,2024-12-04
CUST04768,Arjun Mehta,Female,18,Surat,Maharashtra,India,Wholesale,2023-05-14
CUST04769,Meera Shah,FEMALE,34,Mumbai,Tamil Nadu,India,Wholesale,2023-03-19
CUST04770,Dhruvi Kapoor,FEMALE,64,Chennai,Gujarat,India,Corporate,2020-12-28
CUST04771,Rahul Singh,Male,19,Chennai,Maharashtra,India,Wholesale,2023-12-02
CUST04772,Nidhi Joshi, male ,45,Mumbai,Karnataka,India,Corporate,2024-07-10
CUST04773,Rohan Desai,,65,Delhi,Karnataka,India,Corporate,2024-11-08
CUST04774,Priya Patel,FEMALE,28,Hyderabad,Gujarat,India,Wholesale,2024-05-12
CUST04775,Nidhi Desai,Female,45,Hyderabad,Gujarat,India,Corporate,2022-08-11
CUST04776,Vivaan Joshi,Male,33,Hyderabad,Gujarat,India,Retail,2025-12-31
CUST04777,Priya Mehta, male ,32,Delhi,Gujarat,India,Corporate,2020-02-07
CUST04778,Dhruvi Verma,,60,Hyderabad,Karnataka,India,Retail,2023-06-09
CUST04779,Kavya Agarwal,,63,Chennai,Tamil Nadu,India,Retail,2024-07-05
CUST04780,Riya Gupta, male ,64,Mumbai,Maharashtra,India,Corporate,2020-07-21
CUST04781,Vivaan Patel, male ,52,Bangalore,Delhi,India,Wholesale,2024-10-20
CUST04782,Priya Verma,,32,Hyderabad,Maharashtra,India,Corporate,2020-01-24
CUST04783,Arjun Singh,,64,Delhi,Maharashtra,India,Retail,2025-01-10
CUST04784,Ananya Verma,FEMALE,63,Pune,Maharashtra,India,Retail,2025-10-11
CUST04785,Diya Gupta,FEMALE,49,Bangalore,Karnataka,India,Wholesale,2022-05-12
CUST04786,Ananya Joshi,,38,Chennai,Tamil Nadu,India,Retail,2021-03-26
CUST04787,Ananya Singh,,32,Delhi,Telangana,India,Corporate,2024-05-13
CUST04788,Priya Desai,Female,32,Chennai,Karnataka,India,Corporate,2025-05-14
CUST04789,Arjun Mehta,Female,65,Pune,Maharashtra,India,Wholesale,2021-02-26
CUST04790,Vivaan Desai, male ,52,Hyderabad,Maharashtra,India,Wholesale,2025-09-05
CUST04791,Ananya Kapoor,,63,Bangalore,Tamil Nadu,India,Wholesale,2021-12-19
CUST04792,Vivaan Singh, male ,69,Delhi,Tamil Nadu,India,Corporate,2022-01-24
CUST04793,Meera Gupta,,45,Mumbai,Tamil Nadu,India,Corporate,2021-05-03
CUST04794,Riya Verma,Male,39,Bangalore,Maharashtra,India,Wholesale,2020-11-18
CUST04795,Arjun Kapoor,FEMALE,56,Ahmedabad,Delhi,India,Wholesale,2022-10-31
CUST04796,Kavya Desai,Male,33,Ahmedabad,Telangana,India,Corporate,2024-07-21
CUST04797,Dhruvi Gupta,Female,51,Hyderabad,Gujarat,India,Retail,2024-06-30
CUST04798,Vivaan Desai,,24,Delhi,Delhi,India,Wholesale,2020-12-05
CUST04799,Yash Desai,Female,42,Delhi,Delhi,India,Retail,2025-06-07
CUST04800,Kavya Gupta,,40,Pune,Telangana,India,Corporate,2020-11-24
CUST04801,Neha Kapoor,Female,44,Delhi,Karnataka,India,Retail,2021-08-04
CUST04802,Diya Gupta,FEMALE,48,Pune,Tamil Nadu,India,Wholesale,2024-01-08
CUST04803,Priya Shah,Female,68,Pune,Delhi,India,Retail,2022-04-20
CUST04804,Rahul Verma,,60,Bangalore,Gujarat,India,Corporate,2022-07-03
CUST04805,Isha Desai,FEMALE,38,Pune,Gujarat,India,Corporate,2021-04-04
CUST04806,Nidhi Gupta,,20,Mumbai,Maharashtra,India,Retail,2021-11-04
CUST04807,Arjun Agarwal,Male,24,Chennai,Karnataka,India,Wholesale,2020-01-04
CUST04808,Rahul Kapoor, male ,22,Pune,Tamil Nadu,India,Wholesale,2022-08-14
CUST04809,Meera Patel, male ,34,Chennai,Maharashtra,India,Corporate,2020-07-06
CUST04810,Meera Joshi,,72,Chennai,Karnataka,India,Wholesale,2024-06-15
CUST04811,Kavya Desai,Female,61,Chennai,Delhi,India,Corporate,2022-02-27
CUST04812,Neha Kapoor,FEMALE,68,Surat,Karnataka,India,Retail,2025-06-25
CUST04813,Isha Singh,,18,Pune,Delhi,India,Retail,2023-10-26
CUST04814,Riya Joshi,FEMALE,57,Chennai,Delhi,India,Retail,2021-05-28
CUST04815,Isha Patel, male ,73,Delhi,Delhi,India,Retail,2022-08-12
CUST04816,Ananya Patel, male ,31,Chennai,Telangana,India,Wholesale,2022-04-21
CUST04817,Rahul Gupta, male ,63,Surat,Delhi,India,Retail,2023-11-08
CUST04818,Rohan Gupta,Female,70,Hyderabad,Gujarat,India,Retail,2023-12-19
CUST04819,Yash Joshi,,59,Pune,Telangana,India,Retail,2024-01-02
CUST04820,Rohan Patel,Female,43,Pune,Maharashtra,India,Wholesale,2025-11-17
CUST04821,Dhruvi Agarwal, male ,47,Chennai,Gujarat,India,Wholesale,2022-05-18
CUST04822,Aarav Gupta, male ,46,Chennai,Gujarat,India,Retail,2023-07-21
CUST04823,Nidhi Joshi,Male,43,Chennai,Delhi,India,Retail,2021-05-03
CUST04824,Meera Mehta,,55,Pune,Maharashtra,India,Retail,2023-12-04
CUST04825,Nidhi Shah,,73,Pune,Tamil Nadu,India,Retail,2024-06-06
CUST04826,Dhruvi Verma, male ,62,Chennai,Telangana,India,Wholesale,2023-12-25
CUST04827,Sneha Kapoor,,64,Pune,Telangana,India,Corporate,2025-08-20
CUST04828,Priya Mehta, male ,32,Hyderabad,Tamil Nadu,India,Corporate,2020-10-18
CUST04829,Ananya Desai,Male,44,Bangalore,Delhi,India,Corporate,2024-06-06
CUST04830,Rahul Desai,,35,Pune,Tamil Nadu,India,Wholesale,2021-06-09
CUST04831,Sneha Gupta,FEMALE,45,Delhi,Karnataka,India,Retail,2023-05-17
CUST04832,Yash Gupta,,58,Hyderabad,Maharashtra,India,Wholesale,2022-10-17
CUST04833,Diya Shah,,70,Pune,Tamil Nadu,India,Retail,2023-11-27
CUST04834,Aarav Mehta,Male,50,Hyderabad,Karnataka,India,Wholesale,2022-09-15
CUST04835,Rohan Verma,Female,21,Delhi,Tamil Nadu,India,Wholesale,2021-02-26
CUST04836,Aditya Verma,FEMALE,31,Hyderabad,Telangana,India,Corporate,2025-01-17
CUST04837,Nidhi Mehta, male ,63,Mumbai,Tamil Nadu,India,Corporate,2023-04-12
CUST04838,Arjun Kapoor,,31,Surat,Telangana,India,Corporate,2024-02-21
CUST04839,Rohan Desai,,23,Mumbai,Karnataka,India,Wholesale,2025-10-29
CUST04840,Neha Singh, male ,43,Ahmedabad,Telangana,India,Wholesale,2025-10-09
CUST04841,Dhruvi Joshi,Male,34,Hyderabad,Gujarat,India,Corporate,2020-12-21
CUST04842,Priya Agarwal,Male,20,Ahmedabad,Tamil Nadu,India,Wholesale,2023-08-23
CUST04843,Ananya Verma,FEMALE,31,Chennai,Maharashtra,India,Wholesale,2021-10-14
CUST04844,Diya Mehta, male ,28,Hyderabad,Gujarat,India,Corporate,2020-09-08
CUST04845,Ananya Gupta,Male,28,Chennai,Karnataka,India,Retail,2020-10-16
CUST04846,Riya Gupta,,55,Bangalore,Karnataka,India,Retail,2023-03-26
CUST04847,Meera Shah, male ,50,Delhi,Delhi,India,Retail,2023-01-06
CUST04848,Arjun Singh,Female,44,Surat,Delhi,India,Wholesale,2022-03-26
CUST04849,Meera Gupta,FEMALE,33,Chennai,Telangana,India,Wholesale,2025-07-30
CUST04850,Aarav Desai,Female,72,Surat,Delhi,India,Corporate,2023-09-20
CUST04851,Aditya Verma, male ,70,Hyderabad,Karnataka,India,Wholesale,2024-05-01
CUST04852,Dhruvi Agarwal,Male,70,Ahmedabad,Tamil Nadu,India,Wholesale,2024-01-15
CUST04853,Diya Verma,Female,25,Surat,Maharashtra,India,Corporate,2020-01-18
CUST04854,Vivaan Kapoor,FEMALE,32,Pune,Maharashtra,India,Retail,2020-01-20
CUST04855,Ananya Desai,FEMALE,41,Ahmedabad,Telangana,India,Corporate,2024-04-26
CUST04856,Rahul Desai,Female,61,Delhi,Telangana,India,Wholesale,2025-02-27
CUST04857,Sneha Verma, male ,52,Delhi,Maharashtra,India,Wholesale,2021-10-20
CUST04858,Yash Singh,Male,19,Surat,Gujarat,India,Retail,2020-11-09
CUST04859,Aditya Desai,,30,Chennai,Gujarat,India,Retail,2025-01-14
CUST04860,Rohan Kapoor, male ,41,Ahmedabad,Tamil Nadu,India,Corporate,2023-07-24
CUST04861,Nidhi Shah, male ,38,Bangalore,Telangana,India,Wholesale,2025-01-03
CUST04862,Sneha Kapoor,FEMALE,26,Hyderabad,Maharashtra,India,Retail,2026-01-08
CUST04863,Diya Shah,Female,72,Ahmedabad,Gujarat,India,Wholesale,2024-10-25
CUST04864,Ananya Patel,FEMALE,55,Delhi,Telangana,India,Wholesale,2025-08-11
CUST04865,Dhruvi Desai,,28,Bangalore,Tamil Nadu,India,Wholesale,2025-09-08
CUST04866,Nidhi Shah,Female,31,Mumbai,Tamil Nadu,India,Wholesale,2024-11-03
CUST04867,Priya Patel,Female,34,Delhi,Delhi,India,Corporate,2024-05-28
CUST04868,Aarav Mehta,,50,Delhi,Karnataka,India,Retail,2023-10-25
CUST04869,Kavya Shah,Male,43,Bangalore,Telangana,India,Retail,2022-05-24
CUST04870,Ananya Mehta,Female,23,Pune,Tamil Nadu,India,Corporate,2020-04-08
CUST04871,Meera Singh,,42,Chennai,Tamil Nadu,India,Retail,2021-10-26
CUST04872,Rahul Shah,,50,Delhi,Maharashtra,India,Retail,2023-01-17
CUST04873,Arjun Joshi,Male,47,Bangalore,Karnataka,India,Wholesale,2023-09-13
CUST04874,Neha Agarwal,,54,Pune,Gujarat,India,Corporate,2022-11-16
CUST04875,Kavya Agarwal,,54,Surat,Tamil Nadu,India,Retail,2023-10-11
CUST04876,Yash Mehta,,64,Hyderabad,Telangana,India,Corporate,2020-01-18
CUST04877,Aarav Joshi,Female,49,Pune,Karnataka,India,Corporate,2021-05-10
CUST04878,Priya Singh,Male,61,Surat,Gujarat,India,Retail,2023-06-22
CUST04879,Dhruvi Gupta,FEMALE,45,Bangalore,Maharashtra,India,Retail,2021-06-25
CUST04880,Kavya Agarwal,Female,58,Ahmedabad,Karnataka,India,Retail,2022-02-14
CUST04881,Neha Singh,Male,26,Chennai,Tamil Nadu,India,Retail,2025-06-13
CUST04882,Vivaan Verma,Female,45,Mumbai,Maharashtra,India,Corporate,2025-01-05
CUST04883,Aarav Singh,,20,Chennai,Gujarat,India,Corporate,2021-11-22
CUST04884,Dhruvi Joshi,Female,29,Surat,Telangana,India,Corporate,2021-08-02
CUST04885,Isha Verma,Male,28,Hyderabad,Maharashtra,India,Wholesale,2021-06-30
CUST04886,Rahul Patel,FEMALE,19,Ahmedabad,Tamil Nadu,India,Retail,2022-12-08
CUST04887,Rahul Shah, male ,29,Ahmedabad,Tamil Nadu,India,Wholesale,2021-07-11
CUST04888,Rohan Kapoor,Female,59,Ahmedabad,Tamil Nadu,India,Retail,2022-08-19
CUST04889,Ananya Singh,,57,Hyderabad,Gujarat,India,Corporate,2022-03-18
CUST04890,Arjun Shah,,34,Chennai,Gujarat,India,Wholesale,2022-11-22
CUST04891,Yash Shah,Female,62,Surat,Tamil Nadu,India,Corporate,2021-02-25
CUST04892,Isha Verma,Male,21,Surat,Maharashtra,India,Wholesale,2024-04-01
CUST04893,Neha Singh,Female,28,Chennai,Karnataka,India,Retail,2021-09-21
CUST04894,Neha Desai,,69,Hyderabad,Delhi,India,Corporate,2025-10-14
CUST04895,Isha Mehta,,42,Bangalore,Delhi,India,Wholesale,2022-04-08
CUST04896,Ananya Verma,,54,Hyderabad,Maharashtra,India,Retail,2021-02-20
CUST04897,Neha Kapoor,FEMALE,73,Hyderabad,Karnataka,India,Wholesale,2025-07-18
CUST04898,Aditya Singh,Female,64,Delhi,Telangana,India,Retail,2022-10-21
CUST04899,Isha Agarwal,FEMALE,20,Ahmedabad,Karnataka,India,Wholesale,2025-08-30
CUST04900,Meera Verma, male ,68,Surat,Delhi,India,Corporate,2025-11-30
CUST04901,Kavya Kapoor,Male,55,Delhi,Telangana,India,Corporate,2024-07-10
CUST04902,Isha Mehta, male ,39,Bangalore,Delhi,India,Retail,2023-07-30
CUST04903,Neha Mehta,Male,69,Bangalore,Delhi,India,Retail,2020-01-21
CUST04904,Priya Singh, male ,23,Delhi,Telangana,India,Corporate,2023-02-02
CUST04905,Diya Desai,Female,60,Mumbai,Delhi,India,Corporate,2021-08-01
CUST04906,Ananya Patel,FEMALE,66,Delhi,Delhi,India,Wholesale,2023-10-19
CUST04907,Rohan Agarwal,Female,37,Surat,Tamil Nadu,India,Retail,2023-07-06
CUST04908,Rahul Agarwal,Female,67,Hyderabad,Karnataka,India,Corporate,2022-12-25
CUST04909,Diya Joshi,FEMALE,64,Hyderabad,Tamil Nadu,India,Corporate,2023-09-01
CUST04910,Nidhi Gupta,,61,Delhi,Gujarat,India,Wholesale,2020-12-06
CUST04911,Dhruvi Patel,,42,Bangalore,Tamil Nadu,India,Corporate,2025-08-31
CUST04912,Vivaan Agarwal,Male,36,Delhi,Tamil Nadu,India,Retail,2020-06-20
CUST04913,Aarav Gupta,Male,47,Mumbai,Telangana,India,Wholesale,2025-09-09
CUST04914,Ananya Verma,,39,Delhi,Tamil Nadu,India,Wholesale,2023-09-06
CUST04915,Arjun Desai,Female,28,Ahmedabad,Maharashtra,India,Wholesale,2025-01-23
CUST04916,Isha Kapoor,Female,62,Chennai,Gujarat,India,Corporate,2021-11-12
CUST04917,Isha Desai, male ,56,Hyderabad,Delhi,India,Corporate,2023-09-12
CUST04918,Dhruvi Kapoor,Female,22,Bangalore,Maharashtra,India,Wholesale,2021-02-09
CUST04919,Meera Mehta,FEMALE,48,Pune,Telangana,India,Retail,2024-02-24
CUST04920,Diya Shah,Male,69,Delhi,Tamil Nadu,India,Corporate,2025-12-05
CUST04921,Vivaan Kapoor,,60,Mumbai,Gujarat,India,Wholesale,2022-12-06
CUST04922,Kavya Kapoor,,26,Chennai,Telangana,India,Retail,2021-07-21
CUST04923,Kavya Desai,,44,Ahmedabad,Karnataka,India,Wholesale,2022-01-25
CUST04924,Kavya Mehta,Male,29,Mumbai,Maharashtra,India,Wholesale,2024-06-07
CUST04925,Riya Joshi,,51,Ahmedabad,Maharashtra,India,Wholesale,2025-04-15
CUST04926,Riya Patel,,64,Chennai,Delhi,India,Retail,2021-03-15
CUST04927,Rohan Mehta,Female,67,Chennai,Maharashtra,India,Retail,2025-03-25
CUST04928,Aarav Singh,,44,Mumbai,Telangana,India,Retail,2021-03-02
CUST04929,Vivaan Gupta,FEMALE,63,Delhi,Gujarat,India,Retail,2020-09-05
CUST04930,Meera Gupta,Female,52,Surat,Karnataka,India,Wholesale,2022-05-18
CUST04931,Aditya Shah,Female,32,Surat,Tamil Nadu,India,Retail,2020-09-19
CUST04932,Aditya Kapoor,Male,56,Mumbai,Delhi,India,Corporate,2025-08-23
CUST04933,Sneha Joshi, male ,35,Bangalore,Tamil Nadu,India,Corporate,2023-09-27
CUST04934,Ananya Shah,,59,Delhi,Maharashtra,India,Wholesale,2021-12-06
CUST04935,Meera Gupta, male ,24,Ahmedabad,Delhi,India,Retail,2025-07-20
CUST04936,Kavya Agarwal,,43,Ahmedabad,Karnataka,India,Retail,2021-08-31
CUST04937,Meera Shah,FEMALE,56,Chennai,Tamil Nadu,India,Corporate,2023-12-17
CUST04938,Dhruvi Agarwal,FEMALE,70,Bangalore,Maharashtra,India,Wholesale,2024-04-16
CUST04939,Arjun Joshi,,29,Hyderabad,Delhi,India,Corporate,2024-10-21
CUST04940,Arjun Mehta,,18,Delhi,Maharashtra,India,Retail,2022-07-12
CUST04941,Priya Verma,,29,Ahmedabad,Gujarat,India,Corporate,2024-10-28
CUST04942,Kavya Joshi,,21,Hyderabad,Telangana,India,Wholesale,2023-12-02
CUST04943,Rahul Gupta,FEMALE,73,Pune,Tamil Nadu,India,Wholesale,2022-06-29
CUST04944,Meera Singh, male ,36,Surat,Maharashtra,India,Wholesale,2020-09-02
CUST04945,Priya Singh,Male,52,Pune,Telangana,India,Corporate,2021-08-17
CUST04946,Sneha Verma,Female,18,Surat,Maharashtra,India,Corporate,2022-06-05
CUST04947,Yash Joshi,FEMALE,54,Hyderabad,Telangana,India,Wholesale,2021-06-07
CUST04948,Priya Gupta,FEMALE,29,Hyderabad,Delhi,India,Retail,2020-08-27
CUST04949,Sneha Agarwal,,18,Bangalore,Gujarat,India,Corporate,2024-10-08
CUST04950,Diya Shah,FEMALE,32,Pune,Delhi,India,Corporate,2022-09-19
CUST04951,Riya Mehta,Female,34,Ahmedabad,Telangana,India,Retail,2023-08-21
CUST04952,Priya Patel,FEMALE,71,Delhi,Telangana,India,Corporate,2020-10-02
CUST04953,Yash Gupta,Female,42,Bangalore,Maharashtra,India,Corporate,2021-10-27
CUST04954,Rohan Kapoor, male ,43,Chennai,Telangana,India,Corporate,2021-03-21
CUST04955,Vivaan Agarwal,Female,57,Mumbai,Tamil Nadu,India,Corporate,2025-10-09
CUST04956,Isha Patel,FEMALE,61,Hyderabad,Karnataka,India,Corporate,2023-09-22
CUST04957,Sneha Agarwal,FEMALE,72,Delhi,Maharashtra,India,Wholesale,2022-06-25
CUST04958,Kavya Gupta,,52,Pune,Karnataka,India,Wholesale,2025-03-05
CUST04959,Riya Gupta,Female,70,Hyderabad,Gujarat,India,Wholesale,2024-12-24
CUST04960,Vivaan Joshi,FEMALE,33,Delhi,Gujarat,India,Wholesale,2024-08-22
CUST04961,Nidhi Mehta,,65,Hyderabad,Gujarat,India,Wholesale,2025-01-21
CUST04962,Rohan Shah,Female,64,Surat,Maharashtra,India,Wholesale,2024-07-25
CUST04963,Sneha Singh,,73,Bangalore,Karnataka,India,Retail,2020-07-26
CUST04964,Nidhi Gupta,FEMALE,30,Mumbai,Maharashtra,India,Retail,2025-07-13
CUST04965,Aarav Desai,,34,Ahmedabad,Karnataka,India,Wholesale,2024-05-29
CUST04966,Dhruvi Kapoor,FEMALE,38,Mumbai,Maharashtra,India,Corporate,2023-11-20
CUST04967,Diya Joshi,Male,47,Mumbai,Tamil Nadu,India,Wholesale,2025-01-30
CUST04968,Vivaan Shah,,33,Delhi,Gujarat,India,Corporate,2025-01-23
CUST04969,Dhruvi Desai,,46,Ahmedabad,Delhi,India,Corporate,2025-09-04
CUST04970,Aditya Gupta,Male,42,Chennai,Gujarat,India,Wholesale,2020-09-18
CUST04971,Dhruvi Shah,FEMALE,65,Hyderabad,Karnataka,India,Corporate,2024-10-10
CUST04972,Priya Desai,Male,19,Mumbai,Telangana,India,Retail,2024-08-23
CUST04973,Yash Desai,Female,24,Surat,Karnataka,India,Corporate,2020-05-05
CUST04974,Rahul Patel,,70,Surat,Maharashtra,India,Corporate,2021-01-19
CUST04975,Neha Joshi,Female,71,Delhi,Karnataka,India,Corporate,2021-04-13
CUST04976,Isha Verma,FEMALE,36,Mumbai,Maharashtra,India,Retail,2020-02-22
CUST04977,Sneha Shah,Male,33,Pune,Gujarat,India,Corporate,2023-12-21
CUST04978,Rahul Kapoor,,54,Bangalore,Karnataka,India,Wholesale,2021-08-31
CUST04979,Arjun Patel,FEMALE,38,Ahmedabad,Karnataka,India,Corporate,2022-12-25
CUST04980,Aditya Patel,FEMALE,46,Surat,Gujarat,India,Retail,2022-04-21
CUST04981,Sneha Singh,FEMALE,61,Mumbai,Gujarat,India,Wholesale,2020-01-31
CUST04982,Ananya Joshi,,69,Delhi,Karnataka,India,Wholesale,2024-12-27
CUST04983,Kavya Gupta,,25,Ahmedabad,Maharashtra,India,Wholesale,2025-08-29
CUST04984,Diya Verma,,49,Bangalore,Karnataka,India,Retail,2021-10-23
CUST04985,Ananya Shah,Female,49,Mumbai,Karnataka,India,Wholesale,2023-11-15
CUST04986,Meera Gupta,Male,54,Chennai,Telangana,India,Retail,2023-05-02
CUST04987,Yash Kapoor,FEMALE,29,Ahmedabad,Maharashtra,India,Wholesale,2020-07-30
CUST04988,Dhruvi Gupta,FEMALE,50,Pune,Delhi,India,Retail,2020-11-04
CUST04989,Neha Singh,FEMALE,74,Mumbai,Gujarat,India,Corporate,2023-11-29
CUST04990,Vivaan Gupta,,46,Hyderabad,Gujarat,India,Corporate,2020-08-22
CUST04991,Neha Mehta,Male,33,Hyderabad,Gujarat,India,Wholesale,2024-01-28
CUST04992,Dhruvi Verma,Male,33,Ahmedabad,Maharashtra,India,Corporate,2022-09-24
CUST04993,Riya Verma, male ,33,Pune,Karnataka,India,Wholesale,2021-11-07
CUST04994,Aditya Agarwal, male ,37,Hyderabad,Delhi,India,Corporate,2025-05-28
CUST04995,Rohan Mehta, male ,18,Surat,Delhi,India,Retail,2022-03-03
CUST04996,Vivaan Desai,FEMALE,19,Chennai,Telangana,India,Retail,2025-12-12
CUST04997,Rahul Mehta,FEMALE,38,Pune,Delhi,India,Corporate,2020-10-13
CUST04998,Yash Mehta,Male,48,Surat,Maharashtra,India,Wholesale,2021-08-18
CUST04999,Rohan Desai,FEMALE,70,Bangalore,Telangana,India,Corporate,2025-11-25
CUST05000,Riya Patel, male ,74,Hyderabad,Gujarat,India,Corporate,2023-10-04
CUST05001,Nidhi Shah,,41,Surat,Gujarat,India,Wholesale,2024-05-08
CUST05002,Rahul Mehta,Male,32,Surat,Delhi,India,Wholesale,2022-02-05
CUST05003,Aarav Gupta,FEMALE,32,Delhi,Telangana,India,Wholesale,2020-11-22
CUST05004,Aarav Joshi,Male,33,Mumbai,Telangana,India,Corporate,2025-09-19
CUST05005,Dhruvi Kapoor,Male,65,Pune,Karnataka,India,Retail,2022-10-11
CUST05006,Arjun Gupta, male ,54,Pune,Maharashtra,India,Retail,2024-08-02
CUST05007,Neha Shah,Female,66,Delhi,Telangana,India,Corporate,2024-12-13
CUST05008,Rohan Patel,,73,Bangalore,Telangana,India,Wholesale,2023-08-07
CUST05009,Sneha Joshi,Male,72,Surat,Tamil Nadu,India,Wholesale,2020-08-04
CUST05010,Rahul Mehta,FEMALE,64,Delhi,Delhi,India,Retail,2023-05-05
CUST05011,Yash Gupta,Female,24,Delhi,Maharashtra,India,Retail,2022-10-12
CUST05012,Dhruvi Kapoor,FEMALE,45,Pune,Karnataka,India,Corporate,2021-07-15
CUST05013,Aditya Mehta,FEMALE,61,Bangalore,Gujarat,India,Corporate,2020-06-23
CUST05014,Nidhi Kapoor, male ,24,Delhi,Delhi,India,Corporate,2021-05-07
CUST05015,Vivaan Singh,,54,Ahmedabad,Tamil Nadu,India,Retail,2022-11-01
CUST05016,Rahul Shah,Female,49,Pune,Telangana,India,Wholesale,2024-06-22
CUST05017,Riya Shah,,50,Delhi,Tamil Nadu,India,Retail,2024-08-09
CUST05018,Riya Shah,FEMALE,52,Ahmedabad,Delhi,India,Corporate,2024-04-24
CUST05019,Priya Verma,,30,Delhi,Tamil Nadu,India,Corporate,2022-08-08
CUST05020,Rohan Patel,Female,56,Hyderabad,Tamil Nadu,India,Corporate,2020-08-10
CUST05021,Diya Desai,,54,Mumbai,Gujarat,India,Retail,2020-10-01
CUST05022,Yash Mehta,FEMALE,41,Hyderabad,Tamil Nadu,India,Wholesale,2023-06-13
CUST05023,Neha Gupta,,44,Pune,Telangana,India,Wholesale,2021-02-03
CUST05024,Meera Verma,,36,Pune,Tamil Nadu,India,Corporate,2021-07-26
CUST05025,Yash Shah,Male,38,Bangalore,Karnataka,India,Retail,2025-04-20
CUST05026,Yash Patel,FEMALE,28,Mumbai,Delhi,India,Corporate,2021-10-24
CUST05027,Neha Patel,Male,64,Delhi,Delhi,India,Retail,2020-04-23
CUST05028,Dhruvi Shah,FEMALE,43,Bangalore,Telangana,India,Wholesale,2023-10-05
CUST05029,Diya Desai,Female,57,Pune,Gujarat,India,Wholesale,2021-09-03
CUST05030,Aarav Desai,,53,Chennai,Maharashtra,India,Wholesale,2023-04-03
CUST05031,Yash Desai,Female,26,Pune,Telangana,India,Retail,2022-11-27
CUST05032,Priya Singh,,26,Surat,Gujarat,India,Corporate,2020-09-24
CUST05033,Aditya Patel,FEMALE,48,Pune,Gujarat,India,Retail,2024-04-03
CUST05034,Rohan Joshi,Female,52,Delhi,Delhi,India,Retail,2021-04-28
CUST05035,Nidhi Shah, male ,20,Bangalore,Telangana,India,Retail,2024-06-18
CUST05036,Rohan Verma,Male,25,Ahmedabad,Maharashtra,India,Retail,2021-04-01
CUST05037,Ananya Gupta,,39,Pune,Gujarat,India,Wholesale,2020-08-18
CUST05038,Yash Kapoor,FEMALE,28,Delhi,Gujarat,India,Wholesale,2022-03-24
CUST05039,Yash Kapoor,FEMALE,21,Bangalore,Gujarat,India,Wholesale,2025-10-19
CUST05040,Arjun Shah,FEMALE,24,Mumbai,Telangana,India,Retail,2024-10-16
CUST05041,Yash Singh,Female,34,Pune,Karnataka,India,Corporate,2021-06-10
CUST05042,Vivaan Mehta,,54,Mumbai,Gujarat,India,Corporate,2023-08-16
CUST05043,Diya Patel,,54,Chennai,Maharashtra,India,Wholesale,2024-04-15
CUST05044,Rahul Gupta,,32,Hyderabad,Gujarat,India,Retail,2024-01-23
CUST05045,Ananya Gupta, male ,40,Delhi,Delhi,India,Retail,2025-04-22
CUST05046,Nidhi Patel,,68,Chennai,Karnataka,India,Corporate,2023-05-13
CUST05047,Yash Joshi,,35,Chennai,Karnataka,India,Corporate,2022-03-05
CUST05048,Vivaan Kapoor, male ,46,Bangalore,Karnataka,India,Corporate,2021-03-19
CUST05049,Diya Gupta,,41,Bangalore,Maharashtra,India,Wholesale,2021-11-02
CUST05050,Priya Agarwal,Female,28,Mumbai,Karnataka,India,Retail,2023-11-28
CUST05051,Yash Gupta,,44,Chennai,Karnataka,India,Wholesale,2023-04-03
CUST05052,Yash Singh,,55,Ahmedabad,Tamil Nadu,India,Wholesale,2021-07-22
CUST05053,Ananya Patel, male ,37,Pune,Maharashtra,India,Corporate,2026-01-04
CUST05054,Neha Singh,,34,Hyderabad,Gujarat,India,Retail,2023-06-20
CUST05055,Aarav Singh,Male,34,Mumbai,Telangana,India,Wholesale,2021-04-29
CUST05056,Riya Mehta,Female,27,Delhi,Karnataka,India,Retail,2024-02-28
CUST05057,Vivaan Gupta, male ,56,Chennai,Delhi,India,Corporate,2023-05-07
CUST05058,Dhruvi Shah,Male,64,Pune,Karnataka,India,Retail,2021-07-24
CUST05059,Riya Patel,Female,38,Chennai,Tamil Nadu,India,Wholesale,2025-10-09
CUST05060,Vivaan Agarwal,,43,Surat,Karnataka,India,Corporate,2022-10-11
CUST05061,Isha Agarwal,,45,Mumbai,Maharashtra,India,Wholesale,2025-04-04
CUST05062,Aarav Desai,Male,33,Chennai,Tamil Nadu,India,Corporate,2025-10-15
CUST05063,Neha Agarwal,Male,30,Pune,Gujarat,India,Wholesale,2022-10-26
CUST05064,Ananya Verma,Male,30,Hyderabad,Delhi,India,Retail,2023-05-07
CUST05065,Riya Agarwal,,74,Ahmedabad,Gujarat,India,Corporate,2021-06-29
CUST05066,Ananya Mehta,,22,Delhi,Delhi,India,Wholesale,2021-07-01
CUST05067,Isha Patel, male ,55,Chennai,Telangana,India,Wholesale,2024-02-04
CUST05068,Yash Kapoor,,22,Pune,Tamil Nadu,India,Corporate,2025-01-09
CUST05069,Dhruvi Verma, male ,40,Delhi,Delhi,India,Retail,2024-09-13
CUST05070,Riya Desai,FEMALE,69,Chennai,Karnataka,India,Wholesale,2025-04-01
CUST05071,Vivaan Singh,,61,Mumbai,Delhi,India,Corporate,2021-07-27
CUST05072,Sneha Gupta,Male,54,Hyderabad,Maharashtra,India,Wholesale,2020-03-06
CUST05073,Arjun Mehta,Female,46,Hyderabad,Delhi,India,Retail,2023-06-05
CUST05074,Diya Shah,Male,35,Chennai,Tamil Nadu,India,Wholesale,2024-07-02
CUST05075,Rohan Agarwal,Female,20,Surat,Delhi,India,Wholesale,2020-10-05
CUST05076,Ananya Shah, male ,68,Chennai,Tamil Nadu,India,Retail,2022-03-13
CUST05077,Yash Verma,,66,Hyderabad,Karnataka,India,Wholesale,2021-06-04
CUST05078,Priya Agarwal,,74,Delhi,Tamil Nadu,India,Corporate,2023-07-11
CUST05079,Sneha Desai, male ,67,Surat,Tamil Nadu,India,Retail,2025-02-04
CUST05080,Ananya Joshi,FEMALE,71,Ahmedabad,Telangana,India,Wholesale,2023-09-14
CUST05081,Isha Mehta,FEMALE,54,Bangalore,Tamil Nadu,India,Corporate,2024-10-11
CUST05082,Aarav Verma,,30,Bangalore,Maharashtra,India,Corporate,2022-05-24
CUST05083,Priya Agarwal,Female,36,Chennai,Karnataka,India,Wholesale,2023-10-28
CUST05084,Priya Gupta,Female,34,Surat,Karnataka,India,Corporate,2023-12-17
CUST05085,Arjun Joshi,FEMALE,47,Pune,Delhi,India,Retail,2024-10-02
CUST05086,Dhruvi Singh,Male,39,Delhi,Telangana,India,Wholesale,2020-11-04
CUST05087,Neha Desai,Female,29,Chennai,Delhi,India,Wholesale,2020-09-16
CUST05088,Priya Gupta,FEMALE,27,Surat,Gujarat,India,Retail,2023-12-27
CUST05089,Dhruvi Shah,,58,Ahmedabad,Karnataka,India,Corporate,2021-03-18
CUST05090,Isha Joshi,,21,Surat,Delhi,India,Wholesale,2023-02-20
CUST05091,Diya Verma,FEMALE,45,Bangalore,Gujarat,India,Retail,2025-03-07
CUST05092,Dhruvi Verma,Male,47,Bangalore,Tamil Nadu,India,Wholesale,2024-06-12
CUST05093,Yash Kapoor,FEMALE,51,Surat,Maharashtra,India,Wholesale,2023-05-18
CUST05094,Priya Patel,,22,Delhi,Karnataka,India,Wholesale,2021-10-16
CUST05095,Nidhi Agarwal, male ,24,Ahmedabad,Telangana,India,Retail,2021-06-30
CUST05096,Diya Mehta,Male,19,Bangalore,Tamil Nadu,India,Retail,2024-04-10
CUST05097,Priya Gupta,Female,39,Surat,Gujarat,India,Corporate,2020-07-08
CUST05098,Vivaan Patel, male ,53,Hyderabad,Karnataka,India,Retail,2022-06-28
CUST05099,Priya Joshi,Female,41,Ahmedabad,Gujarat,India,Wholesale,2020-04-15
CUST05100,Kavya Verma,,51,Chennai,Telangana,India,Corporate,2023-01-31
CUST05101,Kavya Desai,,61,Pune,Karnataka,India,Wholesale,2023-11-05
CUST05102,Kavya Joshi,Male,34,Bangalore,Karnataka,India,Wholesale,2023-10-14
CUST05103,Dhruvi Verma, male ,43,Delhi,Telangana,India,Wholesale,2021-07-09
CUST05104,Aarav Singh,Male,37,Delhi,Telangana,India,Corporate,2020-12-01
CUST05105,Isha Joshi,Female,24,Hyderabad,Maharashtra,India,Wholesale,2024-04-23
CUST05106,Aarav Kapoor,Male,58,Ahmedabad,Karnataka,India,Retail,2021-11-28
CUST05107,Nidhi Singh, male ,23,Bangalore,Telangana,India,Corporate,2025-08-03
CUST05108,Diya Gupta,FEMALE,19,Delhi,Gujarat,India,Retail,2023-10-24
CUST05109,Neha Gupta,,53,Surat,Maharashtra,India,Corporate,2025-06-23
CUST05110,Aarav Desai, male ,53,Hyderabad,Delhi,India,Retail,2024-05-15
CUST05111,Kavya Kapoor,FEMALE,32,Mumbai,Telangana,India,Retail,2021-01-15
CUST05112,Meera Patel,,19,Bangalore,Tamil Nadu,India,Retail,2021-09-22
CUST05113,Neha Kapoor,,72,Bangalore,Delhi,India,Retail,2021-07-21
CUST05114,Diya Verma,,56,Chennai,Telangana,India,Wholesale,2023-07-23
CUST05115,Dhruvi Verma,Female,52,Chennai,Maharashtra,India,Retail,2024-11-23
CUST05116,Isha Mehta,,28,Chennai,Karnataka,India,Retail,2020-07-06
CUST05117,Dhruvi Desai,Male,45,Surat,Telangana,India,Corporate,2020-08-14
CUST05118,Sneha Patel, male ,54,Chennai,Gujarat,India,Wholesale,2025-12-18
CUST05119,Ananya Kapoor,Female,26,Ahmedabad,Karnataka,India,Retail,2025-04-27
CUST05120,Arjun Desai,FEMALE,20,Bangalore,Delhi,India,Corporate,2020-01-21
CUST05121,Isha Agarwal,,70,Surat,Karnataka,India,Wholesale,2024-06-02
CUST05122,Isha Kapoor,FEMALE,18,Chennai,Gujarat,India,Corporate,2023-01-30
CUST05123,Ananya Kapoor,FEMALE,56,Delhi,Karnataka,India,Wholesale,2025-12-22
CUST05124,Isha Verma, male ,39,Chennai,Telangana,India,Retail,2025-04-23
CUST05125,Dhruvi Agarwal,Female,55,Bangalore,Gujarat,India,Wholesale,2023-09-06
CUST05126,Yash Kapoor,Male,19,Pune,Gujarat,India,Retail,2022-08-06
CUST05127,Riya Agarwal,,69,Bangalore,Maharashtra,India,Corporate,2022-10-23
CUST05128,Sneha Verma,,62,Chennai,Delhi,India,Retail,2020-04-27
CUST05129,Vivaan Gupta,Male,66,Delhi,Maharashtra,India,Corporate,2021-06-01
CUST05130,Arjun Mehta,Female,26,Delhi,Karnataka,India,Retail,2025-04-01
CUST05131,Arjun Desai,,48,Hyderabad,Telangana,India,Retail,2021-12-16
CUST05132,Dhruvi Gupta,,55,Delhi,Telangana,India,Corporate,2021-01-20
CUST05133,Rohan Singh,FEMALE,20,Delhi,Karnataka,India,Corporate,2020-07-19
CUST05134,Riya Mehta,Female,61,Ahmedabad,Karnataka,India,Retail,2021-12-15
CUST05135,Neha Kapoor, male ,40,Chennai,Telangana,India,Corporate,2024-02-11
CUST05136,Diya Kapoor,,54,Mumbai,Tamil Nadu,India,Retail,2021-04-08
CUST05137,Aarav Agarwal,FEMALE,49,Hyderabad,Karnataka,India,Corporate,2020-11-25
CUST05138,Sneha Agarwal,,19,Mumbai,Telangana,India,Retail,2020-07-25
CUST05139,Kavya Shah,FEMALE,72,Delhi,Karnataka,India,Corporate,2020-02-29
CUST05140,Aditya Desai, male ,27,Mumbai,Delhi,India,Corporate,2021-09-02
CUST05141,Aditya Gupta,,39,Surat,Karnataka,India,Wholesale,2022-02-19
CUST05142,Yash Gupta,Male,68,Bangalore,Delhi,India,Corporate,2025-07-18
CUST05143,Diya Mehta,Female,32,Surat,Delhi,India,Retail,2020-10-02
CUST05144,Yash Gupta,FEMALE,68,Surat,Telangana,India,Wholesale,2020-01-02
CUST05145,Priya Desai,,31,Hyderabad,Maharashtra,India,Corporate,2020-05-31
CUST05146,Aarav Kapoor,,38,Pune,Delhi,India,Retail,2021-04-21
CUST05147,Meera Patel,Male,25,Delhi,Tamil Nadu,India,Wholesale,2025-01-07
CUST05148,Aarav Kapoor,,48,Delhi,Gujarat,India,Retail,2021-12-25
CUST05149,Ananya Agarwal,Female,53,Pune,Maharashtra,India,Wholesale,2025-01-25
CUST05150,Riya Desai,FEMALE,73,Mumbai,Delhi,India,Corporate,2023-06-22
CUST05151,Isha Patel,,40,Delhi,Maharashtra,India,Retail,2020-08-18
CUST05152,Dhruvi Gupta,Male,74,Hyderabad,Maharashtra,India,Wholesale,2022-06-24
CUST05153,Aditya Patel,Female,42,Hyderabad,Delhi,India,Wholesale,2022-11-15
CUST05154,Nidhi Joshi,FEMALE,23,Pune,Karnataka,India,Retail,2025-01-07
CUST05155,Aarav Gupta,Female,70,Bangalore,Tamil Nadu,India,Corporate,2025-07-20
CUST05156,Yash Desai,FEMALE,49,Chennai,Maharashtra,India,Retail,2024-10-18
CUST05157,Diya Kapoor, male ,55,Ahmedabad,Tamil Nadu,India,Wholesale,2023-12-02
CUST05158,Sneha Verma,Female,58,Mumbai,Gujarat,India,Retail,2021-11-18
CUST05159,Nidhi Patel,Female,44,Surat,Karnataka,India,Retail,2021-07-03
CUST05160,Vivaan Gupta, male ,31,Delhi,Delhi,India,Corporate,2022-05-10
CUST05161,Rahul Verma,FEMALE,51,Bangalore,Gujarat,India,Wholesale,2025-05-10
CUST05162,Diya Desai, male ,40,Ahmedabad,Telangana,India,Corporate,2023-02-17
CUST05163,Vivaan Agarwal,Female,37,Hyderabad,Karnataka,India,Wholesale,2023-03-09
CUST05164,Isha Verma,Male,54,Ahmedabad,Delhi,India,Retail,2022-04-26
CUST05165,Meera Desai,Male,40,Bangalore,Gujarat,India,Corporate,2024-10-20
CUST05166,Aarav Desai,FEMALE,43,Ahmedabad,Karnataka,India,Corporate,2024-02-23
CUST05167,Isha Verma,Female,19,Delhi,Gujarat,India,Wholesale,2024-08-27
CUST05168,Meera Desai,FEMALE,22,Bangalore,Maharashtra,India,Wholesale,2021-06-24
CUST05169,Arjun Mehta,Male,38,Chennai,Telangana,India,Corporate,2020-08-28
CUST05170,Priya Verma,Male,67,Bangalore,Maharashtra,India,Wholesale,2025-07-16
CUST05171,Neha Mehta,FEMALE,61,Pune,Delhi,India,Corporate,2023-01-19
CUST05172,Vivaan Mehta,FEMALE,22,Surat,Tamil Nadu,India,Wholesale,2024-07-07
CUST05173,Ananya Mehta,,65,Ahmedabad,Delhi,India,Corporate,2020-03-04
CUST05174,Vivaan Agarwal,Male,24,Pune,Maharashtra,India,Retail,2020-11-16
CUST05175,Dhruvi Gupta,FEMALE,65,Hyderabad,Telangana,India,Wholesale,2023-12-04
CUST05176,Aarav Joshi,Female,61,Hyderabad,Telangana,India,Retail,2023-11-26
CUST05177,Sneha Patel,,54,Hyderabad,Telangana,India,Wholesale,2025-05-21
CUST05178,Diya Joshi, male ,24,Surat,Telangana,India,Wholesale,2021-06-01
CUST05179,Sneha Mehta,,48,Bangalore,Delhi,India,Corporate,2025-02-08
CUST05180,Arjun Agarwal, male ,31,Bangalore,Gujarat,India,Wholesale,2024-04-28
CUST05181,Diya Patel, male ,43,Delhi,Maharashtra,India,Wholesale,2023-02-26
CUST05182,Rahul Gupta, male ,54,Chennai,Telangana,India,Corporate,2024-10-09
CUST05183,Isha Shah, male ,33,Chennai,Karnataka,India,Retail,2022-02-10
CUST05184,Sneha Shah,,54,Ahmedabad,Gujarat,India,Corporate,2020-06-04
CUST05185,Nidhi Verma,Female,39,Bangalore,Tamil Nadu,India,Wholesale,2020-11-28
CUST05186,Priya Singh,,20,Surat,Telangana,India,Wholesale,2020-02-12
CUST05187,Priya Agarwal, male ,52,Surat,Maharashtra,India,Wholesale,2021-06-21
CUST05188,Meera Gupta,,63,Pune,Delhi,India,Wholesale,2021-09-15
CUST05189,Riya Shah,,57,Surat,Tamil Nadu,India,Retail,2024-04-14
CUST05190,Rahul Singh,FEMALE,30,Delhi,Tamil Nadu,India,Retail,2021-04-17
CUST05191,Kavya Desai, male ,67,Ahmedabad,Maharashtra,India,Retail,2022-09-04
CUST05192,Rahul Desai,,51,Chennai,Delhi,India,Corporate,2023-01-09
CUST05193,Dhruvi Verma,Male,28,Mumbai,Gujarat,India,Wholesale,2023-09-01
CUST05194,Riya Desai,,25,Bangalore,Maharashtra,India,Retail,2021-06-24
CUST05195,Sneha Kapoor,Male,74,Surat,Telangana,India,Corporate,2020-12-04
CUST05196,Rohan Singh, male ,69,Chennai,Gujarat,India,Corporate,2024-06-22
CUST05197,Riya Patel,Male,72,Delhi,Karnataka,India,Retail,2023-05-13
CUST05198,Yash Kapoor,Male,18,Surat,Telangana,India,Corporate,2024-11-28
CUST05199,Diya Agarwal,,72,Ahmedabad,Delhi,India,Retail,2020-02-27
CUST05200,Rohan Joshi,Female,51,Pune,Karnataka,India,Wholesale,2022-11-08
CUST05201,Diya Singh, male ,40,Bangalore,Telangana,India,Corporate,2022-02-18
CUST05202,Rohan Kapoor,Male,63,Surat,Tamil Nadu,India,Retail,2021-05-30
CUST05203,Priya Desai, male ,73,Pune,Maharashtra,India,Corporate,2025-03-10
CUST05204,Riya Kapoor,Female,37,Delhi,Delhi,India,Retail,2021-05-30
CUST05205,Riya Gupta, male ,37,Mumbai,Telangana,India,Wholesale,2021-10-19
CUST05206,Yash Gupta, male ,67,Ahmedabad,Telangana,India,Retail,2023-05-26
CUST05207,Vivaan Kapoor, male ,35,Pune,Maharashtra,India,Corporate,2025-04-08
CUST05208,Ananya Mehta,FEMALE,33,Delhi,Gujarat,India,Corporate,2020-05-16
CUST05209,Diya Joshi,Female,41,Mumbai,Telangana,India,Retail,2025-03-19
CUST05210,Vivaan Joshi, male ,44,Hyderabad,Tamil Nadu,India,Corporate,2021-05-08
CUST05211,Yash Patel,,42,Chennai,Karnataka,India,Wholesale,2022-10-28
CUST05212,Rohan Agarwal,Female,39,Ahmedabad,Maharashtra,India,Retail,2022-02-16
CUST05213,Rahul Verma,FEMALE,46,Pune,Maharashtra,India,Corporate,2023-10-29
CUST05214,Arjun Desai,,43,Hyderabad,Maharashtra,India,Corporate,2024-12-07
CUST05215,Aditya Kapoor,,26,Surat,Tamil Nadu,India,Wholesale,2022-03-06
CUST05216,Priya Gupta,,22,Hyderabad,Tamil Nadu,India,Retail,2022-03-10
CUST05217,Aditya Verma, male ,68,Pune,Tamil Nadu,India,Retail,2024-06-15
CUST05218,Yash Singh,,55,Pune,Tamil Nadu,India,Wholesale,2025-05-09
CUST05219,Sneha Patel, male ,69,Delhi,Tamil Nadu,India,Retail,2021-09-20
CUST05220,Riya Singh,,70,Bangalore,Delhi,India,Wholesale,2023-06-23
CUST05221,Ananya Joshi,FEMALE,22,Ahmedabad,Delhi,India,Retail,2020-02-26
CUST05222,Vivaan Patel,FEMALE,49,Bangalore,Telangana,India,Corporate,2020-07-04
CUST05223,Riya Mehta,Male,70,Bangalore,Maharashtra,India,Retail,2024-02-26
CUST05224,Meera Shah,Female,43,Delhi,Karnataka,India,Corporate,2022-02-13
CUST05225,Ananya Verma, male ,47,Surat,Delhi,India,Wholesale,2025-01-01
CUST05226,Priya Joshi,Female,50,Mumbai,Tamil Nadu,India,Wholesale,2020-05-19
CUST05227,Aarav Gupta,,33,Ahmedabad,Tamil Nadu,India,Corporate,2023-03-26
CUST05228,Riya Mehta,Male,56,Pune,Telangana,India,Retail,2023-06-21
CUST05229,Sneha Singh, male ,46,Delhi,Maharashtra,India,Wholesale,2024-01-29
CUST05230,Sneha Singh,Male,40,Bangalore,Karnataka,India,Retail,2024-08-30
CUST05231,Aditya Mehta,Male,66,Bangalore,Maharashtra,India,Retail,2021-08-22
CUST05232,Dhruvi Patel,,43,Bangalore,Karnataka,India,Corporate,2020-03-24
CUST05233,Arjun Desai,Female,69,Delhi,Karnataka,India,Wholesale,2020-08-11
CUST05234,Aarav Gupta,,65,Bangalore,Telangana,India,Wholesale,2020-05-18
CUST05235,Kavya Joshi, male ,22,Bangalore,Telangana,India,Retail,2023-06-20
CUST05236,Aarav Mehta,,71,Delhi,Telangana,India,Wholesale,2020-01-27
CUST05237,Rohan Gupta, male ,65,Ahmedabad,Delhi,India,Corporate,2022-04-05
CUST05238,Rahul Shah,FEMALE,27,Chennai,Gujarat,India,Corporate,2025-02-03
CUST05239,Yash Singh,,72,Mumbai,Telangana,India,Wholesale,2025-07-27
CUST05240,Dhruvi Verma, male ,49,Delhi,Delhi,India,Corporate,2021-04-14
CUST05241,Kavya Patel,Female,69,Pune,Tamil Nadu,India,Wholesale,2020-09-10
CUST05242,Priya Verma,,73,Bangalore,Delhi,India,Corporate,2020-09-29
CUST05243,Isha Verma,Female,63,Surat,Tamil Nadu,India,Corporate,2022-03-12
CUST05244,Nidhi Gupta,Female,55,Chennai,Tamil Nadu,India,Corporate,2023-11-18
CUST05245,Aditya Gupta,FEMALE,38,Surat,Karnataka,India,Corporate,2023-07-07
CUST05246,Sneha Verma,Female,54,Chennai,Tamil Nadu,India,Retail,2022-02-13
CUST05247,Aarav Desai,Female,54,Bangalore,Gujarat,India,Corporate,2025-05-25
CUST05248,Meera Shah,Male,45,Pune,Telangana,India,Retail,2021-01-03
CUST05249,Arjun Patel,,54,Bangalore,Delhi,India,Retail,2020-09-14
CUST05250,Meera Kapoor,,20,Ahmedabad,Gujarat,India,Retail,2022-04-03
CUST05251,Meera Joshi,,23,Surat,Telangana,India,Wholesale,2020-06-15
CUST05252,Vivaan Agarwal,Female,69,Delhi,Telangana,India,Retail,2020-02-05
CUST05253,Priya Gupta,Male,39,Surat,Karnataka,India,Corporate,2025-06-20
CUST05254,Vivaan Shah,,62,Ahmedabad,Maharashtra,India,Corporate,2023-07-15
CUST05255,Riya Gupta,FEMALE,52,Bangalore,Karnataka,India,Wholesale,2022-03-14
CUST05256,Sneha Singh,FEMALE,52,Delhi,Delhi,India,Wholesale,2020-05-23
CUST05257,Rahul Gupta, male ,59,Mumbai,Gujarat,India,Retail,2021-12-16
CUST05258,Aditya Desai,FEMALE,61,Pune,Karnataka,India,Wholesale,2023-06-05
CUST05259,Vivaan Gupta,Female,43,Chennai,Gujarat,India,Wholesale,2021-07-16
CUST05260,Nidhi Shah,,46,Surat,Telangana,India,Corporate,2022-11-03
CUST05261,Isha Patel,Male,28,Chennai,Gujarat,India,Retail,2020-09-06
CUST05262,Sneha Joshi,,66,Mumbai,Gujarat,India,Retail,2024-05-22
CUST05263,Dhruvi Desai,Female,19,Bangalore,Maharashtra,India,Corporate,2022-01-01
CUST05264,Dhruvi Joshi, male ,45,Delhi,Gujarat,India,Wholesale,2020-07-14
CUST05265,Dhruvi Gupta,FEMALE,46,Surat,Karnataka,India,Corporate,2021-05-23
CUST05266,Vivaan Kapoor,,74,Chennai,Tamil Nadu,India,Wholesale,2024-01-24
CUST05267,Dhruvi Kapoor,FEMALE,68,Delhi,Telangana,India,Wholesale,2020-03-08
CUST05268,Dhruvi Gupta,,22,Pune,Delhi,India,Wholesale,2021-10-20
CUST05269,Priya Desai,FEMALE,36,Delhi,Tamil Nadu,India,Wholesale,2024-05-14
CUST05270,Vivaan Verma,Male,33,Pune,Tamil Nadu,India,Wholesale,2023-07-26
CUST05271,Rahul Verma,,68,Surat,Gujarat,India,Corporate,2024-05-30
CUST05272,Arjun Singh,Female,44,Surat,Tamil Nadu,India,Wholesale,2022-06-28
CUST05273,Aarav Gupta,Male,35,Chennai,Gujarat,India,Corporate,2020-03-19
CUST05274,Rohan Agarwal,Female,67,Mumbai,Telangana,India,Corporate,2021-08-04
CUST05275,Yash Kapoor,,29,Delhi,Maharashtra,India,Retail,2020-04-15
CUST05276,Nidhi Joshi,,69,Hyderabad,Telangana,India,Retail,2020-04-26
CUST05277,Rohan Mehta,,55,Mumbai,Delhi,India,Corporate,2022-02-16
CUST05278,Dhruvi Kapoor,Female,21,Chennai,Gujarat,India,Wholesale,2025-11-24
CUST05279,Ananya Kapoor,Male,58,Pune,Telangana,India,Retail,2023-09-19
CUST05280,Rohan Patel,FEMALE,69,Bangalore,Tamil Nadu,India,Corporate,2021-01-12
CUST05281,Meera Singh,Male,71,Ahmedabad,Telangana,India,Wholesale,2023-12-17
CUST05282,Aditya Joshi,FEMALE,24,Surat,Tamil Nadu,India,Retail,2023-06-16
CUST05283,Diya Verma,Female,43,Bangalore,Tamil Nadu,India,Retail,2020-07-14
CUST05284,Riya Gupta,,62,Pune,Maharashtra,India,Corporate,2022-05-23
CUST05285,Rohan Patel,,53,Pune,Gujarat,India,Wholesale,2025-08-17
CUST05286,Yash Joshi,Male,27,Bangalore,Delhi,India,Wholesale,2024-05-08
CUST05287,Priya Verma,Male,28,Hyderabad,Telangana,India,Corporate,2024-11-03
CUST05288,Nidhi Gupta,Female,73,Ahmedabad,Telangana,India,Corporate,2021-06-02
CUST05289,Kavya Shah, male ,26,Hyderabad,Tamil Nadu,India,Retail,2024-07-29
CUST05290,Isha Joshi,,72,Mumbai,Tamil Nadu,India,Corporate,2025-04-25
CUST05291,Kavya Patel,Male,59,Chennai,Maharashtra,India,Wholesale,2020-01-28
CUST05292,Rahul Mehta,Female,18,Surat,Maharashtra,India,Corporate,2025-09-26
CUST05293,Rahul Mehta,,43,Chennai,Gujarat,India,Corporate,2020-11-11
CUST05294,Aarav Kapoor,Female,54,Mumbai,Tamil Nadu,India,Retail,2025-11-04
CUST05295,Arjun Shah,Female,31,Ahmedabad,Maharashtra,India,Wholesale,2021-12-02
CUST05296,Priya Agarwal, male ,65,Chennai,Telangana,India,Wholesale,2020-03-01
CUST05297,Kavya Singh,Male,64,Delhi,Karnataka,India,Corporate,2024-04-20
CUST05298,Kavya Gupta,Female,60,Ahmedabad,Telangana,India,Wholesale,2020-10-28
CUST05299,Rahul Joshi, male ,65,Surat,Maharashtra,India,Wholesale,2022-09-06
CUST05300,Nidhi Verma,FEMALE,25,Mumbai,Gujarat,India,Retail,2025-05-11
CUST05301,Neha Patel, male ,57,Hyderabad,Karnataka,India,Corporate,2025-10-29
CUST05302,Diya Mehta,Male,55,Pune,Maharashtra,India,Retail,2023-06-14
CUST05303,Yash Singh,Female,43,Pune,Maharashtra,India,Retail,2021-12-21
CUST05304,Rohan Mehta,,61,Bangalore,Maharashtra,India,Corporate,2023-08-19
CUST05305,Rohan Kapoor,Male,38,Bangalore,Telangana,India,Wholesale,2022-07-05
CUST05306,Aarav Agarwal,FEMALE,68,Chennai,Gujarat,India,Wholesale,2024-11-23
CUST05307,Nidhi Gupta,,71,Mumbai,Karnataka,India,Corporate,2020-06-01
CUST05308,Priya Shah,,27,Hyderabad,Delhi,India,Corporate,2024-04-18
CUST05309,Neha Kapoor,FEMALE,37,Bangalore,Delhi,India,Retail,2025-01-30
CUST05310,Isha Singh,,48,Delhi,Tamil Nadu,India,Corporate,2022-05-26
CUST05311,Yash Patel,FEMALE,57,Chennai,Telangana,India,Retail,2024-10-03
CUST05312,Yash Verma,Male,27,Bangalore,Telangana,India,Wholesale,2025-10-21
CUST05313,Ananya Agarwal,Male,74,Chennai,Telangana,India,Corporate,2025-05-10
CUST05314,Yash Gupta, male ,24,Chennai,Telangana,India,Wholesale,2024-02-23
CUST05315,Dhruvi Mehta,,42,Delhi,Delhi,India,Retail,2022-11-19
CUST05316,Diya Agarwal,FEMALE,46,Chennai,Tamil Nadu,India,Wholesale,2023-12-07
CUST05317,Dhruvi Shah,,71,Delhi,Maharashtra,India,Retail,2020-01-28
CUST05318,Ananya Gupta,,32,Bangalore,Karnataka,India,Corporate,2024-02-08
CUST05319,Aditya Gupta,,74,Delhi,Maharashtra,India,Retail,2024-02-12
CUST05320,Kavya Desai,Female,44,Ahmedabad,Delhi,India,Corporate,2022-05-28
CUST05321,Arjun Agarwal,Male,19,Mumbai,Karnataka,India,Retail,2024-06-22
CUST05322,Ananya Patel,Male,61,Chennai,Tamil Nadu,India,Retail,2024-02-04
CUST05323,Rohan Joshi,Male,42,Chennai,Maharashtra,India,Corporate,2022-01-27
CUST05324,Aditya Singh,Female,19,Pune,Tamil Nadu,India,Corporate,2023-11-09
CUST05325,Sneha Kapoor,Female,38,Delhi,Gujarat,India,Corporate,2020-07-14
CUST05326,Vivaan Gupta,Male,32,Surat,Maharashtra,India,Wholesale,2023-10-21
CUST05327,Neha Patel,,67,Pune,Telangana,India,Wholesale,2025-06-15
CUST05328,Rahul Patel,,65,Pune,Gujarat,India,Retail,2023-03-11
CUST05329,Arjun Patel, male ,50,Bangalore,Tamil Nadu,India,Wholesale,2020-01-10
CUST05330,Dhruvi Gupta,,22,Pune,Karnataka,India,Retail,2024-02-16
CUST05331,Kavya Verma,Female,60,Hyderabad,Maharashtra,India,Retail,2025-10-22
CUST05332,Isha Verma,,22,Ahmedabad,Tamil Nadu,India,Corporate,2024-05-14
CUST05333,Kavya Mehta, male ,60,Pune,Gujarat,India,Retail,2023-11-11
CUST05334,Aarav Verma,,32,Hyderabad,Tamil Nadu,India,Wholesale,2022-05-11
CUST05335,Isha Mehta,Female,26,Mumbai,Maharashtra,India,Corporate,2022-04-01
CUST05336,Isha Mehta,Female,60,Chennai,Tamil Nadu,India,Retail,2020-01-15
CUST05337,Vivaan Patel,,61,Delhi,Karnataka,India,Retail,2024-07-30
CUST05338,Priya Agarwal,Male,23,Mumbai,Tamil Nadu,India,Wholesale,2021-01-25
CUST05339,Yash Patel,,49,Surat,Karnataka,India,Wholesale,2023-10-20
CUST05340,Isha Gupta,,70,Surat,Tamil Nadu,India,Retail,2023-12-23
CUST05341,Dhruvi Singh,,21,Surat,Telangana,India,Wholesale,2025-09-23
CUST05342,Meera Singh,FEMALE,39,Ahmedabad,Maharashtra,India,Corporate,2024-07-10
CUST05343,Arjun Mehta,Female,34,Delhi,Maharashtra,India,Corporate,2021-01-21
CUST05344,Ananya Desai,Male,42,Chennai,Delhi,India,Wholesale,2024-12-07
CUST05345,Kavya Singh,,49,Chennai,Delhi,India,Wholesale,2023-04-13
CUST05346,Arjun Kapoor,FEMALE,58,Bangalore,Karnataka,India,Retail,2025-03-29
CUST05347,Nidhi Gupta,,63,Mumbai,Telangana,India,Retail,2022-09-29
CUST05348,Diya Gupta,Male,64,Chennai,Karnataka,India,Retail,2020-05-08
CUST05349,Yash Agarwal,Female,50,Bangalore,Telangana,India,Wholesale,2022-08-24
CUST05350,Nidhi Mehta, male ,52,Pune,Karnataka,India,Corporate,2022-08-05
CUST05351,Kavya Singh,FEMALE,69,Pune,Tamil Nadu,India,Wholesale,2022-05-10
CUST05352,Neha Patel,,26,Surat,Telangana,India,Corporate,2024-08-11
CUST05353,Meera Patel,Female,28,Surat,Delhi,India,Retail,2021-09-15
CUST05354,Rahul Patel,FEMALE,39,Ahmedabad,Gujarat,India,Wholesale,2021-07-08
CUST05355,Kavya Joshi,FEMALE,34,Surat,Telangana,India,Retail,2021-12-12
CUST05356,Nidhi Desai,,66,Pune,Karnataka,India,Retail,2022-02-18
CUST05357,Priya Mehta,,24,Delhi,Tamil Nadu,India,Retail,2024-04-06
CUST05358,Diya Shah,,72,Bangalore,Tamil Nadu,India,Retail,2022-01-16
CUST05359,Aarav Kapoor,FEMALE,64,Mumbai,Maharashtra,India,Retail,2021-01-09
CUST05360,Dhruvi Patel,,64,Mumbai,Delhi,India,Corporate,2023-09-03
CUST05361,Dhruvi Gupta,,39,Bangalore,Delhi,India,Wholesale,2025-11-03
CUST05362,Riya Shah,,62,Bangalore,Tamil Nadu,India,Retail,2021-10-07
CUST05363,Arjun Agarwal, male ,60,Delhi,Karnataka,India,Wholesale,2020-12-09
CUST05364,Ananya Mehta,Female,35,Bangalore,Delhi,India,Wholesale,2024-03-20
CUST05365,Arjun Singh, male ,66,Pune,Telangana,India,Wholesale,2024-08-04
CUST05366,Ananya Gupta,FEMALE,36,Pune,Maharashtra,India,Retail,2025-03-16
CUST05367,Dhruvi Mehta,Male,41,Hyderabad,Maharashtra,India,Retail,2025-11-15
CUST05368,Meera Mehta,FEMALE,45,Mumbai,Karnataka,India,Wholesale,2021-06-16
CUST05369,Arjun Desai, male ,67,Delhi,Karnataka,India,Wholesale,2024-01-28
CUST05370,Riya Singh,,68,Ahmedabad,Delhi,India,Wholesale,2023-10-05
CUST05371,Arjun Agarwal,Male,27,Surat,Gujarat,India,Wholesale,2021-07-01
CUST05372,Rahul Joshi, male ,72,Hyderabad,Tamil Nadu,India,Wholesale,2023-05-10
CUST05373,Sneha Singh,Female,30,Delhi,Telangana,India,Retail,2021-06-30
CUST05374,Nidhi Agarwal,Female,69,Ahmedabad,Maharashtra,India,Retail,2020-03-11
CUST05375,Vivaan Mehta,Female,57,Pune,Delhi,India,Retail,2021-12-16
CUST05376,Arjun Gupta,,19,Ahmedabad,Telangana,India,Corporate,2025-08-26
CUST05377,Sneha Desai,,20,Hyderabad,Tamil Nadu,India,Corporate,2020-07-31
CUST05378,Kavya Agarwal,FEMALE,47,Chennai,Karnataka,India,Wholesale,2023-12-05
CUST05379,Isha Patel,,53,Chennai,Karnataka,India,Retail,2022-05-04
CUST05380,Priya Mehta,Female,44,Pune,Tamil Nadu,India,Wholesale,2021-01-01
CUST05381,Rohan Kapoor, male ,60,Ahmedabad,Maharashtra,India,Corporate,2022-01-27
CUST05382,Kavya Patel,,34,Hyderabad,Delhi,India,Retail,2021-02-07
CUST05383,Sneha Agarwal,FEMALE,74,Ahmedabad,Telangana,India,Corporate,2020-12-18
CUST05384,Neha Mehta,Female,59,Hyderabad,Maharashtra,India,Retail,2025-01-17
CUST05385,Priya Mehta, male ,27,Mumbai,Telangana,India,Retail,2022-08-10
CUST05386,Aditya Gupta,Female,67,Pune,Telangana,India,Wholesale,2022-08-29
CUST05387,Dhruvi Patel, male ,52,Surat,Telangana,India,Wholesale,2022-03-20
CUST05388,Dhruvi Gupta,,39,Mumbai,Karnataka,India,Retail,2023-12-13
CUST05389,Meera Joshi,,19,Mumbai,Karnataka,India,Wholesale,2023-08-20
CUST05390,Rohan Verma,Female,36,Delhi,Telangana,India,Retail,2021-04-17
CUST05391,Ananya Joshi,,73,Delhi,Tamil Nadu,India,Retail,2025-12-22
CUST05392,Nidhi Kapoor, male ,22,Chennai,Gujarat,India,Wholesale,2022-06-07
CUST05393,Rohan Shah, male ,27,Bangalore,Maharashtra,India,Wholesale,2025-07-12
CUST05394,Kavya Mehta,,19,Chennai,Gujarat,India,Corporate,2020-02-09
CUST05395,Yash Agarwal,,54,Bangalore,Karnataka,India,Wholesale,2025-02-01
CUST05396,Kavya Mehta,Male,58,Ahmedabad,Karnataka,India,Retail,2021-08-24
CUST05397,Riya Gupta, male ,27,Hyderabad,Delhi,India,Wholesale,2024-09-04
CUST05398,Kavya Shah,FEMALE,41,Mumbai,Tamil Nadu,India,Retail,2023-11-20
CUST05399,Nidhi Mehta,Male,73,Hyderabad,Gujarat,India,Corporate,2025-12-09
CUST05400,Aditya Mehta,FEMALE,69,Hyderabad,Telangana,India,Wholesale,2022-10-04
CUST05401,Sneha Desai,,23,Ahmedabad,Karnataka,India,Wholesale,2025-05-23
CUST05402,Riya Kapoor,Female,48,Bangalore,Maharashtra,India,Corporate,2024-08-31
CUST05403,Aditya Agarwal,,38,Surat,Karnataka,India,Retail,2022-04-06
CUST05404,Aarav Kapoor,,74,Hyderabad,Tamil Nadu,India,Corporate,2024-11-21
CUST05405,Diya Singh,,56,Ahmedabad,Maharashtra,India,Corporate,2020-12-01
CUST05406,Isha Singh,Female,18,Ahmedabad,Maharashtra,India,Corporate,2025-03-22
CUST05407,Aditya Verma,FEMALE,39,Surat,Maharashtra,India,Wholesale,2021-09-18
CUST05408,Yash Verma,Female,29,Surat,Gujarat,India,Retail,2024-07-04
CUST05409,Yash Singh,,22,Hyderabad,Delhi,India,Corporate,2021-08-24
CUST05410,Dhruvi Patel, male ,51,Mumbai,Delhi,India,Corporate,2021-09-11
CUST05411,Ananya Singh,FEMALE,46,Ahmedabad,Delhi,India,Corporate,2020-11-20
CUST05412,Aarav Agarwal, male ,27,Hyderabad,Delhi,India,Wholesale,2022-08-16
CUST05413,Sneha Patel,,74,Ahmedabad,Karnataka,India,Retail,2020-12-15
CUST05414,Ananya Kapoor,,60,Surat,Telangana,India,Wholesale,2024-06-04
CUST05415,Priya Mehta,,27,Hyderabad,Karnataka,India,Retail,2020-06-10
CUST05416,Yash Kapoor,,67,Mumbai,Delhi,India,Corporate,2025-03-22
CUST05417,Rahul Shah,Male,21,Chennai,Delhi,India,Wholesale,2020-07-02
CUST05418,Nidhi Joshi,Female,24,Delhi,Karnataka,India,Wholesale,2023-04-16
CUST05419,Kavya Kapoor, male ,46,Surat,Karnataka,India,Retail,2020-03-05
CUST05420,Sneha Kapoor,Male,34,Pune,Telangana,India,Retail,2024-06-23
CUST05421,Kavya Shah,Female,31,Delhi,Maharashtra,India,Corporate,2020-10-19
CUST05422,Yash Desai,Female,36,Hyderabad,Tamil Nadu,India,Corporate,2023-03-24
CUST05423,Aarav Joshi,,47,Pune,Karnataka,India,Corporate,2021-05-18
CUST05424,Rahul Desai,Female,20,Bangalore,Karnataka,India,Retail,2023-11-21
CUST05425,Neha Joshi, male ,50,Pune,Gujarat,India,Wholesale,2020-12-02
CUST05426,Aditya Verma,FEMALE,25,Chennai,Telangana,India,Retail,2021-01-27
CUST05427,Yash Mehta,Male,66,Pune,Gujarat,India,Wholesale,2020-07-21
CUST05428,Priya Patel,Female,46,Delhi,Gujarat,India,Retail,2023-04-23
CUST05429,Riya Verma,FEMALE,50,Bangalore,Tamil Nadu,India,Corporate,2021-01-10
CUST05430,Diya Joshi,Female,66,Mumbai,Tamil Nadu,India,Wholesale,2024-04-15
CUST05431,Ananya Verma, male ,61,Ahmedabad,Karnataka,India,Wholesale,2022-05-17
CUST05432,Aarav Mehta,Male,34,Ahmedabad,Delhi,India,Wholesale,2020-10-13
CUST05433,Neha Gupta,,42,Ahmedabad,Maharashtra,India,Corporate,2025-09-27
CUST05434,Arjun Singh,,23,Bangalore,Tamil Nadu,India,Corporate,2022-06-20
CUST05435,Ananya Patel, male ,50,Ahmedabad,Maharashtra,India,Wholesale,2025-07-14
CUST05436,Isha Desai,Male,37,Delhi,Gujarat,India,Retail,2025-03-14
CUST05437,Vivaan Desai,Female,30,Bangalore,Maharashtra,India,Retail,2025-05-12
CUST05438,Aditya Agarwal,Female,39,Bangalore,Tamil Nadu,India,Retail,2022-03-12
CUST05439,Diya Verma,,56,Mumbai,Gujarat,India,Corporate,2023-03-20
CUST05440,Neha Desai,,54,Mumbai,Gujarat,India,Retail,2023-01-23
CUST05441,Isha Agarwal,FEMALE,28,Surat,Gujarat,India,Wholesale,2023-05-21
CUST05442,Nidhi Agarwal, male ,42,Chennai,Karnataka,India,Wholesale,2025-03-19
CUST05443,Priya Patel,FEMALE,20,Hyderabad,Delhi,India,Corporate,2024-07-30
CUST05444,Neha Mehta,Male,25,Hyderabad,Karnataka,India,Wholesale,2024-03-07
CUST05445,Nidhi Mehta,FEMALE,27,Bangalore,Maharashtra,India,Wholesale,2023-03-08
CUST05446,Sneha Singh,Female,63,Chennai,Tamil Nadu,India,Corporate,2024-05-16
CUST05447,Dhruvi Gupta,Female,51,Delhi,Telangana,India,Retail,2020-09-04
CUST05448,Vivaan Mehta, male ,19,Ahmedabad,Karnataka,India,Retail,2022-06-29
CUST05449,Rohan Mehta,,62,Delhi,Karnataka,India,Wholesale,2022-06-10
CUST05450,Ananya Agarwal,Male,58,Ahmedabad,Telangana,India,Corporate,2022-04-24
CUST05451,Neha Singh,FEMALE,38,Pune,Karnataka,India,Retail,2021-09-21
CUST05452,Priya Gupta,,32,Bangalore,Tamil Nadu,India,Wholesale,2022-04-26
CUST05453,Rahul Joshi, male ,18,Delhi,Telangana,India,Wholesale,2024-12-21
CUST05454,Nidhi Shah,Male,59,Surat,Tamil Nadu,India,Retail,2024-03-09
CUST05455,Vivaan Shah,,21,Ahmedabad,Maharashtra,India,Retail,2023-05-01
CUST05456,Sneha Desai,,57,Mumbai,Telangana,India,Wholesale,2023-03-25
CUST05457,Sneha Patel,Female,65,Mumbai,Telangana,India,Retail,2021-06-02
CUST05458,Diya Joshi, male ,20,Hyderabad,Delhi,India,Wholesale,2023-08-08
CUST05459,Arjun Singh,,54,Surat,Gujarat,India,Corporate,2023-05-01
CUST05460,Yash Joshi,,30,Bangalore,Maharashtra,India,Corporate,2024-10-06
CUST05461,Nidhi Shah,Male,30,Pune,Gujarat,India,Retail,2020-04-26
CUST05462,Dhruvi Gupta,,54,Delhi,Gujarat,India,Corporate,2021-05-30
CUST05463,Priya Singh,,28,Delhi,Karnataka,India,Retail,2020-07-31
CUST05464,Isha Desai,Female,31,Chennai,Gujarat,India,Corporate,2021-08-13
CUST05465,Riya Mehta,Male,33,Pune,Gujarat,India,Retail,2024-07-12
CUST05466,Meera Verma,FEMALE,18,Delhi,Delhi,India,Corporate,2023-07-21
CUST05467,Dhruvi Kapoor,,23,Chennai,Maharashtra,India,Retail,2020-06-11
CUST05468,Dhruvi Kapoor,,27,Ahmedabad,Maharashtra,India,Corporate,2021-09-08
CUST05469,Dhruvi Shah,Female,59,Delhi,Maharashtra,India,Wholesale,2020-04-20
CUST05470,Ananya Agarwal,FEMALE,62,Delhi,Delhi,India,Wholesale,2024-05-09
CUST05471,Priya Kapoor,,20,Pune,Karnataka,India,Corporate,2024-11-15
CUST05472,Neha Gupta,,41,Delhi,Delhi,India,Retail,2021-02-23
CUST05473,Ananya Patel,,45,Chennai,Maharashtra,India,Retail,2020-04-19
CUST05474,Vivaan Mehta,,49,Surat,Gujarat,India,Wholesale,2024-01-20
CUST05475,Nidhi Patel, male ,31,Chennai,Karnataka,India,Retail,2022-06-20
CUST05476,Vivaan Verma, male ,59,Ahmedabad,Maharashtra,India,Retail,2025-12-09
CUST05477,Kavya Shah,Female,62,Surat,Tamil Nadu,India,Retail,2021-11-18
CUST05478,Diya Mehta, male ,26,Pune,Gujarat,India,Retail,2025-07-11
CUST05479,Neha Verma,,30,Bangalore,Maharashtra,India,Wholesale,2020-01-24
CUST05480,Aarav Joshi,,69,Delhi,Karnataka,India,Corporate,2020-12-10
CUST05481,Nidhi Shah,,43,Mumbai,Karnataka,India,Retail,2024-03-29
CUST05482,Yash Patel,,66,Bangalore,Tamil Nadu,India,Wholesale,2021-02-17
CUST05483,Isha Gupta, male ,31,Bangalore,Telangana,India,Wholesale,2025-06-26
CUST05484,Diya Verma,,74,Delhi,Maharashtra,India,Retail,2020-04-25
CUST05485,Yash Mehta,,56,Pune,Karnataka,India,Corporate,2022-01-23
CUST05486,Neha Desai,Male,30,Hyderabad,Tamil Nadu,India,Wholesale,2020-07-26
CUST05487,Riya Gupta,,46,Bangalore,Maharashtra,India,Wholesale,2024-06-14
CUST05488,Aarav Gupta,Female,27,Delhi,Gujarat,India,Corporate,2022-11-10
CUST05489,Priya Kapoor,Female,71,Bangalore,Tamil Nadu,India,Corporate,2021-09-09
CUST05490,Yash Agarwal, male ,36,Hyderabad,Karnataka,India,Corporate,2024-10-07
CUST05491,Diya Verma,Male,22,Delhi,Karnataka,India,Retail,2022-10-10
CUST05492,Vivaan Desai,FEMALE,24,Mumbai,Tamil Nadu,India,Wholesale,2020-03-17
CUST05493,Yash Gupta,,38,Delhi,Telangana,India,Wholesale,2024-09-07
CUST05494,Yash Kapoor,,49,Hyderabad,Tamil Nadu,India,Corporate,2020-03-03
CUST05495,Rohan Patel,FEMALE,61,Hyderabad,Tamil Nadu,India,Retail,2020-04-01
CUST05496,Vivaan Kapoor,,69,Pune,Delhi,India,Corporate,2025-08-06
CUST05497,Arjun Joshi, male ,51,Pune,Gujarat,India,Corporate,2023-03-25
CUST05498,Meera Kapoor,FEMALE,31,Surat,Telangana,India,Retail,2020-02-27
CUST05499,Aditya Joshi,Male,21,Hyderabad,Maharashtra,India,Wholesale,2021-08-12
CUST05500,Rohan Gupta, male ,50,Bangalore,Maharashtra,India,Retail,2023-09-16
CUST05501,Yash Kapoor,FEMALE,20,Delhi,Karnataka,India,Wholesale,2022-02-01
CUST05502,Aarav Verma,FEMALE,47,Chennai,Delhi,India,Retail,2024-10-01
CUST05503,Aarav Agarwal,,38,Mumbai,Delhi,India,Wholesale,2023-11-16
CUST05504,Isha Kapoor,FEMALE,37,Bangalore,Delhi,India,Corporate,2025-08-04
CUST05505,Isha Desai, male ,26,Ahmedabad,Telangana,India,Retail,2020-05-17
CUST05506,Riya Joshi,Female,69,Delhi,Delhi,India,Wholesale,2023-07-04
CUST05507,Arjun Agarwal, male ,44,Surat,Telangana,India,Wholesale,2021-06-12
CUST05508,Kavya Verma,,44,Pune,Delhi,India,Retail,2021-10-04
CUST05509,Nidhi Gupta,Male,29,Ahmedabad,Tamil Nadu,India,Retail,2022-10-20
CUST05510,Ananya Joshi, male ,41,Delhi,Maharashtra,India,Wholesale,2025-11-09
CUST05511,Aarav Verma,,51,Delhi,Gujarat,India,Wholesale,2024-08-14
CUST05512,Isha Singh,FEMALE,66,Ahmedabad,Maharashtra,India,Wholesale,2024-04-14
CUST05513,Rohan Kapoor,,51,Mumbai,Tamil Nadu,India,Wholesale,2022-01-07
CUST05514,Yash Shah,FEMALE,52,Ahmedabad,Gujarat,India,Wholesale,2023-05-15
CUST05515,Yash Mehta,Male,37,Chennai,Karnataka,India,Retail,2024-07-01
CUST05516,Meera Joshi,,64,Chennai,Karnataka,India,Corporate,2021-09-02
CUST05517,Isha Shah,,38,Ahmedabad,Tamil Nadu,India,Retail,2020-11-22
CUST05518,Rohan Patel,,74,Delhi,Maharashtra,India,Corporate,2022-10-01
CUST05519,Yash Shah,Male,67,Surat,Tamil Nadu,India,Retail,2022-11-07
CUST05520,Ananya Verma,,29,Pune,Delhi,India,Wholesale,2022-01-11
CUST05521,Sneha Singh,Female,69,Mumbai,Tamil Nadu,India,Retail,2025-10-02
CUST05522,Priya Patel, male ,28,Pune,Tamil Nadu,India,Wholesale,2023-12-18
CUST05523,Rahul Singh,FEMALE,63,Pune,Delhi,India,Wholesale,2021-08-03
CUST05524,Rahul Kapoor, male ,61,Surat,Karnataka,India,Corporate,2020-08-15
CUST05525,Aditya Verma,Male,40,Pune,Tamil Nadu,India,Retail,2021-09-13
CUST05526,Arjun Shah, male ,51,Surat,Gujarat,India,Retail,2021-12-26
CUST05527,Kavya Patel,,33,Ahmedabad,Gujarat,India,Retail,2023-03-06
CUST05528,Rohan Shah,Male,70,Mumbai,Gujarat,India,Corporate,2024-04-09
CUST05529,Aarav Kapoor,,29,Surat,Telangana,India,Corporate,2023-12-03
CUST05530,Isha Desai,Male,25,Surat,Maharashtra,India,Wholesale,2022-10-02
CUST05531,Diya Kapoor,FEMALE,39,Mumbai,Gujarat,India,Wholesale,2025-10-15
CUST05532,Priya Desai,Male,18,Ahmedabad,Tamil Nadu,India,Wholesale,2024-05-13
CUST05533,Neha Kapoor, male ,65,Mumbai,Maharashtra,India,Wholesale,2023-02-27
CUST05534,Vivaan Mehta,Male,60,Hyderabad,Telangana,India,Wholesale,2020-02-07
CUST05535,Riya Singh,,54,Chennai,Telangana,India,Retail,2024-06-19
CUST05536,Neha Gupta, male ,33,Chennai,Delhi,India,Corporate,2025-11-15
CUST05537,Aarav Joshi,FEMALE,68,Delhi,Gujarat,India,Corporate,2021-04-25
CUST05538,Vivaan Kapoor,Female,34,Delhi,Maharashtra,India,Wholesale,2023-03-26
CUST05539,Priya Gupta,FEMALE,24,Hyderabad,Maharashtra,India,Corporate,2022-08-31
CUST05540,Aarav Desai,Male,30,Pune,Delhi,India,Retail,2023-05-01
CUST05541,Yash Agarwal,Female,40,Delhi,Telangana,India,Corporate,2022-12-01
CUST05542,Aarav Joshi,Female,37,Surat,Tamil Nadu,India,Retail,2022-05-10
CUST05543,Riya Kapoor,FEMALE,21,Mumbai,Tamil Nadu,India,Retail,2022-08-18
CUST05544,Aditya Mehta, male ,53,Chennai,Delhi,India,Wholesale,2023-01-30
CUST05545,Rohan Shah,,47,Pune,Telangana,India,Wholesale,2021-03-14
CUST05546,Sneha Agarwal,,54,Surat,Karnataka,India,Wholesale,2025-12-20
CUST05547,Rahul Shah,,63,Bangalore,Karnataka,India,Wholesale,2025-09-23
CUST05548,Priya Gupta,,37,Bangalore,Tamil Nadu,India,Corporate,2022-03-08
CUST05549,Isha Kapoor,,47,Hyderabad,Gujarat,India,Corporate,2022-03-07
CUST05550,Aarav Kapoor,Female,68,Bangalore,Telangana,India,Corporate,2021-01-26
CUST05551,Kavya Gupta,FEMALE,53,Pune,Tamil Nadu,India,Corporate,2023-06-17
CUST05552,Ananya Desai,,65,Chennai,Karnataka,India,Corporate,2023-01-21
CUST05553,Kavya Kapoor,,20,Bangalore,Telangana,India,Retail,2022-03-06
CUST05554,Diya Shah,,58,Mumbai,Gujarat,India,Wholesale,2023-11-22
CUST05555,Rahul Gupta,,52,Chennai,Gujarat,India,Retail,2023-04-15
CUST05556,Vivaan Shah,FEMALE,21,Delhi,Gujarat,India,Retail,2023-03-14
CUST05557,Aditya Kapoor,Female,61,Mumbai,Maharashtra,India,Wholesale,2025-01-22
CUST05558,Dhruvi Gupta,,42,Mumbai,Tamil Nadu,India,Wholesale,2025-03-07
CUST05559,Yash Agarwal,Female,47,Bangalore,Tamil Nadu,India,Wholesale,2023-03-02
CUST05560,Isha Mehta,Male,56,Surat,Karnataka,India,Corporate,2020-09-24
CUST05561,Vivaan Mehta, male ,19,Bangalore,Maharashtra,India,Retail,2025-07-16
CUST05562,Rohan Verma, male ,62,Surat,Delhi,India,Retail,2021-10-15
CUST05563,Rahul Verma, male ,66,Chennai,Telangana,India,Wholesale,2024-12-21
CUST05564,Aarav Shah,,28,Mumbai,Tamil Nadu,India,Retail,2021-01-14
CUST05565,Kavya Kapoor,FEMALE,67,Surat,Maharashtra,India,Wholesale,2020-03-15
CUST05566,Kavya Verma,,53,Surat,Delhi,India,Retail,2024-12-20
CUST05567,Arjun Shah,,18,Ahmedabad,Tamil Nadu,India,Retail,2025-03-23
CUST05568,Sneha Shah,,74,Ahmedabad,Tamil Nadu,India,Retail,2020-12-09
CUST05569,Diya Shah,,58,Bangalore,Karnataka,India,Wholesale,2023-11-19
CUST05570,Aarav Desai,FEMALE,31,Bangalore,Delhi,India,Retail,2023-04-29
CUST05571,Sneha Patel,,52,Hyderabad,Maharashtra,India,Retail,2025-08-10
CUST05572,Diya Joshi,,27,Ahmedabad,Delhi,India,Wholesale,2023-07-31
CUST05573,Sneha Agarwal,,62,Ahmedabad,Tamil Nadu,India,Wholesale,2025-06-29
CUST05574,Riya Singh,,33,Bangalore,Tamil Nadu,India,Wholesale,2024-09-18
CUST05575,Neha Desai,,32,Ahmedabad,Karnataka,India,Corporate,2024-02-26
CUST05576,Sneha Gupta,Male,74,Delhi,Telangana,India,Wholesale,2023-05-24
CUST05577,Riya Shah,,20,Delhi,Maharashtra,India,Corporate,2022-04-09
CUST05578,Meera Gupta,Male,37,Pune,Tamil Nadu,India,Retail,2024-02-16
CUST05579,Nidhi Mehta,FEMALE,57,Bangalore,Karnataka,India,Corporate,2025-07-07
CUST05580,Rahul Mehta,FEMALE,20,Bangalore,Delhi,India,Wholesale,2024-02-03
CUST05581,Dhruvi Shah, male ,22,Bangalore,Telangana,India,Wholesale,2021-01-15
CUST05582,Arjun Kapoor,Male,40,Ahmedabad,Delhi,India,Wholesale,2020-04-21
CUST05583,Nidhi Gupta,,38,Pune,Delhi,India,Corporate,2020-04-19
CUST05584,Rahul Gupta,FEMALE,38,Chennai,Karnataka,India,Corporate,2024-03-08
CUST05585,Nidhi Mehta,FEMALE,30,Surat,Gujarat,India,Wholesale,2020-03-21
CUST05586,Rahul Joshi,FEMALE,45,Chennai,Maharashtra,India,Wholesale,2025-11-04
CUST05587,Kavya Gupta,FEMALE,45,Bangalore,Delhi,India,Retail,2021-09-29
CUST05588,Isha Desai,Male,37,Ahmedabad,Delhi,India,Retail,2025-01-19
CUST05589,Priya Shah,,22,Pune,Delhi,India,Wholesale,2023-01-08
CUST05590,Rahul Gupta,,69,Surat,Gujarat,India,Retail,2025-11-20
CUST05591,Priya Singh,FEMALE,38,Pune,Gujarat,India,Wholesale,2025-03-01
CUST05592,Yash Singh,Male,40,Bangalore,Maharashtra,India,Wholesale,2023-08-02
CUST05593,Arjun Agarwal, male ,62,Mumbai,Karnataka,India,Wholesale,2020-07-25
CUST05594,Kavya Shah, male ,61,Pune,Maharashtra,India,Corporate,2022-07-15
CUST05595,Rohan Patel,,24,Bangalore,Delhi,India,Corporate,2020-09-29
CUST05596,Kavya Singh,Female,34,Mumbai,Maharashtra,India,Wholesale,2025-04-01
CUST05597,Aarav Singh,FEMALE,58,Surat,Delhi,India,Retail,2023-07-18
CUST05598,Neha Kapoor, male ,61,Chennai,Gujarat,India,Retail,2020-01-07
CUST05599,Neha Mehta,Male,45,Ahmedabad,Tamil Nadu,India,Wholesale,2022-07-31
CUST05600,Vivaan Patel,Male,62,Mumbai,Gujarat,India,Retail,2024-12-28
CUST05601,Dhruvi Mehta,Male,66,Delhi,Telangana,India,Wholesale,2024-02-29
CUST05602,Dhruvi Joshi,Male,22,Ahmedabad,Telangana,India,Retail,2020-07-28
CUST05603,Yash Patel,Female,26,Bangalore,Maharashtra,India,Corporate,2020-01-06
CUST05604,Nidhi Desai,,47,Hyderabad,Karnataka,India,Retail,2020-07-05
CUST05605,Isha Singh,,57,Surat,Telangana,India,Retail,2021-06-21
CUST05606,Ananya Kapoor,Female,36,Pune,Tamil Nadu,India,Wholesale,2021-03-26
CUST05607,Arjun Desai,,28,Chennai,Delhi,India,Corporate,2023-03-22
CUST05608,Aditya Kapoor,FEMALE,27,Hyderabad,Gujarat,India,Retail,2024-07-24
CUST05609,Neha Mehta,FEMALE,32,Delhi,Maharashtra,India,Corporate,2022-07-22
CUST05610,Rohan Singh, male ,60,Mumbai,Telangana,India,Wholesale,2025-02-24
CUST05611,Kavya Patel,Male,57,Mumbai,Gujarat,India,Retail,2021-01-01
CUST05612,Rohan Gupta,Male,18,Delhi,Tamil Nadu,India,Retail,2022-01-14
CUST05613,Diya Joshi,Female,28,Mumbai,Tamil Nadu,India,Wholesale,2021-09-03
CUST05614,Vivaan Shah,,29,Ahmedabad,Maharashtra,India,Corporate,2021-12-20
CUST05615,Kavya Singh,Female,59,Hyderabad,Telangana,India,Retail,2024-12-04
CUST05616,Neha Gupta, male ,68,Mumbai,Telangana,India,Retail,2022-07-09
CUST05617,Ananya Patel,Male,60,Mumbai,Karnataka,India,Retail,2020-02-01
CUST05618,Rahul Agarwal, male ,36,Pune,Delhi,India,Wholesale,2025-05-02
CUST05619,Aarav Joshi,Female,69,Chennai,Gujarat,India,Wholesale,2020-06-08
CUST05620,Sneha Verma,Male,18,Delhi,Maharashtra,India,Retail,2024-05-02
CUST05621,Aarav Gupta,FEMALE,65,Bangalore,Telangana,India,Retail,2022-12-25
CUST05622,Riya Singh,,26,Pune,Gujarat,India,Retail,2023-06-28
CUST05623,Kavya Verma,,32,Surat,Gujarat,India,Wholesale,2020-06-13
CUST05624,Nidhi Mehta,FEMALE,72,Bangalore,Telangana,India,Retail,2020-08-07
CUST05625,Riya Agarwal,,25,Delhi,Tamil Nadu,India,Retail,2025-03-07
CUST05626,Vivaan Verma,Female,67,Bangalore,Gujarat,India,Corporate,2023-06-18
CUST05627,Riya Singh,Female,21,Bangalore,Telangana,India,Corporate,2022-02-07
CUST05628,Ananya Gupta,FEMALE,66,Chennai,Gujarat,India,Retail,2020-01-22
CUST05629,Rahul Verma,Male,42,Bangalore,Telangana,India,Wholesale,2020-12-16
CUST05630,Nidhi Mehta,,49,Ahmedabad,Delhi,India,Corporate,2025-07-26
CUST05631,Aarav Shah,,26,Chennai,Telangana,India,Corporate,2024-04-08
CUST05632,Arjun Singh, male ,20,Chennai,Karnataka,India,Wholesale,2024-12-10
CUST05633,Nidhi Kapoor,Female,64,Surat,Telangana,India,Corporate,2020-12-07
CUST05634,Isha Kapoor,,33,Surat,Delhi,India,Corporate,2023-08-03
CUST05635,Meera Desai,FEMALE,36,Pune,Telangana,India,Wholesale,2025-03-03
CUST05636,Aarav Mehta,,53,Mumbai,Karnataka,India,Retail,2024-06-28
CUST05637,Neha Mehta,,64,Mumbai,Tamil Nadu,India,Retail,2024-05-28
CUST05638,Kavya Patel,Female,52,Pune,Tamil Nadu,India,Corporate,2025-10-24
CUST05639,Kavya Desai,Male,39,Ahmedabad,Gujarat,India,Corporate,2024-11-24
CUST05640,Vivaan Agarwal,FEMALE,19,Ahmedabad,Telangana,India,Wholesale,2021-08-14
CUST05641,Aditya Patel,,34,Mumbai,Gujarat,India,Corporate,2021-05-22
CUST05642,Aditya Patel,Female,61,Bangalore,Delhi,India,Corporate,2022-06-27
CUST05643,Rahul Gupta,Male,31,Hyderabad,Delhi,India,Retail,2020-11-26
CUST05644,Priya Desai,Female,68,Pune,Delhi,India,Corporate,2021-11-04
CUST05645,Dhruvi Kapoor,Male,59,Bangalore,Maharashtra,India,Retail,2020-10-08
CUST05646,Aditya Joshi,,20,Surat,Gujarat,India,Retail,2020-03-08
CUST05647,Aarav Gupta,FEMALE,71,Mumbai,Maharashtra,India,Corporate,2025-05-21
CUST05648,Sneha Agarwal,Female,36,Mumbai,Karnataka,India,Wholesale,2024-10-17
CUST05649,Dhruvi Patel,,67,Surat,Karnataka,India,Corporate,2024-02-07
CUST05650,Sneha Verma, male ,42,Delhi,Karnataka,India,Corporate,2025-04-29
CUST05651,Riya Singh,,23,Hyderabad,Tamil Nadu,India,Retail,2024-03-31
CUST05652,Ananya Kapoor,FEMALE,51,Hyderabad,Telangana,India,Corporate,2025-08-26
CUST05653,Priya Verma, male ,42,Hyderabad,Karnataka,India,Corporate,2024-12-22
CUST05654,Riya Joshi,Male,55,Ahmedabad,Tamil Nadu,India,Wholesale,2020-06-13
CUST05655,Kavya Kapoor,Male,59,Delhi,Maharashtra,India,Retail,2022-04-06
CUST05656,Aditya Mehta,,37,Pune,Telangana,India,Wholesale,2020-08-11
CUST05657,Aarav Kapoor,Male,39,Mumbai,Tamil Nadu,India,Wholesale,2024-09-20
CUST05658,Sneha Verma,Female,55,Chennai,Delhi,India,Corporate,2024-04-16
CUST05659,Isha Verma,Female,55,Pune,Telangana,India,Wholesale,2022-06-12
CUST05660,Dhruvi Verma, male ,56,Hyderabad,Maharashtra,India,Corporate,2022-07-21
CUST05661,Isha Mehta,Male,54,Ahmedabad,Delhi,India,Wholesale,2021-06-02
CUST05662,Diya Desai,Female,18,Mumbai,Tamil Nadu,India,Wholesale,2022-10-19
CUST05663,Meera Gupta,Female,63,Bangalore,Tamil Nadu,India,Wholesale,2023-10-16
CUST05664,Arjun Singh,Female,22,Hyderabad,Telangana,India,Retail,2025-09-03
CUST05665,Priya Mehta,Female,34,Ahmedabad,Telangana,India,Wholesale,2024-09-09
CUST05666,Rohan Kapoor,Male,23,Bangalore,Gujarat,India,Wholesale,2021-05-14
CUST05667,Meera Joshi,Female,67,Mumbai,Telangana,India,Wholesale,2021-04-10
CUST05668,Nidhi Kapoor,FEMALE,34,Surat,Delhi,India,Wholesale,2024-09-11
CUST05669,Arjun Patel,Male,26,Delhi,Gujarat,India,Retail,2024-02-05
CUST05670,Nidhi Kapoor,Male,51,Hyderabad,Telangana,India,Retail,2021-06-17
CUST05671,Yash Kapoor,,56,Ahmedabad,Maharashtra,India,Corporate,2023-06-17
CUST05672,Kavya Gupta,Female,51,Mumbai,Gujarat,India,Retail,2021-09-25
CUST05673,Rahul Patel,,32,Chennai,Maharashtra,India,Corporate,2020-06-26
CUST05674,Meera Shah, male ,49,Ahmedabad,Gujarat,India,Retail,2023-12-07
CUST05675,Aarav Agarwal,,45,Delhi,Delhi,India,Wholesale,2020-05-02
CUST05676,Meera Verma,Female,20,Mumbai,Tamil Nadu,India,Retail,2025-08-18
CUST05677,Isha Singh,Female,63,Bangalore,Telangana,India,Wholesale,2023-07-29
CUST05678,Sneha Shah,Male,25,Surat,Gujarat,India,Wholesale,2022-01-18
CUST05679,Rahul Kapoor, male ,56,Chennai,Gujarat,India,Retail,2025-06-12
CUST05680,Aarav Joshi,Male,29,Delhi,Maharashtra,India,Retail,2024-05-29
CUST05681,Dhruvi Joshi, male ,43,Bangalore,Tamil Nadu,India,Corporate,2021-06-30
CUST05682,Diya Mehta, male ,58,Mumbai,Karnataka,India,Corporate,2021-08-26
CUST05683,Neha Joshi,Female,48,Chennai,Tamil Nadu,India,Wholesale,2025-06-11
CUST05684,Rahul Shah,,37,Pune,Delhi,India,Corporate,2022-05-09
CUST05685,Dhruvi Patel,,34,Ahmedabad,Telangana,India,Retail,2024-01-20
CUST05686,Yash Verma,,63,Pune,Gujarat,India,Wholesale,2023-04-18
CUST05687,Rohan Desai, male ,31,Delhi,Tamil Nadu,India,Retail,2021-03-15
CUST05688,Diya Singh,Female,35,Chennai,Telangana,India,Wholesale,2022-07-15
CUST05689,Nidhi Mehta, male ,33,Bangalore,Maharashtra,India,Retail,2025-09-13
CUST05690,Meera Patel,Male,24,Hyderabad,Delhi,India,Retail,2020-03-17
CUST05691,Priya Shah,,27,Chennai,Telangana,India,Wholesale,2020-11-28
CUST05692,Arjun Patel,,59,Delhi,Karnataka,India,Wholesale,2020-12-09
CUST05693,Yash Mehta,,61,Hyderabad,Maharashtra,India,Retail,2021-06-01
CUST05694,Aarav Agarwal,Female,44,Pune,Tamil Nadu,India,Retail,2023-04-13
CUST05695,Rahul Kapoor,Female,56,Bangalore,Delhi,India,Retail,2021-10-04
CUST05696,Isha Verma,Male,72,Bangalore,Telangana,India,Retail,2021-03-02
CUST05697,Rohan Singh,Male,41,Pune,Karnataka,India,Corporate,2022-04-05
CUST05698,Ananya Joshi,FEMALE,68,Ahmedabad,Karnataka,India,Retail,2020-07-05
CUST05699,Nidhi Verma,Female,70,Pune,Maharashtra,India,Corporate,2021-12-26
CUST05700,Riya Patel,Male,49,Pune,Karnataka,India,Corporate,2025-05-16
CUST05701,Rohan Mehta, male ,43,Bangalore,Telangana,India,Retail,2025-02-01
CUST05702,Yash Desai,Female,36,Mumbai,Delhi,India,Retail,2025-12-22
CUST05703,Aditya Desai,,29,Chennai,Maharashtra,India,Retail,2025-04-06
CUST05704,Meera Shah,Female,31,Mumbai,Karnataka,India,Corporate,2022-07-18
CUST05705,Aarav Shah,Male,28,Chennai,Gujarat,India,Wholesale,2020-01-05
CUST05706,Vivaan Shah,Male,58,Delhi,Karnataka,India,Wholesale,2023-04-08
CUST05707,Aditya Mehta,FEMALE,35,Pune,Karnataka,India,Corporate,2024-09-27
CUST05708,Aarav Gupta,,70,Delhi,Karnataka,India,Wholesale,2022-03-19
CUST05709,Yash Verma,Female,69,Surat,Telangana,India,Retail,2021-11-16
CUST05710,Priya Mehta, male ,66,Mumbai,Tamil Nadu,India,Corporate,2024-09-03
CUST05711,Aditya Patel,,43,Mumbai,Tamil Nadu,India,Wholesale,2021-12-07
CUST05712,Sneha Verma,Female,71,Ahmedabad,Maharashtra,India,Wholesale,2021-03-09
CUST05713,Riya Mehta,Female,33,Delhi,Tamil Nadu,India,Corporate,2024-08-27
CUST05714,Nidhi Agarwal, male ,18,Ahmedabad,Gujarat,India,Retail,2022-01-16
CUST05715,Kavya Kapoor,Female,51,Ahmedabad,Tamil Nadu,India,Wholesale,2024-10-22
CUST05716,Kavya Verma,,39,Mumbai,Delhi,India,Retail,2022-01-28
CUST05717,Nidhi Joshi,FEMALE,21,Mumbai,Gujarat,India,Corporate,2020-04-06
CUST05718,Meera Patel,,31,Delhi,Delhi,India,Wholesale,2023-05-04
CUST05719,Sneha Kapoor, male ,37,Delhi,Karnataka,India,Retail,2025-08-30
CUST05720,Priya Joshi,Female,24,Surat,Tamil Nadu,India,Wholesale,2021-08-01
CUST05721,Riya Agarwal,Male,51,Surat,Tamil Nadu,India,Wholesale,2021-12-13
CUST05722,Kavya Patel,FEMALE,49,Hyderabad,Tamil Nadu,India,Retail,2023-01-24
CUST05723,Aditya Shah,Male,56,Mumbai,Maharashtra,India,Wholesale,2023-01-12
CUST05724,Arjun Joshi,FEMALE,23,Delhi,Delhi,India,Corporate,2022-12-20
CUST05725,Ananya Verma, male ,26,Surat,Maharashtra,India,Corporate,2024-08-08
CUST05726,Riya Joshi, male ,74,Hyderabad,Delhi,India,Wholesale,2025-11-11
CUST05727,Aarav Mehta, male ,21,Ahmedabad,Delhi,India,Wholesale,2023-04-16
CUST05728,Yash Patel, male ,38,Bangalore,Telangana,India,Wholesale,2023-11-09
CUST05729,Vivaan Kapoor,,67,Chennai,Telangana,India,Retail,2025-10-30
CUST05730,Priya Verma, male ,71,Hyderabad,Delhi,India,Corporate,2023-08-29
CUST05731,Sneha Singh,,25,Delhi,Gujarat,India,Corporate,2023-01-01
CUST05732,Sneha Gupta, male ,51,Hyderabad,Maharashtra,India,Corporate,2025-10-09
CUST05733,Sneha Kapoor,Male,31,Bangalore,Karnataka,India,Corporate,2023-07-09
CUST05734,Priya Kapoor, male ,20,Chennai,Telangana,India,Retail,2025-07-14
CUST05735,Aditya Agarwal, male ,25,Pune,Tamil Nadu,India,Retail,2020-07-28
CUST05736,Rahul Patel,FEMALE,51,Hyderabad,Karnataka,India,Retail,2024-12-19
CUST05737,Nidhi Mehta,Male,67,Mumbai,Gujarat,India,Retail,2023-12-19
CUST05738,Vivaan Joshi,,58,Chennai,Delhi,India,Retail,2021-10-11
CUST05739,Riya Desai,,73,Pune,Telangana,India,Corporate,2021-09-02
CUST05740,Vivaan Kapoor,,19,Mumbai,Telangana,India,Corporate,2022-10-01
CUST05741,Ananya Mehta,Male,27,Surat,Karnataka,India,Corporate,2024-10-03
CUST05742,Ananya Patel,Male,71,Pune,Tamil Nadu,India,Corporate,2024-08-01
CUST05743,Rahul Patel,Female,41,Chennai,Karnataka,India,Wholesale,2021-06-06
CUST05744,Riya Verma,Male,26,Ahmedabad,Karnataka,India,Retail,2022-12-17
CUST05745,Rahul Mehta,FEMALE,59,Bangalore,Maharashtra,India,Wholesale,2023-11-09
CUST05746,Ananya Joshi,,46,Surat,Tamil Nadu,India,Corporate,2020-10-20
CUST05747,Priya Desai,FEMALE,57,Bangalore,Gujarat,India,Wholesale,2025-04-24
CUST05748,Priya Gupta,,71,Pune,Maharashtra,India,Retail,2024-09-24
CUST05749,Dhruvi Verma, male ,55,Surat,Gujarat,India,Corporate,2022-05-11
CUST05750,Nidhi Verma,Male,35,Hyderabad,Telangana,India,Wholesale,2021-10-30
CUST05751,Meera Gupta,Male,30,Chennai,Telangana,India,Wholesale,2024-03-16
CUST05752,Ananya Desai,,62,Pune,Delhi,India,Corporate,2025-09-29
CUST05753,Arjun Joshi,Female,71,Ahmedabad,Delhi,India,Corporate,2022-11-25
CUST05754,Isha Desai,,67,Chennai,Gujarat,India,Wholesale,2020-10-14
CUST05755,Priya Patel,,68,Surat,Gujarat,India,Wholesale,2024-11-08
CUST05756,Diya Verma,Male,55,Surat,Telangana,India,Corporate,2024-03-18
CUST05757,Diya Singh,FEMALE,23,Mumbai,Delhi,India,Retail,2021-10-09
CUST05758,Sneha Mehta, male ,37,Hyderabad,Gujarat,India,Retail,2020-11-15
CUST05759,Arjun Kapoor,FEMALE,29,Pune,Tamil Nadu,India,Retail,2024-05-13
CUST05760,Nidhi Mehta,FEMALE,26,Delhi,Telangana,India,Retail,2025-12-14
CUST05761,Rahul Shah,Female,52,Hyderabad,Delhi,India,Retail,2025-12-18
CUST05762,Yash Patel,Female,63,Chennai,Gujarat,India,Wholesale,2022-09-24
CUST05763,Ananya Singh,FEMALE,59,Delhi,Maharashtra,India,Retail,2021-07-20
CUST05764,Rohan Desai,Female,21,Chennai,Maharashtra,India,Retail,2023-12-05
CUST05765,Arjun Shah, male ,41,Mumbai,Maharashtra,India,Corporate,2023-05-17
CUST05766,Riya Patel, male ,58,Mumbai,Telangana,India,Wholesale,2022-06-25
CUST05767,Diya Singh,,38,Chennai,Gujarat,India,Corporate,2022-09-06
CUST05768,Nidhi Gupta,FEMALE,69,Surat,Karnataka,India,Corporate,2020-12-22
CUST05769,Sneha Shah,Female,48,Delhi,Tamil Nadu,India,Retail,2024-07-05
CUST05770,Nidhi Gupta,,62,Hyderabad,Maharashtra,India,Retail,2024-01-09
CUST05771,Diya Agarwal,,20,Surat,Delhi,India,Retail,2025-04-12
CUST05772,Yash Agarwal, male ,39,Delhi,Karnataka,India,Retail,2021-12-25
CUST05773,Aarav Gupta,,70,Mumbai,Telangana,India,Retail,2023-03-09
CUST05774,Meera Gupta,,53,Bangalore,Delhi,India,Corporate,2024-01-06
CUST05775,Yash Joshi,,53,Pune,Delhi,India,Corporate,2022-05-22
CUST05776,Arjun Verma,Female,59,Hyderabad,Delhi,India,Retail,2021-06-04
CUST05777,Yash Kapoor,Female,49,Pune,Maharashtra,India,Wholesale,2021-10-21
CUST05778,Sneha Kapoor,,18,Mumbai,Tamil Nadu,India,Retail,2024-04-22
CUST05779,Riya Mehta, male ,54,Ahmedabad,Tamil Nadu,India,Retail,2021-02-02
CUST05780,Ananya Patel,,73,Bangalore,Delhi,India,Wholesale,2024-04-06
CUST05781,Sneha Kapoor,Male,56,Delhi,Tamil Nadu,India,Retail,2021-01-22
CUST05782,Arjun Patel,,40,Pune,Gujarat,India,Corporate,2022-07-09
CUST05783,Kavya Gupta, male ,46,Pune,Karnataka,India,Wholesale,2022-03-06
CUST05784,Rohan Verma, male ,42,Surat,Karnataka,India,Corporate,2022-05-21
CUST05785,Aarav Joshi, male ,71,Pune,Gujarat,India,Wholesale,2024-05-19
CUST05786,Ananya Shah,,50,Hyderabad,Delhi,India,Retail,2021-06-25
CUST05787,Nidhi Joshi,,20,Ahmedabad,Tamil Nadu,India,Corporate,2021-08-30
CUST05788,Aditya Joshi,,31,Mumbai,Tamil Nadu,India,Retail,2024-09-06
CUST05789,Aditya Desai, male ,29,Chennai,Delhi,India,Retail,2023-06-19
CUST05790,Sneha Gupta,FEMALE,19,Hyderabad,Delhi,India,Wholesale,2020-03-26
CUST05791,Rahul Singh,Female,60,Hyderabad,Delhi,India,Wholesale,2020-03-27
CUST05792,Kavya Desai,Female,39,Hyderabad,Delhi,India,Retail,2021-01-29
CUST05793,Diya Agarwal,Female,31,Pune,Delhi,India,Retail,2022-11-07
CUST05794,Nidhi Kapoor,FEMALE,24,Pune,Karnataka,India,Retail,2022-06-20
CUST05795,Riya Singh,,31,Bangalore,Telangana,India,Corporate,2023-05-24
CUST05796,Ananya Mehta,Female,65,Mumbai,Delhi,India,Wholesale,2023-11-05
CUST05797,Aarav Shah,,64,Pune,Gujarat,India,Retail,2023-04-19
CUST05798,Priya Agarwal,,31,Ahmedabad,Delhi,India,Wholesale,2021-03-26
CUST05799,Isha Joshi,Female,55,Chennai,Maharashtra,India,Retail,2020-05-01
CUST05800,Rahul Singh,,49,Mumbai,Karnataka,India,Retail,2024-10-18
CUST05801,Vivaan Verma,,69,Delhi,Delhi,India,Wholesale,2022-12-08
CUST05802,Riya Mehta,,56,Pune,Delhi,India,Wholesale,2023-06-12
CUST05803,Riya Agarwal,,69,Pune,Karnataka,India,Retail,2025-03-19
CUST05804,Priya Joshi,,71,Hyderabad,Telangana,India,Corporate,2020-11-23
CUST05805,Neha Desai, male ,58,Surat,Gujarat,India,Corporate,2025-08-19
CUST05806,Neha Joshi,Female,45,Hyderabad,Maharashtra,India,Retail,2020-12-04
CUST05807,Aditya Gupta,Male,53,Surat,Maharashtra,India,Wholesale,2020-06-08
CUST05808,Meera Agarwal,FEMALE,70,Mumbai,Maharashtra,India,Wholesale,2022-06-23
CUST05809,Ananya Shah, male ,60,Chennai,Tamil Nadu,India,Wholesale,2025-10-01
CUST05810,Diya Singh,,18,Surat,Delhi,India,Corporate,2023-07-02
CUST05811,Nidhi Gupta,Female,25,Mumbai,Delhi,India,Retail,2025-06-27
CUST05812,Rahul Verma,Male,26,Delhi,Maharashtra,India,Retail,2022-12-13
CUST05813,Sneha Patel,FEMALE,27,Pune,Maharashtra,India,Retail,2023-04-16
CUST05814,Priya Mehta,,18,Mumbai,Karnataka,India,Retail,2023-08-08
CUST05815,Dhruvi Verma,,57,Delhi,Telangana,India,Retail,2024-08-08
CUST05816,Kavya Singh,FEMALE,73,Chennai,Maharashtra,India,Retail,2020-09-23
CUST05817,Rahul Singh,FEMALE,74,Mumbai,Tamil Nadu,India,Wholesale,2025-03-17
CUST05818,Isha Verma,Male,51,Ahmedabad,Tamil Nadu,India,Retail,2021-11-24
CUST05819,Rahul Desai,Male,50,Ahmedabad,Tamil Nadu,India,Wholesale,2021-06-24
CUST05820,Rohan Desai,,27,Bangalore,Telangana,India,Corporate,2020-07-22
CUST05821,Diya Mehta,Female,68,Delhi,Delhi,India,Corporate,2020-04-22
CUST05822,Vivaan Desai,,50,Surat,Maharashtra,India,Retail,2024-02-15
CUST05823,Ananya Shah,FEMALE,24,Delhi,Tamil Nadu,India,Corporate,2025-09-01
CUST05824,Vivaan Gupta,,41,Pune,Karnataka,India,Retail,2023-09-21
CUST05825,Diya Joshi,,50,Pune,Delhi,India,Corporate,2023-04-12
CUST05826,Priya Agarwal,,22,Ahmedabad,Gujarat,India,Wholesale,2025-09-24
CUST05827,Rahul Joshi,,64,Chennai,Tamil Nadu,India,Corporate,2025-03-05
CUST05828,Nidhi Singh,,47,Ahmedabad,Telangana,India,Wholesale,2022-01-06
CUST05829,Nidhi Shah,FEMALE,21,Ahmedabad,Maharashtra,India,Retail,2020-10-06
CUST05830,Isha Gupta,FEMALE,22,Chennai,Delhi,India,Corporate,2021-07-08
CUST05831,Priya Shah,FEMALE,31,Chennai,Gujarat,India,Corporate,2024-02-08
CUST05832,Priya Singh,Female,74,Delhi,Telangana,India,Retail,2024-08-26
CUST05833,Riya Singh, male ,72,Chennai,Tamil Nadu,India,Retail,2024-08-21
CUST05834,Vivaan Patel,,37,Ahmedabad,Tamil Nadu,India,Wholesale,2022-06-08
CUST05835,Diya Verma,Male,67,Surat,Tamil Nadu,India,Corporate,2021-11-15
CUST05836,Priya Desai,FEMALE,33,Chennai,Karnataka,India,Wholesale,2022-10-25
CUST05837,Meera Agarwal,,33,Ahmedabad,Karnataka,India,Corporate,2021-12-26
CUST05838,Aarav Joshi,Female,20,Pune,Tamil Nadu,India,Corporate,2021-01-08
CUST05839,Aarav Patel,Male,29,Delhi,Delhi,India,Wholesale,2023-01-12
CUST05840,Arjun Verma,,69,Ahmedabad,Karnataka,India,Retail,2025-05-25
CUST05841,Yash Singh,FEMALE,38,Delhi,Telangana,India,Corporate,2020-05-20
CUST05842,Nidhi Shah, male ,26,Pune,Maharashtra,India,Corporate,2024-04-07
CUST05843,Kavya Verma,,68,Hyderabad,Tamil Nadu,India,Wholesale,2023-08-29
CUST05844,Aarav Kapoor,,30,Mumbai,Karnataka,India,Retail,2020-02-23
CUST05845,Arjun Verma,Male,28,Ahmedabad,Karnataka,India,Corporate,2022-05-04
CUST05846,Nidhi Agarwal, male ,44,Mumbai,Maharashtra,India,Retail,2020-04-03
CUST05847,Neha Agarwal, male ,28,Pune,Telangana,India,Wholesale,2025-02-01
CUST05848,Vivaan Shah,,53,Chennai,Gujarat,India,Corporate,2023-10-09
CUST05849,Ananya Patel,Female,39,Hyderabad,Telangana,India,Retail,2025-08-21
CUST05850,Yash Joshi, male ,29,Pune,Karnataka,India,Wholesale,2023-11-07
CUST05851,Sneha Mehta,Male,53,Chennai,Maharashtra,India,Retail,2021-07-18
CUST05852,Priya Agarwal,,18,Ahmedabad,Delhi,India,Wholesale,2023-12-07
CUST05853,Sneha Mehta, male ,22,Delhi,Maharashtra,India,Corporate,2025-02-07
CUST05854,Riya Agarwal, male ,33,Chennai,Delhi,India,Wholesale,2025-10-03
CUST05855,Sneha Agarwal,FEMALE,36,Pune,Delhi,India,Wholesale,2021-09-04
CUST05856,Sneha Joshi,Female,30,Hyderabad,Delhi,India,Corporate,2024-02-03
CUST05857,Meera Gupta,,51,Mumbai,Delhi,India,Corporate,2023-01-07
CUST05858,Ananya Shah,Male,30,Pune,Delhi,India,Wholesale,2024-07-19
CUST05859,Isha Kapoor,Female,58,Bangalore,Gujarat,India,Corporate,2025-01-14
CUST05860,Diya Agarwal,Male,27,Pune,Telangana,India,Retail,2024-05-27
CUST05861,Aarav Desai,FEMALE,26,Surat,Maharashtra,India,Retail,2025-10-01
CUST05862,Aarav Mehta,Female,60,Pune,Karnataka,India,Corporate,2023-08-18
CUST05863,Kavya Singh,FEMALE,25,Chennai,Tamil Nadu,India,Wholesale,2023-04-11
CUST05864,Ananya Verma,,38,Bangalore,Maharashtra,India,Wholesale,2022-05-05
CUST05865,Isha Agarwal,Female,31,Surat,Telangana,India,Corporate,2021-03-19
CUST05866,Nidhi Shah,,57,Hyderabad,Tamil Nadu,India,Wholesale,2023-01-19
CUST05867,Neha Desai,Female,39,Surat,Maharashtra,India,Wholesale,2021-10-10
CUST05868,Kavya Mehta,FEMALE,40,Mumbai,Gujarat,India,Wholesale,2024-08-04
CUST05869,Sneha Shah,Male,55,Ahmedabad,Delhi,India,Corporate,2022-10-24
CUST05870,Riya Gupta,,60,Bangalore,Telangana,India,Retail,2021-12-28
CUST05871,Aditya Patel,FEMALE,21,Mumbai,Delhi,India,Retail,2021-09-08
CUST05872,Priya Verma,Male,42,Chennai,Maharashtra,India,Retail,2024-12-08
CUST05873,Priya Joshi,FEMALE,44,Chennai,Delhi,India,Corporate,2022-01-12
CUST05874,Rohan Gupta,,37,Ahmedabad,Karnataka,India,Wholesale,2020-07-04
CUST05875,Kavya Kapoor, male ,65,Pune,Delhi,India,Retail,2022-02-13
CUST05876,Aarav Gupta,FEMALE,47,Hyderabad,Telangana,India,Corporate,2020-10-07
CUST05877,Sneha Patel,,28,Pune,Telangana,India,Corporate,2025-04-12
CUST05878,Yash Patel,Female,22,Bangalore,Maharashtra,India,Wholesale,2024-01-15
CUST05879,Ananya Verma,FEMALE,65,Pune,Gujarat,India,Wholesale,2022-06-29
CUST05880,Ananya Gupta, male ,54,Mumbai,Delhi,India,Retail,2021-11-28
CUST05881,Dhruvi Mehta, male ,24,Delhi,Gujarat,India,Corporate,2025-06-04
CUST05882,Diya Singh,,63,Surat,Telangana,India,Wholesale,2024-04-09
CUST05883,Dhruvi Shah,,38,Hyderabad,Karnataka,India,Wholesale,2022-01-26
CUST05884,Meera Singh,Male,18,Ahmedabad,Maharashtra,India,Wholesale,2024-08-20
CUST05885,Neha Patel,FEMALE,57,Mumbai,Maharashtra,India,Corporate,2021-02-16
CUST05886,Rahul Agarwal,Male,47,Hyderabad,Maharashtra,India,Corporate,2023-06-03
CUST05887,Dhruvi Joshi,,43,Chennai,Gujarat,India,Retail,2022-03-04
CUST05888,Neha Verma,,61,Pune,Gujarat,India,Wholesale,2020-11-30
CUST05889,Priya Desai,Male,22,Hyderabad,Maharashtra,India,Corporate,2025-03-31
CUST05890,Aarav Verma, male ,58,Delhi,Gujarat,India,Corporate,2021-05-19
CUST05891,Rahul Joshi,FEMALE,58,Chennai,Tamil Nadu,India,Wholesale,2024-07-28
CUST05892,Nidhi Shah,,58,Surat,Delhi,India,Wholesale,2023-08-23
CUST05893,Arjun Verma,FEMALE,27,Surat,Tamil Nadu,India,Corporate,2023-10-06
CUST05894,Riya Shah,FEMALE,28,Ahmedabad,Telangana,India,Wholesale,2025-11-09
CUST05895,Priya Kapoor,FEMALE,37,Ahmedabad,Delhi,India,Retail,2022-01-28
CUST05896,Aarav Verma,Female,39,Delhi,Delhi,India,Corporate,2024-12-07
CUST05897,Rohan Gupta,,38,Bangalore,Karnataka,India,Corporate,2024-12-02
CUST05898,Aditya Verma,FEMALE,21,Chennai,Telangana,India,Retail,2021-09-21
CUST05899,Dhruvi Shah, male ,35,Chennai,Telangana,India,Retail,2020-01-08
CUST05900,Aditya Patel,Female,28,Hyderabad,Gujarat,India,Corporate,2023-09-29
CUST05901,Aditya Gupta,FEMALE,50,Delhi,Delhi,India,Retail,2021-01-26
CUST05902,Aditya Kapoor,Male,23,Mumbai,Delhi,India,Corporate,2022-07-31
CUST05903,Ananya Joshi,,68,Hyderabad,Tamil Nadu,India,Wholesale,2023-02-11
CUST05904,Arjun Patel,Male,72,Delhi,Karnataka,India,Corporate,2023-01-09
CUST05905,Ananya Desai,Female,54,Chennai,Delhi,India,Wholesale,2021-09-14
CUST05906,Isha Mehta,FEMALE,73,Hyderabad,Maharashtra,India,Wholesale,2023-05-29
CUST05907,Kavya Shah,Male,62,Hyderabad,Delhi,India,Wholesale,2024-08-01
CUST05908,Meera Kapoor, male ,43,Surat,Delhi,India,Wholesale,2022-04-29
CUST05909,Neha Mehta, male ,23,Pune,Gujarat,India,Retail,2024-10-27
CUST05910,Ananya Joshi, male ,58,Chennai,Tamil Nadu,India,Retail,2025-05-21
CUST05911,Arjun Joshi, male ,19,Ahmedabad,Delhi,India,Wholesale,2023-04-18
CUST05912,Diya Desai, male ,52,Chennai,Delhi,India,Wholesale,2023-03-27
CUST05913,Diya Desai,Male,56,Chennai,Telangana,India,Retail,2020-04-16
CUST05914,Rohan Mehta, male ,64,Chennai,Telangana,India,Corporate,2023-09-28
CUST05915,Rahul Verma, male ,19,Bangalore,Maharashtra,India,Corporate,2024-03-15
CUST05916,Yash Shah, male ,37,Mumbai,Gujarat,India,Corporate,2021-04-29
CUST05917,Aarav Kapoor,Female,32,Surat,Maharashtra,India,Corporate,2022-03-16
CUST05918,Isha Shah,FEMALE,59,Hyderabad,Tamil Nadu,India,Retail,2024-12-09
CUST05919,Yash Gupta,Male,64,Mumbai,Delhi,India,Corporate,2025-12-31
CUST05920,Rohan Singh,Female,19,Surat,Telangana,India,Retail,2022-12-19
CUST05921,Neha Gupta,Male,36,Hyderabad,Gujarat,India,Corporate,2023-07-29
CUST05922,Arjun Mehta,Male,35,Surat,Delhi,India,Retail,2024-06-28
CUST05923,Priya Patel,,27,Hyderabad,Karnataka,India,Corporate,2023-01-01
CUST05924,Priya Shah,,32,Chennai,Delhi,India,Corporate,2024-10-18
CUST05925,Rohan Joshi,Female,71,Bangalore,Gujarat,India,Wholesale,2023-09-23
CUST05926,Priya Verma,FEMALE,67,Mumbai,Tamil Nadu,India,Retail,2024-05-26
CUST05927,Rohan Kapoor,FEMALE,63,Bangalore,Telangana,India,Corporate,2024-04-23
CUST05928,Riya Agarwal,,39,Delhi,Maharashtra,India,Wholesale,2021-12-19
CUST05929,Aditya Gupta,,66,Chennai,Telangana,India,Corporate,2020-01-06
CUST05930,Nidhi Agarwal, male ,36,Mumbai,Karnataka,India,Retail,2022-09-28
CUST05931,Rohan Patel,FEMALE,29,Pune,Telangana,India,Corporate,2024-09-07
CUST05932,Vivaan Agarwal, male ,23,Surat,Gujarat,India,Retail,2022-02-06
CUST05933,Ananya Desai,Male,73,Bangalore,Gujarat,India,Retail,2021-02-02
CUST05934,Kavya Joshi, male ,70,Bangalore,Telangana,India,Retail,2021-06-28
CUST05935,Sneha Patel,FEMALE,51,Surat,Delhi,India,Corporate,2022-02-10
CUST05936,Riya Mehta,Male,37,Surat,Tamil Nadu,India,Wholesale,2025-01-09
CUST05937,Meera Desai,Female,50,Delhi,Maharashtra,India,Corporate,2022-08-14
CUST05938,Sneha Shah,,37,Hyderabad,Delhi,India,Wholesale,2024-09-14
CUST05939,Arjun Gupta,Male,31,Surat,Gujarat,India,Retail,2024-08-31
CUST05940,Aditya Shah,Female,26,Surat,Delhi,India,Retail,2021-01-18
CUST05941,Rahul Desai,,64,Bangalore,Karnataka,India,Wholesale,2024-12-20
CUST05942,Meera Mehta, male ,54,Bangalore,Maharashtra,India,Corporate,2020-02-05
CUST05943,Vivaan Patel,Female,43,Ahmedabad,Maharashtra,India,Retail,2023-10-12
CUST05944,Sneha Mehta, male ,31,Bangalore,Gujarat,India,Retail,2025-06-09
CUST05945,Rahul Verma, male ,20,Bangalore,Karnataka,India,Retail,2023-07-23
CUST05946,Sneha Shah,Male,42,Pune,Delhi,India,Retail,2022-04-03
CUST05947,Yash Singh,,51,Bangalore,Delhi,India,Wholesale,2022-05-19
CUST05948,Priya Gupta,FEMALE,36,Pune,Delhi,India,Corporate,2023-06-17
CUST05949,Aarav Patel, male ,65,Chennai,Tamil Nadu,India,Retail,2025-10-11
CUST05950,Riya Verma, male ,28,Surat,Gujarat,India,Retail,2021-12-20
CUST05951,Rohan Gupta, male ,30,Pune,Maharashtra,India,Corporate,2021-04-25
CUST05952,Rahul Patel,,68,Surat,Gujarat,India,Corporate,2023-09-03
CUST05953,Aarav Agarwal, male ,74,Hyderabad,Karnataka,India,Wholesale,2023-09-07
CUST05954,Arjun Shah, male ,52,Chennai,Karnataka,India,Corporate,2020-04-13
CUST05955,Ananya Shah,Male,45,Ahmedabad,Telangana,India,Corporate,2022-06-01
CUST05956,Diya Mehta, male ,74,Surat,Tamil Nadu,India,Wholesale,2023-06-06
CUST05957,Neha Gupta,FEMALE,25,Surat,Maharashtra,India,Retail,2021-03-11
CUST05958,Yash Joshi,Female,37,Surat,Gujarat,India,Wholesale,2024-12-03
CUST05959,Dhruvi Kapoor, male ,53,Mumbai,Telangana,India,Wholesale,2023-04-04
CUST05960,Arjun Kapoor,FEMALE,67,Chennai,Gujarat,India,Corporate,2025-11-21
CUST05961,Rahul Agarwal,,70,Mumbai,Karnataka,India,Corporate,2021-03-29
CUST05962,Ananya Shah,,66,Chennai,Karnataka,India,Corporate,2023-09-14
CUST05963,Neha Kapoor,,36,Delhi,Tamil Nadu,India,Wholesale,2023-11-25
CUST05964,Rahul Agarwal,FEMALE,69,Delhi,Delhi,India,Wholesale,2020-02-25
CUST05965,Yash Shah,,67,Ahmedabad,Karnataka,India,Retail,2022-10-19
CUST05966,Ananya Agarwal,Female,32,Ahmedabad,Gujarat,India,Retail,2021-11-30
CUST05967,Yash Patel,,56,Delhi,Delhi,India,Corporate,2023-03-29
CUST05968,Rahul Joshi, male ,31,Delhi,Tamil Nadu,India,Retail,2021-05-10
CUST05969,Neha Singh,Male,26,Hyderabad,Karnataka,India,Corporate,2022-12-11
CUST05970,Yash Joshi,,64,Mumbai,Tamil Nadu,India,Retail,2021-09-22
CUST05971,Meera Agarwal,,50,Surat,Gujarat,India,Retail,2022-06-01
CUST05972,Isha Verma,Female,72,Hyderabad,Karnataka,India,Corporate,2023-03-04
CUST05973,Rohan Mehta,,44,Ahmedabad,Tamil Nadu,India,Corporate,2021-11-08
CUST05974,Meera Kapoor,Female,29,Delhi,Tamil Nadu,India,Wholesale,2025-02-05
CUST05975,Vivaan Agarwal,FEMALE,74,Chennai,Telangana,India,Retail,2022-04-24
CUST05976,Yash Verma,Male,35,Mumbai,Delhi,India,Corporate,2023-10-25
CUST05977,Priya Agarwal,Female,45,Delhi,Karnataka,India,Retail,2020-05-20
CUST05978,Meera Desai,Female,56,Hyderabad,Tamil Nadu,India,Wholesale,2024-03-13
CUST05979,Sneha Joshi,,39,Pune,Maharashtra,India,Retail,2022-11-09
CUST05980,Kavya Patel,,54,Hyderabad,Tamil Nadu,India,Corporate,2023-11-16
CUST05981,Aditya Kapoor,Female,19,Ahmedabad,Maharashtra,India,Wholesale,2024-08-20
CUST05982,Isha Mehta,FEMALE,31,Pune,Tamil Nadu,India,Corporate,2021-01-24
CUST05983,Vivaan Desai, male ,35,Bangalore,Maharashtra,India,Corporate,2025-10-23
CUST05984,Rohan Agarwal,,58,Delhi,Gujarat,India,Corporate,2023-04-22
CUST05985,Sneha Kapoor,Male,46,Bangalore,Telangana,India,Retail,2021-12-11
CUST05986,Ananya Gupta,,72,Delhi,Tamil Nadu,India,Wholesale,2026-01-04
CUST05987,Riya Verma,FEMALE,61,Ahmedabad,Delhi,India,Wholesale,2023-08-09
CUST05988,Meera Shah,Female,22,Delhi,Karnataka,India,Corporate,2020-06-03
CUST05989,Isha Verma,Female,72,Bangalore,Telangana,India,Corporate,2022-08-15
CUST05990,Sneha Shah,,71,Mumbai,Delhi,India,Wholesale,2023-09-17
CUST05991,Diya Agarwal,,54,Mumbai,Maharashtra,India,Corporate,2023-05-05
CUST05992,Dhruvi Joshi,Male,63,Bangalore,Maharashtra,India,Wholesale,2020-09-08
CUST05993,Ananya Patel,,33,Pune,Tamil Nadu,India,Wholesale,2022-02-18
CUST05994,Aarav Joshi,Female,68,Pune,Delhi,India,Retail,2022-10-05
CUST05995,Kavya Singh,FEMALE,25,Surat,Tamil Nadu,India,Wholesale,2021-10-04
CUST05996,Kavya Agarwal, male ,31,Mumbai,Gujarat,India,Corporate,2021-08-29
CUST05997,Sneha Singh, male ,74,Mumbai,Karnataka,India,Wholesale,2020-05-18
CUST05998,Meera Desai,Male,73,Mumbai,Tamil Nadu,India,Retail,2020-07-12
CUST05999,Riya Desai,Male,36,Delhi,Delhi,India,Retail,2022-04-12
CUST06000,Yash Desai,Male,37,Mumbai,Telangana,India,Corporate,2023-06-10
CUST06001,Aarav Agarwal,,62,Delhi,Gujarat,India,Retail,2022-12-05
CUST06002,Diya Patel,,53,Pune,Telangana,India,Retail,2025-04-04
CUST06003,Riya Joshi,FEMALE,50,Mumbai,Delhi,India,Corporate,2024-06-30
CUST06004,Nidhi Mehta, male ,46,Surat,Maharashtra,India,Retail,2020-01-15
CUST06005,Nidhi Patel,,63,Mumbai,Telangana,India,Corporate,2021-07-20
CUST06006,Meera Desai, male ,39,Hyderabad,Karnataka,India,Wholesale,2025-10-10
CUST06007,Arjun Mehta, male ,51,Bangalore,Telangana,India,Retail,2025-10-17
CUST06008,Aditya Mehta,Male,44,Chennai,Karnataka,India,Retail,2020-04-20
CUST06009,Rahul Singh, male ,41,Mumbai,Gujarat,India,Wholesale,2024-01-18
CUST06010,Nidhi Kapoor,Male,20,Hyderabad,Delhi,India,Wholesale,2020-12-27
CUST06011,Sneha Shah,,36,Mumbai,Tamil Nadu,India,Retail,2023-04-13
CUST06012,Priya Patel,,41,Surat,Delhi,India,Retail,2024-05-28
CUST06013,Rahul Singh,Male,64,Pune,Gujarat,India,Retail,2025-01-10
CUST06014,Rohan Shah,,21,Pune,Delhi,India,Wholesale,2022-11-23
CUST06015,Ananya Desai,,38,Pune,Gujarat,India,Retail,2021-02-21
CUST06016,Riya Kapoor,FEMALE,30,Mumbai,Delhi,India,Corporate,2021-12-18
CUST06017,Priya Mehta,Female,62,Pune,Gujarat,India,Wholesale,2023-09-22
CUST06018,Neha Patel,Male,22,Bangalore,Karnataka,India,Corporate,2023-07-16
CUST06019,Diya Desai,,44,Chennai,Maharashtra,India,Wholesale,2023-07-19
CUST06020,Sneha Joshi,,70,Pune,Tamil Nadu,India,Corporate,2025-09-16
CUST06021,Yash Desai,,40,Ahmedabad,Maharashtra,India,Corporate,2025-11-23
CUST06022,Isha Agarwal,,62,Hyderabad,Tamil Nadu,India,Retail,2022-06-19
CUST06023,Dhruvi Shah,,38,Bangalore,Gujarat,India,Wholesale,2021-06-09
CUST06024,Vivaan Verma,,52,Delhi,Tamil Nadu,India,Retail,2024-04-09
CUST06025,Diya Gupta,FEMALE,38,Bangalore,Delhi,India,Wholesale,2020-08-29
CUST06026,Arjun Verma, male ,31,Surat,Gujarat,India,Retail,2025-12-31
CUST06027,Isha Patel,Male,67,Chennai,Karnataka,India,Wholesale,2024-10-15
CUST06028,Rohan Joshi, male ,54,Bangalore,Tamil Nadu,India,Corporate,2020-02-22
CUST06029,Aditya Verma,Female,34,Hyderabad,Karnataka,India,Corporate,2026-01-06
CUST06030,Diya Patel, male ,59,Delhi,Tamil Nadu,India,Corporate,2021-11-26
CUST06031,Neha Joshi,Male,69,Ahmedabad,Telangana,India,Retail,2024-06-27
CUST06032,Vivaan Desai,,41,Pune,Delhi,India,Corporate,2020-03-19
CUST06033,Aarav Verma,Female,63,Bangalore,Gujarat,India,Wholesale,2022-02-13
CUST06034,Aditya Desai,Female,64,Mumbai,Tamil Nadu,India,Retail,2022-06-23
CUST06035,Arjun Verma,Male,53,Hyderabad,Delhi,India,Corporate,2022-04-03
CUST06036,Nidhi Desai,,31,Surat,Delhi,India,Retail,2020-08-16
CUST06037,Ananya Verma,FEMALE,42,Chennai,Gujarat,India,Retail,2022-07-06
CUST06038,Yash Gupta, male ,26,Bangalore,Delhi,India,Wholesale,2020-05-24
CUST06039,Rohan Shah,Female,61,Mumbai,Gujarat,India,Corporate,2025-09-08
CUST06040,Arjun Kapoor,,31,Bangalore,Delhi,India,Corporate,2023-02-14
CUST06041,Arjun Desai,,53,Surat,Delhi,India,Retail,2025-08-11
CUST06042,Kavya Agarwal, male ,20,Bangalore,Tamil Nadu,India,Wholesale,2022-11-01
CUST06043,Nidhi Desai,,71,Chennai,Maharashtra,India,Retail,2021-11-17
CUST06044,Riya Singh,Female,53,Pune,Tamil Nadu,India,Corporate,2025-07-14
CUST06045,Aditya Kapoor,FEMALE,39,Delhi,Gujarat,India,Retail,2020-08-23
CUST06046,Meera Shah,,48,Chennai,Maharashtra,India,Wholesale,2020-09-19
CUST06047,Isha Singh,Male,22,Surat,Maharashtra,India,Retail,2024-08-05
CUST06048,Aarav Kapoor,FEMALE,21,Hyderabad,Telangana,India,Wholesale,2024-11-19
CUST06049,Aarav Patel,,47,Mumbai,Delhi,India,Wholesale,2025-02-13
CUST06050,Diya Joshi,,20,Hyderabad,Telangana,India,Wholesale,2025-09-21
CUST06051,Aditya Gupta,,42,Hyderabad,Maharashtra,India,Retail,2022-12-20
CUST06052,Diya Desai,,23,Bangalore,Karnataka,India,Wholesale,2021-07-11
CUST06053,Arjun Patel,,62,Pune,Karnataka,India,Retail,2020-08-07
CUST06054,Nidhi Verma,Female,52,Bangalore,Telangana,India,Retail,2024-12-18
CUST06055,Dhruvi Joshi,Female,71,Mumbai,Telangana,India,Corporate,2024-04-27
CUST06056,Meera Verma, male ,48,Delhi,Tamil Nadu,India,Corporate,2024-06-09
CUST06057,Rohan Agarwal,,25,Pune,Telangana,India,Corporate,2022-04-05
CUST06058,Yash Joshi,Female,34,Chennai,Telangana,India,Retail,2021-07-26
CUST06059,Isha Verma,,52,Surat,Gujarat,India,Wholesale,2021-06-07
CUST06060,Ananya Desai,,33,Hyderabad,Karnataka,India,Corporate,2024-06-12
CUST06061,Yash Verma,Male,34,Ahmedabad,Karnataka,India,Corporate,2023-05-21
CUST06062,Yash Desai, male ,53,Mumbai,Karnataka,India,Retail,2020-09-13
CUST06063,Arjun Verma,,64,Chennai,Telangana,India,Corporate,2020-12-19
CUST06064,Vivaan Desai, male ,58,Delhi,Karnataka,India,Retail,2025-09-05
CUST06065,Isha Mehta, male ,53,Hyderabad,Karnataka,India,Wholesale,2022-05-27
CUST06066,Arjun Gupta, male ,46,Mumbai,Maharashtra,India,Wholesale,2022-12-27
CUST06067,Dhruvi Agarwal, male ,59,Ahmedabad,Delhi,India,Retail,2025-09-19
CUST06068,Neha Joshi,Female,33,Mumbai,Telangana,India,Retail,2024-01-27
CUST06069,Rahul Verma,,26,Bangalore,Maharashtra,India,Retail,2024-09-27
CUST06070,Neha Mehta, male ,22,Surat,Tamil Nadu,India,Wholesale,2025-11-28
CUST06071,Riya Shah,,26,Delhi,Delhi,India,Wholesale,2021-02-02
CUST06072,Aditya Mehta,Male,42,Delhi,Telangana,India,Wholesale,2023-09-06
CUST06073,Meera Joshi,Female,52,Bangalore,Tamil Nadu,India,Retail,2020-12-14
CUST06074,Riya Gupta,,28,Delhi,Karnataka,India,Retail,2021-11-23
CUST06075,Aarav Gupta, male ,72,Mumbai,Gujarat,India,Wholesale,2022-12-20
CUST06076,Priya Gupta,Male,26,Chennai,Delhi,India,Retail,2021-02-23
CUST06077,Yash Singh,Male,41,Chennai,Telangana,India,Corporate,2025-11-17
CUST06078,Riya Singh,Male,26,Chennai,Telangana,India,Wholesale,2024-03-02
CUST06079,Aarav Singh,,64,Ahmedabad,Tamil Nadu,India,Retail,2020-12-17
CUST06080,Priya Patel, male ,30,Pune,Telangana,India,Corporate,2024-12-30
CUST06081,Neha Singh,,67,Ahmedabad,Karnataka,India,Wholesale,2023-02-13
CUST06082,Yash Gupta, male ,56,Hyderabad,Delhi,India,Corporate,2021-04-24
CUST06083,Aditya Joshi,FEMALE,39,Chennai,Delhi,India,Corporate,2025-12-24
CUST06084,Meera Gupta,FEMALE,40,Mumbai,Telangana,India,Wholesale,2022-10-01
CUST06085,Sneha Kapoor,,53,Hyderabad,Karnataka,India,Retail,2022-04-15
CUST06086,Riya Kapoor,,50,Bangalore,Karnataka,India,Retail,2026-01-05
CUST06087,Rahul Desai, male ,58,Hyderabad,Gujarat,India,Retail,2021-05-20
CUST06088,Neha Agarwal,Female,25,Chennai,Delhi,India,Corporate,2023-05-17
CUST06089,Nidhi Singh, male ,50,Delhi,Maharashtra,India,Retail,2025-12-28
CUST06090,Sneha Agarwal,,49,Ahmedabad,Telangana,India,Corporate,2021-11-13
CUST06091,Dhruvi Agarwal, male ,71,Delhi,Karnataka,India,Retail,2021-09-13
CUST06092,Priya Kapoor, male ,52,Pune,Telangana,India,Retail,2025-07-21
CUST06093,Yash Singh,,50,Ahmedabad,Gujarat,India,Corporate,2022-11-05
CUST06094,Meera Agarwal,,28,Surat,Tamil Nadu,India,Corporate,2020-02-15
CUST06095,Priya Kapoor,FEMALE,65,Hyderabad,Telangana,India,Corporate,2024-10-20
CUST06096,Sneha Singh, male ,53,Chennai,Delhi,India,Retail,2026-01-08
CUST06097,Aarav Verma,Female,35,Delhi,Karnataka,India,Wholesale,2022-01-22
CUST06098,Priya Kapoor,Female,47,Chennai,Gujarat,India,Corporate,2021-04-20
CUST06099,Isha Joshi, male ,59,Mumbai,Maharashtra,India,Corporate,2025-03-02
CUST06100,Diya Desai,Male,31,Surat,Delhi,India,Retail,2022-03-04
CUST06101,Dhruvi Kapoor,Female,34,Mumbai,Delhi,India,Retail,2021-03-29
CUST06102,Nidhi Mehta,Female,51,Hyderabad,Telangana,India,Retail,2023-01-24
CUST06103,Riya Mehta,Female,64,Delhi,Maharashtra,India,Corporate,2022-04-29
CUST06104,Yash Shah, male ,37,Ahmedabad,Gujarat,India,Retail,2025-05-04
CUST06105,Yash Desai,FEMALE,57,Bangalore,Delhi,India,Wholesale,2023-07-08
CUST06106,Diya Singh,Female,71,Pune,Maharashtra,India,Corporate,2024-09-16
CUST06107,Priya Singh,,42,Mumbai,Gujarat,India,Retail,2022-10-23
CUST06108,Yash Patel,,21,Pune,Karnataka,India,Corporate,2024-12-08
CUST06109,Sneha Kapoor,,25,Pune,Telangana,India,Retail,2025-01-13
CUST06110,Yash Shah, male ,30,Ahmedabad,Maharashtra,India,Retail,2024-05-03
CUST06111,Vivaan Joshi,,63,Ahmedabad,Maharashtra,India,Wholesale,2023-06-28
CUST06112,Meera Singh,Female,18,Bangalore,Maharashtra,India,Wholesale,2024-05-19
CUST06113,Neha Gupta,,65,Delhi,Maharashtra,India,Retail,2022-11-27
CUST06114,Riya Gupta,,30,Pune,Gujarat,India,Corporate,2020-11-20
CUST06115,Kavya Singh,Female,70,Surat,Delhi,India,Corporate,2024-08-31
CUST06116,Priya Joshi,Male,67,Chennai,Telangana,India,Wholesale,2024-06-02
CUST06117,Priya Patel, male ,72,Ahmedabad,Delhi,India,Retail,2022-10-17
CUST06118,Arjun Joshi,,25,Delhi,Gujarat,India,Corporate,2024-03-02
CUST06119,Aditya Shah, male ,69,Surat,Gujarat,India,Retail,2023-08-12
CUST06120,Vivaan Kapoor,Male,29,Bangalore,Gujarat,India,Corporate,2023-03-08
CUST06121,Isha Verma,,60,Bangalore,Telangana,India,Corporate,2020-03-09
CUST06122,Vivaan Patel, male ,72,Bangalore,Gujarat,India,Retail,2022-03-11
CUST06123,Kavya Patel, male ,72,Bangalore,Karnataka,India,Corporate,2022-01-26
CUST06124,Vivaan Kapoor, male ,41,Chennai,Tamil Nadu,India,Wholesale,2022-08-17
CUST06125,Priya Verma,,21,Surat,Karnataka,India,Wholesale,2021-03-16
CUST06126,Nidhi Shah,FEMALE,64,Bangalore,Tamil Nadu,India,Wholesale,2024-05-17
CUST06127,Meera Joshi,Male,40,Mumbai,Maharashtra,India,Retail,2023-12-22
CUST06128,Meera Shah,,44,Pune,Delhi,India,Wholesale,2021-04-18
CUST06129,Dhruvi Kapoor,Female,51,Ahmedabad,Delhi,India,Retail,2020-04-23
CUST06130,Yash Kapoor, male ,61,Hyderabad,Gujarat,India,Corporate,2020-02-18
CUST06131,Aarav Shah,,19,Pune,Tamil Nadu,India,Wholesale,2023-09-28
CUST06132,Dhruvi Patel,Female,62,Bangalore,Gujarat,India,Wholesale,2023-03-07
CUST06133,Sneha Mehta,,26,Surat,Maharashtra,India,Retail,2021-04-03
CUST06134,Priya Kapoor,Female,22,Hyderabad,Tamil Nadu,India,Retail,2020-01-05
CUST06135,Meera Joshi, male ,34,Pune,Telangana,India,Wholesale,2025-01-11
CUST06136,Sneha Desai,,28,Mumbai,Delhi,India,Wholesale,2022-02-21
CUST06137,Vivaan Shah, male ,66,Ahmedabad,Telangana,India,Retail,2022-10-21
CUST06138,Sneha Agarwal,,65,Bangalore,Tamil Nadu,India,Wholesale,2021-08-17
CUST06139,Ananya Agarwal,FEMALE,53,Chennai,Maharashtra,India,Retail,2025-10-18
CUST06140,Nidhi Verma, male ,67,Delhi,Telangana,India,Wholesale,2023-10-17
CUST06141,Priya Gupta,Female,70,Pune,Maharashtra,India,Wholesale,2021-06-06
CUST06142,Diya Shah,,37,Ahmedabad,Tamil Nadu,India,Wholesale,2025-06-21
CUST06143,Priya Joshi,Female,56,Mumbai,Delhi,India,Retail,2023-03-16
CUST06144,Meera Verma, male ,60,Mumbai,Telangana,India,Corporate,2024-12-13
CUST06145,Sneha Agarwal,,64,Delhi,Maharashtra,India,Corporate,2024-10-04
CUST06146,Aarav Singh,Female,31,Delhi,Karnataka,India,Retail,2025-01-14
CUST06147,Neha Desai, male ,60,Delhi,Telangana,India,Wholesale,2024-09-20
CUST06148,Priya Kapoor,Male,72,Surat,Delhi,India,Wholesale,2023-05-30
CUST06149,Diya Mehta,Male,74,Surat,Tamil Nadu,India,Corporate,2023-09-25
CUST06150,Dhruvi Patel,FEMALE,31,Ahmedabad,Karnataka,India,Corporate,2021-09-08
CUST06151,Kavya Mehta,Male,29,Chennai,Maharashtra,India,Retail,2024-10-20
CUST06152,Rahul Gupta,Male,72,Pune,Maharashtra,India,Wholesale,2020-09-30
CUST06153,Rohan Joshi,,29,Mumbai,Maharashtra,India,Retail,2023-12-20
CUST06154,Nidhi Patel,,26,Bangalore,Tamil Nadu,India,Wholesale,2021-09-06
CUST06155,Nidhi Singh,,21,Mumbai,Delhi,India,Retail,2024-07-09
CUST06156,Neha Agarwal, male ,20,Delhi,Karnataka,India,Retail,2021-03-19
CUST06157,Dhruvi Singh, male ,63,Hyderabad,Tamil Nadu,India,Corporate,2025-02-05
CUST06158,Sneha Shah, male ,55,Pune,Gujarat,India,Corporate,2022-04-29
CUST06159,Meera Kapoor, male ,19,Hyderabad,Telangana,India,Retail,2023-09-05
CUST06160,Isha Desai,,51,Surat,Gujarat,India,Retail,2023-04-09
CUST06161,Rohan Desai,Female,70,Bangalore,Gujarat,India,Wholesale,2025-03-03
CUST06162,Neha Gupta,,60,Pune,Karnataka,India,Corporate,2020-04-23
CUST06163,Rahul Gupta,Female,50,Pune,Tamil Nadu,India,Retail,2024-05-18
CUST06164,Kavya Patel,,37,Pune,Telangana,India,Corporate,2022-08-19
CUST06165,Neha Gupta,FEMALE,31,Delhi,Tamil Nadu,India,Wholesale,2022-05-21
CUST06166,Vivaan Desai, male ,56,Bangalore,Tamil Nadu,India,Wholesale,2023-11-22
CUST06167,Aditya Patel,,66,Chennai,Gujarat,India,Wholesale,2021-03-25
CUST06168,Meera Singh,FEMALE,59,Delhi,Tamil Nadu,India,Wholesale,2025-08-30
CUST06169,Sneha Joshi, male ,62,Mumbai,Tamil Nadu,India,Wholesale,2021-04-07
CUST06170,Dhruvi Singh, male ,30,Delhi,Karnataka,India,Wholesale,2020-06-08
CUST06171,Kavya Gupta,Female,41,Surat,Gujarat,India,Retail,2021-04-20
CUST06172,Aditya Gupta,Male,74,Delhi,Delhi,India,Retail,2025-01-30
CUST06173,Neha Gupta,,28,Delhi,Maharashtra,India,Wholesale,2020-02-09
CUST06174,Kavya Gupta,,49,Ahmedabad,Delhi,India,Wholesale,2024-10-21
CUST06175,Meera Verma,,62,Pune,Maharashtra,India,Corporate,2020-07-12
CUST06176,Sneha Verma,,22,Hyderabad,Telangana,India,Corporate,2022-07-21
CUST06177,Aarav Joshi,Male,63,Pune,Maharashtra,India,Wholesale,2022-02-11
CUST06178,Yash Desai,Female,36,Ahmedabad,Telangana,India,Corporate,2025-10-19
CUST06179,Sneha Desai,Female,31,Bangalore,Maharashtra,India,Corporate,2022-03-16
CUST06180,Meera Patel,FEMALE,70,Bangalore,Delhi,India,Corporate,2024-04-16
CUST06181,Aditya Agarwal,,48,Hyderabad,Delhi,India,Corporate,2025-12-05
CUST06182,Arjun Verma,Male,62,Ahmedabad,Telangana,India,Corporate,2025-05-17
CUST06183,Kavya Mehta,,73,Mumbai,Tamil Nadu,India,Wholesale,2025-05-08
CUST06184,Meera Kapoor, male ,72,Mumbai,Maharashtra,India,Retail,2025-02-17
CUST06185,Yash Joshi,Female,73,Mumbai,Maharashtra,India,Corporate,2025-08-16
CUST06186,Aditya Kapoor,Female,41,Hyderabad,Gujarat,India,Wholesale,2022-02-07
CUST06187,Rohan Shah,FEMALE,33,Hyderabad,Tamil Nadu,India,Retail,2025-09-07
CUST06188,Kavya Patel,,68,Mumbai,Telangana,India,Retail,2025-12-08
CUST06189,Arjun Mehta,FEMALE,48,Hyderabad,Gujarat,India,Wholesale,2024-06-11
CUST06190,Riya Joshi,,31,Delhi,Karnataka,India,Wholesale,2021-03-23
CUST06191,Kavya Mehta,Male,41,Chennai,Tamil Nadu,India,Wholesale,2020-08-28
CUST06192,Kavya Patel,Male,29,Ahmedabad,Delhi,India,Corporate,2020-08-12
CUST06193,Yash Patel,Female,61,Surat,Gujarat,India,Corporate,2024-09-03
CUST06194,Dhruvi Joshi,Male,74,Ahmedabad,Tamil Nadu,India,Retail,2020-03-24
CUST06195,Isha Desai,Female,59,Hyderabad,Delhi,India,Corporate,2023-12-25
CUST06196,Kavya Patel,Female,49,Surat,Delhi,India,Retail,2020-01-03
CUST06197,Kavya Mehta,Female,32,Bangalore,Gujarat,India,Corporate,2024-07-08
CUST06198,Yash Kapoor,FEMALE,45,Ahmedabad,Delhi,India,Wholesale,2023-12-31
CUST06199,Sneha Kapoor,Female,30,Bangalore,Gujarat,India,Corporate,2023-09-17
CUST06200,Sneha Shah,FEMALE,68,Mumbai,Gujarat,India,Corporate,2022-02-20
CUST06201,Aditya Gupta, male ,62,Chennai,Maharashtra,India,Wholesale,2023-07-25
CUST06202,Meera Verma,Female,25,Hyderabad,Karnataka,India,Retail,2021-08-17
CUST06203,Vivaan Agarwal,,45,Pune,Tamil Nadu,India,Corporate,2025-06-11
CUST06204,Ananya Joshi,,60,Ahmedabad,Maharashtra,India,Retail,2024-10-22
CUST06205,Aarav Agarwal,Female,33,Mumbai,Gujarat,India,Corporate,2021-02-10
CUST06206,Riya Kapoor,,26,Pune,Karnataka,India,Wholesale,2025-10-30
CUST06207,Diya Singh,Female,25,Pune,Maharashtra,India,Wholesale,2022-05-06
CUST06208,Sneha Agarwal,Male,48,Surat,Delhi,India,Retail,2023-08-09
CUST06209,Riya Shah,Female,34,Pune,Tamil Nadu,India,Corporate,2023-09-25
CUST06210,Arjun Mehta,,59,Pune,Gujarat,India,Wholesale,2021-04-05
CUST06211,Riya Joshi, male ,18,Pune,Delhi,India,Retail,2021-09-30
CUST06212,Vivaan Kapoor,,18,Hyderabad,Gujarat,India,Corporate,2021-05-27
CUST06213,Nidhi Verma,FEMALE,27,Delhi,Delhi,India,Retail,2022-04-12
CUST06214,Vivaan Verma,,21,Chennai,Maharashtra,India,Corporate,2023-07-01
CUST06215,Aditya Desai,FEMALE,60,Pune,Tamil Nadu,India,Retail,2021-11-11
CUST06216,Dhruvi Gupta,Male,27,Delhi,Delhi,India,Corporate,2020-04-08
CUST06217,Kavya Gupta,,20,Delhi,Tamil Nadu,India,Retail,2020-07-22
CUST06218,Neha Gupta,FEMALE,71,Chennai,Karnataka,India,Wholesale,2020-09-21
CUST06219,Arjun Mehta,Female,27,Surat,Gujarat,India,Retail,2022-11-24
CUST06220,Aarav Agarwal,,63,Mumbai,Tamil Nadu,India,Wholesale,2021-02-10
CUST06221,Diya Shah,,70,Bangalore,Delhi,India,Wholesale,2024-05-11
CUST06222,Priya Verma,,50,Hyderabad,Karnataka,India,Wholesale,2025-05-12
CUST06223,Aditya Verma,Male,62,Chennai,Delhi,India,Retail,2024-02-21
CUST06224,Dhruvi Gupta,,29,Surat,Telangana,India,Corporate,2020-12-13
CUST06225,Nidhi Mehta,Male,40,Chennai,Maharashtra,India,Corporate,2023-01-25
CUST06226,Priya Mehta,FEMALE,61,Mumbai,Telangana,India,Retail,2022-06-20
CUST06227,Ananya Mehta, male ,43,Delhi,Gujarat,India,Retail,2020-05-18
CUST06228,Aarav Patel, male ,73,Delhi,Gujarat,India,Wholesale,2020-12-05
CUST06229,Priya Joshi,,39,Ahmedabad,Karnataka,India,Corporate,2021-10-22
CUST06230,Ananya Shah,Male,34,Mumbai,Telangana,India,Corporate,2022-02-27
CUST06231,Ananya Mehta,Male,33,Ahmedabad,Delhi,India,Wholesale,2020-12-16
CUST06232,Ananya Shah,Male,30,Pune,Telangana,India,Corporate,2024-10-16
CUST06233,Ananya Shah,FEMALE,59,Pune,Tamil Nadu,India,Corporate,2021-03-25
CUST06234,Aditya Singh,Male,53,Delhi,Delhi,India,Wholesale,2020-10-11
CUST06235,Meera Joshi,Female,36,Mumbai,Karnataka,India,Retail,2022-11-17
CUST06236,Nidhi Agarwal,,72,Ahmedabad,Maharashtra,India,Wholesale,2025-09-07
CUST06237,Sneha Patel,Female,29,Delhi,Delhi,India,Wholesale,2025-08-02
CUST06238,Meera Kapoor,FEMALE,40,Hyderabad,Karnataka,India,Retail,2024-01-21
CUST06239,Meera Verma,Male,68,Delhi,Karnataka,India,Retail,2024-08-13
CUST06240,Meera Patel,Female,73,Ahmedabad,Gujarat,India,Retail,2025-03-26
CUST06241,Rohan Gupta,Male,70,Chennai,Karnataka,India,Retail,2023-09-30
CUST06242,Rahul Patel,FEMALE,25,Delhi,Maharashtra,India,Retail,2025-07-03
CUST06243,Rohan Kapoor,,57,Chennai,Delhi,India,Retail,2023-08-25
CUST06244,Yash Joshi,Male,21,Mumbai,Karnataka,India,Corporate,2022-07-15
CUST06245,Neha Desai,FEMALE,53,Mumbai,Karnataka,India,Retail,2024-08-29
CUST06246,Dhruvi Kapoor,,33,Chennai,Gujarat,India,Retail,2020-03-23
CUST06247,Sneha Mehta,FEMALE,67,Ahmedabad,Karnataka,India,Wholesale,2025-04-02
CUST06248,Ananya Joshi,,52,Pune,Gujarat,India,Corporate,2023-10-04
CUST06249,Ananya Gupta,Male,42,Mumbai,Maharashtra,India,Wholesale,2023-11-05
CUST06250,Ananya Desai, male ,69,Hyderabad,Gujarat,India,Corporate,2022-07-30
CUST06251,Yash Agarwal,FEMALE,56,Delhi,Delhi,India,Wholesale,2024-03-10
CUST06252,Rahul Verma,Male,64,Hyderabad,Karnataka,India,Retail,2020-08-06
CUST06253,Aarav Shah,,59,Surat,Delhi,India,Wholesale,2021-09-06
CUST06254,Vivaan Shah,FEMALE,57,Hyderabad,Karnataka,India,Wholesale,2020-04-13
CUST06255,Sneha Gupta, male ,63,Mumbai,Gujarat,India,Retail,2024-09-15
CUST06256,Meera Joshi,Female,74,Chennai,Maharashtra,India,Wholesale,2021-06-04
CUST06257,Rohan Shah,,68,Mumbai,Delhi,India,Corporate,2020-09-20
CUST06258,Nidhi Gupta,,39,Hyderabad,Maharashtra,India,Corporate,2024-04-30
CUST06259,Nidhi Verma,,36,Pune,Gujarat,India,Wholesale,2024-11-22
CUST06260,Priya Kapoor,,59,Surat,Telangana,India,Corporate,2022-05-21
CUST06261,Rahul Mehta,,28,Surat,Tamil Nadu,India,Corporate,2024-03-09
CUST06262,Priya Shah, male ,37,Hyderabad,Delhi,India,Wholesale,2020-06-25
CUST06263,Isha Mehta,,50,Surat,Maharashtra,India,Wholesale,2022-10-27
CUST06264,Arjun Desai,,35,Delhi,Maharashtra,India,Retail,2020-12-20
CUST06265,Ananya Verma,,47,Chennai,Telangana,India,Wholesale,2020-11-30
CUST06266,Isha Singh,Male,27,Pune,Telangana,India,Wholesale,2020-11-20
CUST06267,Sneha Gupta,Male,72,Chennai,Telangana,India,Corporate,2024-04-28
CUST06268,Ananya Agarwal,,69,Surat,Gujarat,India,Corporate,2023-12-25
CUST06269,Rahul Desai, male ,64,Mumbai,Gujarat,India,Corporate,2023-04-06
CUST06270,Rahul Gupta,,25,Mumbai,Karnataka,India,Retail,2024-06-13
CUST06271,Riya Singh,,49,Delhi,Gujarat,India,Retail,2021-02-11
CUST06272,Dhruvi Patel,Female,63,Bangalore,Telangana,India,Retail,2023-01-15
CUST06273,Sneha Joshi,,20,Chennai,Karnataka,India,Corporate,2022-08-29
CUST06274,Neha Verma, male ,63,Delhi,Delhi,India,Corporate,2021-06-03
CUST06275,Priya Gupta,,63,Hyderabad,Tamil Nadu,India,Corporate,2025-04-13
CUST06276,Isha Joshi,Female,44,Mumbai,Tamil Nadu,India,Corporate,2022-08-31
CUST06277,Rohan Patel,,54,Hyderabad,Delhi,India,Wholesale,2023-02-25
CUST06278,Aarav Joshi, male ,33,Hyderabad,Maharashtra,India,Retail,2023-03-09
CUST06279,Kavya Singh,FEMALE,36,Delhi,Tamil Nadu,India,Wholesale,2020-04-26
CUST06280,Arjun Mehta,Male,21,Surat,Gujarat,India,Wholesale,2024-02-21
CUST06281,Isha Gupta,Male,52,Bangalore,Gujarat,India,Retail,2024-07-18
CUST06282,Sneha Patel,FEMALE,27,Surat,Telangana,India,Corporate,2024-04-09
CUST06283,Dhruvi Singh,,23,Bangalore,Telangana,India,Corporate,2023-08-02
CUST06284,Rohan Patel,Male,51,Ahmedabad,Maharashtra,India,Wholesale,2020-07-06
CUST06285,Isha Verma,,45,Bangalore,Telangana,India,Retail,2020-02-19
CUST06286,Riya Singh, male ,47,Ahmedabad,Gujarat,India,Retail,2020-10-11
CUST06287,Neha Mehta,,35,Pune,Delhi,India,Corporate,2024-05-24
CUST06288,Isha Desai,,48,Hyderabad,Gujarat,India,Corporate,2024-01-27
CUST06289,Riya Shah, male ,38,Delhi,Maharashtra,India,Corporate,2020-06-07
CUST06290,Rahul Shah,,46,Pune,Karnataka,India,Corporate,2025-11-12
CUST06291,Ananya Mehta,,40,Hyderabad,Karnataka,India,Wholesale,2023-09-17
CUST06292,Neha Shah,Male,21,Pune,Telangana,India,Wholesale,2020-02-24
CUST06293,Aditya Kapoor,Male,65,Bangalore,Tamil Nadu,India,Retail,2022-02-06
CUST06294,Rohan Mehta,Male,49,Pune,Karnataka,India,Retail,2021-11-11
CUST06295,Neha Verma, male ,43,Delhi,Delhi,India,Corporate,2022-05-21
CUST06296,Riya Gupta,,19,Pune,Karnataka,India,Corporate,2020-01-11
CUST06297,Meera Gupta,Female,68,Pune,Telangana,India,Corporate,2023-11-11
CUST06298,Meera Verma,FEMALE,63,Bangalore,Maharashtra,India,Wholesale,2023-06-18
CUST06299,Diya Desai, male ,61,Surat,Gujarat,India,Retail,2021-12-02
CUST06300,Sneha Kapoor,,60,Hyderabad,Maharashtra,India,Retail,2020-03-01
CUST06301,Arjun Patel,,19,Pune,Maharashtra,India,Wholesale,2024-10-04
CUST06302,Aditya Mehta,Female,49,Delhi,Tamil Nadu,India,Wholesale,2021-01-12
CUST06303,Neha Desai,Female,23,Surat,Telangana,India,Retail,2023-11-09
CUST06304,Nidhi Patel,Male,40,Bangalore,Gujarat,India,Corporate,2020-09-18
CUST06305,Riya Joshi,,30,Ahmedabad,Tamil Nadu,India,Corporate,2023-09-13
CUST06306,Aditya Shah,Female,20,Delhi,Gujarat,India,Corporate,2023-10-23
CUST06307,Kavya Verma,,37,Hyderabad,Karnataka,India,Corporate,2022-06-02
CUST06308,Arjun Desai,Male,54,Delhi,Tamil Nadu,India,Wholesale,2025-09-29
CUST06309,Arjun Agarwal,Male,25,Surat,Karnataka,India,Wholesale,2021-05-29
CUST06310,Dhruvi Patel,,31,Delhi,Maharashtra,India,Corporate,2023-11-22
CUST06311,Isha Singh, male ,53,Hyderabad,Delhi,India,Retail,2021-05-15
CUST06312,Neha Verma,,34,Delhi,Delhi,India,Corporate,2021-06-14
CUST06313,Ananya Desai,,58,Pune,Delhi,India,Wholesale,2025-12-04
CUST06314,Rohan Agarwal,,22,Bangalore,Telangana,India,Wholesale,2023-01-19
CUST06315,Aarav Mehta,Male,63,Surat,Karnataka,India,Retail,2025-11-25
CUST06316,Vivaan Mehta,FEMALE,38,Delhi,Gujarat,India,Corporate,2023-04-15
CUST06317,Aditya Verma,Male,27,Surat,Gujarat,India,Corporate,2023-09-09
CUST06318,Aarav Mehta,Female,57,Mumbai,Telangana,India,Corporate,2022-01-25
CUST06319,Aarav Gupta,,54,Ahmedabad,Tamil Nadu,India,Corporate,2025-07-23
CUST06320,Dhruvi Shah, male ,54,Bangalore,Telangana,India,Corporate,2021-02-07
CUST06321,Meera Agarwal,,63,Bangalore,Delhi,India,Retail,2025-09-21
CUST06322,Yash Desai,Male,33,Delhi,Telangana,India,Retail,2025-07-12
CUST06323,Neha Joshi,Male,64,Pune,Karnataka,India,Corporate,2023-04-09
CUST06324,Vivaan Desai,Male,33,Delhi,Maharashtra,India,Wholesale,2023-05-27
CUST06325,Rohan Singh,Female,30,Bangalore,Karnataka,India,Corporate,2023-09-27
CUST06326,Kavya Shah,,33,Hyderabad,Delhi,India,Retail,2025-03-29
CUST06327,Meera Joshi, male ,53,Bangalore,Gujarat,India,Corporate,2024-02-10
CUST06328,Vivaan Singh, male ,40,Bangalore,Delhi,India,Retail,2022-11-22
CUST06329,Rohan Singh, male ,20,Pune,Telangana,India,Corporate,2025-01-24
CUST06330,Diya Singh,FEMALE,25,Bangalore,Maharashtra,India,Corporate,2025-03-09
CUST06331,Sneha Verma,,51,Pune,Tamil Nadu,India,Retail,2022-02-21
CUST06332,Kavya Gupta,,62,Surat,Tamil Nadu,India,Retail,2022-10-27
CUST06333,Aarav Agarwal,Male,57,Ahmedabad,Karnataka,India,Wholesale,2024-05-30
CUST06334,Sneha Desai,Male,21,Ahmedabad,Delhi,India,Corporate,2024-08-02
CUST06335,Kavya Singh,Female,47,Ahmedabad,Telangana,India,Wholesale,2021-10-03
CUST06336,Dhruvi Kapoor, male ,34,Delhi,Tamil Nadu,India,Wholesale,2021-10-17
CUST06337,Priya Shah,,65,Chennai,Delhi,India,Corporate,2020-08-02
CUST06338,Kavya Mehta,,42,Surat,Delhi,India,Corporate,2021-10-01
CUST06339,Priya Desai,FEMALE,44,Hyderabad,Delhi,India,Corporate,2023-10-21
CUST06340,Kavya Shah,Male,26,Pune,Karnataka,India,Wholesale,2025-04-11
CUST06341,Dhruvi Shah,FEMALE,48,Hyderabad,Telangana,India,Corporate,2021-08-11
CUST06342,Arjun Verma,FEMALE,44,Bangalore,Gujarat,India,Retail,2022-03-24
CUST06343,Rahul Kapoor,,32,Hyderabad,Maharashtra,India,Corporate,2022-12-21
CUST06344,Vivaan Verma,Female,70,Ahmedabad,Telangana,India,Wholesale,2023-10-19
CUST06345,Isha Singh, male ,41,Ahmedabad,Delhi,India,Corporate,2021-02-09
CUST06346,Priya Singh,,26,Delhi,Karnataka,India,Retail,2021-06-13
CUST06347,Arjun Patel,Male,71,Ahmedabad,Tamil Nadu,India,Corporate,2025-11-17
CUST06348,Dhruvi Verma,FEMALE,47,Bangalore,Tamil Nadu,India,Wholesale,2024-08-19
CUST06349,Dhruvi Agarwal,,43,Hyderabad,Maharashtra,India,Wholesale,2025-09-20
CUST06350,Aditya Gupta,Male,30,Delhi,Maharashtra,India,Wholesale,2023-10-01
CUST06351,Aditya Agarwal,Female,72,Bangalore,Tamil Nadu,India,Wholesale,2022-09-09
CUST06352,Arjun Mehta, male ,46,Mumbai,Gujarat,India,Wholesale,2025-03-06
CUST06353,Nidhi Verma,,66,Surat,Karnataka,India,Retail,2020-03-14
CUST06354,Riya Mehta,Male,63,Chennai,Maharashtra,India,Retail,2020-05-20
CUST06355,Vivaan Shah, male ,35,Chennai,Maharashtra,India,Corporate,2020-04-03
CUST06356,Priya Kapoor,Male,51,Delhi,Gujarat,India,Retail,2022-01-21
CUST06357,Rahul Mehta, male ,22,Mumbai,Telangana,India,Retail,2021-04-28
CUST06358,Rohan Singh,Male,26,Pune,Karnataka,India,Retail,2022-11-04
CUST06359,Vivaan Agarwal,,44,Hyderabad,Telangana,India,Wholesale,2025-12-23
CUST06360,Diya Mehta,Male,30,Mumbai,Delhi,India,Corporate,2023-09-20
CUST06361,Nidhi Verma,,66,Bangalore,Gujarat,India,Corporate,2022-12-17
CUST06362,Neha Desai,Female,65,Hyderabad,Delhi,India,Wholesale,2021-01-25
CUST06363,Aarav Joshi,Male,26,Bangalore,Karnataka,India,Retail,2021-07-08
CUST06364,Neha Verma, male ,61,Chennai,Gujarat,India,Retail,2022-10-30
CUST06365,Priya Shah,FEMALE,60,Ahmedabad,Delhi,India,Retail,2021-11-25
CUST06366,Dhruvi Gupta,Female,73,Ahmedabad,Tamil Nadu,India,Retail,2022-06-21
CUST06367,Rohan Patel,,29,Mumbai,Delhi,India,Retail,2022-03-04
CUST06368,Aditya Agarwal,,27,Pune,Karnataka,India,Retail,2021-12-10
CUST06369,Yash Gupta,FEMALE,44,Ahmedabad,Tamil Nadu,India,Wholesale,2023-09-27
CUST06370,Rohan Verma,FEMALE,36,Hyderabad,Telangana,India,Retail,2025-12-09
CUST06371,Nidhi Gupta,,27,Pune,Telangana,India,Wholesale,2024-10-02
CUST06372,Yash Kapoor,,36,Delhi,Karnataka,India,Wholesale,2023-03-14
CUST06373,Kavya Mehta,Female,57,Chennai,Delhi,India,Wholesale,2022-04-29
CUST06374,Meera Verma,,33,Delhi,Maharashtra,India,Wholesale,2020-01-26
CUST06375,Riya Patel,Male,65,Chennai,Delhi,India,Wholesale,2024-03-20
CUST06376,Arjun Joshi,FEMALE,18,Ahmedabad,Telangana,India,Retail,2021-10-12
CUST06377,Riya Gupta,Female,61,Surat,Telangana,India,Wholesale,2024-04-22
CUST06378,Vivaan Desai,Male,21,Hyderabad,Delhi,India,Retail,2024-03-05
CUST06379,Priya Shah, male ,71,Hyderabad,Telangana,India,Retail,2025-07-30
CUST06380,Isha Shah,,68,Bangalore,Tamil Nadu,India,Corporate,2021-11-08
CUST06381,Aarav Mehta,,41,Pune,Tamil Nadu,India,Wholesale,2021-02-14
CUST06382,Rohan Patel,Female,66,Hyderabad,Gujarat,India,Retail,2021-09-08
CUST06383,Ananya Agarwal,FEMALE,46,Pune,Karnataka,India,Retail,2021-11-21
CUST06384,Isha Patel,,40,Hyderabad,Telangana,India,Corporate,2020-05-28
CUST06385,Rahul Singh,Male,45,Bangalore,Karnataka,India,Wholesale,2022-09-21
CUST06386,Rohan Mehta, male ,53,Chennai,Telangana,India,Wholesale,2021-09-04
CUST06387,Nidhi Singh,,26,Delhi,Gujarat,India,Retail,2021-08-18
CUST06388,Vivaan Verma,Female,44,Mumbai,Telangana,India,Wholesale,2025-03-07
CUST06389,Aditya Desai,,60,Pune,Gujarat,India,Wholesale,2023-08-01
CUST06390,Kavya Singh,,71,Mumbai,Maharashtra,India,Retail,2021-12-12
CUST06391,Diya Gupta,Female,69,Hyderabad,Karnataka,India,Wholesale,2020-05-13
CUST06392,Yash Gupta,,26,Hyderabad,Karnataka,India,Retail,2024-01-01
CUST06393,Kavya Desai,Male,18,Hyderabad,Delhi,India,Corporate,2021-09-28
CUST06394,Aditya Patel, male ,39,Chennai,Gujarat,India,Retail,2024-01-02
CUST06395,Rohan Patel,,68,Bangalore,Delhi,India,Corporate,2021-06-17
CUST06396,Vivaan Mehta,FEMALE,53,Hyderabad,Gujarat,India,Retail,2020-10-31
CUST06397,Rohan Verma,Female,65,Pune,Tamil Nadu,India,Retail,2025-07-24
CUST06398,Neha Singh,Male,69,Delhi,Tamil Nadu,India,Wholesale,2021-07-05
CUST06399,Neha Gupta,Male,31,Chennai,Karnataka,India,Corporate,2025-05-15
CUST06400,Neha Mehta,,50,Hyderabad,Delhi,India,Retail,2025-08-09
CUST06401,Meera Joshi,FEMALE,28,Delhi,Delhi,India,Corporate,2021-10-23
CUST06402,Rohan Gupta,Male,74,Mumbai,Telangana,India,Retail,2020-06-10
CUST06403,Dhruvi Mehta,Male,67,Pune,Tamil Nadu,India,Retail,2024-02-05
CUST06404,Priya Joshi,,26,Ahmedabad,Delhi,India,Corporate,2025-06-04
CUST06405,Sneha Joshi,,68,Pune,Telangana,India,Wholesale,2025-07-07
CUST06406,Dhruvi Joshi,,24,Chennai,Telangana,India,Wholesale,2023-05-17
CUST06407,Neha Mehta,,27,Pune,Telangana,India,Corporate,2020-01-04
CUST06408,Riya Mehta,,48,Chennai,Maharashtra,India,Corporate,2022-07-23
CUST06409,Meera Kapoor,Female,19,Surat,Tamil Nadu,India,Wholesale,2020-05-14
CUST06410,Vivaan Agarwal, male ,61,Bangalore,Karnataka,India,Retail,2025-12-14
CUST06411,Riya Gupta,,63,Surat,Tamil Nadu,India,Corporate,2025-04-06
CUST06412,Rohan Gupta,,58,Ahmedabad,Karnataka,India,Wholesale,2020-04-07
CUST06413,Rahul Kapoor,,62,Chennai,Telangana,India,Wholesale,2020-01-21
CUST06414,Nidhi Mehta,Female,44,Chennai,Maharashtra,India,Corporate,2025-09-04
CUST06415,Kavya Gupta,Female,45,Ahmedabad,Maharashtra,India,Retail,2021-02-19
CUST06416,Diya Agarwal,FEMALE,56,Hyderabad,Delhi,India,Wholesale,2023-09-04
CUST06417,Arjun Desai,,67,Delhi,Maharashtra,India,Corporate,2023-01-28
CUST06418,Sneha Verma,Male,36,Surat,Telangana,India,Corporate,2021-04-28
CUST06419,Neha Shah, male ,43,Hyderabad,Tamil Nadu,India,Corporate,2025-11-09
CUST06420,Ananya Gupta,FEMALE,38,Chennai,Maharashtra,India,Wholesale,2024-02-28
CUST06421,Ananya Desai,Male,44,Ahmedabad,Gujarat,India,Retail,2024-03-29
CUST06422,Vivaan Mehta,FEMALE,62,Hyderabad,Tamil Nadu,India,Wholesale,2021-04-22
CUST06423,Aditya Patel,,51,Ahmedabad,Gujarat,India,Corporate,2023-04-29
CUST06424,Dhruvi Joshi,Female,74,Surat,Telangana,India,Retail,2022-04-05
CUST06425,Yash Agarwal,,67,Chennai,Tamil Nadu,India,Retail,2025-10-28
CUST06426,Rohan Shah,FEMALE,43,Ahmedabad,Telangana,India,Corporate,2024-10-20
CUST06427,Riya Singh, male ,33,Bangalore,Karnataka,India,Corporate,2020-04-17
CUST06428,Aarav Gupta, male ,45,Hyderabad,Delhi,India,Corporate,2021-02-07
CUST06429,Isha Agarwal,Male,60,Surat,Gujarat,India,Wholesale,2022-11-14
CUST06430,Rohan Verma, male ,19,Delhi,Karnataka,India,Corporate,2025-09-04
CUST06431,Sneha Verma,Female,48,Surat,Karnataka,India,Wholesale,2025-12-08
CUST06432,Aarav Agarwal, male ,71,Chennai,Telangana,India,Wholesale,2024-07-07
CUST06433,Sneha Mehta,FEMALE,43,Delhi,Delhi,India,Wholesale,2021-04-11
CUST06434,Priya Singh, male ,73,Pune,Telangana,India,Wholesale,2025-12-27
CUST06435,Yash Shah,FEMALE,47,Bangalore,Karnataka,India,Wholesale,2020-07-01
CUST06436,Yash Gupta,,29,Pune,Karnataka,India,Corporate,2025-05-05
CUST06437,Sneha Agarwal,FEMALE,50,Bangalore,Maharashtra,India,Corporate,2022-04-26
CUST06438,Vivaan Verma,,56,Delhi,Maharashtra,India,Retail,2025-05-09
CUST06439,Rohan Agarwal,Female,70,Chennai,Tamil Nadu,India,Wholesale,2021-07-11
CUST06440,Neha Shah,Male,19,Bangalore,Delhi,India,Wholesale,2020-02-12
CUST06441,Diya Shah,,49,Ahmedabad,Telangana,India,Corporate,2024-11-28
CUST06442,Meera Singh,FEMALE,66,Ahmedabad,Karnataka,India,Corporate,2023-02-04
CUST06443,Riya Agarwal,,46,Pune,Telangana,India,Corporate,2025-07-24
CUST06444,Riya Verma, male ,48,Hyderabad,Gujarat,India,Wholesale,2022-08-08
CUST06445,Neha Shah, male ,33,Bangalore,Telangana,India,Wholesale,2024-06-16
CUST06446,Aditya Singh,Male,49,Bangalore,Maharashtra,India,Retail,2024-12-23
CUST06447,Arjun Joshi,Female,19,Surat,Maharashtra,India,Wholesale,2022-06-22
CUST06448,Aarav Agarwal,Female,69,Hyderabad,Telangana,India,Corporate,2020-01-19
CUST06449,Diya Mehta,,55,Pune,Maharashtra,India,Wholesale,2024-04-03
CUST06450,Priya Verma,FEMALE,21,Mumbai,Delhi,India,Retail,2022-10-03
CUST06451,Neha Joshi,FEMALE,36,Mumbai,Telangana,India,Corporate,2024-11-02
CUST06452,Meera Gupta,Female,30,Mumbai,Delhi,India,Corporate,2020-11-14
CUST06453,Riya Joshi,Female,43,Bangalore,Gujarat,India,Corporate,2020-02-06
CUST06454,Riya Desai,Female,41,Bangalore,Delhi,India,Retail,2023-06-10
CUST06455,Priya Gupta,,59,Surat,Delhi,India,Corporate,2020-07-07
CUST06456,Neha Gupta,Male,45,Bangalore,Tamil Nadu,India,Corporate,2023-09-25
CUST06457,Ananya Kapoor,,43,Pune,Maharashtra,India,Retail,2024-11-13
CUST06458,Rahul Mehta,Male,24,Chennai,Maharashtra,India,Retail,2023-02-15
CUST06459,Arjun Mehta,,27,Pune,Maharashtra,India,Wholesale,2021-10-25
CUST06460,Arjun Mehta, male ,53,Pune,Karnataka,India,Retail,2020-09-24
CUST06461,Kavya Patel,Male,46,Surat,Tamil Nadu,India,Retail,2021-03-15
CUST06462,Sneha Agarwal,Female,74,Bangalore,Karnataka,India,Wholesale,2025-05-24
CUST06463,Meera Agarwal,,28,Bangalore,Tamil Nadu,India,Wholesale,2020-03-05
CUST06464,Sneha Singh,Female,49,Mumbai,Gujarat,India,Wholesale,2022-01-26
CUST06465,Kavya Gupta,FEMALE,45,Hyderabad,Tamil Nadu,India,Corporate,2020-11-25
CUST06466,Aarav Gupta,Male,48,Mumbai,Delhi,India,Wholesale,2025-11-03
CUST06467,Rohan Kapoor,Female,18,Mumbai,Karnataka,India,Wholesale,2020-01-07
CUST06468,Riya Shah,Female,27,Hyderabad,Karnataka,India,Wholesale,2024-04-17
CUST06469,Aarav Shah,Male,26,Bangalore,Gujarat,India,Retail,2020-10-11
CUST06470,Diya Desai,,56,Chennai,Karnataka,India,Corporate,2023-02-15
CUST06471,Riya Gupta, male ,49,Chennai,Karnataka,India,Corporate,2025-05-19
CUST06472,Rohan Shah,FEMALE,74,Chennai,Tamil Nadu,India,Retail,2020-10-27
CUST06473,Aarav Gupta,Male,68,Bangalore,Delhi,India,Wholesale,2020-01-12
CUST06474,Kavya Joshi, male ,29,Chennai,Maharashtra,India,Corporate,2021-07-03
CUST06475,Arjun Joshi,Female,61,Chennai,Gujarat,India,Corporate,2023-08-28
CUST06476,Arjun Joshi,Female,43,Surat,Karnataka,India,Retail,2022-11-01
CUST06477,Nidhi Joshi,FEMALE,42,Ahmedabad,Delhi,India,Corporate,2020-11-17
CUST06478,Kavya Desai,,70,Delhi,Gujarat,India,Retail,2020-11-23
CUST06479,Neha Desai,,65,Pune,Karnataka,India,Corporate,2020-06-19
CUST06480,Vivaan Shah, male ,47,Bangalore,Telangana,India,Wholesale,2020-04-28
CUST06481,Dhruvi Shah,,49,Bangalore,Gujarat,India,Corporate,2020-01-29
CUST06482,Arjun Desai, male ,66,Surat,Karnataka,India,Corporate,2024-10-25
CUST06483,Rahul Shah,,69,Hyderabad,Maharashtra,India,Corporate,2020-11-21
CUST06484,Riya Patel,,34,Delhi,Telangana,India,Retail,2024-10-13
CUST06485,Meera Kapoor,Female,66,Mumbai,Delhi,India,Retail,2023-09-08
CUST06486,Nidhi Kapoor,FEMALE,24,Mumbai,Tamil Nadu,India,Wholesale,2025-11-27
CUST06487,Aarav Desai,Male,35,Surat,Delhi,India,Corporate,2024-06-13
CUST06488,Diya Shah,FEMALE,65,Mumbai,Tamil Nadu,India,Corporate,2021-05-19
CUST06489,Dhruvi Agarwal,,69,Pune,Telangana,India,Retail,2023-04-15
CUST06490,Dhruvi Verma,Female,34,Pune,Delhi,India,Wholesale,2024-06-23
CUST06491,Rahul Mehta,Male,36,Mumbai,Karnataka,India,Retail,2022-05-13
CUST06492,Meera Mehta,Male,71,Hyderabad,Tamil Nadu,India,Corporate,2025-02-05
CUST06493,Aditya Patel,Male,36,Delhi,Tamil Nadu,India,Retail,2022-11-12
CUST06494,Meera Verma,Male,28,Ahmedabad,Delhi,India,Wholesale,2022-08-28
CUST06495,Isha Verma,Male,57,Mumbai,Maharashtra,India,Retail,2022-08-01
CUST06496,Neha Joshi, male ,65,Ahmedabad,Maharashtra,India,Corporate,2024-08-31
CUST06497,Sneha Kapoor, male ,36,Bangalore,Maharashtra,India,Retail,2025-08-12
CUST06498,Meera Singh,Female,34,Ahmedabad,Gujarat,India,Retail,2023-02-09
CUST06499,Arjun Mehta,Female,35,Pune,Telangana,India,Wholesale,2022-03-12
CUST06500,Priya Patel,Female,65,Mumbai,Karnataka,India,Wholesale,2022-08-23
CUST06501,Nidhi Shah,FEMALE,23,Mumbai,Delhi,India,Corporate,2023-02-18
CUST06502,Neha Kapoor,FEMALE,29,Chennai,Gujarat,India,Wholesale,2021-03-08
CUST06503,Yash Agarwal,,70,Chennai,Gujarat,India,Wholesale,2020-11-25
CUST06504,Nidhi Patel,Male,62,Hyderabad,Telangana,India,Wholesale,2022-07-12
CUST06505,Yash Verma,Male,18,Mumbai,Maharashtra,India,Retail,2024-02-02
CUST06506,Sneha Patel, male ,69,Surat,Gujarat,India,Wholesale,2022-06-15
CUST06507,Rohan Verma,Male,31,Ahmedabad,Karnataka,India,Corporate,2021-04-10
CUST06508,Meera Verma, male ,23,Pune,Tamil Nadu,India,Retail,2020-11-28
CUST06509,Arjun Agarwal,Female,66,Ahmedabad,Maharashtra,India,Wholesale,2024-01-25
CUST06510,Isha Gupta,FEMALE,41,Mumbai,Gujarat,India,Corporate,2020-07-07
CUST06511,Dhruvi Shah,FEMALE,53,Hyderabad,Delhi,India,Corporate,2025-10-01
CUST06512,Vivaan Kapoor,,51,Delhi,Delhi,India,Corporate,2024-11-28
CUST06513,Meera Shah, male ,33,Chennai,Telangana,India,Retail,2021-03-21
CUST06514,Riya Desai,,22,Mumbai,Delhi,India,Retail,2022-11-20
CUST06515,Rahul Singh,,18,Chennai,Maharashtra,India,Wholesale,2025-11-27
CUST06516,Ananya Agarwal, male ,25,Ahmedabad,Gujarat,India,Wholesale,2024-05-29
CUST06517,Riya Mehta, male ,54,Mumbai,Karnataka,India,Wholesale,2023-03-29
CUST06518,Neha Gupta,,24,Pune,Maharashtra,India,Wholesale,2024-05-04
CUST06519,Dhruvi Joshi, male ,50,Chennai,Maharashtra,India,Wholesale,2024-07-03
CUST06520,Vivaan Shah,Female,41,Pune,Gujarat,India,Wholesale,2025-01-11
CUST06521,Arjun Gupta,,38,Delhi,Tamil Nadu,India,Wholesale,2020-11-19
CUST06522,Dhruvi Gupta,Female,70,Hyderabad,Gujarat,India,Retail,2020-07-12
CUST06523,Neha Patel,,36,Delhi,Telangana,India,Retail,2021-11-28
CUST06524,Nidhi Joshi,,69,Mumbai,Delhi,India,Corporate,2021-02-17
CUST06525,Meera Singh,FEMALE,26,Mumbai,Maharashtra,India,Retail,2025-05-16
CUST06526,Meera Singh,,61,Pune,Tamil Nadu,India,Corporate,2025-05-20
CUST06527,Nidhi Singh,Female,73,Hyderabad,Delhi,India,Wholesale,2023-07-20
CUST06528,Priya Shah,Female,43,Bangalore,Tamil Nadu,India,Wholesale,2023-03-11
CUST06529,Rohan Verma, male ,63,Chennai,Delhi,India,Corporate,2021-10-21
CUST06530,Dhruvi Gupta, male ,31,Surat,Delhi,India,Wholesale,2023-11-29
CUST06531,Kavya Agarwal,,59,Delhi,Delhi,India,Wholesale,2024-09-03
CUST06532,Riya Desai,Female,21,Surat,Telangana,India,Retail,2020-06-03
CUST06533,Yash Singh,,56,Pune,Telangana,India,Retail,2024-05-22
CUST06534,Aarav Patel,,22,Mumbai,Karnataka,India,Wholesale,2024-11-10
CUST06535,Neha Joshi,Male,67,Surat,Delhi,India,Corporate,2022-05-18
CUST06536,Riya Desai, male ,67,Ahmedabad,Karnataka,India,Retail,2024-09-11
CUST06537,Kavya Mehta,FEMALE,46,Delhi,Karnataka,India,Corporate,2020-09-01
CUST06538,Aarav Gupta, male ,40,Delhi,Maharashtra,India,Retail,2020-12-11
CUST06539,Priya Kapoor,,50,Bangalore,Karnataka,India,Wholesale,2025-03-18
CUST06540,Diya Kapoor,,51,Bangalore,Delhi,India,Wholesale,2022-03-03
CUST06541,Rahul Patel, male ,59,Mumbai,Karnataka,India,Corporate,2024-07-08
CUST06542,Ananya Shah,Male,22,Mumbai,Karnataka,India,Retail,2025-03-25
CUST06543,Sneha Singh,FEMALE,24,Hyderabad,Gujarat,India,Retail,2020-04-21
CUST06544,Riya Shah,Male,61,Chennai,Delhi,India,Corporate,2020-01-01
CUST06545,Sneha Singh,Female,29,Bangalore,Telangana,India,Retail,2021-03-30
CUST06546,Rahul Agarwal,FEMALE,41,Ahmedabad,Karnataka,India,Corporate,2023-08-03
CUST06547,Dhruvi Singh,FEMALE,59,Surat,Gujarat,India,Retail,2022-09-27
CUST06548,Rahul Mehta,,47,Chennai,Delhi,India,Wholesale,2022-09-11
CUST06549,Neha Desai,Female,41,Surat,Tamil Nadu,India,Retail,2023-11-30
CUST06550,Neha Patel,Male,52,Bangalore,Tamil Nadu,India,Corporate,2021-09-22
CUST06551,Neha Patel,Female,62,Ahmedabad,Delhi,India,Corporate,2021-08-31
CUST06552,Meera Patel,FEMALE,61,Ahmedabad,Gujarat,India,Corporate,2024-08-10
CUST06553,Nidhi Joshi,Female,59,Pune,Tamil Nadu,India,Retail,2020-05-26
CUST06554,Nidhi Agarwal,Male,53,Chennai,Gujarat,India,Wholesale,2022-12-14
CUST06555,Vivaan Patel,Female,33,Hyderabad,Gujarat,India,Wholesale,2020-02-12
CUST06556,Riya Joshi,,19,Delhi,Delhi,India,Retail,2021-05-10
CUST06557,Riya Gupta,,39,Surat,Gujarat,India,Wholesale,2022-05-01
CUST06558,Rahul Verma,Female,42,Surat,Maharashtra,India,Wholesale,2025-06-09
CUST06559,Diya Agarwal,,27,Pune,Gujarat,India,Retail,2020-04-22
CUST06560,Priya Patel,Female,39,Mumbai,Delhi,India,Corporate,2023-09-02
CUST06561,Riya Mehta, male ,64,Ahmedabad,Maharashtra,India,Wholesale,2022-12-25
CUST06562,Vivaan Joshi, male ,67,Delhi,Maharashtra,India,Corporate,2021-06-06
CUST06563,Meera Verma, male ,19,Mumbai,Delhi,India,Retail,2024-12-13
CUST06564,Rahul Singh,FEMALE,52,Surat,Gujarat,India,Wholesale,2024-02-11
CUST06565,Ananya Gupta,FEMALE,40,Ahmedabad,Tamil Nadu,India,Corporate,2021-11-19
CUST06566,Rahul Agarwal,Male,18,Mumbai,Gujarat,India,Wholesale,2023-07-10
CUST06567,Priya Kapoor,Male,38,Surat,Delhi,India,Corporate,2022-06-28
CUST06568,Isha Mehta,FEMALE,47,Hyderabad,Maharashtra,India,Wholesale,2022-08-13
CUST06569,Arjun Patel,,55,Bangalore,Gujarat,India,Wholesale,2021-05-14
CUST06570,Dhruvi Patel,Male,73,Bangalore,Delhi,India,Retail,2020-03-20
CUST06571,Priya Gupta,Male,33,Hyderabad,Delhi,India,Corporate,2020-10-06
CUST06572,Aditya Shah,,24,Chennai,Maharashtra,India,Retail,2025-07-29
CUST06573,Aarav Singh,Female,54,Surat,Karnataka,India,Wholesale,2024-06-30
CUST06574,Rahul Shah,,38,Chennai,Delhi,India,Retail,2025-03-14
CUST06575,Aarav Singh,,36,Delhi,Gujarat,India,Retail,2022-07-10
CUST06576,Neha Patel,FEMALE,43,Ahmedabad,Karnataka,India,Wholesale,2020-08-11
CUST06577,Neha Mehta,,70,Mumbai,Gujarat,India,Corporate,2022-12-12
CUST06578,Aarav Patel,FEMALE,45,Ahmedabad,Delhi,India,Retail,2025-06-14
CUST06579,Dhruvi Agarwal,,28,Delhi,Telangana,India,Corporate,2022-05-03
CUST06580,Diya Desai,,55,Surat,Maharashtra,India,Wholesale,2024-12-31
CUST06581,Yash Singh,FEMALE,46,Bangalore,Tamil Nadu,India,Wholesale,2022-03-11
CUST06582,Neha Patel,Male,49,Bangalore,Gujarat,India,Corporate,2024-03-27
CUST06583,Rohan Shah,,69,Ahmedabad,Karnataka,India,Wholesale,2022-12-10
CUST06584,Meera Mehta,,31,Chennai,Maharashtra,India,Wholesale,2020-07-08
CUST06585,Aditya Mehta,,56,Hyderabad,Gujarat,India,Corporate,2022-07-23
CUST06586,Rohan Kapoor,FEMALE,48,Bangalore,Gujarat,India,Wholesale,2025-03-08
CUST06587,Arjun Agarwal,Female,72,Bangalore,Delhi,India,Corporate,2022-12-25
CUST06588,Meera Verma, male ,30,Surat,Delhi,India,Corporate,2022-02-08
CUST06589,Priya Gupta,,66,Hyderabad,Telangana,India,Corporate,2022-12-22
CUST06590,Nidhi Mehta,Male,34,Chennai,Tamil Nadu,India,Wholesale,2022-06-06
CUST06591,Nidhi Patel, male ,59,Pune,Karnataka,India,Retail,2023-04-30
CUST06592,Diya Desai,Male,18,Surat,Telangana,India,Retail,2024-01-04
CUST06593,Riya Joshi,FEMALE,62,Mumbai,Maharashtra,India,Corporate,2024-10-13
CUST06594,Ananya Agarwal, male ,30,Mumbai,Maharashtra,India,Wholesale,2025-11-02
CUST06595,Diya Agarwal,Female,63,Mumbai,Tamil Nadu,India,Retail,2022-12-14
CUST06596,Sneha Gupta,FEMALE,71,Delhi,Tamil Nadu,India,Wholesale,2023-11-05
CUST06597,Rahul Joshi,,23,Delhi,Telangana,India,Wholesale,2024-08-14
CUST06598,Yash Patel, male ,53,Surat,Gujarat,India,Corporate,2022-10-19
CUST06599,Aditya Desai,,40,Mumbai,Tamil Nadu,India,Corporate,2023-08-02
CUST06600,Neha Joshi,,41,Chennai,Maharashtra,India,Retail,2022-05-11
CUST06601,Arjun Patel,Female,64,Surat,Maharashtra,India,Wholesale,2021-04-13
CUST06602,Dhruvi Joshi,FEMALE,32,Surat,Tamil Nadu,India,Corporate,2020-03-16
CUST06603,Rohan Joshi,FEMALE,59,Delhi,Gujarat,India,Corporate,2020-06-17
CUST06604,Dhruvi Joshi,Male,46,Ahmedabad,Maharashtra,India,Retail,2021-05-07
CUST06605,Aditya Gupta,,37,Mumbai,Maharashtra,India,Retail,2022-12-29
CUST06606,Nidhi Kapoor,Female,38,Chennai,Maharashtra,India,Wholesale,2025-01-09
CUST06607,Dhruvi Verma,,51,Pune,Maharashtra,India,Wholesale,2025-03-15
CUST06608,Vivaan Joshi,,47,Hyderabad,Gujarat,India,Wholesale,2021-11-20
CUST06609,Riya Kapoor,FEMALE,65,Hyderabad,Tamil Nadu,India,Corporate,2025-01-08
CUST06610,Ananya Singh,,67,Surat,Tamil Nadu,India,Corporate,2021-03-29
CUST06611,Ananya Singh,Male,73,Chennai,Delhi,India,Wholesale,2025-05-08
CUST06612,Priya Kapoor,Female,47,Hyderabad,Maharashtra,India,Retail,2025-12-13
CUST06613,Riya Patel,,29,Delhi,Maharashtra,India,Retail,2021-04-23
CUST06614,Dhruvi Patel,Male,60,Ahmedabad,Telangana,India,Retail,2021-10-06
CUST06615,Dhruvi Gupta,FEMALE,72,Delhi,Tamil Nadu,India,Retail,2020-06-24
CUST06616,Isha Shah,Female,18,Pune,Gujarat,India,Wholesale,2022-02-11
CUST06617,Rohan Verma,FEMALE,30,Delhi,Maharashtra,India,Wholesale,2021-06-18
CUST06618,Diya Desai, male ,49,Pune,Telangana,India,Retail,2023-10-18
CUST06619,Priya Verma,,68,Ahmedabad,Maharashtra,India,Wholesale,2021-06-20
CUST06620,Yash Singh,,56,Bangalore,Telangana,India,Retail,2025-09-18
CUST06621,Dhruvi Kapoor,Male,61,Bangalore,Telangana,India,Retail,2025-05-02
CUST06622,Priya Mehta,Female,62,Ahmedabad,Tamil Nadu,India,Wholesale,2020-09-09
CUST06623,Arjun Verma,,26,Mumbai,Telangana,India,Corporate,2023-12-15
CUST06624,Aditya Patel,,25,Pune,Maharashtra,India,Corporate,2021-01-30
CUST06625,Riya Gupta,,44,Hyderabad,Maharashtra,India,Wholesale,2023-06-25
CUST06626,Meera Singh, male ,31,Delhi,Tamil Nadu,India,Corporate,2024-02-20
CUST06627,Yash Mehta, male ,59,Ahmedabad,Telangana,India,Retail,2020-07-29
CUST06628,Aarav Kapoor,,62,Ahmedabad,Telangana,India,Retail,2020-12-12
CUST06629,Isha Shah,Female,30,Hyderabad,Delhi,India,Wholesale,2020-07-29
CUST06630,Aarav Joshi,FEMALE,28,Mumbai,Maharashtra,India,Wholesale,2023-04-09
CUST06631,Yash Desai,FEMALE,50,Hyderabad,Delhi,India,Wholesale,2025-04-23
CUST06632,Ananya Singh,FEMALE,68,Delhi,Karnataka,India,Corporate,2022-09-06
CUST06633,Rohan Singh,FEMALE,34,Pune,Gujarat,India,Corporate,2023-11-02
CUST06634,Aarav Desai, male ,64,Mumbai,Delhi,India,Retail,2021-09-07
CUST06635,Meera Patel,,29,Delhi,Delhi,India,Retail,2023-08-20
CUST06636,Neha Verma,FEMALE,72,Surat,Tamil Nadu,India,Retail,2024-10-23
CUST06637,Kavya Mehta,Female,59,Delhi,Maharashtra,India,Retail,2025-01-09
CUST06638,Arjun Desai, male ,71,Hyderabad,Gujarat,India,Corporate,2020-11-19
CUST06639,Vivaan Gupta,FEMALE,44,Chennai,Telangana,India,Corporate,2022-06-20
CUST06640,Aarav Agarwal,,44,Mumbai,Karnataka,India,Corporate,2022-07-21
CUST06641,Yash Gupta,FEMALE,64,Mumbai,Tamil Nadu,India,Wholesale,2025-03-02
CUST06642,Dhruvi Patel,Female,43,Delhi,Delhi,India,Wholesale,2023-10-08
CUST06643,Yash Gupta, male ,70,Chennai,Karnataka,India,Wholesale,2022-02-15
CUST06644,Meera Singh, male ,62,Pune,Karnataka,India,Retail,2023-12-08
CUST06645,Yash Patel,,69,Delhi,Karnataka,India,Retail,2021-06-12
CUST06646,Diya Joshi, male ,66,Hyderabad,Gujarat,India,Retail,2020-02-04
CUST06647,Nidhi Kapoor,Male,41,Ahmedabad,Maharashtra,India,Corporate,2024-03-03
CUST06648,Aditya Verma, male ,72,Bangalore,Tamil Nadu,India,Retail,2021-09-19
CUST06649,Priya Verma,,48,Bangalore,Maharashtra,India,Wholesale,2023-01-25
CUST06650,Kavya Mehta, male ,35,Pune,Gujarat,India,Retail,2020-10-07
CUST06651,Aarav Gupta,,71,Mumbai,Delhi,India,Wholesale,2024-04-12
CUST06652,Priya Shah, male ,37,Surat,Telangana,India,Corporate,2020-10-30
CUST06653,Diya Kapoor,Female,72,Delhi,Gujarat,India,Corporate,2022-05-23
CUST06654,Priya Desai,,52,Surat,Maharashtra,India,Corporate,2023-03-10
CUST06655,Isha Singh,Male,48,Hyderabad,Telangana,India,Retail,2024-07-24
CUST06656,Dhruvi Shah, male ,37,Chennai,Delhi,India,Corporate,2022-12-10
CUST06657,Rahul Patel,Female,72,Pune,Gujarat,India,Retail,2025-10-07
CUST06658,Kavya Desai, male ,64,Bangalore,Karnataka,India,Retail,2026-01-06
CUST06659,Isha Kapoor,,56,Mumbai,Karnataka,India,Corporate,2021-11-10
CUST06660,Aditya Joshi,FEMALE,73,Mumbai,Gujarat,India,Corporate,2023-06-02
CUST06661,Rahul Singh,Female,27,Ahmedabad,Maharashtra,India,Wholesale,2024-08-21
CUST06662,Arjun Mehta,,41,Hyderabad,Telangana,India,Retail,2021-06-03
CUST06663,Arjun Kapoor,Male,37,Ahmedabad,Telangana,India,Retail,2021-02-27
CUST06664,Arjun Gupta,Male,43,Ahmedabad,Tamil Nadu,India,Wholesale,2022-05-09
CUST06665,Isha Joshi, male ,25,Ahmedabad,Gujarat,India,Retail,2021-01-26
CUST06666,Dhruvi Kapoor,Female,36,Bangalore,Karnataka,India,Corporate,2024-07-10
CUST06667,Ananya Desai,,61,Ahmedabad,Karnataka,India,Corporate,2022-10-31
CUST06668,Nidhi Joshi,Female,26,Ahmedabad,Telangana,India,Wholesale,2023-02-14
CUST06669,Dhruvi Joshi,,35,Pune,Maharashtra,India,Wholesale,2020-09-30
CUST06670,Meera Agarwal,,19,Surat,Delhi,India,Wholesale,2024-12-27
CUST06671,Aarav Mehta,Male,57,Chennai,Karnataka,India,Retail,2024-04-15
CUST06672,Sneha Kapoor,Female,67,Mumbai,Gujarat,India,Retail,2022-07-23
CUST06673,Yash Patel,Male,48,Hyderabad,Gujarat,India,Retail,2020-01-02
CUST06674,Riya Singh,FEMALE,39,Bangalore,Karnataka,India,Wholesale,2021-01-20
CUST06675,Nidhi Mehta,,39,Chennai,Maharashtra,India,Corporate,2020-10-05
CUST06676,Priya Patel,Female,42,Bangalore,Karnataka,India,Corporate,2022-08-20
CUST06677,Riya Agarwal,,70,Ahmedabad,Delhi,India,Corporate,2024-07-13
CUST06678,Vivaan Shah,,40,Delhi,Delhi,India,Wholesale,2021-03-22
CUST06679,Rahul Singh,,67,Ahmedabad,Telangana,India,Corporate,2024-02-23
CUST06680,Arjun Verma,Female,23,Mumbai,Karnataka,India,Retail,2020-05-21
CUST06681,Kavya Singh,,53,Surat,Karnataka,India,Corporate,2021-04-14
CUST06682,Aarav Agarwal,,18,Bangalore,Delhi,India,Wholesale,2022-01-10
CUST06683,Isha Agarwal,Female,46,Bangalore,Delhi,India,Wholesale,2025-02-22
CUST06684,Dhruvi Mehta,,23,Mumbai,Tamil Nadu,India,Retail,2023-09-25
CUST06685,Riya Desai,Male,50,Mumbai,Gujarat,India,Retail,2025-12-07
CUST06686,Aditya Desai,,53,Ahmedabad,Delhi,India,Retail,2022-11-03
CUST06687,Rohan Patel,FEMALE,22,Delhi,Delhi,India,Corporate,2022-01-03
CUST06688,Rohan Mehta, male ,58,Delhi,Karnataka,India,Retail,2022-01-28
CUST06689,Vivaan Patel, male ,21,Ahmedabad,Telangana,India,Wholesale,2021-02-24
CUST06690,Rahul Gupta,Male,23,Hyderabad,Tamil Nadu,India,Wholesale,2022-05-12
CUST06691,Ananya Singh,,45,Pune,Delhi,India,Corporate,2021-09-17
CUST06692,Neha Singh,Female,23,Surat,Telangana,India,Wholesale,2022-07-08
CUST06693,Vivaan Kapoor,Female,45,Delhi,Gujarat,India,Retail,2023-09-23
CUST06694,Kavya Patel,,59,Surat,Karnataka,India,Wholesale,2021-11-27
CUST06695,Arjun Patel,,34,Mumbai,Telangana,India,Retail,2023-11-22
CUST06696,Neha Shah,Female,60,Ahmedabad,Telangana,India,Retail,2022-02-13
CUST06697,Dhruvi Verma,,54,Mumbai,Gujarat,India,Corporate,2021-12-11
CUST06698,Riya Mehta,,45,Bangalore,Karnataka,India,Wholesale,2023-09-01
CUST06699,Riya Patel, male ,24,Bangalore,Gujarat,India,Retail,2024-07-03
CUST06700,Priya Agarwal,,73,Bangalore,Tamil Nadu,India,Retail,2025-04-09
CUST06701,Neha Desai,Male,42,Ahmedabad,Telangana,India,Corporate,2021-09-24
CUST06702,Priya Desai,,44,Mumbai,Karnataka,India,Wholesale,2026-01-06
CUST06703,Sneha Singh,,36,Chennai,Delhi,India,Corporate,2021-06-15
CUST06704,Meera Gupta,Male,40,Hyderabad,Karnataka,India,Corporate,2024-11-22
CUST06705,Priya Desai,,30,Mumbai,Gujarat,India,Wholesale,2022-12-18
CUST06706,Yash Singh,,19,Ahmedabad,Tamil Nadu,India,Wholesale,2021-09-22
CUST06707,Aarav Verma, male ,20,Surat,Delhi,India,Retail,2020-03-25
CUST06708,Ananya Verma,,45,Mumbai,Delhi,India,Corporate,2020-02-15
CUST06709,Neha Gupta,,35,Ahmedabad,Delhi,India,Wholesale,2025-03-12
CUST06710,Kavya Verma,,72,Pune,Gujarat,India,Wholesale,2020-07-25
CUST06711,Nidhi Gupta,Male,59,Delhi,Gujarat,India,Corporate,2024-05-11
CUST06712,Dhruvi Agarwal,FEMALE,46,Mumbai,Maharashtra,India,Retail,2023-06-12
CUST06713,Sneha Kapoor,FEMALE,50,Hyderabad,Tamil Nadu,India,Corporate,2021-10-08
CUST06714,Rohan Agarwal,Male,55,Bangalore,Delhi,India,Retail,2020-09-17
CUST06715,Meera Joshi,FEMALE,27,Delhi,Karnataka,India,Retail,2022-04-04
CUST06716,Kavya Shah,FEMALE,64,Chennai,Delhi,India,Retail,2023-11-23
CUST06717,Vivaan Verma,,55,Hyderabad,Karnataka,India,Retail,2021-08-29
CUST06718,Nidhi Kapoor,,74,Surat,Tamil Nadu,India,Corporate,2022-12-18
CUST06719,Yash Shah,Male,55,Mumbai,Tamil Nadu,India,Corporate,2024-01-26
CUST06720,Aarav Kapoor,Male,34,Hyderabad,Gujarat,India,Retail,2024-09-03
CUST06721,Riya Desai,,48,Pune,Tamil Nadu,India,Wholesale,2022-05-28
CUST06722,Arjun Kapoor,Male,37,Ahmedabad,Telangana,India,Retail,2023-02-25
CUST06723,Sneha Shah,Male,64,Pune,Karnataka,India,Wholesale,2025-06-29
CUST06724,Dhruvi Patel,,43,Delhi,Tamil Nadu,India,Retail,2021-11-02
CUST06725,Dhruvi Joshi,Female,32,Mumbai,Delhi,India,Wholesale,2020-05-28
CUST06726,Riya Verma,,43,Bangalore,Gujarat,India,Wholesale,2024-03-10
CUST06727,Ananya Singh,Male,61,Hyderabad,Maharashtra,India,Corporate,2021-07-17
CUST06728,Rohan Shah,,71,Delhi,Tamil Nadu,India,Retail,2023-12-16
CUST06729,Aarav Verma,Male,57,Hyderabad,Telangana,India,Retail,2022-11-25
CUST06730,Meera Verma,,62,Bangalore,Delhi,India,Retail,2025-05-31
CUST06731,Arjun Mehta,,25,Mumbai,Telangana,India,Retail,2022-06-10
CUST06732,Rahul Singh,,23,Surat,Telangana,India,Retail,2020-12-13
CUST06733,Nidhi Patel,Male,59,Delhi,Gujarat,India,Corporate,2022-03-28
CUST06734,Arjun Desai,Male,60,Delhi,Karnataka,India,Corporate,2022-11-14
CUST06735,Diya Singh, male ,49,Surat,Delhi,India,Wholesale,2024-05-31
CUST06736,Ananya Shah,,50,Ahmedabad,Telangana,India,Corporate,2024-03-08
CUST06737,Aarav Gupta, male ,25,Delhi,Gujarat,India,Retail,2024-04-06
CUST06738,Yash Shah,Female,30,Delhi,Telangana,India,Corporate,2023-11-17
CUST06739,Ananya Patel, male ,26,Mumbai,Tamil Nadu,India,Retail,2020-09-25
CUST06740,Yash Verma,,72,Ahmedabad,Telangana,India,Retail,2020-04-08
CUST06741,Aarav Patel,,23,Pune,Delhi,India,Retail,2021-01-24
CUST06742,Ananya Mehta,,26,Bangalore,Gujarat,India,Wholesale,2023-02-05
CUST06743,Riya Patel,,51,Pune,Telangana,India,Retail,2025-01-20
CUST06744,Arjun Gupta,,18,Pune,Karnataka,India,Corporate,2020-05-08
CUST06745,Neha Kapoor,Male,66,Chennai,Tamil Nadu,India,Wholesale,2020-12-25
CUST06746,Kavya Gupta,FEMALE,22,Pune,Telangana,India,Wholesale,2021-01-29
CUST06747,Diya Verma,,47,Hyderabad,Maharashtra,India,Wholesale,2025-04-27
CUST06748,Rohan Mehta,Male,41,Chennai,Delhi,India,Wholesale,2022-03-27
CUST06749,Diya Patel,,29,Chennai,Gujarat,India,Wholesale,2025-10-29
CUST06750,Meera Kapoor,,27,Chennai,Karnataka,India,Corporate,2021-01-05
CUST06751,Rahul Mehta,Female,50,Ahmedabad,Tamil Nadu,India,Wholesale,2020-04-09
CUST06752,Dhruvi Gupta,Male,21,Hyderabad,Karnataka,India,Retail,2025-11-19
CUST06753,Aditya Mehta,,53,Mumbai,Delhi,India,Retail,2021-08-13
CUST06754,Rahul Agarwal,Male,41,Bangalore,Telangana,India,Wholesale,2020-10-13
CUST06755,Dhruvi Desai,Male,26,Hyderabad,Karnataka,India,Retail,2025-04-04
CUST06756,Isha Agarwal,FEMALE,71,Chennai,Karnataka,India,Corporate,2025-06-24
CUST06757,Arjun Singh,Female,67,Surat,Delhi,India,Corporate,2021-01-09
CUST06758,Ananya Gupta,,57,Delhi,Karnataka,India,Wholesale,2023-07-14
CUST06759,Riya Joshi,FEMALE,19,Hyderabad,Maharashtra,India,Corporate,2025-11-08
CUST06760,Kavya Patel,,59,Chennai,Gujarat,India,Corporate,2020-09-26
CUST06761,Aditya Verma,FEMALE,73,Chennai,Karnataka,India,Wholesale,2023-01-13
CUST06762,Dhruvi Agarwal,Male,32,Hyderabad,Maharashtra,India,Retail,2025-11-11
CUST06763,Isha Patel,Female,23,Chennai,Tamil Nadu,India,Retail,2021-10-03
CUST06764,Aarav Verma, male ,56,Ahmedabad,Tamil Nadu,India,Retail,2021-06-12
CUST06765,Yash Singh,,53,Hyderabad,Delhi,India,Retail,2023-09-22
CUST06766,Nidhi Shah,FEMALE,24,Delhi,Maharashtra,India,Retail,2021-02-22
CUST06767,Rahul Gupta,FEMALE,70,Bangalore,Gujarat,India,Wholesale,2024-02-11
CUST06768,Riya Singh,Male,54,Bangalore,Maharashtra,India,Corporate,2023-09-22
CUST06769,Kavya Patel,,24,Pune,Tamil Nadu,India,Corporate,2025-08-13
CUST06770,Ananya Verma, male ,55,Mumbai,Telangana,India,Corporate,2020-08-24
CUST06771,Priya Joshi,FEMALE,23,Pune,Telangana,India,Corporate,2024-01-13
CUST06772,Neha Gupta,Male,30,Bangalore,Karnataka,India,Retail,2025-07-31
CUST06773,Aditya Gupta,FEMALE,56,Mumbai,Telangana,India,Retail,2020-05-11
CUST06774,Isha Desai,Male,70,Chennai,Karnataka,India,Retail,2025-07-06
CUST06775,Yash Gupta,Male,53,Chennai,Tamil Nadu,India,Retail,2025-02-16
CUST06776,Kavya Patel,Female,74,Delhi,Delhi,India,Corporate,2024-07-26
CUST06777,Rahul Kapoor,FEMALE,51,Bangalore,Tamil Nadu,India,Retail,2025-03-26
CUST06778,Aditya Agarwal,,73,Chennai,Tamil Nadu,India,Wholesale,2024-11-27
CUST06779,Nidhi Kapoor,FEMALE,27,Mumbai,Gujarat,India,Corporate,2025-03-19
CUST06780,Priya Agarwal,Male,34,Pune,Telangana,India,Retail,2023-10-05
CUST06781,Ananya Joshi,,54,Mumbai,Tamil Nadu,India,Retail,2020-02-21
CUST06782,Meera Joshi,FEMALE,67,Mumbai,Delhi,India,Wholesale,2025-02-06
CUST06783,Dhruvi Kapoor,,34,Surat,Telangana,India,Corporate,2020-11-29
CUST06784,Arjun Verma,,41,Hyderabad,Telangana,India,Retail,2025-03-06
CUST06785,Priya Agarwal,,34,Bangalore,Delhi,India,Wholesale,2020-10-03
CUST06786,Arjun Singh, male ,46,Hyderabad,Gujarat,India,Wholesale,2024-04-04
CUST06787,Aarav Patel,,31,Chennai,Karnataka,India,Wholesale,2023-05-14
CUST06788,Priya Mehta,FEMALE,26,Ahmedabad,Telangana,India,Wholesale,2025-03-14
CUST06789,Nidhi Gupta,Male,68,Bangalore,Gujarat,India,Corporate,2021-02-04
CUST06790,Arjun Patel,,67,Surat,Gujarat,India,Wholesale,2022-06-17
CUST06791,Diya Singh,Male,49,Mumbai,Karnataka,India,Wholesale,2025-02-12
CUST06792,Dhruvi Gupta, male ,29,Ahmedabad,Maharashtra,India,Wholesale,2021-08-24
CUST06793,Nidhi Gupta,FEMALE,50,Ahmedabad,Maharashtra,India,Retail,2020-10-23
CUST06794,Yash Mehta,FEMALE,19,Mumbai,Karnataka,India,Corporate,2025-06-17
CUST06795,Diya Agarwal, male ,50,Bangalore,Gujarat,India,Retail,2025-03-23
CUST06796,Diya Mehta,Male,56,Pune,Tamil Nadu,India,Retail,2024-02-23
CUST06797,Aditya Singh,,48,Bangalore,Maharashtra,India,Wholesale,2023-05-31
CUST06798,Riya Verma,Female,48,Surat,Gujarat,India,Corporate,2020-02-29
CUST06799,Meera Agarwal,FEMALE,26,Delhi,Maharashtra,India,Retail,2022-10-27
CUST06800,Kavya Joshi,Female,19,Mumbai,Maharashtra,India,Retail,2024-10-10
CUST06801,Aarav Desai,Male,26,Surat,Tamil Nadu,India,Wholesale,2024-08-08
CUST06802,Neha Gupta,FEMALE,66,Surat,Telangana,India,Corporate,2020-10-21
CUST06803,Arjun Gupta,FEMALE,26,Hyderabad,Karnataka,India,Corporate,2021-10-07
CUST06804,Priya Singh,Female,63,Hyderabad,Telangana,India,Corporate,2025-05-18
CUST06805,Aditya Verma, male ,63,Ahmedabad,Delhi,India,Corporate,2024-06-30
CUST06806,Riya Shah,Male,62,Chennai,Tamil Nadu,India,Retail,2020-07-24
CUST06807,Ananya Shah, male ,37,Bangalore,Maharashtra,India,Wholesale,2021-12-14
CUST06808,Sneha Singh,Male,28,Mumbai,Delhi,India,Retail,2023-01-04
CUST06809,Kavya Joshi, male ,30,Delhi,Telangana,India,Retail,2022-10-27
CUST06810,Priya Kapoor, male ,33,Chennai,Gujarat,India,Retail,2021-03-16
CUST06811,Kavya Singh,,46,Ahmedabad,Maharashtra,India,Corporate,2020-09-04
CUST06812,Aarav Agarwal, male ,21,Delhi,Delhi,India,Corporate,2024-10-08
CUST06813,Nidhi Joshi,,46,Bangalore,Telangana,India,Wholesale,2023-05-20
CUST06814,Rahul Joshi,Female,62,Ahmedabad,Telangana,India,Wholesale,2020-03-11
CUST06815,Aditya Singh,Female,43,Bangalore,Telangana,India,Wholesale,2022-06-18
CUST06816,Neha Agarwal,Female,26,Surat,Maharashtra,India,Retail,2020-03-21
CUST06817,Arjun Joshi,Male,64,Ahmedabad,Maharashtra,India,Corporate,2024-03-08
CUST06818,Ananya Verma,Male,24,Bangalore,Telangana,India,Wholesale,2022-05-05
CUST06819,Dhruvi Desai,Male,18,Hyderabad,Tamil Nadu,India,Retail,2021-12-26
CUST06820,Diya Agarwal,FEMALE,46,Delhi,Telangana,India,Wholesale,2020-12-05
CUST06821,Isha Mehta,,50,Chennai,Maharashtra,India,Retail,2023-01-29
CUST06822,Dhruvi Joshi,FEMALE,35,Chennai,Tamil Nadu,India,Wholesale,2022-02-16
CUST06823,Rohan Singh,Female,18,Chennai,Karnataka,India,Corporate,2023-07-20
CUST06824,Neha Patel, male ,34,Surat,Gujarat,India,Retail,2025-01-25
CUST06825,Rohan Desai,,33,Surat,Gujarat,India,Wholesale,2020-06-27
CUST06826,Rahul Singh,FEMALE,40,Ahmedabad,Karnataka,India,Retail,2025-08-06
CUST06827,Nidhi Joshi,FEMALE,64,Pune,Karnataka,India,Wholesale,2025-11-12
CUST06828,Riya Patel,FEMALE,56,Hyderabad,Delhi,India,Wholesale,2024-11-02
CUST06829,Nidhi Mehta,FEMALE,27,Mumbai,Karnataka,India,Wholesale,2022-10-29
CUST06830,Arjun Joshi,Female,59,Delhi,Maharashtra,India,Retail,2021-06-22
CUST06831,Rohan Singh,FEMALE,35,Bangalore,Tamil Nadu,India,Retail,2020-06-24
CUST06832,Rahul Agarwal,,40,Hyderabad,Karnataka,India,Retail,2022-05-05
CUST06833,Neha Shah,Male,73,Chennai,Karnataka,India,Wholesale,2025-05-13
CUST06834,Diya Patel,FEMALE,41,Mumbai,Telangana,India,Wholesale,2021-09-13
CUST06835,Sneha Desai,,21,Pune,Karnataka,India,Corporate,2020-12-07
CUST06836,Arjun Patel,,43,Hyderabad,Gujarat,India,Corporate,2025-02-12
CUST06837,Rohan Mehta,Male,52,Pune,Delhi,India,Retail,2020-04-17
CUST06838,Nidhi Mehta, male ,66,Chennai,Maharashtra,India,Wholesale,2022-09-08
CUST06839,Rahul Patel,,33,Delhi,Telangana,India,Wholesale,2022-10-11
CUST06840,Priya Singh,FEMALE,45,Pune,Karnataka,India,Retail,2021-12-31
CUST06841,Vivaan Desai, male ,26,Surat,Karnataka,India,Corporate,2022-01-23
CUST06842,Priya Shah,,63,Chennai,Gujarat,India,Corporate,2021-08-08
CUST06843,Arjun Desai,FEMALE,22,Delhi,Telangana,India,Wholesale,2022-08-25
CUST06844,Aditya Shah, male ,48,Delhi,Gujarat,India,Retail,2025-05-22
CUST06845,Isha Mehta,,22,Hyderabad,Gujarat,India,Wholesale,2021-10-12
CUST06846,Sneha Mehta,Male,44,Bangalore,Karnataka,India,Retail,2020-04-13
CUST06847,Nidhi Desai,FEMALE,22,Chennai,Maharashtra,India,Corporate,2021-07-05
CUST06848,Arjun Mehta, male ,72,Surat,Delhi,India,Retail,2023-01-28
CUST06849,Diya Joshi, male ,44,Delhi,Karnataka,India,Retail,2020-05-02
CUST06850,Ananya Mehta,Female,61,Chennai,Delhi,India,Corporate,2020-10-27
CUST06851,Rahul Kapoor,,26,Delhi,Tamil Nadu,India,Wholesale,2021-10-07
CUST06852,Neha Shah,FEMALE,35,Hyderabad,Telangana,India,Retail,2025-12-03
CUST06853,Ananya Joshi,FEMALE,70,Bangalore,Gujarat,India,Corporate,2020-04-04
CUST06854,Arjun Agarwal, male ,56,Surat,Gujarat,India,Retail,2024-06-07
CUST06855,Sneha Desai,,47,Surat,Tamil Nadu,India,Corporate,2023-12-02
CUST06856,Arjun Gupta,,59,Hyderabad,Maharashtra,India,Retail,2022-02-28
CUST06857,Aarav Joshi,FEMALE,35,Pune,Gujarat,India,Corporate,2024-03-23
CUST06858,Rohan Gupta,FEMALE,21,Surat,Gujarat,India,Wholesale,2020-02-27
CUST06859,Yash Kapoor,FEMALE,57,Bangalore,Karnataka,India,Retail,2024-01-16
CUST06860,Aarav Singh,,40,Ahmedabad,Karnataka,India,Corporate,2021-10-01
CUST06861,Yash Verma,Female,31,Surat,Maharashtra,India,Retail,2022-02-08
CUST06862,Meera Agarwal,,51,Ahmedabad,Karnataka,India,Corporate,2021-06-09
CUST06863,Dhruvi Desai, male ,45,Pune,Tamil Nadu,India,Wholesale,2020-10-05
CUST06864,Priya Shah,Male,41,Surat,Delhi,India,Wholesale,2023-05-20
CUST06865,Ananya Agarwal, male ,41,Hyderabad,Gujarat,India,Corporate,2023-06-29
CUST06866,Rohan Mehta,,28,Pune,Tamil Nadu,India,Corporate,2025-03-27
CUST06867,Priya Agarwal,Male,19,Bangalore,Telangana,India,Wholesale,2022-01-20
CUST06868,Arjun Mehta,Female,53,Surat,Gujarat,India,Wholesale,2024-06-18
CUST06869,Neha Agarwal,Female,47,Surat,Delhi,India,Corporate,2024-12-22
CUST06870,Rahul Kapoor,FEMALE,38,Delhi,Delhi,India,Retail,2020-02-27
CUST06871,Vivaan Singh, male ,73,Bangalore,Karnataka,India,Retail,2022-10-30
CUST06872,Arjun Agarwal,Male,67,Bangalore,Delhi,India,Corporate,2022-05-12
CUST06873,Kavya Singh, male ,50,Surat,Gujarat,India,Corporate,2024-07-23
CUST06874,Ananya Singh,Female,33,Bangalore,Karnataka,India,Corporate,2023-01-03
CUST06875,Kavya Mehta,,49,Pune,Karnataka,India,Wholesale,2022-05-07
CUST06876,Diya Desai, male ,35,Bangalore,Telangana,India,Retail,2022-03-04
CUST06877,Arjun Mehta,,59,Mumbai,Karnataka,India,Retail,2020-12-06
CUST06878,Sneha Kapoor,Female,19,Ahmedabad,Maharashtra,India,Wholesale,2020-07-29
CUST06879,Arjun Kapoor,Female,53,Chennai,Delhi,India,Corporate,2021-09-19
CUST06880,Isha Kapoor,,19,Chennai,Tamil Nadu,India,Retail,2022-06-29
CUST06881,Diya Gupta,,21,Hyderabad,Telangana,India,Corporate,2025-10-25
CUST06882,Arjun Mehta,Male,52,Bangalore,Telangana,India,Corporate,2021-05-11
CUST06883,Rohan Shah,FEMALE,69,Mumbai,Gujarat,India,Wholesale,2024-10-11
CUST06884,Meera Agarwal,Female,55,Surat,Maharashtra,India,Corporate,2025-06-14
CUST06885,Riya Gupta,Male,55,Chennai,Karnataka,India,Wholesale,2023-03-31
CUST06886,Yash Agarwal,,38,Surat,Gujarat,India,Corporate,2022-12-13
CUST06887,Diya Mehta, male ,27,Hyderabad,Telangana,India,Corporate,2020-10-07
CUST06888,Ananya Kapoor, male ,48,Delhi,Gujarat,India,Wholesale,2025-11-15
CUST06889,Neha Desai,FEMALE,60,Delhi,Delhi,India,Corporate,2020-09-26
CUST06890,Vivaan Mehta,Male,29,Mumbai,Delhi,India,Corporate,2022-09-23
CUST06891,Riya Patel, male ,74,Mumbai,Gujarat,India,Corporate,2025-04-16
CUST06892,Meera Joshi,,56,Chennai,Tamil Nadu,India,Corporate,2023-06-18
CUST06893,Rohan Joshi,Male,23,Delhi,Telangana,India,Retail,2020-09-19
CUST06894,Kavya Verma,Female,40,Mumbai,Karnataka,India,Retail,2021-04-24
CUST06895,Rohan Gupta,,61,Surat,Karnataka,India,Wholesale,2020-08-07
CUST06896,Arjun Desai,Male,67,Chennai,Tamil Nadu,India,Wholesale,2020-02-12
CUST06897,Nidhi Gupta,,74,Pune,Gujarat,India,Retail,2025-06-28
CUST06898,Aarav Singh,,71,Bangalore,Telangana,India,Wholesale,2021-03-28
CUST06899,Dhruvi Shah,,45,Surat,Karnataka,India,Corporate,2024-11-21
CUST06900,Rohan Shah,,20,Delhi,Delhi,India,Corporate,2025-02-27
CUST06901,Dhruvi Gupta,Male,46,Pune,Tamil Nadu,India,Wholesale,2025-04-02
CUST06902,Aarav Kapoor,Male,42,Hyderabad,Maharashtra,India,Retail,2025-09-21
CUST06903,Neha Patel,Female,57,Chennai,Gujarat,India,Retail,2024-09-09
CUST06904,Aditya Kapoor, male ,31,Chennai,Tamil Nadu,India,Corporate,2024-02-10
CUST06905,Aarav Gupta,FEMALE,55,Ahmedabad,Gujarat,India,Wholesale,2020-09-15
CUST06906,Aditya Agarwal,Male,62,Surat,Tamil Nadu,India,Retail,2021-07-30
CUST06907,Rahul Mehta,FEMALE,50,Surat,Delhi,India,Wholesale,2025-03-04
CUST06908,Aditya Agarwal,Female,35,Mumbai,Karnataka,India,Corporate,2025-03-21
CUST06909,Aarav Kapoor,,40,Pune,Karnataka,India,Corporate,2021-07-18
CUST06910,Ananya Joshi,FEMALE,22,Hyderabad,Telangana,India,Wholesale,2023-05-11
CUST06911,Arjun Singh,,40,Chennai,Maharashtra,India,Corporate,2025-05-19
CUST06912,Dhruvi Kapoor,,39,Ahmedabad,Karnataka,India,Wholesale,2023-12-06
CUST06913,Kavya Mehta,FEMALE,35,Surat,Delhi,India,Retail,2020-11-21
CUST06914,Aditya Agarwal,Female,53,Pune,Tamil Nadu,India,Wholesale,2025-06-26
CUST06915,Sneha Agarwal, male ,22,Chennai,Tamil Nadu,India,Wholesale,2023-05-10
CUST06916,Aarav Verma,Male,53,Chennai,Gujarat,India,Retail,2023-01-05
CUST06917,Arjun Singh,Male,48,Pune,Gujarat,India,Retail,2020-03-01
CUST06918,Meera Mehta,FEMALE,57,Bangalore,Karnataka,India,Retail,2021-06-12
CUST06919,Diya Gupta, male ,33,Chennai,Delhi,India,Wholesale,2021-04-01
CUST06920,Aditya Joshi,FEMALE,27,Ahmedabad,Maharashtra,India,Wholesale,2023-09-21
CUST06921,Vivaan Gupta,FEMALE,63,Hyderabad,Delhi,India,Corporate,2023-07-02
CUST06922,Kavya Desai,,55,Pune,Karnataka,India,Wholesale,2022-04-25
CUST06923,Isha Singh, male ,37,Ahmedabad,Delhi,India,Wholesale,2024-02-28
CUST06924,Kavya Joshi,,61,Chennai,Telangana,India,Corporate,2022-12-09
CUST06925,Rahul Kapoor,FEMALE,73,Chennai,Tamil Nadu,India,Wholesale,2023-02-25
CUST06926,Aditya Mehta,,19,Ahmedabad,Delhi,India,Wholesale,2023-06-25
CUST06927,Neha Kapoor,Female,39,Hyderabad,Tamil Nadu,India,Corporate,2025-03-29
CUST06928,Diya Joshi, male ,46,Surat,Karnataka,India,Corporate,2021-10-10
CUST06929,Riya Singh,Female,21,Hyderabad,Karnataka,India,Corporate,2024-07-09
CUST06930,Isha Joshi, male ,40,Surat,Karnataka,India,Retail,2023-03-10
CUST06931,Meera Gupta, male ,42,Hyderabad,Delhi,India,Retail,2023-08-06
CUST06932,Meera Mehta, male ,26,Bangalore,Karnataka,India,Wholesale,2025-01-17
CUST06933,Arjun Mehta,Female,44,Mumbai,Delhi,India,Corporate,2025-08-26
CUST06934,Dhruvi Patel,Male,42,Surat,Karnataka,India,Corporate,2025-09-22
CUST06935,Priya Mehta,,21,Delhi,Telangana,India,Corporate,2020-08-17
CUST06936,Yash Gupta,,46,Mumbai,Tamil Nadu,India,Corporate,2024-07-31
CUST06937,Rahul Joshi,Female,22,Ahmedabad,Tamil Nadu,India,Retail,2021-09-12
CUST06938,Nidhi Patel,FEMALE,74,Surat,Telangana,India,Retail,2025-08-28
CUST06939,Aditya Kapoor,,50,Surat,Tamil Nadu,India,Wholesale,2022-04-28
CUST06940,Diya Verma,Female,38,Delhi,Karnataka,India,Corporate,2024-12-14
CUST06941,Sneha Verma,Male,66,Delhi,Maharashtra,India,Retail,2023-03-13
CUST06942,Rahul Shah,Male,23,Delhi,Maharashtra,India,Retail,2024-09-27
CUST06943,Priya Desai,FEMALE,27,Ahmedabad,Delhi,India,Corporate,2021-04-29
CUST06944,Rahul Verma,,24,Delhi,Karnataka,India,Retail,2023-05-25
CUST06945,Aarav Verma, male ,54,Hyderabad,Maharashtra,India,Retail,2024-06-14
CUST06946,Riya Singh,,30,Hyderabad,Telangana,India,Corporate,2025-08-23
CUST06947,Dhruvi Verma,Male,48,Surat,Maharashtra,India,Retail,2025-08-03
CUST06948,Riya Joshi,,60,Mumbai,Karnataka,India,Corporate,2021-01-15
CUST06949,Neha Kapoor,Male,37,Delhi,Tamil Nadu,India,Retail,2024-01-02
CUST06950,Yash Verma,,26,Mumbai,Gujarat,India,Wholesale,2025-02-20
CUST06951,Sneha Verma,FEMALE,41,Delhi,Delhi,India,Corporate,2021-01-21
CUST06952,Aarav Desai,,63,Delhi,Telangana,India,Corporate,2021-02-11
CUST06953,Nidhi Singh, male ,23,Hyderabad,Tamil Nadu,India,Retail,2023-05-19
CUST06954,Isha Gupta,Male,46,Surat,Delhi,India,Wholesale,2025-07-28
CUST06955,Vivaan Gupta,,70,Ahmedabad,Maharashtra,India,Wholesale,2020-03-17
CUST06956,Yash Agarwal,Female,39,Delhi,Tamil Nadu,India,Corporate,2021-05-11
CUST06957,Vivaan Singh,,63,Ahmedabad,Maharashtra,India,Wholesale,2022-08-15
CUST06958,Kavya Joshi,,36,Hyderabad,Karnataka,India,Retail,2021-02-20
CUST06959,Arjun Shah, male ,35,Chennai,Karnataka,India,Wholesale,2020-07-07
CUST06960,Rahul Shah,FEMALE,36,Chennai,Gujarat,India,Retail,2024-07-06
CUST06961,Arjun Gupta,,61,Ahmedabad,Tamil Nadu,India,Corporate,2021-03-29
CUST06962,Rohan Gupta,,18,Mumbai,Delhi,India,Retail,2024-10-15
CUST06963,Dhruvi Singh, male ,31,Mumbai,Karnataka,India,Wholesale,2020-09-28
CUST06964,Priya Singh,Female,43,Surat,Maharashtra,India,Wholesale,2022-08-15
CUST06965,Diya Singh,,60,Bangalore,Karnataka,India,Retail,2021-02-20
CUST06966,Yash Desai,,55,Hyderabad,Karnataka,India,Retail,2021-12-23
CUST06967,Rohan Kapoor,,66,Bangalore,Delhi,India,Wholesale,2024-09-28
CUST06968,Sneha Mehta,,41,Pune,Telangana,India,Retail,2024-04-04
CUST06969,Yash Gupta,,57,Bangalore,Telangana,India,Wholesale,2025-02-28
CUST06970,Isha Kapoor,FEMALE,64,Bangalore,Telangana,India,Corporate,2021-04-12
CUST06971,Nidhi Joshi,Female,38,Pune,Gujarat,India,Corporate,2024-08-10
CUST06972,Nidhi Kapoor,FEMALE,49,Ahmedabad,Tamil Nadu,India,Retail,2024-07-16
CUST06973,Vivaan Gupta,Male,65,Delhi,Karnataka,India,Retail,2024-05-06
CUST06974,Riya Patel,FEMALE,48,Delhi,Karnataka,India,Corporate,2022-08-25
CUST06975,Aditya Patel,FEMALE,21,Chennai,Tamil Nadu,India,Corporate,2020-10-08
CUST06976,Riya Kapoor,,61,Chennai,Telangana,India,Retail,2022-05-10
CUST06977,Riya Desai,Male,45,Bangalore,Delhi,India,Retail,2020-11-25
CUST06978,Diya Shah,,23,Mumbai,Delhi,India,Wholesale,2025-11-02
CUST06979,Ananya Agarwal,Male,30,Surat,Gujarat,India,Corporate,2021-03-28
CUST06980,Nidhi Gupta,FEMALE,60,Delhi,Maharashtra,India,Corporate,2020-04-18
CUST06981,Priya Singh, male ,39,Hyderabad,Karnataka,India,Corporate,2022-06-03
CUST06982,Isha Kapoor,,45,Surat,Maharashtra,India,Retail,2021-04-26
CUST06983,Aarav Patel,FEMALE,44,Ahmedabad,Tamil Nadu,India,Corporate,2023-03-21
CUST06984,Neha Desai,,50,Hyderabad,Gujarat,India,Retail,2020-08-27
CUST06985,Sneha Agarwal,,19,Hyderabad,Telangana,India,Corporate,2022-06-16
CUST06986,Riya Verma,,25,Bangalore,Delhi,India,Retail,2020-01-20
CUST06987,Rahul Singh, male ,73,Hyderabad,Maharashtra,India,Corporate,2023-01-21
CUST06988,Priya Desai, male ,63,Surat,Gujarat,India,Retail,2022-04-14
CUST06989,Rahul Kapoor,Male,52,Delhi,Gujarat,India,Corporate,2021-05-21
CUST06990,Aarav Patel, male ,68,Hyderabad,Karnataka,India,Wholesale,2025-02-03
CUST06991,Rahul Mehta,,30,Delhi,Delhi,India,Retail,2023-01-08
CUST06992,Nidhi Desai,Male,61,Chennai,Tamil Nadu,India,Corporate,2024-04-18
CUST06993,Diya Mehta,FEMALE,71,Pune,Tamil Nadu,India,Retail,2023-12-09
CUST06994,Sneha Verma, male ,57,Delhi,Gujarat,India,Retail,2025-09-27
CUST06995,Yash Gupta,FEMALE,59,Hyderabad,Gujarat,India,Wholesale,2025-03-31
CUST06996,Neha Shah,FEMALE,61,Bangalore,Tamil Nadu,India,Corporate,2024-08-01
CUST06997,Vivaan Agarwal,,50,Pune,Telangana,India,Corporate,2024-02-08
CUST06998,Nidhi Kapoor,,41,Bangalore,Tamil Nadu,India,Corporate,2023-10-21
CUST06999,Kavya Patel,Female,29,Pune,Maharashtra,India,Corporate,2025-06-07
CUST07000,Neha Mehta,FEMALE,52,Delhi,Tamil Nadu,India,Retail,2025-10-28
CUST07001,Sneha Patel,,38,Surat,Tamil Nadu,India,Wholesale,2023-12-12
CUST07002,Vivaan Gupta,,35,Ahmedabad,Gujarat,India,Retail,2024-03-22
CUST07003,Dhruvi Patel,FEMALE,38,Hyderabad,Maharashtra,India,Corporate,2025-05-20
CUST07004,Meera Kapoor,Male,44,Surat,Tamil Nadu,India,Corporate,2022-05-28
CUST07005,Arjun Desai,,50,Pune,Maharashtra,India,Wholesale,2025-02-20
CUST07006,Rohan Kapoor, male ,50,Pune,Gujarat,India,Corporate,2023-02-12
CUST07007,Sneha Desai,,60,Chennai,Gujarat,India,Wholesale,2024-08-16
CUST07008,Kavya Singh,,59,Delhi,Tamil Nadu,India,Wholesale,2022-04-15
CUST07009,Aarav Patel,,48,Hyderabad,Gujarat,India,Corporate,2020-02-25
CUST07010,Sneha Desai,,57,Ahmedabad,Delhi,India,Corporate,2022-04-15
CUST07011,Isha Joshi,Male,22,Mumbai,Delhi,India,Wholesale,2021-11-10
CUST07012,Meera Joshi,,63,Delhi,Telangana,India,Corporate,2021-09-23
CUST07013,Arjun Singh,,26,Mumbai,Gujarat,India,Wholesale,2021-11-14
CUST07014,Rohan Verma,FEMALE,37,Pune,Karnataka,India,Wholesale,2020-10-10
CUST07015,Sneha Mehta,Male,27,Chennai,Maharashtra,India,Retail,2023-04-18
CUST07016,Sneha Gupta, male ,29,Delhi,Telangana,India,Wholesale,2023-08-25
CUST07017,Diya Singh,Male,72,Bangalore,Telangana,India,Wholesale,2021-11-14
CUST07018,Kavya Patel,Female,44,Hyderabad,Gujarat,India,Wholesale,2022-11-07
CUST07019,Diya Agarwal,FEMALE,64,Delhi,Tamil Nadu,India,Retail,2023-12-09
CUST07020,Aarav Verma,,53,Chennai,Maharashtra,India,Corporate,2020-06-24
CUST07021,Neha Singh,,42,Ahmedabad,Gujarat,India,Retail,2024-06-22
CUST07022,Meera Desai, male ,69,Delhi,Karnataka,India,Corporate,2020-03-21
CUST07023,Dhruvi Patel,,24,Hyderabad,Delhi,India,Corporate,2020-09-09
CUST07024,Yash Shah,FEMALE,56,Pune,Karnataka,India,Corporate,2022-12-06
CUST07025,Ananya Mehta, male ,64,Ahmedabad,Maharashtra,India,Corporate,2024-02-23
CUST07026,Diya Desai,,49,Delhi,Maharashtra,India,Corporate,2025-10-20
CUST07027,Aditya Joshi,,43,Mumbai,Delhi,India,Corporate,2025-07-17
CUST07028,Diya Singh,Female,67,Bangalore,Maharashtra,India,Wholesale,2021-12-12
CUST07029,Rahul Joshi,Male,40,Bangalore,Karnataka,India,Retail,2022-09-12
CUST07030,Riya Gupta,,66,Hyderabad,Telangana,India,Corporate,2024-02-22
CUST07031,Sneha Desai,Female,36,Bangalore,Tamil Nadu,India,Wholesale,2022-06-30
CUST07032,Arjun Verma,,24,Hyderabad,Telangana,India,Wholesale,2021-12-31
CUST07033,Ananya Desai,Male,43,Mumbai,Telangana,India,Wholesale,2025-04-25
CUST07034,Ananya Shah,FEMALE,51,Delhi,Tamil Nadu,India,Retail,2025-08-11
CUST07035,Kavya Verma,Male,67,Ahmedabad,Maharashtra,India,Wholesale,2020-10-12
CUST07036,Diya Desai,,72,Bangalore,Telangana,India,Retail,2025-09-25
CUST07037,Vivaan Gupta,FEMALE,20,Delhi,Telangana,India,Corporate,2022-08-09
CUST07038,Aditya Singh,Male,53,Surat,Maharashtra,India,Wholesale,2022-04-11
CUST07039,Dhruvi Verma,,40,Ahmedabad,Delhi,India,Retail,2025-09-11
CUST07040,Rahul Mehta,Male,32,Mumbai,Delhi,India,Corporate,2023-02-04
CUST07041,Dhruvi Verma,,74,Mumbai,Telangana,India,Retail,2020-03-11
CUST07042,Rahul Verma,,59,Delhi,Telangana,India,Wholesale,2021-06-25
CUST07043,Kavya Agarwal,,64,Ahmedabad,Maharashtra,India,Wholesale,2024-09-24
CUST07044,Isha Shah,FEMALE,74,Surat,Delhi,India,Wholesale,2020-04-10
CUST07045,Isha Desai,FEMALE,29,Hyderabad,Telangana,India,Wholesale,2020-09-30
CUST07046,Kavya Mehta,,29,Ahmedabad,Delhi,India,Corporate,2022-10-28
CUST07047,Riya Agarwal,FEMALE,70,Hyderabad,Tamil Nadu,India,Wholesale,2021-08-09
CUST07048,Riya Agarwal,FEMALE,63,Bangalore,Gujarat,India,Corporate,2023-03-25
CUST07049,Yash Shah,Male,42,Delhi,Gujarat,India,Wholesale,2025-06-19
CUST07050,Ananya Kapoor,,41,Chennai,Tamil Nadu,India,Corporate,2025-11-24
CUST07051,Aditya Gupta,FEMALE,60,Pune,Tamil Nadu,India,Wholesale,2025-02-28
CUST07052,Dhruvi Desai,Male,71,Delhi,Tamil Nadu,India,Corporate,2023-02-10
CUST07053,Priya Desai, male ,57,Ahmedabad,Tamil Nadu,India,Wholesale,2022-04-22
CUST07054,Vivaan Patel,,61,Hyderabad,Delhi,India,Wholesale,2025-02-19
CUST07055,Ananya Kapoor,Female,62,Ahmedabad,Gujarat,India,Retail,2022-01-27
CUST07056,Rohan Desai, male ,24,Hyderabad,Maharashtra,India,Corporate,2020-01-23
CUST07057,Rohan Mehta,,41,Ahmedabad,Tamil Nadu,India,Corporate,2021-11-12
CUST07058,Yash Gupta,,24,Delhi,Telangana,India,Wholesale,2021-08-08
CUST07059,Priya Gupta,Male,29,Bangalore,Delhi,India,Corporate,2023-04-21
CUST07060,Dhruvi Kapoor,FEMALE,51,Pune,Telangana,India,Retail,2021-04-18
CUST07061,Diya Shah, male ,19,Pune,Delhi,India,Retail,2026-01-09
CUST07062,Ananya Shah,FEMALE,66,Surat,Gujarat,India,Wholesale,2020-01-06
CUST07063,Priya Mehta,FEMALE,38,Chennai,Telangana,India,Retail,2023-12-16
CUST07064,Rahul Mehta,Female,20,Hyderabad,Tamil Nadu,India,Corporate,2024-10-06
CUST07065,Rohan Singh,,73,Pune,Delhi,India,Retail,2023-09-19
CUST07066,Aarav Agarwal,,51,Hyderabad,Gujarat,India,Corporate,2025-09-07
CUST07067,Rohan Kapoor, male ,58,Mumbai,Gujarat,India,Corporate,2023-01-13
CUST07068,Sneha Singh,Female,37,Surat,Karnataka,India,Wholesale,2023-10-02
CUST07069,Nidhi Agarwal,FEMALE,62,Hyderabad,Delhi,India,Retail,2020-06-14
CUST07070,Priya Gupta,FEMALE,21,Mumbai,Maharashtra,India,Corporate,2020-05-22
CUST07071,Rohan Gupta,Male,60,Surat,Tamil Nadu,India,Retail,2021-04-16
CUST07072,Neha Verma,Female,32,Mumbai,Maharashtra,India,Corporate,2024-07-28
CUST07073,Rahul Desai,Male,57,Hyderabad,Delhi,India,Wholesale,2023-06-08
CUST07074,Dhruvi Verma,,54,Ahmedabad,Tamil Nadu,India,Wholesale,2024-11-22
CUST07075,Nidhi Desai,,45,Chennai,Telangana,India,Corporate,2020-01-01
CUST07076,Isha Kapoor,Female,56,Mumbai,Tamil Nadu,India,Wholesale,2025-04-23
CUST07077,Yash Verma,Female,36,Hyderabad,Telangana,India,Retail,2021-11-13
CUST07078,Diya Joshi,,46,Pune,Karnataka,India,Wholesale,2021-04-13
CUST07079,Isha Gupta,,48,Chennai,Karnataka,India,Wholesale,2021-01-15
CUST07080,Arjun Agarwal,,57,Surat,Tamil Nadu,India,Wholesale,2025-03-10
CUST07081,Neha Mehta,,61,Mumbai,Tamil Nadu,India,Retail,2024-07-26
CUST07082,Isha Mehta,,43,Delhi,Telangana,India,Retail,2021-10-12
CUST07083,Isha Verma, male ,54,Delhi,Karnataka,India,Retail,2020-12-03
CUST07084,Sneha Mehta,,41,Delhi,Maharashtra,India,Wholesale,2024-07-27
CUST07085,Diya Patel,,43,Ahmedabad,Tamil Nadu,India,Retail,2023-10-16
CUST07086,Diya Mehta,FEMALE,50,Mumbai,Delhi,India,Wholesale,2020-11-27
CUST07087,Arjun Shah, male ,55,Chennai,Tamil Nadu,India,Wholesale,2021-05-29
CUST07088,Rahul Gupta,FEMALE,65,Bangalore,Maharashtra,India,Corporate,2023-11-19
CUST07089,Rohan Joshi, male ,28,Delhi,Telangana,India,Retail,2024-01-20
CUST07090,Isha Gupta,,33,Chennai,Karnataka,India,Corporate,2025-10-19
CUST07091,Neha Gupta,Male,25,Mumbai,Delhi,India,Wholesale,2023-07-24
CUST07092,Neha Joshi,,45,Delhi,Telangana,India,Wholesale,2023-09-09
CUST07093,Rohan Patel, male ,25,Bangalore,Telangana,India,Wholesale,2020-07-24
CUST07094,Yash Gupta,,68,Surat,Telangana,India,Retail,2021-06-16
CUST07095,Isha Patel,Female,57,Delhi,Delhi,India,Wholesale,2020-09-08
CUST07096,Nidhi Patel, male ,49,Mumbai,Gujarat,India,Retail,2021-10-01
CUST07097,Arjun Shah,Male,59,Hyderabad,Karnataka,India,Wholesale,2023-05-06
CUST07098,Riya Kapoor, male ,59,Mumbai,Maharashtra,India,Wholesale,2020-01-17
CUST07099,Rohan Kapoor, male ,63,Ahmedabad,Karnataka,India,Wholesale,2022-03-20
CUST07100,Sneha Mehta,,22,Delhi,Tamil Nadu,India,Wholesale,2022-06-05
CUST07101,Aditya Verma,Female,36,Hyderabad,Delhi,India,Retail,2025-01-08
CUST07102,Sneha Agarwal,,51,Chennai,Maharashtra,India,Retail,2022-04-10
CUST07103,Rahul Joshi, male ,64,Ahmedabad,Karnataka,India,Retail,2022-03-12
CUST07104,Rohan Shah,,53,Delhi,Telangana,India,Corporate,2024-05-23
CUST07105,Arjun Gupta, male ,26,Chennai,Gujarat,India,Corporate,2024-05-30
CUST07106,Aditya Kapoor,,36,Pune,Maharashtra,India,Corporate,2022-09-24
CUST07107,Vivaan Singh,,51,Delhi,Gujarat,India,Wholesale,2024-04-18
CUST07108,Vivaan Singh,,59,Delhi,Telangana,India,Wholesale,2023-02-07
CUST07109,Priya Shah,FEMALE,52,Mumbai,Maharashtra,India,Wholesale,2025-02-18
CUST07110,Isha Patel,Male,28,Bangalore,Maharashtra,India,Retail,2021-03-12
CUST07111,Rohan Singh,,72,Chennai,Telangana,India,Wholesale,2023-05-05
CUST07112,Aditya Singh,,24,Surat,Tamil Nadu,India,Corporate,2020-02-18
CUST07113,Kavya Shah,Male,55,Pune,Maharashtra,India,Retail,2021-10-25
CUST07114,Priya Desai,FEMALE,30,Bangalore,Karnataka,India,Corporate,2020-04-29
CUST07115,Dhruvi Agarwal,FEMALE,41,Chennai,Gujarat,India,Corporate,2022-07-31
CUST07116,Yash Gupta,,65,Hyderabad,Gujarat,India,Retail,2022-01-07
CUST07117,Isha Patel,Female,73,Hyderabad,Telangana,India,Corporate,2023-10-18
CUST07118,Neha Gupta,Male,37,Mumbai,Telangana,India,Retail,2023-09-03
CUST07119,Ananya Patel,FEMALE,48,Chennai,Delhi,India,Retail,2021-08-03
CUST07120,Riya Patel,FEMALE,41,Hyderabad,Maharashtra,India,Corporate,2025-03-05
CUST07121,Aditya Gupta,,52,Bangalore,Maharashtra,India,Wholesale,2021-10-09
CUST07122,Ananya Singh,Female,19,Delhi,Delhi,India,Corporate,2024-02-12
CUST07123,Riya Mehta,,67,Bangalore,Tamil Nadu,India,Corporate,2024-05-25
CUST07124,Diya Mehta,Female,36,Bangalore,Gujarat,India,Corporate,2025-10-20
CUST07125,Rahul Agarwal, male ,34,Mumbai,Karnataka,India,Corporate,2024-02-23
CUST07126,Arjun Patel,Female,39,Pune,Tamil Nadu,India,Corporate,2024-10-01
CUST07127,Diya Verma,,53,Chennai,Tamil Nadu,India,Corporate,2025-05-19
CUST07128,Neha Shah, male ,37,Pune,Telangana,India,Corporate,2025-05-09
CUST07129,Aditya Mehta, male ,45,Delhi,Maharashtra,India,Retail,2025-01-10
CUST07130,Rohan Agarwal,,21,Ahmedabad,Delhi,India,Retail,2024-12-15
CUST07131,Priya Mehta, male ,28,Chennai,Telangana,India,Retail,2020-08-26
CUST07132,Nidhi Mehta,Female,71,Chennai,Telangana,India,Corporate,2020-04-27
CUST07133,Nidhi Gupta,,43,Pune,Telangana,India,Corporate,2022-10-16
CUST07134,Riya Agarwal,Female,25,Chennai,Gujarat,India,Wholesale,2024-07-06
CUST07135,Meera Kapoor,,45,Hyderabad,Karnataka,India,Retail,2021-07-12
CUST07136,Nidhi Singh,,32,Hyderabad,Delhi,India,Wholesale,2023-06-21
CUST07137,Meera Desai,Female,29,Bangalore,Maharashtra,India,Retail,2025-06-21
CUST07138,Aditya Shah,FEMALE,33,Pune,Karnataka,India,Wholesale,2024-06-02
CUST07139,Nidhi Patel,Female,18,Ahmedabad,Maharashtra,India,Corporate,2024-06-24
CUST07140,Isha Joshi,FEMALE,28,Delhi,Delhi,India,Wholesale,2021-09-08
CUST07141,Neha Shah,Male,60,Chennai,Tamil Nadu,India,Corporate,2020-12-20
CUST07142,Sneha Patel,FEMALE,22,Chennai,Delhi,India,Corporate,2021-07-09
CUST07143,Rohan Agarwal,,72,Hyderabad,Karnataka,India,Retail,2020-10-02
CUST07144,Arjun Gupta,Male,63,Mumbai,Delhi,India,Corporate,2024-12-10
CUST07145,Sneha Gupta,FEMALE,64,Surat,Maharashtra,India,Corporate,2024-02-03
CUST07146,Yash Gupta,,40,Pune,Tamil Nadu,India,Retail,2020-03-26
CUST07147,Diya Shah,FEMALE,47,Ahmedabad,Maharashtra,India,Wholesale,2022-08-22
CUST07148,Rahul Shah,,25,Pune,Telangana,India,Retail,2025-09-30
CUST07149,Riya Singh,FEMALE,73,Hyderabad,Karnataka,India,Retail,2025-12-12
CUST07150,Nidhi Gupta, male ,55,Mumbai,Gujarat,India,Wholesale,2020-07-04
CUST07151,Yash Desai,FEMALE,21,Delhi,Karnataka,India,Corporate,2022-01-13
CUST07152,Isha Shah,Female,41,Hyderabad,Maharashtra,India,Wholesale,2020-04-12
CUST07153,Priya Gupta,FEMALE,18,Bangalore,Telangana,India,Retail,2025-04-26
CUST07154,Aarav Mehta,FEMALE,35,Mumbai,Karnataka,India,Wholesale,2025-05-02
CUST07155,Riya Joshi,FEMALE,45,Mumbai,Delhi,India,Retail,2021-10-18
CUST07156,Aditya Gupta,FEMALE,35,Bangalore,Gujarat,India,Retail,2024-05-02
CUST07157,Aditya Patel,FEMALE,54,Delhi,Tamil Nadu,India,Wholesale,2023-02-04
CUST07158,Kavya Desai,Male,29,Surat,Delhi,India,Wholesale,2023-07-19
CUST07159,Yash Gupta,Female,55,Bangalore,Gujarat,India,Corporate,2024-11-23
CUST07160,Aditya Mehta,,50,Hyderabad,Karnataka,India,Retail,2021-07-14
CUST07161,Rohan Mehta,,64,Pune,Gujarat,India,Wholesale,2021-03-11
CUST07162,Dhruvi Singh,,23,Delhi,Tamil Nadu,India,Retail,2021-05-24
CUST07163,Rohan Joshi,,56,Mumbai,Telangana,India,Corporate,2020-04-13
CUST07164,Rohan Patel,Male,66,Surat,Gujarat,India,Retail,2023-12-21
CUST07165,Ananya Patel,,73,Delhi,Telangana,India,Corporate,2021-10-13
CUST07166,Rahul Verma, male ,59,Mumbai,Gujarat,India,Retail,2023-01-10
CUST07167,Priya Joshi, male ,49,Ahmedabad,Gujarat,India,Wholesale,2025-09-18
CUST07168,Ananya Gupta, male ,27,Surat,Delhi,India,Wholesale,2026-01-08
CUST07169,Sneha Singh,Male,56,Ahmedabad,Telangana,India,Wholesale,2022-04-03
CUST07170,Aditya Mehta,Male,29,Ahmedabad,Gujarat,India,Wholesale,2025-11-16
CUST07171,Sneha Joshi,,73,Delhi,Telangana,India,Retail,2023-03-08
CUST07172,Aarav Agarwal, male ,54,Hyderabad,Telangana,India,Wholesale,2020-04-16
CUST07173,Kavya Joshi,,34,Hyderabad,Maharashtra,India,Wholesale,2021-10-12
CUST07174,Neha Shah,Female,29,Delhi,Gujarat,India,Retail,2025-03-27
CUST07175,Rohan Kapoor, male ,34,Chennai,Delhi,India,Corporate,2023-11-18
CUST07176,Isha Joshi,,74,Mumbai,Gujarat,India,Corporate,2023-04-18
CUST07177,Isha Singh, male ,18,Hyderabad,Maharashtra,India,Retail,2022-07-28
CUST07178,Neha Joshi,FEMALE,69,Hyderabad,Delhi,India,Wholesale,2023-06-29
CUST07179,Vivaan Desai,FEMALE,68,Hyderabad,Karnataka,India,Retail,2023-04-15
CUST07180,Rohan Agarwal,,29,Mumbai,Maharashtra,India,Corporate,2025-01-24
CUST07181,Sneha Singh, male ,40,Chennai,Karnataka,India,Retail,2023-04-08
CUST07182,Yash Agarwal,,40,Chennai,Karnataka,India,Corporate,2022-08-12
CUST07183,Ananya Patel,Male,28,Delhi,Delhi,India,Retail,2022-10-22
CUST07184,Yash Mehta,,53,Pune,Gujarat,India,Retail,2021-05-19
CUST07185,Aarav Gupta,,48,Surat,Maharashtra,India,Corporate,2025-06-09
CUST07186,Rohan Patel, male ,63,Pune,Gujarat,India,Wholesale,2022-12-14
CUST07187,Meera Shah,FEMALE,51,Chennai,Maharashtra,India,Corporate,2020-10-25
CUST07188,Vivaan Verma,Female,49,Delhi,Gujarat,India,Wholesale,2020-04-25
CUST07189,Priya Kapoor,,48,Mumbai,Gujarat,India,Retail,2021-11-23
CUST07190,Aditya Joshi,,44,Ahmedabad,Delhi,India,Wholesale,2022-09-12
CUST07191,Aditya Gupta,,42,Bangalore,Telangana,India,Wholesale,2020-07-30
CUST07192,Aarav Gupta,,55,Chennai,Delhi,India,Retail,2021-01-20
CUST07193,Meera Agarwal,FEMALE,27,Delhi,Karnataka,India,Wholesale,2022-07-21
CUST07194,Aarav Verma,,24,Pune,Tamil Nadu,India,Corporate,2022-06-09
CUST07195,Rahul Patel,,41,Bangalore,Gujarat,India,Corporate,2025-06-05
CUST07196,Kavya Kapoor,FEMALE,47,Mumbai,Gujarat,India,Corporate,2020-02-12
CUST07197,Dhruvi Verma, male ,32,Delhi,Delhi,India,Wholesale,2020-11-27
CUST07198,Rohan Patel,,61,Pune,Maharashtra,India,Wholesale,2020-03-28
CUST07199,Yash Kapoor,FEMALE,22,Hyderabad,Delhi,India,Corporate,2023-09-12
CUST07200,Ananya Singh,Male,49,Bangalore,Delhi,India,Corporate,2021-08-15
CUST07201,Aarav Mehta,Male,60,Pune,Maharashtra,India,Corporate,2022-10-26
CUST07202,Isha Shah,Male,53,Surat,Delhi,India,Corporate,2023-06-21
CUST07203,Meera Joshi,,29,Delhi,Karnataka,India,Wholesale,2023-12-13
CUST07204,Aditya Patel, male ,68,Delhi,Maharashtra,India,Retail,2022-07-07
CUST07205,Kavya Agarwal, male ,20,Bangalore,Tamil Nadu,India,Corporate,2022-01-15
CUST07206,Rohan Gupta,,46,Ahmedabad,Gujarat,India,Wholesale,2025-07-08
CUST07207,Priya Singh,,34,Surat,Delhi,India,Corporate,2020-02-05
CUST07208,Diya Mehta,FEMALE,52,Pune,Gujarat,India,Corporate,2023-03-26
CUST07209,Arjun Gupta,FEMALE,56,Pune,Maharashtra,India,Retail,2020-08-18
CUST07210,Aarav Shah,Male,45,Bangalore,Delhi,India,Corporate,2021-03-21
CUST07211,Arjun Gupta,,18,Pune,Gujarat,India,Corporate,2023-10-30
CUST07212,Isha Patel,FEMALE,52,Chennai,Karnataka,India,Corporate,2024-02-28
CUST07213,Arjun Gupta,FEMALE,25,Hyderabad,Tamil Nadu,India,Wholesale,2022-04-05
CUST07214,Ananya Joshi,Female,65,Bangalore,Karnataka,India,Corporate,2022-04-08
CUST07215,Rohan Patel,Male,24,Ahmedabad,Gujarat,India,Corporate,2020-08-29
CUST07216,Kavya Patel,,38,Bangalore,Gujarat,India,Corporate,2025-12-13
CUST07217,Priya Joshi,FEMALE,31,Ahmedabad,Delhi,India,Wholesale,2025-02-25
CUST07218,Diya Shah,,70,Mumbai,Delhi,India,Wholesale,2024-08-09
CUST07219,Kavya Shah, male ,69,Hyderabad,Delhi,India,Retail,2023-04-05
CUST07220,Yash Shah,FEMALE,72,Delhi,Delhi,India,Wholesale,2020-12-29
CUST07221,Vivaan Agarwal, male ,74,Pune,Delhi,India,Retail,2020-05-31
CUST07222,Diya Kapoor,Male,56,Pune,Gujarat,India,Corporate,2020-12-08
CUST07223,Meera Joshi,,52,Bangalore,Delhi,India,Retail,2022-10-25
CUST07224,Nidhi Verma,FEMALE,29,Mumbai,Delhi,India,Retail,2021-09-30
CUST07225,Aarav Agarwal,Female,24,Mumbai,Karnataka,India,Retail,2025-12-29
CUST07226,Nidhi Verma,Female,72,Ahmedabad,Telangana,India,Corporate,2023-10-09
CUST07227,Meera Agarwal,Male,18,Delhi,Gujarat,India,Corporate,2025-12-19
CUST07228,Rahul Agarwal,Female,44,Mumbai,Tamil Nadu,India,Corporate,2020-08-16
CUST07229,Kavya Shah, male ,56,Chennai,Delhi,India,Retail,2022-01-06
CUST07230,Neha Mehta,Female,39,Chennai,Telangana,India,Corporate,2025-02-27
CUST07231,Nidhi Agarwal,,66,Hyderabad,Telangana,India,Retail,2022-03-24
CUST07232,Rohan Kapoor, male ,35,Delhi,Telangana,India,Corporate,2022-04-07
CUST07233,Nidhi Shah, male ,41,Delhi,Maharashtra,India,Wholesale,2021-03-03
CUST07234,Rahul Verma,,51,Bangalore,Delhi,India,Corporate,2021-01-25
CUST07235,Sneha Joshi,,54,Surat,Karnataka,India,Wholesale,2025-04-10
CUST07236,Rohan Patel,,18,Hyderabad,Tamil Nadu,India,Wholesale,2020-04-18
CUST07237,Rahul Mehta,,29,Mumbai,Telangana,India,Corporate,2020-04-05
CUST07238,Diya Singh,,74,Ahmedabad,Delhi,India,Wholesale,2020-11-27
CUST07239,Aditya Kapoor,,46,Delhi,Maharashtra,India,Retail,2025-10-16
CUST07240,Neha Gupta,,46,Ahmedabad,Telangana,India,Wholesale,2021-12-19
CUST07241,Diya Verma,,60,Bangalore,Maharashtra,India,Corporate,2020-07-11
CUST07242,Nidhi Verma,,43,Bangalore,Karnataka,India,Wholesale,2020-06-05
CUST07243,Diya Agarwal,FEMALE,21,Pune,Karnataka,India,Wholesale,2020-01-22
CUST07244,Aarav Shah,FEMALE,53,Hyderabad,Karnataka,India,Retail,2021-01-02
CUST07245,Sneha Joshi, male ,36,Bangalore,Maharashtra,India,Retail,2024-04-18
CUST07246,Riya Agarwal,Male,45,Ahmedabad,Tamil Nadu,India,Corporate,2020-01-12
CUST07247,Kavya Shah,Female,31,Hyderabad,Maharashtra,India,Corporate,2022-05-22
CUST07248,Isha Agarwal, male ,66,Bangalore,Tamil Nadu,India,Wholesale,2023-06-12
CUST07249,Priya Agarwal,FEMALE,24,Ahmedabad,Delhi,India,Wholesale,2020-07-26
CUST07250,Priya Patel,,62,Delhi,Delhi,India,Corporate,2024-12-07
CUST07251,Kavya Shah,,62,Ahmedabad,Telangana,India,Corporate,2022-05-17
CUST07252,Nidhi Desai,Male,58,Ahmedabad,Maharashtra,India,Corporate,2023-10-30
CUST07253,Aditya Mehta,,50,Ahmedabad,Telangana,India,Corporate,2020-03-13
CUST07254,Rohan Singh,Male,46,Delhi,Delhi,India,Retail,2020-06-06
CUST07255,Kavya Agarwal,Female,35,Chennai,Karnataka,India,Wholesale,2021-08-12
CUST07256,Ananya Gupta,,65,Bangalore,Telangana,India,Retail,2020-04-03
CUST07257,Sneha Verma,FEMALE,72,Bangalore,Telangana,India,Corporate,2023-03-20
CUST07258,Dhruvi Singh,Female,40,Delhi,Tamil Nadu,India,Corporate,2025-06-24
CUST07259,Ananya Shah,FEMALE,63,Bangalore,Telangana,India,Retail,2022-12-04
CUST07260,Meera Desai,Female,39,Chennai,Tamil Nadu,India,Retail,2020-12-30
CUST07261,Arjun Agarwal,,61,Mumbai,Maharashtra,India,Retail,2024-12-08
CUST07262,Arjun Joshi,,39,Pune,Telangana,India,Corporate,2024-02-19
CUST07263,Meera Shah,,72,Surat,Gujarat,India,Retail,2022-01-27
CUST07264,Riya Desai,FEMALE,29,Hyderabad,Karnataka,India,Wholesale,2021-04-04
CUST07265,Arjun Agarwal,,46,Pune,Telangana,India,Retail,2023-07-19
CUST07266,Dhruvi Joshi, male ,21,Mumbai,Maharashtra,India,Wholesale,2023-08-02
CUST07267,Vivaan Patel,,23,Ahmedabad,Maharashtra,India,Retail,2020-10-20
CUST07268,Rahul Kapoor,,73,Bangalore,Tamil Nadu,India,Retail,2021-11-28
CUST07269,Vivaan Gupta,Female,74,Ahmedabad,Telangana,India,Corporate,2022-01-20
CUST07270,Vivaan Patel,,47,Surat,Telangana,India,Corporate,2022-05-02
CUST07271,Priya Agarwal, male ,56,Bangalore,Telangana,India,Wholesale,2021-12-06
CUST07272,Riya Singh,Female,21,Surat,Tamil Nadu,India,Retail,2023-03-23
CUST07273,Aditya Desai,Female,59,Chennai,Delhi,India,Corporate,2020-11-09
CUST07274,Arjun Singh,FEMALE,58,Ahmedabad,Telangana,India,Corporate,2021-10-01
CUST07275,Riya Patel,FEMALE,31,Bangalore,Telangana,India,Corporate,2022-06-30
CUST07276,Yash Verma,,43,Bangalore,Maharashtra,India,Corporate,2021-12-24
CUST07277,Rahul Agarwal,Male,58,Chennai,Telangana,India,Retail,2024-12-08
CUST07278,Sneha Joshi,Female,37,Mumbai,Delhi,India,Corporate,2021-07-22
CUST07279,Riya Mehta, male ,55,Ahmedabad,Karnataka,India,Wholesale,2022-01-05
CUST07280,Rahul Kapoor,Male,19,Ahmedabad,Karnataka,India,Corporate,2023-06-11
CUST07281,Neha Shah,Female,71,Mumbai,Telangana,India,Wholesale,2023-07-09
CUST07282,Diya Agarwal, male ,53,Hyderabad,Gujarat,India,Retail,2024-12-22
CUST07283,Rohan Mehta,,70,Chennai,Karnataka,India,Wholesale,2022-07-07
CUST07284,Riya Agarwal,Male,69,Pune,Gujarat,India,Corporate,2024-11-16
CUST07285,Nidhi Patel,,51,Surat,Maharashtra,India,Corporate,2025-04-29
CUST07286,Diya Shah,,45,Surat,Tamil Nadu,India,Retail,2025-06-06
CUST07287,Riya Mehta,,52,Mumbai,Gujarat,India,Wholesale,2024-10-26
CUST07288,Diya Verma,,27,Bangalore,Gujarat,India,Wholesale,2020-07-02
CUST07289,Meera Kapoor,FEMALE,37,Mumbai,Delhi,India,Retail,2024-11-02
CUST07290,Neha Singh,,70,Pune,Delhi,India,Corporate,2023-06-13
CUST07291,Diya Shah,,36,Bangalore,Telangana,India,Retail,2026-01-03
CUST07292,Nidhi Desai,Female,21,Bangalore,Karnataka,India,Retail,2021-10-31
CUST07293,Arjun Singh, male ,71,Delhi,Telangana,India,Wholesale,2025-01-26
CUST07294,Meera Kapoor, male ,67,Ahmedabad,Tamil Nadu,India,Corporate,2020-06-03
CUST07295,Sneha Verma,,31,Bangalore,Delhi,India,Wholesale,2021-01-22
CUST07296,Aarav Desai,FEMALE,70,Pune,Gujarat,India,Wholesale,2022-02-12
CUST07297,Vivaan Singh, male ,71,Surat,Karnataka,India,Retail,2025-04-23
CUST07298,Arjun Shah, male ,66,Ahmedabad,Karnataka,India,Wholesale,2024-05-04
CUST07299,Dhruvi Joshi,FEMALE,28,Chennai,Maharashtra,India,Retail,2024-06-01
CUST07300,Arjun Desai,Male,50,Bangalore,Telangana,India,Retail,2024-08-25
CUST07301,Arjun Gupta,,57,Ahmedabad,Maharashtra,India,Wholesale,2024-11-05
CUST07302,Neha Shah,FEMALE,26,Chennai,Karnataka,India,Wholesale,2023-01-03
CUST07303,Rahul Patel, male ,39,Delhi,Telangana,India,Wholesale,2020-08-06
CUST07304,Yash Shah,,65,Hyderabad,Karnataka,India,Wholesale,2025-04-09
CUST07305,Isha Patel,,67,Surat,Gujarat,India,Retail,2023-08-28
CUST07306,Rohan Patel,,51,Mumbai,Tamil Nadu,India,Retail,2021-05-31
CUST07307,Priya Joshi,Male,55,Ahmedabad,Telangana,India,Wholesale,2024-10-03
CUST07308,Riya Desai,,43,Chennai,Maharashtra,India,Wholesale,2022-06-25
CUST07309,Ananya Gupta,,30,Chennai,Tamil Nadu,India,Retail,2021-12-27
CUST07310,Arjun Singh,,47,Chennai,Delhi,India,Wholesale,2026-01-06
CUST07311,Diya Agarwal,,43,Bangalore,Tamil Nadu,India,Wholesale,2020-06-20
CUST07312,Kavya Kapoor,FEMALE,51,Ahmedabad,Telangana,India,Corporate,2024-02-11
CUST07313,Ananya Agarwal,Male,39,Delhi,Gujarat,India,Wholesale,2020-01-22
CUST07314,Yash Kapoor,,66,Delhi,Gujarat,India,Wholesale,2021-04-18
CUST07315,Neha Shah, male ,41,Hyderabad,Tamil Nadu,India,Retail,2022-03-07
CUST07316,Yash Patel,FEMALE,56,Hyderabad,Telangana,India,Corporate,2024-02-08
CUST07317,Yash Verma,,49,Delhi,Karnataka,India,Corporate,2020-06-01
CUST07318,Priya Desai,Female,70,Pune,Gujarat,India,Retail,2025-05-14
CUST07319,Arjun Verma, male ,68,Chennai,Karnataka,India,Retail,2022-08-24
CUST07320,Nidhi Verma,,73,Hyderabad,Delhi,India,Corporate,2025-09-28
CUST07321,Riya Singh,Female,31,Chennai,Karnataka,India,Wholesale,2024-11-23
CUST07322,Meera Agarwal,FEMALE,34,Delhi,Tamil Nadu,India,Retail,2025-09-27
CUST07323,Neha Kapoor,,70,Hyderabad,Tamil Nadu,India,Wholesale,2021-09-07
CUST07324,Meera Joshi,,71,Bangalore,Maharashtra,India,Wholesale,2020-02-29
CUST07325,Sneha Joshi,Female,40,Chennai,Maharashtra,India,Wholesale,2022-08-28
CUST07326,Isha Shah,FEMALE,72,Hyderabad,Telangana,India,Retail,2023-05-14
CUST07327,Rahul Patel,Female,36,Chennai,Tamil Nadu,India,Wholesale,2022-08-22
CUST07328,Nidhi Agarwal,FEMALE,44,Mumbai,Telangana,India,Wholesale,2021-12-03
CUST07329,Vivaan Shah,Male,55,Mumbai,Telangana,India,Retail,2023-02-26
CUST07330,Neha Shah,FEMALE,50,Bangalore,Telangana,India,Retail,2025-08-19
CUST07331,Neha Kapoor,Male,37,Hyderabad,Maharashtra,India,Corporate,2023-07-15
CUST07332,Sneha Agarwal,Female,33,Mumbai,Maharashtra,India,Corporate,2020-02-03
CUST07333,Yash Agarwal,FEMALE,35,Pune,Tamil Nadu,India,Wholesale,2021-02-09
CUST07334,Aditya Gupta,,36,Hyderabad,Maharashtra,India,Corporate,2022-01-10
CUST07335,Riya Gupta,,25,Delhi,Gujarat,India,Wholesale,2021-02-17
CUST07336,Nidhi Verma,FEMALE,69,Surat,Tamil Nadu,India,Corporate,2023-12-11
CUST07337,Rohan Joshi,,53,Bangalore,Delhi,India,Corporate,2022-08-18
CUST07338,Aditya Verma, male ,53,Ahmedabad,Maharashtra,India,Wholesale,2024-06-13
CUST07339,Isha Gupta, male ,72,Surat,Gujarat,India,Retail,2021-11-26
CUST07340,Aditya Shah,FEMALE,62,Chennai,Delhi,India,Wholesale,2021-04-27
CUST07341,Sneha Patel, male ,64,Chennai,Tamil Nadu,India,Corporate,2020-05-06
CUST07342,Yash Singh,Male,18,Pune,Maharashtra,India,Wholesale,2021-08-05
CUST07343,Rohan Singh,Male,33,Chennai,Karnataka,India,Corporate,2021-04-22
CUST07344,Riya Singh, male ,48,Pune,Delhi,India,Wholesale,2021-01-21
CUST07345,Rohan Agarwal, male ,64,Mumbai,Tamil Nadu,India,Wholesale,2021-04-04
CUST07346,Nidhi Singh,,65,Mumbai,Maharashtra,India,Retail,2023-08-14
CUST07347,Aarav Kapoor,,39,Bangalore,Maharashtra,India,Retail,2022-06-13
CUST07348,Meera Joshi,Male,18,Surat,Delhi,India,Wholesale,2020-05-02
CUST07349,Dhruvi Desai,Male,39,Bangalore,Maharashtra,India,Wholesale,2025-12-09
CUST07350,Arjun Desai,Male,58,Ahmedabad,Tamil Nadu,India,Wholesale,2025-11-11
CUST07351,Dhruvi Gupta,Male,73,Surat,Delhi,India,Wholesale,2022-07-31
CUST07352,Riya Joshi,Female,51,Bangalore,Maharashtra,India,Corporate,2023-05-13
CUST07353,Kavya Agarwal, male ,51,Mumbai,Telangana,India,Retail,2020-10-16
CUST07354,Yash Shah, male ,56,Hyderabad,Delhi,India,Corporate,2022-06-30
CUST07355,Rohan Mehta,,59,Mumbai,Delhi,India,Corporate,2025-07-03
CUST07356,Priya Kapoor,,59,Hyderabad,Gujarat,India,Corporate,2024-03-31
CUST07357,Ananya Verma,,65,Delhi,Maharashtra,India,Retail,2025-02-17
CUST07358,Aarav Gupta,FEMALE,34,Mumbai,Maharashtra,India,Corporate,2023-11-27
CUST07359,Yash Singh,,64,Mumbai,Tamil Nadu,India,Retail,2023-12-06
CUST07360,Riya Kapoor,Female,71,Chennai,Tamil Nadu,India,Wholesale,2020-03-13
CUST07361,Nidhi Verma,Female,55,Ahmedabad,Gujarat,India,Retail,2024-08-13
CUST07362,Rahul Gupta,Female,59,Delhi,Maharashtra,India,Wholesale,2024-03-04
CUST07363,Aarav Shah,Female,24,Mumbai,Maharashtra,India,Retail,2024-10-14
CUST07364,Ananya Mehta,,70,Chennai,Tamil Nadu,India,Corporate,2023-03-12
CUST07365,Yash Shah,Male,51,Chennai,Karnataka,India,Corporate,2024-08-18
CUST07366,Dhruvi Agarwal,Female,41,Ahmedabad,Telangana,India,Retail,2024-12-05
CUST07367,Meera Shah,Female,45,Delhi,Gujarat,India,Corporate,2020-01-01
CUST07368,Meera Singh,Male,63,Bangalore,Telangana,India,Retail,2020-11-12
CUST07369,Vivaan Patel,,38,Chennai,Telangana,India,Corporate,2022-03-04
CUST07370,Diya Mehta,Female,65,Bangalore,Maharashtra,India,Corporate,2022-05-06
CUST07371,Aditya Patel,,24,Bangalore,Karnataka,India,Corporate,2022-06-16
CUST07372,Aarav Kapoor,FEMALE,43,Delhi,Gujarat,India,Retail,2021-05-13
CUST07373,Isha Shah,,25,Ahmedabad,Karnataka,India,Retail,2020-03-02
CUST07374,Vivaan Patel,Male,43,Bangalore,Gujarat,India,Wholesale,2020-09-26
CUST07375,Isha Singh,Male,68,Chennai,Maharashtra,India,Corporate,2023-09-06
CUST07376,Isha Verma,,68,Chennai,Tamil Nadu,India,Corporate,2025-07-23
CUST07377,Vivaan Patel,,63,Chennai,Karnataka,India,Retail,2023-03-08
CUST07378,Aarav Verma,,54,Ahmedabad,Karnataka,India,Retail,2025-08-30
CUST07379,Neha Desai, male ,29,Hyderabad,Karnataka,India,Corporate,2022-04-07
CUST07380,Priya Verma,,31,Surat,Tamil Nadu,India,Retail,2023-12-17
CUST07381,Vivaan Joshi, male ,25,Surat,Karnataka,India,Retail,2020-01-03
CUST07382,Priya Gupta,FEMALE,60,Surat,Telangana,India,Retail,2020-08-01
CUST07383,Diya Gupta,,67,Bangalore,Tamil Nadu,India,Corporate,2023-07-12
CUST07384,Nidhi Mehta,,67,Mumbai,Delhi,India,Wholesale,2025-03-04
CUST07385,Riya Joshi,Male,74,Mumbai,Gujarat,India,Wholesale,2021-01-30
CUST07386,Diya Shah,,64,Delhi,Delhi,India,Retail,2022-11-14
CUST07387,Vivaan Desai, male ,25,Bangalore,Delhi,India,Corporate,2022-05-03
CUST07388,Kavya Agarwal,Male,44,Hyderabad,Tamil Nadu,India,Wholesale,2024-11-02
CUST07389,Dhruvi Agarwal,,50,Pune,Tamil Nadu,India,Wholesale,2024-07-13
CUST07390,Aditya Joshi, male ,44,Chennai,Telangana,India,Retail,2022-02-25
CUST07391,Rohan Joshi,,25,Hyderabad,Karnataka,India,Corporate,2020-02-21
CUST07392,Riya Joshi,FEMALE,43,Bangalore,Tamil Nadu,India,Wholesale,2021-07-19
CUST07393,Neha Mehta,FEMALE,50,Bangalore,Gujarat,India,Corporate,2023-05-10
CUST07394,Ananya Desai,,41,Mumbai,Telangana,India,Wholesale,2024-03-12
CUST07395,Kavya Singh,FEMALE,67,Chennai,Maharashtra,India,Corporate,2025-08-26
CUST07396,Arjun Joshi,,44,Surat,Telangana,India,Wholesale,2022-11-01
CUST07397,Sneha Kapoor, male ,47,Surat,Karnataka,India,Retail,2025-05-27
CUST07398,Priya Singh,Female,36,Pune,Delhi,India,Wholesale,2023-08-12
CUST07399,Aditya Patel, male ,68,Delhi,Maharashtra,India,Wholesale,2020-05-01
CUST07400,Isha Desai,FEMALE,54,Surat,Karnataka,India,Wholesale,2025-01-08
CUST07401,Riya Agarwal,FEMALE,35,Chennai,Telangana,India,Corporate,2020-04-18
CUST07402,Diya Mehta,,48,Delhi,Karnataka,India,Retail,2020-07-23
CUST07403,Arjun Singh,,63,Hyderabad,Delhi,India,Wholesale,2020-08-09
CUST07404,Isha Joshi, male ,59,Mumbai,Delhi,India,Wholesale,2020-07-25
CUST07405,Rohan Singh,FEMALE,58,Surat,Gujarat,India,Corporate,2020-08-13
CUST07406,Isha Joshi,Female,34,Ahmedabad,Delhi,India,Retail,2021-11-06
CUST07407,Nidhi Verma,,65,Mumbai,Maharashtra,India,Retail,2022-12-21
CUST07408,Meera Patel,Male,69,Ahmedabad,Karnataka,India,Retail,2021-04-18
CUST07409,Sneha Shah,,37,Chennai,Maharashtra,India,Wholesale,2025-06-15
CUST07410,Aditya Joshi,,54,Mumbai,Karnataka,India,Retail,2024-02-14
CUST07411,Neha Verma,FEMALE,56,Bangalore,Karnataka,India,Retail,2022-09-04
CUST07412,Yash Shah,,19,Delhi,Karnataka,India,Retail,2021-03-30
CUST07413,Meera Desai,Male,38,Bangalore,Tamil Nadu,India,Wholesale,2022-09-28
CUST07414,Riya Gupta,Male,57,Bangalore,Tamil Nadu,India,Wholesale,2021-12-19
CUST07415,Nidhi Desai,Female,31,Hyderabad,Telangana,India,Retail,2022-09-05
CUST07416,Dhruvi Mehta,,19,Chennai,Karnataka,India,Corporate,2021-07-11
CUST07417,Neha Mehta,Female,27,Pune,Karnataka,India,Wholesale,2024-07-16
CUST07418,Aarav Agarwal,FEMALE,62,Bangalore,Delhi,India,Corporate,2023-08-27
CUST07419,Aditya Shah, male ,66,Bangalore,Tamil Nadu,India,Retail,2023-02-08
CUST07420,Vivaan Desai,Male,42,Pune,Gujarat,India,Wholesale,2023-03-27
CUST07421,Vivaan Kapoor,FEMALE,20,Surat,Telangana,India,Retail,2024-05-01
CUST07422,Sneha Desai,Male,20,Hyderabad,Gujarat,India,Wholesale,2025-12-09
CUST07423,Arjun Patel,,72,Mumbai,Tamil Nadu,India,Retail,2021-06-21
CUST07424,Riya Verma,FEMALE,50,Pune,Telangana,India,Wholesale,2023-08-08
CUST07425,Sneha Verma,,19,Pune,Delhi,India,Wholesale,2023-02-27
CUST07426,Aarav Verma,FEMALE,71,Hyderabad,Karnataka,India,Retail,2020-01-22
CUST07427,Meera Kapoor, male ,55,Hyderabad,Karnataka,India,Wholesale,2024-04-12
CUST07428,Vivaan Kapoor,Male,60,Bangalore,Maharashtra,India,Retail,2025-05-26
CUST07429,Kavya Kapoor,,29,Ahmedabad,Karnataka,India,Wholesale,2022-10-24
CUST07430,Nidhi Gupta,,45,Surat,Tamil Nadu,India,Wholesale,2021-07-07
CUST07431,Diya Joshi,FEMALE,33,Pune,Tamil Nadu,India,Corporate,2022-05-28
CUST07432,Riya Gupta,,61,Delhi,Tamil Nadu,India,Retail,2023-01-09
CUST07433,Priya Patel, male ,44,Mumbai,Karnataka,India,Retail,2021-08-02
CUST07434,Diya Patel, male ,40,Delhi,Tamil Nadu,India,Retail,2025-06-22
CUST07435,Aarav Joshi,,68,Chennai,Maharashtra,India,Wholesale,2022-07-08
CUST07436,Rohan Verma,,53,Delhi,Maharashtra,India,Retail,2020-01-30
CUST07437,Isha Gupta,Female,47,Mumbai,Telangana,India,Corporate,2021-10-24
CUST07438,Ananya Mehta,Female,31,Pune,Telangana,India,Wholesale,2023-10-30
CUST07439,Rahul Patel,,66,Ahmedabad,Telangana,India,Wholesale,2025-03-19
CUST07440,Nidhi Kapoor, male ,34,Bangalore,Delhi,India,Wholesale,2022-03-26
CUST07441,Sneha Singh,,51,Pune,Tamil Nadu,India,Wholesale,2025-02-22
CUST07442,Diya Kapoor,Male,22,Hyderabad,Maharashtra,India,Wholesale,2023-08-13
CUST07443,Yash Patel,,43,Surat,Gujarat,India,Corporate,2020-04-16
CUST07444,Nidhi Mehta,,36,Ahmedabad,Delhi,India,Wholesale,2022-06-23
CUST07445,Dhruvi Shah, male ,73,Hyderabad,Telangana,India,Wholesale,2023-06-28
CUST07446,Priya Shah,Female,56,Pune,Gujarat,India,Retail,2025-04-30
CUST07447,Sneha Patel,Female,52,Ahmedabad,Delhi,India,Retail,2023-03-17
CUST07448,Rahul Kapoor,,29,Chennai,Karnataka,India,Wholesale,2023-07-26
CUST07449,Aditya Gupta,Female,22,Chennai,Telangana,India,Retail,2020-08-31
CUST07450,Dhruvi Kapoor,Male,54,Surat,Delhi,India,Retail,2023-04-10
CUST07451,Yash Kapoor,Male,27,Hyderabad,Maharashtra,India,Wholesale,2022-04-05
CUST07452,Rahul Gupta,FEMALE,51,Hyderabad,Maharashtra,India,Corporate,2021-11-26
CUST07453,Ananya Mehta,FEMALE,58,Chennai,Maharashtra,India,Wholesale,2025-04-04
CUST07454,Arjun Mehta,,19,Chennai,Maharashtra,India,Wholesale,2021-07-13
CUST07455,Aarav Kapoor,Female,26,Surat,Maharashtra,India,Wholesale,2021-09-12
CUST07456,Arjun Singh,,25,Bangalore,Gujarat,India,Retail,2021-07-04
CUST07457,Sneha Shah,,39,Mumbai,Karnataka,India,Wholesale,2022-11-18
CUST07458,Arjun Gupta,Female,74,Hyderabad,Karnataka,India,Wholesale,2020-03-09
CUST07459,Kavya Joshi,Female,31,Hyderabad,Telangana,India,Wholesale,2025-09-29
CUST07460,Vivaan Patel,Female,58,Ahmedabad,Gujarat,India,Corporate,2022-01-30
CUST07461,Isha Gupta, male ,47,Bangalore,Tamil Nadu,India,Corporate,2021-07-10
CUST07462,Kavya Verma,Male,56,Mumbai,Karnataka,India,Retail,2022-03-15
CUST07463,Kavya Desai,Male,23,Chennai,Karnataka,India,Wholesale,2024-02-28
CUST07464,Riya Kapoor,FEMALE,20,Mumbai,Karnataka,India,Retail,2025-10-22
CUST07465,Rohan Agarwal, male ,22,Surat,Tamil Nadu,India,Corporate,2022-05-30
CUST07466,Vivaan Singh,,20,Surat,Karnataka,India,Retail,2022-10-12
CUST07467,Priya Singh,,72,Bangalore,Karnataka,India,Wholesale,2024-07-17
CUST07468,Neha Shah, male ,70,Chennai,Maharashtra,India,Retail,2025-03-08
CUST07469,Ananya Verma,,72,Ahmedabad,Maharashtra,India,Wholesale,2020-10-10
CUST07470,Diya Joshi, male ,70,Hyderabad,Karnataka,India,Retail,2022-12-28
CUST07471,Kavya Gupta,,53,Bangalore,Telangana,India,Wholesale,2024-02-25
CUST07472,Dhruvi Verma,Female,48,Mumbai,Tamil Nadu,India,Corporate,2025-11-03
CUST07473,Meera Singh,,54,Delhi,Maharashtra,India,Retail,2023-12-26
CUST07474,Aarav Shah, male ,51,Mumbai,Maharashtra,India,Retail,2021-10-30
CUST07475,Vivaan Gupta,Female,29,Hyderabad,Tamil Nadu,India,Retail,2021-07-12
CUST07476,Dhruvi Patel,Female,54,Pune,Telangana,India,Retail,2023-12-17
CUST07477,Neha Kapoor,Female,56,Ahmedabad,Tamil Nadu,India,Wholesale,2024-03-06
CUST07478,Riya Gupta,Male,44,Surat,Telangana,India,Corporate,2025-03-14
CUST07479,Nidhi Singh,,30,Bangalore,Delhi,India,Retail,2021-12-22
CUST07480,Nidhi Kapoor,Female,67,Pune,Maharashtra,India,Corporate,2020-04-06
CUST07481,Riya Kapoor,,51,Delhi,Maharashtra,India,Corporate,2024-11-09
CUST07482,Rahul Gupta,FEMALE,24,Mumbai,Maharashtra,India,Corporate,2022-10-09
CUST07483,Aditya Patel,FEMALE,66,Pune,Maharashtra,India,Retail,2020-11-21
CUST07484,Rohan Gupta,Male,48,Hyderabad,Tamil Nadu,India,Retail,2020-07-30
CUST07485,Nidhi Singh,,66,Chennai,Telangana,India,Corporate,2023-08-27
CUST07486,Ananya Patel, male ,49,Mumbai,Tamil Nadu,India,Retail,2020-11-09
CUST07487,Diya Joshi,FEMALE,61,Bangalore,Karnataka,India,Wholesale,2022-06-29
CUST07488,Neha Singh,,23,Pune,Tamil Nadu,India,Retail,2024-11-28
CUST07489,Rahul Desai,Male,64,Hyderabad,Delhi,India,Wholesale,2024-03-01
CUST07490,Nidhi Patel,FEMALE,59,Hyderabad,Delhi,India,Retail,2025-12-07
CUST07491,Diya Mehta,,18,Chennai,Maharashtra,India,Corporate,2020-07-12
CUST07492,Riya Desai,,31,Bangalore,Gujarat,India,Corporate,2025-08-31
CUST07493,Vivaan Gupta,Female,54,Mumbai,Tamil Nadu,India,Corporate,2024-08-07
CUST07494,Vivaan Agarwal,,73,Bangalore,Maharashtra,India,Wholesale,2020-03-31
CUST07495,Neha Desai,,63,Bangalore,Gujarat,India,Wholesale,2024-09-10
CUST07496,Nidhi Verma,Male,24,Bangalore,Karnataka,India,Wholesale,2022-06-27
CUST07497,Isha Mehta, male ,44,Surat,Telangana,India,Wholesale,2020-04-28
CUST07498,Priya Joshi,Male,59,Bangalore,Delhi,India,Corporate,2020-12-14
CUST07499,Diya Singh,,68,Ahmedabad,Karnataka,India,Wholesale,2020-06-19
CUST07500,Isha Desai,Male,27,Hyderabad,Tamil Nadu,India,Retail,2020-04-20
CUST07501,Dhruvi Singh,,69,Hyderabad,Gujarat,India,Corporate,2021-10-26
CUST07502,Neha Desai,,18,Hyderabad,Tamil Nadu,India,Corporate,2020-12-14
CUST07503,Riya Singh,FEMALE,60,Bangalore,Delhi,India,Retail,2025-04-19
CUST07504,Kavya Singh,FEMALE,72,Hyderabad,Tamil Nadu,India,Corporate,2020-01-30
CUST07505,Isha Verma,Female,35,Delhi,Telangana,India,Corporate,2025-04-13
CUST07506,Neha Mehta,Female,36,Delhi,Telangana,India,Retail,2021-12-25
CUST07507,Diya Patel,,54,Mumbai,Gujarat,India,Corporate,2020-04-17
CUST07508,Vivaan Gupta,,46,Bangalore,Gujarat,India,Corporate,2024-02-22
CUST07509,Priya Verma,,23,Surat,Delhi,India,Corporate,2020-12-29
CUST07510,Vivaan Kapoor,,68,Bangalore,Telangana,India,Corporate,2023-04-10
CUST07511,Arjun Mehta,Female,28,Surat,Tamil Nadu,India,Corporate,2021-03-25
CUST07512,Rahul Joshi,Female,56,Pune,Telangana,India,Retail,2020-02-13
CUST07513,Vivaan Patel,,24,Surat,Karnataka,India,Retail,2025-03-12
CUST07514,Isha Kapoor,Female,56,Chennai,Tamil Nadu,India,Retail,2020-03-14
CUST07515,Meera Verma,,20,Surat,Karnataka,India,Retail,2022-05-19
CUST07516,Diya Singh,,71,Delhi,Karnataka,India,Corporate,2023-07-09
CUST07517,Dhruvi Verma,,50,Mumbai,Telangana,India,Wholesale,2022-12-28
CUST07518,Aarav Shah,Female,71,Chennai,Gujarat,India,Retail,2024-01-24
CUST07519,Nidhi Gupta,Female,48,Pune,Delhi,India,Corporate,2021-12-29
CUST07520,Riya Kapoor, male ,34,Surat,Delhi,India,Wholesale,2024-04-09
CUST07521,Yash Singh,,54,Hyderabad,Maharashtra,India,Wholesale,2025-11-29
CUST07522,Rahul Agarwal,Male,33,Ahmedabad,Gujarat,India,Retail,2022-03-18
CUST07523,Sneha Desai,,40,Delhi,Karnataka,India,Wholesale,2023-01-09
CUST07524,Yash Singh,,39,Delhi,Tamil Nadu,India,Corporate,2024-11-27
CUST07525,Kavya Agarwal,,73,Delhi,Karnataka,India,Corporate,2020-07-04
CUST07526,Nidhi Shah,Female,60,Chennai,Karnataka,India,Wholesale,2021-01-10
CUST07527,Riya Joshi,FEMALE,18,Mumbai,Tamil Nadu,India,Wholesale,2025-08-02
CUST07528,Isha Singh,FEMALE,36,Delhi,Tamil Nadu,India,Retail,2020-03-22
CUST07529,Rahul Verma,FEMALE,24,Surat,Gujarat,India,Retail,2024-02-13
CUST07530,Sneha Agarwal,Male,50,Mumbai,Tamil Nadu,India,Corporate,2020-03-10
CUST07531,Aditya Mehta, male ,69,Mumbai,Gujarat,India,Retail,2024-10-30
CUST07532,Arjun Kapoor,,19,Bangalore,Delhi,India,Retail,2022-04-04
CUST07533,Sneha Verma,Female,38,Bangalore,Tamil Nadu,India,Wholesale,2025-12-03
CUST07534,Diya Desai,FEMALE,44,Surat,Delhi,India,Corporate,2025-06-28
CUST07535,Neha Shah,FEMALE,30,Pune,Gujarat,India,Corporate,2024-08-14
CUST07536,Yash Desai,,49,Mumbai,Telangana,India,Wholesale,2021-04-27
CUST07537,Yash Shah,Female,49,Mumbai,Tamil Nadu,India,Wholesale,2020-12-27
CUST07538,Aditya Mehta,FEMALE,72,Mumbai,Gujarat,India,Corporate,2023-07-28
CUST07539,Neha Joshi,,65,Hyderabad,Tamil Nadu,India,Retail,2021-08-14
CUST07540,Nidhi Desai,,18,Bangalore,Gujarat,India,Corporate,2024-04-27
CUST07541,Rohan Joshi,Female,46,Delhi,Telangana,India,Corporate,2021-03-01
CUST07542,Dhruvi Singh,,19,Ahmedabad,Telangana,India,Corporate,2025-08-19
CUST07543,Aarav Singh,Male,61,Pune,Tamil Nadu,India,Wholesale,2021-08-19
CUST07544,Isha Desai,FEMALE,64,Mumbai,Telangana,India,Wholesale,2024-08-18
CUST07545,Rohan Desai,Female,68,Hyderabad,Delhi,India,Wholesale,2025-03-02
CUST07546,Aarav Singh,,56,Surat,Gujarat,India,Corporate,2020-01-30
CUST07547,Ananya Singh,,73,Delhi,Telangana,India,Wholesale,2020-01-30
CUST07548,Rohan Patel,FEMALE,56,Delhi,Delhi,India,Corporate,2023-04-28
CUST07549,Ananya Singh,,47,Hyderabad,Tamil Nadu,India,Wholesale,2020-01-07
CUST07550,Yash Desai,,43,Bangalore,Karnataka,India,Corporate,2022-02-22
CUST07551,Diya Gupta,FEMALE,44,Chennai,Tamil Nadu,India,Wholesale,2022-05-01
CUST07552,Meera Mehta,,61,Ahmedabad,Telangana,India,Retail,2023-02-19
CUST07553,Rahul Joshi, male ,71,Ahmedabad,Maharashtra,India,Wholesale,2025-02-23
CUST07554,Yash Agarwal,FEMALE,70,Ahmedabad,Karnataka,India,Wholesale,2023-01-25
CUST07555,Rahul Singh,Male,66,Bangalore,Tamil Nadu,India,Retail,2021-05-02
CUST07556,Nidhi Verma, male ,29,Surat,Maharashtra,India,Retail,2022-01-28
CUST07557,Riya Patel,FEMALE,70,Delhi,Tamil Nadu,India,Corporate,2024-10-26
CUST07558,Sneha Agarwal,FEMALE,20,Chennai,Karnataka,India,Wholesale,2025-08-01
CUST07559,Riya Gupta, male ,25,Delhi,Maharashtra,India,Corporate,2022-08-19
CUST07560,Isha Gupta,FEMALE,37,Ahmedabad,Tamil Nadu,India,Retail,2022-10-26
CUST07561,Nidhi Agarwal,,20,Bangalore,Maharashtra,India,Retail,2020-05-15
CUST07562,Arjun Verma,Male,50,Hyderabad,Tamil Nadu,India,Retail,2024-04-09
CUST07563,Diya Mehta,Female,69,Surat,Maharashtra,India,Corporate,2025-01-08
CUST07564,Ananya Desai,Male,27,Hyderabad,Gujarat,India,Corporate,2020-12-29
CUST07565,Ananya Joshi, male ,26,Hyderabad,Delhi,India,Wholesale,2021-12-09
CUST07566,Neha Singh,,40,Hyderabad,Tamil Nadu,India,Corporate,2025-06-14
CUST07567,Aditya Kapoor,,55,Mumbai,Maharashtra,India,Wholesale,2021-10-18
CUST07568,Yash Desai,Female,62,Hyderabad,Telangana,India,Wholesale,2022-03-31
CUST07569,Aditya Mehta,FEMALE,32,Bangalore,Maharashtra,India,Corporate,2020-09-27
CUST07570,Vivaan Agarwal,,63,Pune,Maharashtra,India,Retail,2022-07-30
CUST07571,Priya Mehta,FEMALE,74,Mumbai,Gujarat,India,Wholesale,2023-10-19
CUST07572,Rohan Mehta,Female,38,Chennai,Telangana,India,Retail,2025-06-20
CUST07573,Isha Joshi,FEMALE,33,Hyderabad,Tamil Nadu,India,Wholesale,2021-03-21
CUST07574,Neha Desai,,23,Mumbai,Karnataka,India,Retail,2021-07-15
CUST07575,Neha Gupta,Female,19,Mumbai,Maharashtra,India,Wholesale,2021-04-24
CUST07576,Ananya Mehta,Male,55,Bangalore,Gujarat,India,Corporate,2020-09-11
CUST07577,Riya Shah,,70,Bangalore,Maharashtra,India,Wholesale,2022-04-19
CUST07578,Dhruvi Singh,Male,22,Bangalore,Maharashtra,India,Wholesale,2020-11-28
CUST07579,Diya Kapoor,,56,Bangalore,Gujarat,India,Retail,2024-11-19
CUST07580,Vivaan Kapoor,,57,Bangalore,Tamil Nadu,India,Retail,2020-07-02
CUST07581,Yash Shah, male ,66,Mumbai,Maharashtra,India,Wholesale,2020-06-07
CUST07582,Diya Verma,,52,Mumbai,Delhi,India,Wholesale,2026-01-06
CUST07583,Aditya Shah,,39,Surat,Tamil Nadu,India,Retail,2025-01-01
CUST07584,Aditya Agarwal,,70,Ahmedabad,Gujarat,India,Retail,2024-06-19
CUST07585,Kavya Agarwal,,49,Chennai,Gujarat,India,Retail,2021-03-25
CUST07586,Arjun Verma,Male,32,Mumbai,Karnataka,India,Wholesale,2024-10-11
CUST07587,Vivaan Desai,Female,26,Ahmedabad,Karnataka,India,Wholesale,2024-11-19
CUST07588,Meera Gupta,FEMALE,55,Mumbai,Tamil Nadu,India,Retail,2022-09-15
CUST07589,Vivaan Gupta, male ,45,Delhi,Karnataka,India,Wholesale,2020-03-01
CUST07590,Neha Verma,Male,27,Bangalore,Gujarat,India,Retail,2022-12-13
CUST07591,Meera Shah,,20,Hyderabad,Maharashtra,India,Wholesale,2022-04-07
CUST07592,Sneha Patel,Male,50,Mumbai,Telangana,India,Corporate,2023-07-05
CUST07593,Isha Singh,Female,62,Mumbai,Gujarat,India,Corporate,2025-05-12
CUST07594,Aarav Gupta, male ,28,Bangalore,Gujarat,India,Retail,2025-12-29
CUST07595,Yash Mehta,FEMALE,45,Ahmedabad,Tamil Nadu,India,Retail,2024-10-11
CUST07596,Sneha Agarwal,Female,25,Hyderabad,Delhi,India,Wholesale,2024-03-17
CUST07597,Arjun Agarwal,Male,25,Ahmedabad,Telangana,India,Corporate,2023-06-07
CUST07598,Sneha Desai,FEMALE,59,Bangalore,Karnataka,India,Corporate,2025-06-26
CUST07599,Yash Mehta, male ,37,Ahmedabad,Maharashtra,India,Corporate,2021-12-02
CUST07600,Rohan Shah,Male,43,Pune,Telangana,India,Corporate,2024-10-25
CUST07601,Meera Singh,Male,29,Mumbai,Telangana,India,Wholesale,2025-01-21
CUST07602,Sneha Patel,FEMALE,65,Delhi,Telangana,India,Wholesale,2024-05-29
CUST07603,Neha Desai,,58,Surat,Karnataka,India,Wholesale,2020-12-29
CUST07604,Aditya Mehta,Male,69,Surat,Tamil Nadu,India,Corporate,2021-08-22
CUST07605,Sneha Singh,,64,Ahmedabad,Tamil Nadu,India,Corporate,2020-01-19
CUST07606,Isha Desai,Female,41,Delhi,Delhi,India,Retail,2021-08-27
CUST07607,Isha Singh,,27,Delhi,Tamil Nadu,India,Retail,2025-10-16
CUST07608,Dhruvi Agarwal, male ,20,Hyderabad,Delhi,India,Retail,2024-03-05
CUST07609,Yash Joshi,,19,Delhi,Delhi,India,Retail,2020-09-07
CUST07610,Arjun Singh,,43,Delhi,Karnataka,India,Corporate,2020-01-12
CUST07611,Neha Patel,FEMALE,45,Surat,Karnataka,India,Wholesale,2023-11-17
CUST07612,Rahul Verma,,52,Ahmedabad,Telangana,India,Corporate,2020-09-02
CUST07613,Nidhi Kapoor,,38,Bangalore,Telangana,India,Retail,2025-02-26
CUST07614,Diya Mehta,,73,Chennai,Maharashtra,India,Corporate,2021-07-21
CUST07615,Kavya Joshi,,63,Hyderabad,Tamil Nadu,India,Wholesale,2023-04-06
CUST07616,Nidhi Patel,FEMALE,47,Delhi,Telangana,India,Corporate,2022-06-27
CUST07617,Aarav Mehta,FEMALE,29,Ahmedabad,Karnataka,India,Retail,2020-02-24
CUST07618,Kavya Mehta,,64,Ahmedabad,Karnataka,India,Wholesale,2020-01-13
CUST07619,Arjun Kapoor,Male,73,Mumbai,Gujarat,India,Retail,2023-03-04
CUST07620,Rohan Joshi,,58,Hyderabad,Delhi,India,Corporate,2022-06-02
CUST07621,Kavya Kapoor,,71,Ahmedabad,Tamil Nadu,India,Wholesale,2020-04-02
CUST07622,Vivaan Singh, male ,28,Hyderabad,Telangana,India,Retail,2021-08-31
CUST07623,Diya Gupta, male ,52,Chennai,Maharashtra,India,Wholesale,2022-07-29
CUST07624,Diya Joshi,,27,Hyderabad,Karnataka,India,Retail,2023-12-24
CUST07625,Rahul Agarwal,Male,19,Mumbai,Telangana,India,Wholesale,2022-05-10
CUST07626,Meera Agarwal, male ,51,Bangalore,Telangana,India,Wholesale,2020-01-21
CUST07627,Kavya Agarwal,Female,43,Mumbai,Delhi,India,Wholesale,2022-09-14
CUST07628,Isha Mehta,,19,Mumbai,Tamil Nadu,India,Wholesale,2022-12-24
CUST07629,Neha Gupta,,23,Pune,Tamil Nadu,India,Corporate,2021-11-27
CUST07630,Kavya Singh,,18,Mumbai,Karnataka,India,Retail,2020-01-31
CUST07631,Vivaan Gupta,Female,31,Hyderabad,Tamil Nadu,India,Wholesale,2024-07-10
CUST07632,Neha Kapoor, male ,54,Delhi,Telangana,India,Retail,2024-06-14
CUST07633,Vivaan Verma,Female,72,Delhi,Gujarat,India,Corporate,2023-09-10
CUST07634,Aarav Joshi,FEMALE,61,Pune,Telangana,India,Corporate,2022-06-18
CUST07635,Aarav Gupta,Female,73,Hyderabad,Karnataka,India,Retail,2022-03-10
CUST07636,Riya Kapoor, male ,58,Mumbai,Gujarat,India,Wholesale,2024-08-30
CUST07637,Vivaan Kapoor,Female,28,Hyderabad,Delhi,India,Retail,2020-02-03
CUST07638,Aarav Joshi,,54,Delhi,Maharashtra,India,Retail,2024-01-25
CUST07639,Priya Desai,Male,29,Chennai,Delhi,India,Retail,2020-01-10
CUST07640,Rohan Kapoor,FEMALE,43,Ahmedabad,Tamil Nadu,India,Wholesale,2023-12-09
CUST07641,Priya Gupta,Female,48,Surat,Maharashtra,India,Corporate,2023-03-06
CUST07642,Ananya Singh,,22,Pune,Delhi,India,Corporate,2020-12-04
CUST07643,Aditya Agarwal,,47,Pune,Telangana,India,Corporate,2024-07-03
CUST07644,Dhruvi Patel,,48,Pune,Delhi,India,Corporate,2020-01-10
CUST07645,Aarav Verma,,25,Pune,Telangana,India,Wholesale,2023-12-18
CUST07646,Nidhi Singh,FEMALE,29,Chennai,Tamil Nadu,India,Corporate,2024-08-09
CUST07647,Kavya Verma,Male,44,Pune,Delhi,India,Wholesale,2022-08-31
CUST07648,Dhruvi Singh,Male,46,Pune,Delhi,India,Corporate,2024-09-28
CUST07649,Neha Gupta,,47,Delhi,Tamil Nadu,India,Corporate,2023-05-11
CUST07650,Neha Verma,Male,33,Bangalore,Delhi,India,Corporate,2020-01-19
CUST07651,Aditya Mehta,,22,Bangalore,Karnataka,India,Retail,2022-02-24
CUST07652,Sneha Gupta,,54,Mumbai,Telangana,India,Retail,2022-11-01
CUST07653,Aditya Joshi,Male,44,Ahmedabad,Maharashtra,India,Wholesale,2021-11-23
CUST07654,Riya Mehta,Female,59,Mumbai,Gujarat,India,Corporate,2022-03-11
CUST07655,Ananya Shah, male ,55,Bangalore,Karnataka,India,Wholesale,2023-03-10
CUST07656,Priya Verma, male ,72,Chennai,Delhi,India,Retail,2023-02-09
CUST07657,Neha Joshi, male ,58,Chennai,Telangana,India,Retail,2021-08-22
CUST07658,Yash Patel, male ,25,Delhi,Delhi,India,Corporate,2024-12-17
CUST07659,Riya Mehta,Female,50,Chennai,Delhi,India,Retail,2024-09-08
CUST07660,Nidhi Kapoor,FEMALE,28,Ahmedabad,Karnataka,India,Retail,2020-01-08
CUST07661,Vivaan Kapoor,,19,Ahmedabad,Delhi,India,Corporate,2022-07-21
CUST07662,Aarav Patel,FEMALE,32,Bangalore,Maharashtra,India,Retail,2020-07-19
CUST07663,Aditya Gupta,FEMALE,21,Pune,Gujarat,India,Corporate,2023-12-17
CUST07664,Riya Shah,Male,25,Ahmedabad,Delhi,India,Wholesale,2021-08-30
CUST07665,Isha Agarwal,FEMALE,50,Chennai,Karnataka,India,Retail,2020-02-27
CUST07666,Nidhi Verma,,73,Bangalore,Telangana,India,Wholesale,2023-11-17
CUST07667,Riya Gupta,Female,23,Delhi,Karnataka,India,Corporate,2025-08-13
CUST07668,Aditya Patel,Male,53,Bangalore,Delhi,India,Wholesale,2022-07-15
CUST07669,Vivaan Gupta,Female,45,Surat,Maharashtra,India,Retail,2025-08-17
CUST07670,Priya Gupta, male ,64,Ahmedabad,Gujarat,India,Retail,2024-07-31
CUST07671,Ananya Joshi,FEMALE,28,Bangalore,Telangana,India,Corporate,2020-08-05
CUST07672,Aditya Verma,,67,Hyderabad,Telangana,India,Wholesale,2020-12-11
CUST07673,Aditya Patel,,64,Surat,Gujarat,India,Wholesale,2022-02-09
CUST07674,Ananya Verma,,37,Ahmedabad,Telangana,India,Retail,2025-06-21
CUST07675,Nidhi Gupta,Female,56,Pune,Karnataka,India,Corporate,2024-08-09
CUST07676,Isha Mehta,Female,27,Surat,Delhi,India,Wholesale,2021-12-28
CUST07677,Arjun Kapoor,Female,20,Hyderabad,Telangana,India,Corporate,2021-03-03
CUST07678,Neha Patel,,20,Mumbai,Gujarat,India,Corporate,2022-04-07
CUST07679,Kavya Gupta, male ,52,Pune,Karnataka,India,Retail,2020-10-15
CUST07680,Kavya Agarwal, male ,31,Chennai,Gujarat,India,Corporate,2025-01-10
CUST07681,Isha Singh,,59,Bangalore,Telangana,India,Wholesale,2021-11-20
CUST07682,Dhruvi Singh,Male,67,Chennai,Maharashtra,India,Wholesale,2025-09-21
CUST07683,Rohan Mehta, male ,59,Mumbai,Telangana,India,Corporate,2025-08-11
CUST07684,Riya Joshi,,44,Bangalore,Maharashtra,India,Corporate,2024-05-19
CUST07685,Isha Joshi, male ,28,Chennai,Maharashtra,India,Retail,2024-01-08
CUST07686,Aarav Singh, male ,25,Ahmedabad,Telangana,India,Corporate,2021-01-16
CUST07687,Kavya Desai,,66,Chennai,Maharashtra,India,Corporate,2020-09-11
CUST07688,Sneha Singh,Female,56,Pune,Gujarat,India,Retail,2023-07-24
CUST07689,Diya Kapoor,Female,57,Mumbai,Maharashtra,India,Wholesale,2024-08-08
CUST07690,Ananya Mehta, male ,62,Mumbai,Tamil Nadu,India,Retail,2021-09-13
CUST07691,Dhruvi Mehta,,25,Ahmedabad,Maharashtra,India,Corporate,2022-09-30
CUST07692,Vivaan Agarwal,Male,36,Chennai,Telangana,India,Retail,2020-11-10
CUST07693,Kavya Kapoor,Female,57,Mumbai,Karnataka,India,Corporate,2021-05-28
CUST07694,Arjun Desai,Female,71,Bangalore,Delhi,India,Wholesale,2021-10-01
CUST07695,Priya Desai, male ,72,Bangalore,Maharashtra,India,Retail,2022-09-09
CUST07696,Nidhi Patel,FEMALE,37,Hyderabad,Karnataka,India,Corporate,2025-01-25
CUST07697,Sneha Agarwal, male ,27,Delhi,Telangana,India,Corporate,2025-12-11
CUST07698,Priya Joshi,Male,60,Surat,Tamil Nadu,India,Wholesale,2020-07-09
CUST07699,Priya Singh,FEMALE,66,Surat,Tamil Nadu,India,Corporate,2025-10-31
CUST07700,Vivaan Desai,Female,67,Hyderabad,Delhi,India,Wholesale,2020-10-05
CUST07701,Sneha Singh,FEMALE,58,Mumbai,Maharashtra,India,Retail,2020-05-15
CUST07702,Kavya Kapoor,Male,40,Pune,Tamil Nadu,India,Retail,2025-04-10
CUST07703,Rahul Desai,FEMALE,72,Surat,Karnataka,India,Wholesale,2022-09-08
CUST07704,Neha Desai,Male,23,Delhi,Gujarat,India,Retail,2024-03-31
CUST07705,Sneha Gupta,FEMALE,22,Mumbai,Gujarat,India,Corporate,2025-06-11
CUST07706,Meera Joshi,Female,27,Pune,Gujarat,India,Wholesale,2022-03-01
CUST07707,Arjun Kapoor, male ,60,Mumbai,Gujarat,India,Retail,2024-05-15
CUST07708,Yash Verma,Female,43,Surat,Gujarat,India,Wholesale,2022-10-22
CUST07709,Yash Desai,Male,43,Delhi,Maharashtra,India,Retail,2025-06-07
CUST07710,Neha Singh,,18,Pune,Maharashtra,India,Corporate,2023-02-22
CUST07711,Vivaan Joshi,Female,46,Surat,Maharashtra,India,Wholesale,2021-05-20
CUST07712,Aditya Kapoor, male ,33,Ahmedabad,Telangana,India,Retail,2022-09-16
CUST07713,Priya Joshi, male ,51,Bangalore,Maharashtra,India,Corporate,2021-04-09
CUST07714,Diya Kapoor,,19,Bangalore,Maharashtra,India,Retail,2020-10-28
CUST07715,Rahul Joshi,,42,Surat,Maharashtra,India,Corporate,2024-04-15
CUST07716,Ananya Shah,FEMALE,19,Hyderabad,Gujarat,India,Wholesale,2021-07-30
CUST07717,Rahul Patel,FEMALE,22,Mumbai,Karnataka,India,Wholesale,2021-07-12
CUST07718,Sneha Verma,,72,Delhi,Karnataka,India,Wholesale,2025-01-28
CUST07719,Riya Agarwal,,33,Chennai,Gujarat,India,Corporate,2024-01-24
CUST07720,Neha Kapoor,Male,60,Pune,Gujarat,India,Wholesale,2023-02-08
CUST07721,Sneha Singh, male ,60,Mumbai,Tamil Nadu,India,Corporate,2024-03-20
CUST07722,Isha Shah,FEMALE,38,Mumbai,Tamil Nadu,India,Wholesale,2024-08-27
CUST07723,Ananya Gupta, male ,45,Delhi,Tamil Nadu,India,Wholesale,2025-08-24
CUST07724,Riya Shah,,27,Mumbai,Delhi,India,Corporate,2021-11-16
CUST07725,Rahul Singh,Male,43,Hyderabad,Telangana,India,Retail,2025-07-19
CUST07726,Aditya Joshi, male ,68,Ahmedabad,Maharashtra,India,Wholesale,2022-08-27
CUST07727,Rohan Agarwal,,38,Mumbai,Telangana,India,Corporate,2024-08-31
CUST07728,Diya Kapoor,,23,Hyderabad,Karnataka,India,Wholesale,2023-02-05
CUST07729,Riya Gupta,Female,38,Chennai,Delhi,India,Retail,2022-01-22
CUST07730,Aarav Agarwal,FEMALE,46,Mumbai,Telangana,India,Retail,2024-05-11
CUST07731,Meera Kapoor,,44,Chennai,Karnataka,India,Wholesale,2024-11-18
CUST07732,Priya Gupta,Female,45,Chennai,Telangana,India,Wholesale,2020-01-07
CUST07733,Kavya Agarwal,Male,51,Chennai,Telangana,India,Wholesale,2022-10-19
CUST07734,Meera Verma,FEMALE,43,Ahmedabad,Telangana,India,Corporate,2023-04-16
CUST07735,Aarav Agarwal,Male,72,Mumbai,Tamil Nadu,India,Wholesale,2022-03-22
CUST07736,Kavya Patel, male ,27,Mumbai,Delhi,India,Corporate,2020-02-22
CUST07737,Arjun Singh,,20,Pune,Telangana,India,Corporate,2022-05-31
CUST07738,Meera Joshi,,53,Delhi,Gujarat,India,Retail,2025-11-14
CUST07739,Isha Joshi, male ,40,Surat,Delhi,India,Wholesale,2024-07-20
CUST07740,Kavya Joshi, male ,72,Ahmedabad,Tamil Nadu,India,Retail,2025-09-15
CUST07741,Aarav Mehta,,48,Delhi,Karnataka,India,Retail,2022-02-24
CUST07742,Meera Agarwal,,22,Chennai,Delhi,India,Wholesale,2020-06-12
CUST07743,Aditya Agarwal,Male,25,Chennai,Tamil Nadu,India,Retail,2024-10-13
CUST07744,Aarav Kapoor,Male,66,Bangalore,Gujarat,India,Retail,2023-05-14
CUST07745,Dhruvi Kapoor,Male,29,Chennai,Telangana,India,Corporate,2021-10-06
CUST07746,Rohan Shah,,38,Bangalore,Gujarat,India,Wholesale,2022-03-23
CUST07747,Nidhi Desai,,59,Pune,Delhi,India,Wholesale,2021-09-01
CUST07748,Kavya Patel,Female,24,Chennai,Telangana,India,Retail,2022-05-28
CUST07749,Diya Kapoor,,56,Delhi,Tamil Nadu,India,Corporate,2025-01-08
CUST07750,Meera Joshi,Female,63,Pune,Maharashtra,India,Wholesale,2025-01-08
CUST07751,Priya Gupta,Male,58,Chennai,Maharashtra,India,Corporate,2022-07-28
CUST07752,Neha Gupta,FEMALE,61,Delhi,Tamil Nadu,India,Retail,2021-02-17
CUST07753,Rohan Desai,,18,Pune,Maharashtra,India,Corporate,2025-01-07
CUST07754,Neha Verma,Female,32,Ahmedabad,Delhi,India,Corporate,2022-04-03
CUST07755,Dhruvi Kapoor,Male,49,Mumbai,Delhi,India,Wholesale,2021-02-18
CUST07756,Rahul Verma,Male,45,Mumbai,Gujarat,India,Wholesale,2021-11-12
CUST07757,Sneha Patel,Male,34,Delhi,Gujarat,India,Wholesale,2020-07-18
CUST07758,Nidhi Desai,Female,62,Pune,Gujarat,India,Wholesale,2021-06-21
CUST07759,Diya Joshi,,40,Pune,Delhi,India,Wholesale,2021-03-29
CUST07760,Vivaan Singh,Male,32,Bangalore,Gujarat,India,Wholesale,2024-08-13
CUST07761,Arjun Singh, male ,64,Ahmedabad,Karnataka,India,Retail,2024-01-06
CUST07762,Riya Shah,Male,71,Surat,Delhi,India,Retail,2023-05-17
CUST07763,Isha Kapoor,Male,41,Bangalore,Tamil Nadu,India,Corporate,2025-08-22
CUST07764,Neha Kapoor,Female,56,Surat,Gujarat,India,Retail,2025-04-27
CUST07765,Yash Singh,FEMALE,48,Pune,Karnataka,India,Wholesale,2024-03-05
CUST07766,Dhruvi Singh,Male,37,Hyderabad,Delhi,India,Corporate,2022-01-13
CUST07767,Rohan Shah,,62,Bangalore,Maharashtra,India,Corporate,2021-09-21
CUST07768,Kavya Patel,,56,Hyderabad,Gujarat,India,Retail,2020-03-23
CUST07769,Vivaan Desai,Male,24,Mumbai,Telangana,India,Retail,2022-08-17
CUST07770,Rohan Joshi,,73,Ahmedabad,Delhi,India,Corporate,2024-11-21
CUST07771,Vivaan Agarwal, male ,58,Ahmedabad,Karnataka,India,Wholesale,2021-09-17
CUST07772,Vivaan Shah,Female,30,Mumbai,Delhi,India,Wholesale,2020-07-30
CUST07773,Isha Mehta,,53,Hyderabad,Karnataka,India,Retail,2025-07-22
CUST07774,Aditya Agarwal,,62,Delhi,Maharashtra,India,Corporate,2024-07-07
CUST07775,Neha Singh, male ,46,Mumbai,Tamil Nadu,India,Corporate,2022-07-12
CUST07776,Sneha Singh,FEMALE,68,Surat,Maharashtra,India,Retail,2022-02-08
CUST07777,Rahul Gupta,FEMALE,24,Delhi,Tamil Nadu,India,Corporate,2020-03-03
CUST07778,Sneha Kapoor,,47,Delhi,Maharashtra,India,Retail,2025-06-19
CUST07779,Yash Singh, male ,48,Chennai,Tamil Nadu,India,Wholesale,2024-05-17
CUST07780,Sneha Desai,FEMALE,67,Delhi,Tamil Nadu,India,Corporate,2023-10-12
CUST07781,Sneha Joshi,Male,53,Hyderabad,Tamil Nadu,India,Corporate,2021-03-06
CUST07782,Aarav Verma,Male,56,Ahmedabad,Delhi,India,Wholesale,2021-04-09
CUST07783,Priya Patel,,50,Chennai,Delhi,India,Corporate,2025-09-25
CUST07784,Neha Kapoor,FEMALE,33,Hyderabad,Karnataka,India,Retail,2020-01-25
CUST07785,Priya Shah,Female,56,Pune,Karnataka,India,Corporate,2020-07-02
CUST07786,Yash Shah,Female,45,Surat,Karnataka,India,Retail,2025-01-15
CUST07787,Nidhi Singh,,37,Delhi,Tamil Nadu,India,Retail,2020-10-09
CUST07788,Neha Desai,,47,Hyderabad,Tamil Nadu,India,Wholesale,2021-12-09
CUST07789,Yash Joshi, male ,74,Hyderabad,Delhi,India,Wholesale,2022-01-20
CUST07790,Neha Shah,Male,46,Mumbai,Maharashtra,India,Corporate,2025-01-14
CUST07791,Priya Verma, male ,69,Pune,Delhi,India,Retail,2020-04-09
CUST07792,Arjun Shah, male ,18,Pune,Gujarat,India,Corporate,2025-03-11
CUST07793,Yash Kapoor,Male,58,Hyderabad,Tamil Nadu,India,Retail,2021-10-30
CUST07794,Priya Gupta,,48,Bangalore,Karnataka,India,Retail,2020-05-19
CUST07795,Kavya Patel,FEMALE,33,Delhi,Gujarat,India,Corporate,2024-10-31
CUST07796,Ananya Mehta,Female,37,Ahmedabad,Gujarat,India,Corporate,2021-04-17
CUST07797,Sneha Kapoor,FEMALE,56,Hyderabad,Telangana,India,Corporate,2025-05-08
CUST07798,Rahul Gupta, male ,33,Hyderabad,Tamil Nadu,India,Wholesale,2020-05-07
CUST07799,Diya Verma,,71,Delhi,Gujarat,India,Retail,2025-12-17
CUST07800,Arjun Singh,FEMALE,29,Hyderabad,Tamil Nadu,India,Retail,2021-02-25
CUST07801,Rahul Verma,Male,20,Delhi,Maharashtra,India,Corporate,2023-03-02
CUST07802,Riya Patel,Female,43,Surat,Gujarat,India,Corporate,2023-12-30
CUST07803,Nidhi Singh,FEMALE,25,Surat,Telangana,India,Wholesale,2023-11-27
CUST07804,Neha Kapoor,,64,Bangalore,Maharashtra,India,Retail,2023-06-14
CUST07805,Diya Joshi, male ,30,Chennai,Delhi,India,Retail,2025-08-15
CUST07806,Ananya Joshi,,23,Mumbai,Delhi,India,Corporate,2021-10-19
CUST07807,Meera Verma,Female,44,Pune,Telangana,India,Retail,2024-05-10
CUST07808,Meera Mehta,,31,Surat,Maharashtra,India,Corporate,2024-10-23
CUST07809,Isha Verma,Female,29,Hyderabad,Karnataka,India,Retail,2020-02-14
CUST07810,Diya Verma, male ,42,Chennai,Gujarat,India,Retail,2021-10-30
CUST07811,Yash Shah, male ,74,Mumbai,Delhi,India,Wholesale,2020-06-23
CUST07812,Sneha Gupta,Male,39,Surat,Karnataka,India,Retail,2023-03-11
CUST07813,Kavya Agarwal,,27,Delhi,Tamil Nadu,India,Corporate,2024-08-07
CUST07814,Riya Desai,Female,23,Chennai,Gujarat,India,Corporate,2023-03-16
CUST07815,Neha Mehta,,39,Mumbai,Tamil Nadu,India,Corporate,2024-08-14
CUST07816,Kavya Kapoor,,25,Hyderabad,Karnataka,India,Retail,2024-06-25
CUST07817,Dhruvi Verma, male ,53,Bangalore,Gujarat,India,Wholesale,2020-05-08
CUST07818,Sneha Mehta,,27,Surat,Delhi,India,Wholesale,2023-02-04
CUST07819,Arjun Gupta,Male,65,Chennai,Maharashtra,India,Corporate,2023-01-14
CUST07820,Meera Gupta,FEMALE,56,Ahmedabad,Maharashtra,India,Corporate,2020-05-12
CUST07821,Vivaan Singh,Female,47,Surat,Gujarat,India,Retail,2025-08-05
CUST07822,Aarav Shah, male ,30,Mumbai,Tamil Nadu,India,Wholesale,2020-03-16
CUST07823,Riya Verma, male ,67,Mumbai,Gujarat,India,Wholesale,2024-06-14
CUST07824,Rohan Kapoor,,48,Ahmedabad,Karnataka,India,Retail,2020-07-20
CUST07825,Rahul Joshi,,21,Mumbai,Maharashtra,India,Corporate,2025-11-30
CUST07826,Isha Joshi,,48,Ahmedabad,Tamil Nadu,India,Retail,2023-09-21
CUST07827,Arjun Mehta,,47,Mumbai,Maharashtra,India,Corporate,2024-01-18
CUST07828,Meera Shah,,28,Surat,Delhi,India,Corporate,2024-08-18
CUST07829,Meera Desai,Female,61,Mumbai,Maharashtra,India,Wholesale,2024-03-01
CUST07830,Vivaan Desai,Female,70,Surat,Telangana,India,Wholesale,2021-05-18
CUST07831,Arjun Gupta,,73,Ahmedabad,Maharashtra,India,Wholesale,2024-09-29
CUST07832,Dhruvi Joshi, male ,30,Delhi,Telangana,India,Corporate,2021-12-11
CUST07833,Riya Joshi,,34,Mumbai,Tamil Nadu,India,Retail,2022-04-05
CUST07834,Aarav Gupta,,54,Delhi,Delhi,India,Retail,2020-03-09
CUST07835,Isha Patel,,20,Mumbai,Gujarat,India,Corporate,2021-02-27
CUST07836,Vivaan Desai,,31,Pune,Delhi,India,Corporate,2020-06-24
CUST07837,Priya Joshi,,51,Chennai,Telangana,India,Wholesale,2024-03-07
CUST07838,Aarav Joshi,Male,29,Surat,Maharashtra,India,Corporate,2024-10-12
CUST07839,Yash Agarwal,FEMALE,44,Surat,Maharashtra,India,Corporate,2024-04-18
CUST07840,Neha Singh,,45,Pune,Karnataka,India,Retail,2022-08-19
CUST07841,Ananya Desai,,48,Pune,Telangana,India,Retail,2024-08-03
CUST07842,Vivaan Verma, male ,24,Surat,Tamil Nadu,India,Retail,2020-09-17
CUST07843,Rahul Gupta,FEMALE,26,Mumbai,Gujarat,India,Corporate,2025-03-24
CUST07844,Priya Shah,,24,Chennai,Delhi,India,Retail,2024-03-04
CUST07845,Vivaan Singh, male ,50,Bangalore,Tamil Nadu,India,Retail,2020-10-15
CUST07846,Kavya Desai, male ,27,Mumbai,Telangana,India,Wholesale,2024-12-03
CUST07847,Riya Gupta,FEMALE,64,Chennai,Delhi,India,Wholesale,2021-07-15
CUST07848,Nidhi Shah,Male,53,Delhi,Maharashtra,India,Corporate,2023-04-04
CUST07849,Dhruvi Patel,FEMALE,28,Hyderabad,Maharashtra,India,Corporate,2020-08-30
CUST07850,Ananya Patel, male ,63,Mumbai,Maharashtra,India,Corporate,2022-08-02
CUST07851,Nidhi Verma,FEMALE,35,Pune,Karnataka,India,Retail,2025-07-04
CUST07852,Meera Verma,Female,41,Bangalore,Maharashtra,India,Corporate,2022-04-22
CUST07853,Priya Shah,Male,30,Delhi,Karnataka,India,Retail,2023-02-24
CUST07854,Sneha Shah, male ,25,Mumbai,Gujarat,India,Wholesale,2021-06-21
CUST07855,Rohan Desai, male ,37,Pune,Tamil Nadu,India,Corporate,2025-01-25
CUST07856,Isha Joshi,,35,Pune,Tamil Nadu,India,Retail,2023-03-02
CUST07857,Diya Patel,FEMALE,73,Pune,Maharashtra,India,Wholesale,2024-01-07
CUST07858,Aditya Patel,Male,37,Hyderabad,Maharashtra,India,Corporate,2022-07-20
CUST07859,Priya Desai,,19,Pune,Delhi,India,Corporate,2023-05-04
CUST07860,Diya Patel, male ,49,Chennai,Telangana,India,Corporate,2021-03-10
CUST07861,Dhruvi Joshi,,60,Chennai,Delhi,India,Wholesale,2020-11-10
CUST07862,Priya Joshi,Male,22,Bangalore,Maharashtra,India,Wholesale,2025-03-05
CUST07863,Yash Gupta,,18,Bangalore,Telangana,India,Wholesale,2021-07-29
CUST07864,Yash Desai,,25,Delhi,Telangana,India,Wholesale,2021-02-05
CUST07865,Rahul Patel,Male,62,Surat,Maharashtra,India,Corporate,2021-08-05
CUST07866,Neha Gupta, male ,26,Hyderabad,Gujarat,India,Retail,2025-02-01
CUST07867,Isha Patel,FEMALE,38,Ahmedabad,Gujarat,India,Wholesale,2023-11-13
CUST07868,Kavya Joshi, male ,24,Bangalore,Gujarat,India,Retail,2024-08-20
CUST07869,Nidhi Desai,Male,58,Pune,Karnataka,India,Corporate,2023-01-23
CUST07870,Riya Shah,Male,52,Pune,Tamil Nadu,India,Wholesale,2020-06-27
CUST07871,Arjun Singh,,26,Ahmedabad,Maharashtra,India,Retail,2024-07-13
CUST07872,Isha Verma,,40,Hyderabad,Telangana,India,Retail,2023-08-28
CUST07873,Ananya Patel,,32,Delhi,Tamil Nadu,India,Retail,2021-02-09
CUST07874,Rohan Desai,,66,Delhi,Gujarat,India,Wholesale,2021-10-08
CUST07875,Ananya Shah,FEMALE,60,Surat,Telangana,India,Corporate,2025-05-25
CUST07876,Yash Singh,FEMALE,67,Hyderabad,Maharashtra,India,Wholesale,2022-10-15
CUST07877,Neha Patel,Female,49,Surat,Telangana,India,Wholesale,2022-05-27
CUST07878,Vivaan Joshi,FEMALE,48,Pune,Tamil Nadu,India,Corporate,2025-03-19
CUST07879,Vivaan Gupta,,51,Chennai,Maharashtra,India,Retail,2020-06-15
CUST07880,Priya Patel,FEMALE,64,Mumbai,Delhi,India,Retail,2024-02-28
CUST07881,Neha Joshi,FEMALE,48,Delhi,Tamil Nadu,India,Retail,2022-05-02
CUST07882,Neha Kapoor,Male,37,Pune,Karnataka,India,Retail,2025-04-15
CUST07883,Rohan Mehta,FEMALE,58,Hyderabad,Tamil Nadu,India,Wholesale,2020-01-17
CUST07884,Kavya Gupta,,29,Mumbai,Telangana,India,Wholesale,2024-11-27
CUST07885,Aditya Verma,,26,Hyderabad,Gujarat,India,Corporate,2022-12-24
CUST07886,Yash Gupta, male ,62,Hyderabad,Telangana,India,Wholesale,2024-07-17
CUST07887,Arjun Desai,FEMALE,33,Delhi,Gujarat,India,Retail,2024-09-05
CUST07888,Isha Kapoor, male ,73,Hyderabad,Gujarat,India,Wholesale,2022-07-08
CUST07889,Kavya Verma,Female,43,Chennai,Gujarat,India,Corporate,2021-10-02
CUST07890,Ananya Singh,Female,33,Pune,Maharashtra,India,Corporate,2024-07-19
CUST07891,Meera Mehta,,63,Mumbai,Karnataka,India,Corporate,2020-10-01
CUST07892,Yash Gupta,Female,31,Surat,Gujarat,India,Wholesale,2024-10-26
CUST07893,Arjun Joshi,Male,53,Chennai,Delhi,India,Retail,2025-10-20
CUST07894,Sneha Mehta,,42,Bangalore,Telangana,India,Wholesale,2022-12-07
CUST07895,Ananya Joshi, male ,43,Ahmedabad,Telangana,India,Retail,2020-07-24
CUST07896,Rahul Mehta,,38,Pune,Gujarat,India,Wholesale,2020-07-04
CUST07897,Riya Agarwal,FEMALE,71,Hyderabad,Telangana,India,Corporate,2025-06-24
CUST07898,Nidhi Verma,Female,28,Chennai,Tamil Nadu,India,Corporate,2021-06-04
CUST07899,Rohan Gupta,,35,Delhi,Karnataka,India,Wholesale,2023-01-19
CUST07900,Isha Gupta,Male,71,Pune,Delhi,India,Corporate,2021-02-23
CUST07901,Nidhi Joshi, male ,74,Hyderabad,Karnataka,India,Retail,2024-08-07
CUST07902,Dhruvi Shah,Male,73,Surat,Gujarat,India,Retail,2021-09-21
CUST07903,Riya Kapoor,,33,Delhi,Gujarat,India,Corporate,2021-03-18
CUST07904,Isha Kapoor, male ,71,Pune,Karnataka,India,Wholesale,2022-06-21
CUST07905,Rahul Shah,Female,74,Hyderabad,Tamil Nadu,India,Corporate,2021-10-07
CUST07906,Rahul Patel,Male,45,Mumbai,Maharashtra,India,Retail,2022-02-27
CUST07907,Nidhi Agarwal,FEMALE,68,Hyderabad,Karnataka,India,Corporate,2022-04-20
CUST07908,Aarav Mehta,Female,63,Chennai,Gujarat,India,Wholesale,2021-10-09
CUST07909,Isha Joshi, male ,47,Chennai,Gujarat,India,Retail,2020-07-01
CUST07910,Rahul Patel,Male,71,Mumbai,Delhi,India,Corporate,2022-03-26
CUST07911,Ananya Shah,,36,Delhi,Telangana,India,Retail,2025-03-17
CUST07912,Isha Mehta,Male,33,Hyderabad,Gujarat,India,Corporate,2024-10-23
CUST07913,Kavya Patel,,30,Pune,Maharashtra,India,Corporate,2025-05-14
CUST07914,Riya Agarwal,FEMALE,56,Pune,Tamil Nadu,India,Corporate,2021-01-15
CUST07915,Nidhi Verma,Female,67,Mumbai,Telangana,India,Corporate,2021-10-20
CUST07916,Neha Verma,,42,Hyderabad,Telangana,India,Wholesale,2021-02-05
CUST07917,Neha Kapoor,Male,63,Pune,Karnataka,India,Corporate,2023-02-04
CUST07918,Ananya Shah,Female,21,Hyderabad,Gujarat,India,Wholesale,2024-09-20
CUST07919,Diya Singh,Male,22,Ahmedabad,Maharashtra,India,Retail,2024-09-17
CUST07920,Aditya Shah,,27,Surat,Maharashtra,India,Corporate,2022-10-27
CUST07921,Aditya Desai, male ,34,Chennai,Tamil Nadu,India,Retail,2025-03-12
CUST07922,Ananya Mehta,Male,44,Surat,Karnataka,India,Corporate,2022-11-28
CUST07923,Diya Patel, male ,47,Pune,Gujarat,India,Corporate,2022-09-19
CUST07924,Yash Singh,Female,54,Hyderabad,Maharashtra,India,Wholesale,2024-04-08
CUST07925,Riya Agarwal,Female,65,Bangalore,Maharashtra,India,Wholesale,2024-04-03
CUST07926,Aarav Singh, male ,66,Ahmedabad,Tamil Nadu,India,Retail,2023-06-17
CUST07927,Rahul Verma,,52,Pune,Telangana,India,Wholesale,2025-08-29
CUST07928,Aditya Patel,,71,Surat,Telangana,India,Retail,2024-04-06
CUST07929,Nidhi Agarwal, male ,70,Delhi,Gujarat,India,Corporate,2021-04-20
CUST07930,Isha Patel,Female,57,Bangalore,Delhi,India,Retail,2023-04-03
CUST07931,Dhruvi Gupta,,63,Surat,Delhi,India,Wholesale,2022-12-22
CUST07932,Kavya Kapoor,Male,41,Mumbai,Tamil Nadu,India,Wholesale,2022-05-29
CUST07933,Diya Verma,Male,40,Delhi,Karnataka,India,Retail,2021-04-29
CUST07934,Nidhi Singh,Female,71,Chennai,Maharashtra,India,Wholesale,2022-04-28
CUST07935,Neha Agarwal,Male,51,Ahmedabad,Tamil Nadu,India,Wholesale,2020-01-13
CUST07936,Priya Verma,Female,67,Chennai,Maharashtra,India,Retail,2021-06-27
CUST07937,Priya Patel, male ,42,Ahmedabad,Delhi,India,Wholesale,2024-06-08
CUST07938,Riya Shah,Female,44,Surat,Karnataka,India,Corporate,2025-04-02
CUST07939,Aarav Kapoor,Male,25,Hyderabad,Tamil Nadu,India,Corporate,2020-07-13
CUST07940,Meera Agarwal,Male,66,Hyderabad,Maharashtra,India,Corporate,2023-09-08
CUST07941,Aarav Gupta,FEMALE,45,Delhi,Tamil Nadu,India,Corporate,2023-10-22
CUST07942,Isha Mehta,,40,Ahmedabad,Telangana,India,Corporate,2025-11-05
CUST07943,Aarav Agarwal,Male,40,Mumbai,Gujarat,India,Corporate,2020-03-31
CUST07944,Sneha Verma, male ,59,Chennai,Maharashtra,India,Wholesale,2020-08-31
CUST07945,Aarav Singh,Male,58,Pune,Delhi,India,Wholesale,2023-01-27
CUST07946,Neha Agarwal,,57,Hyderabad,Tamil Nadu,India,Wholesale,2022-08-24
CUST07947,Nidhi Verma,Male,32,Mumbai,Tamil Nadu,India,Corporate,2020-09-03
CUST07948,Aarav Joshi,,32,Pune,Delhi,India,Wholesale,2020-09-03
CUST07949,Rahul Desai,Male,24,Ahmedabad,Telangana,India,Retail,2021-10-28
CUST07950,Riya Desai,,19,Ahmedabad,Gujarat,India,Corporate,2024-09-13
CUST07951,Vivaan Kapoor, male ,57,Delhi,Karnataka,India,Corporate,2024-08-23
CUST07952,Nidhi Gupta,FEMALE,33,Pune,Gujarat,India,Retail,2023-12-13
CUST07953,Diya Mehta, male ,68,Surat,Gujarat,India,Retail,2022-06-11
CUST07954,Neha Singh, male ,52,Bangalore,Karnataka,India,Corporate,2020-08-04
CUST07955,Riya Agarwal, male ,32,Delhi,Delhi,India,Corporate,2020-07-10
CUST07956,Nidhi Kapoor,,69,Surat,Tamil Nadu,India,Corporate,2025-04-06
CUST07957,Nidhi Mehta,,69,Hyderabad,Maharashtra,India,Retail,2024-06-21
CUST07958,Kavya Gupta,Male,20,Bangalore,Gujarat,India,Retail,2025-08-03
CUST07959,Ananya Kapoor,Male,46,Pune,Karnataka,India,Corporate,2020-01-22
CUST07960,Vivaan Patel,Female,68,Delhi,Tamil Nadu,India,Corporate,2021-06-21
CUST07961,Sneha Joshi,Male,20,Bangalore,Karnataka,India,Wholesale,2024-09-19
CUST07962,Diya Singh,,44,Bangalore,Gujarat,India,Wholesale,2021-12-01
CUST07963,Isha Singh,,62,Hyderabad,Gujarat,India,Corporate,2025-06-19
CUST07964,Rohan Agarwal,Male,32,Pune,Gujarat,India,Retail,2022-09-25
CUST07965,Dhruvi Desai,Male,63,Pune,Delhi,India,Corporate,2021-11-18
CUST07966,Riya Mehta,,50,Delhi,Gujarat,India,Retail,2024-12-10
CUST07967,Dhruvi Shah,Female,54,Chennai,Gujarat,India,Retail,2021-01-31
CUST07968,Dhruvi Joshi,Female,46,Delhi,Karnataka,India,Wholesale,2020-01-30
CUST07969,Aarav Kapoor,Male,72,Surat,Gujarat,India,Corporate,2022-05-04
CUST07970,Rahul Desai,,41,Surat,Karnataka,India,Corporate,2025-03-26
CUST07971,Arjun Desai,FEMALE,39,Chennai,Tamil Nadu,India,Corporate,2025-02-04
CUST07972,Dhruvi Shah,Female,66,Delhi,Maharashtra,India,Corporate,2022-08-21
CUST07973,Vivaan Mehta,Male,72,Delhi,Delhi,India,Corporate,2022-07-11
CUST07974,Priya Joshi,Female,49,Mumbai,Delhi,India,Retail,2025-01-22
CUST07975,Diya Singh,,60,Surat,Gujarat,India,Wholesale,2020-12-15
CUST07976,Dhruvi Kapoor,,62,Delhi,Maharashtra,India,Corporate,2021-10-31
CUST07977,Dhruvi Desai,,47,Ahmedabad,Telangana,India,Corporate,2021-08-08
CUST07978,Vivaan Patel,,18,Chennai,Gujarat,India,Corporate,2020-08-27
CUST07979,Sneha Gupta,Male,70,Pune,Tamil Nadu,India,Corporate,2020-04-08
CUST07980,Isha Verma,Male,66,Hyderabad,Karnataka,India,Wholesale,2023-05-16
CUST07981,Kavya Joshi,,18,Chennai,Tamil Nadu,India,Wholesale,2023-06-08
CUST07982,Dhruvi Mehta, male ,70,Chennai,Gujarat,India,Wholesale,2023-06-01
CUST07983,Sneha Kapoor,FEMALE,37,Surat,Delhi,India,Corporate,2020-12-13
CUST07984,Yash Desai, male ,38,Bangalore,Gujarat,India,Wholesale,2025-03-29
CUST07985,Vivaan Gupta,,48,Ahmedabad,Karnataka,India,Retail,2024-03-20
CUST07986,Priya Desai,,26,Pune,Telangana,India,Wholesale,2021-04-16
CUST07987,Yash Agarwal, male ,22,Pune,Tamil Nadu,India,Corporate,2025-08-14
CUST07988,Meera Gupta,FEMALE,37,Surat,Telangana,India,Wholesale,2025-06-04
CUST07989,Kavya Singh,FEMALE,23,Bangalore,Karnataka,India,Retail,2020-12-07
CUST07990,Arjun Patel,FEMALE,53,Ahmedabad,Gujarat,India,Wholesale,2020-05-26
CUST07991,Meera Verma,FEMALE,46,Surat,Maharashtra,India,Wholesale,2020-11-27
CUST07992,Vivaan Gupta, male ,58,Chennai,Delhi,India,Retail,2020-07-23
CUST07993,Nidhi Mehta,Male,40,Bangalore,Maharashtra,India,Corporate,2026-01-03
CUST07994,Vivaan Shah,Female,43,Hyderabad,Maharashtra,India,Wholesale,2024-08-30
CUST07995,Ananya Patel,,19,Ahmedabad,Gujarat,India,Retail,2023-05-09
CUST07996,Rahul Shah,,64,Delhi,Tamil Nadu,India,Retail,2025-01-14
CUST07997,Nidhi Joshi,FEMALE,74,Bangalore,Delhi,India,Corporate,2020-01-11
CUST07998,Meera Agarwal,FEMALE,21,Surat,Delhi,India,Retail,2024-03-06
CUST07999,Rahul Joshi,FEMALE,25,Pune,Telangana,India,Corporate,2020-05-29
CUST08000,Rohan Agarwal,Male,32,Hyderabad,Maharashtra,India,Wholesale,2022-07-09
CUST08001,Rohan Kapoor,FEMALE,42,Delhi,Tamil Nadu,India,Corporate,2021-02-17
CUST08002,Ananya Shah,,38,Ahmedabad,Telangana,India,Retail,2023-03-13
CUST08003,Ananya Gupta,FEMALE,28,Pune,Gujarat,India,Corporate,2020-02-24
CUST08004,Meera Joshi, male ,61,Ahmedabad,Maharashtra,India,Corporate,2021-08-06
CUST08005,Nidhi Singh, male ,44,Surat,Tamil Nadu,India,Corporate,2020-07-03
CUST08006,Aditya Shah,,30,Mumbai,Maharashtra,India,Retail,2022-12-15
CUST08007,Priya Desai,,74,Bangalore,Maharashtra,India,Retail,2025-01-10
CUST08008,Nidhi Joshi,Female,69,Bangalore,Gujarat,India,Corporate,2023-05-05
CUST08009,Isha Agarwal, male ,22,Delhi,Telangana,India,Corporate,2022-09-09
CUST08010,Ananya Patel,FEMALE,47,Chennai,Gujarat,India,Corporate,2020-07-21
CUST08011,Neha Joshi, male ,42,Delhi,Karnataka,India,Retail,2024-09-26
CUST08012,Kavya Joshi, male ,30,Surat,Delhi,India,Corporate,2020-09-09
CUST08013,Aditya Kapoor,,19,Delhi,Telangana,India,Corporate,2024-10-26
CUST08014,Kavya Singh,,59,Chennai,Telangana,India,Wholesale,2023-09-10
CUST08015,Diya Patel,Female,68,Mumbai,Maharashtra,India,Corporate,2021-03-30
CUST08016,Ananya Joshi,FEMALE,28,Mumbai,Karnataka,India,Corporate,2024-06-24
CUST08017,Kavya Patel, male ,67,Bangalore,Delhi,India,Retail,2025-05-23
CUST08018,Diya Agarwal,,36,Bangalore,Delhi,India,Wholesale,2024-06-22
CUST08019,Nidhi Singh,FEMALE,54,Mumbai,Karnataka,India,Corporate,2021-04-05
CUST08020,Diya Agarwal,,54,Mumbai,Gujarat,India,Wholesale,2023-02-05
CUST08021,Dhruvi Patel,Female,29,Surat,Tamil Nadu,India,Corporate,2021-10-19
CUST08022,Dhruvi Agarwal,Female,48,Surat,Tamil Nadu,India,Retail,2025-09-21
CUST08023,Kavya Kapoor,Male,31,Chennai,Tamil Nadu,India,Wholesale,2025-05-31
CUST08024,Diya Agarwal,Male,31,Surat,Delhi,India,Wholesale,2025-02-17
CUST08025,Kavya Desai,,47,Mumbai,Maharashtra,India,Wholesale,2023-08-04
CUST08026,Nidhi Joshi, male ,65,Mumbai,Maharashtra,India,Wholesale,2023-09-11
CUST08027,Yash Mehta,FEMALE,41,Pune,Gujarat,India,Retail,2025-01-31
CUST08028,Dhruvi Agarwal, male ,30,Bangalore,Maharashtra,India,Retail,2022-10-13
CUST08029,Rahul Shah,Male,62,Bangalore,Tamil Nadu,India,Retail,2021-09-12
CUST08030,Isha Gupta,Male,64,Surat,Telangana,India,Wholesale,2025-07-20
CUST08031,Diya Patel, male ,67,Surat,Tamil Nadu,India,Retail,2023-04-22
CUST08032,Nidhi Desai,,54,Chennai,Tamil Nadu,India,Wholesale,2022-11-04
CUST08033,Rahul Patel,Male,47,Pune,Karnataka,India,Wholesale,2020-12-11
CUST08034,Aditya Mehta,,37,Surat,Maharashtra,India,Corporate,2022-07-17
CUST08035,Neha Agarwal,FEMALE,60,Bangalore,Gujarat,India,Wholesale,2024-10-17
CUST08036,Riya Mehta,Male,33,Chennai,Gujarat,India,Wholesale,2022-12-29
CUST08037,Yash Agarwal,,72,Chennai,Gujarat,India,Wholesale,2020-11-05
CUST08038,Aarav Desai,Female,68,Hyderabad,Telangana,India,Wholesale,2022-11-22
CUST08039,Arjun Patel,FEMALE,60,Pune,Maharashtra,India,Wholesale,2025-05-28
CUST08040,Yash Joshi,FEMALE,59,Surat,Maharashtra,India,Retail,2025-10-04
CUST08041,Yash Singh, male ,59,Mumbai,Delhi,India,Wholesale,2020-09-29
CUST08042,Kavya Patel,Female,50,Chennai,Gujarat,India,Retail,2024-11-28
CUST08043,Vivaan Singh,Male,68,Mumbai,Telangana,India,Corporate,2020-09-14
CUST08044,Vivaan Joshi,FEMALE,67,Surat,Gujarat,India,Wholesale,2022-10-11
CUST08045,Rahul Shah,FEMALE,52,Chennai,Tamil Nadu,India,Retail,2020-04-09
CUST08046,Aditya Mehta,,66,Surat,Gujarat,India,Corporate,2020-06-01
CUST08047,Rohan Gupta,,65,Delhi,Maharashtra,India,Retail,2024-09-26
CUST08048,Vivaan Gupta,FEMALE,20,Chennai,Telangana,India,Wholesale,2023-07-21
CUST08049,Riya Gupta,,68,Bangalore,Maharashtra,India,Corporate,2020-10-20
CUST08050,Isha Joshi,,41,Pune,Maharashtra,India,Corporate,2024-12-05
CUST08051,Priya Agarwal,,37,Mumbai,Maharashtra,India,Wholesale,2025-01-03
CUST08052,Ananya Mehta,,74,Delhi,Tamil Nadu,India,Retail,2023-02-25
CUST08053,Dhruvi Mehta, male ,36,Chennai,Karnataka,India,Corporate,2023-11-10
CUST08054,Isha Shah,Male,66,Surat,Maharashtra,India,Corporate,2023-02-16
CUST08055,Sneha Gupta,FEMALE,27,Pune,Telangana,India,Corporate,2024-08-24
CUST08056,Sneha Singh,,71,Pune,Delhi,India,Corporate,2023-05-17
CUST08057,Sneha Joshi,FEMALE,32,Mumbai,Telangana,India,Retail,2024-01-11
CUST08058,Neha Kapoor, male ,23,Mumbai,Tamil Nadu,India,Corporate,2022-07-23
CUST08059,Meera Patel,Male,59,Pune,Delhi,India,Retail,2022-02-04
CUST08060,Nidhi Mehta,,37,Chennai,Delhi,India,Retail,2022-01-09
CUST08061,Rohan Agarwal,Female,55,Bangalore,Tamil Nadu,India,Corporate,2025-07-31
CUST08062,Neha Verma, male ,40,Surat,Telangana,India,Corporate,2024-05-21
CUST08063,Rahul Gupta,Male,43,Delhi,Gujarat,India,Corporate,2022-07-21
CUST08064,Aditya Verma, male ,42,Surat,Delhi,India,Wholesale,2022-11-26
CUST08065,Dhruvi Singh,,71,Delhi,Telangana,India,Wholesale,2021-09-13
CUST08066,Meera Verma,Female,40,Ahmedabad,Delhi,India,Corporate,2020-01-04
CUST08067,Rohan Agarwal,,71,Pune,Tamil Nadu,India,Wholesale,2021-05-12
CUST08068,Kavya Desai,Male,68,Pune,Delhi,India,Wholesale,2022-09-04
CUST08069,Vivaan Kapoor,,19,Hyderabad,Delhi,India,Wholesale,2020-01-18
CUST08070,Rahul Kapoor, male ,45,Mumbai,Gujarat,India,Corporate,2025-02-11
CUST08071,Diya Shah,,51,Mumbai,Tamil Nadu,India,Retail,2025-04-20
CUST08072,Nidhi Singh,,65,Delhi,Maharashtra,India,Wholesale,2023-09-14
CUST08073,Aarav Joshi,,67,Surat,Delhi,India,Retail,2024-02-22
CUST08074,Priya Shah,,34,Pune,Karnataka,India,Retail,2022-12-31
CUST08075,Priya Kapoor,Male,59,Delhi,Delhi,India,Corporate,2024-02-04
CUST08076,Sneha Gupta,,44,Mumbai,Karnataka,India,Wholesale,2024-01-26
CUST08077,Aditya Kapoor,Female,73,Pune,Tamil Nadu,India,Wholesale,2020-08-21
CUST08078,Kavya Desai, male ,49,Pune,Telangana,India,Wholesale,2022-09-08
CUST08079,Kavya Singh,FEMALE,72,Pune,Telangana,India,Corporate,2020-06-20
CUST08080,Riya Agarwal,,46,Hyderabad,Tamil Nadu,India,Wholesale,2024-04-23
CUST08081,Arjun Verma,Female,66,Pune,Karnataka,India,Wholesale,2020-07-11
CUST08082,Sneha Agarwal,,53,Surat,Telangana,India,Wholesale,2024-08-23
CUST08083,Kavya Kapoor,Male,35,Pune,Tamil Nadu,India,Corporate,2024-05-29
CUST08084,Ananya Kapoor,FEMALE,55,Mumbai,Delhi,India,Corporate,2020-09-20
CUST08085,Diya Patel,Female,46,Ahmedabad,Telangana,India,Corporate,2025-12-30
CUST08086,Rohan Patel,,71,Hyderabad,Karnataka,India,Retail,2023-03-24
CUST08087,Isha Mehta,,46,Bangalore,Telangana,India,Wholesale,2021-03-31
CUST08088,Sneha Singh,,65,Chennai,Telangana,India,Retail,2022-05-24
CUST08089,Aditya Gupta,Male,73,Mumbai,Gujarat,India,Retail,2025-01-18
CUST08090,Dhruvi Verma,Male,34,Pune,Telangana,India,Retail,2021-01-19
CUST08091,Neha Patel,FEMALE,37,Ahmedabad,Telangana,India,Wholesale,2021-02-23
CUST08092,Neha Patel,Male,26,Chennai,Delhi,India,Wholesale,2024-04-14
CUST08093,Kavya Shah,Female,35,Pune,Gujarat,India,Wholesale,2025-10-05
CUST08094,Ananya Mehta,Male,64,Hyderabad,Karnataka,India,Retail,2020-11-07
CUST08095,Rahul Patel,,42,Bangalore,Delhi,India,Wholesale,2023-12-05
CUST08096,Nidhi Patel,Male,72,Surat,Karnataka,India,Corporate,2023-06-24
CUST08097,Rohan Singh, male ,70,Hyderabad,Delhi,India,Corporate,2023-05-26
CUST08098,Riya Gupta,,26,Mumbai,Maharashtra,India,Corporate,2021-04-20
CUST08099,Yash Mehta,FEMALE,34,Surat,Gujarat,India,Wholesale,2020-02-17
CUST08100,Aarav Agarwal,FEMALE,62,Surat,Telangana,India,Corporate,2020-03-30
CUST08101,Ananya Mehta,,62,Pune,Tamil Nadu,India,Corporate,2020-11-23
CUST08102,Yash Shah,Female,65,Pune,Karnataka,India,Retail,2023-04-30
CUST08103,Aditya Gupta,,64,Chennai,Maharashtra,India,Corporate,2024-07-15
CUST08104,Rahul Verma,FEMALE,67,Mumbai,Karnataka,India,Wholesale,2024-09-29
CUST08105,Aarav Verma,FEMALE,46,Bangalore,Telangana,India,Wholesale,2022-05-10
CUST08106,Kavya Desai,,71,Delhi,Karnataka,India,Corporate,2023-06-04
CUST08107,Meera Joshi,,43,Surat,Tamil Nadu,India,Wholesale,2024-03-22
CUST08108,Ananya Mehta,,47,Pune,Maharashtra,India,Retail,2022-10-16
CUST08109,Isha Mehta,Female,65,Pune,Tamil Nadu,India,Retail,2020-05-11
CUST08110,Ananya Agarwal,Female,48,Hyderabad,Delhi,India,Retail,2022-02-03
CUST08111,Arjun Verma,,63,Hyderabad,Karnataka,India,Corporate,2022-06-02
CUST08112,Rohan Agarwal,Male,59,Hyderabad,Karnataka,India,Wholesale,2025-06-17
CUST08113,Diya Verma, male ,52,Surat,Delhi,India,Wholesale,2022-02-21
CUST08114,Nidhi Mehta,,49,Chennai,Delhi,India,Retail,2024-10-02
CUST08115,Ananya Gupta,Male,74,Mumbai,Maharashtra,India,Retail,2023-04-24
CUST08116,Aditya Agarwal,FEMALE,43,Mumbai,Telangana,India,Corporate,2025-11-08
CUST08117,Dhruvi Joshi,FEMALE,37,Delhi,Maharashtra,India,Wholesale,2020-05-10
CUST08118,Rohan Agarwal,,44,Ahmedabad,Tamil Nadu,India,Corporate,2022-12-28
CUST08119,Aditya Shah,Female,35,Ahmedabad,Tamil Nadu,India,Wholesale,2022-04-15
CUST08120,Aditya Verma,Male,69,Pune,Telangana,India,Wholesale,2025-05-19
CUST08121,Priya Joshi,Male,45,Pune,Karnataka,India,Retail,2020-04-30
CUST08122,Vivaan Desai,Male,33,Ahmedabad,Tamil Nadu,India,Corporate,2025-12-06
CUST08123,Nidhi Kapoor,FEMALE,20,Delhi,Gujarat,India,Wholesale,2023-04-13
CUST08124,Neha Singh,Female,51,Hyderabad,Tamil Nadu,India,Corporate,2023-11-11
CUST08125,Vivaan Mehta,Female,65,Delhi,Delhi,India,Retail,2025-06-27
CUST08126,Dhruvi Shah,,20,Surat,Telangana,India,Wholesale,2025-11-23
CUST08127,Nidhi Agarwal,FEMALE,49,Surat,Tamil Nadu,India,Corporate,2022-08-27
CUST08128,Yash Joshi,,63,Ahmedabad,Delhi,India,Wholesale,2021-06-09
CUST08129,Rahul Desai,Male,31,Pune,Telangana,India,Retail,2025-12-29
CUST08130,Neha Singh,Female,37,Bangalore,Karnataka,India,Wholesale,2020-01-03
CUST08131,Isha Agarwal,FEMALE,33,Surat,Gujarat,India,Corporate,2024-03-31
CUST08132,Ananya Agarwal,FEMALE,65,Chennai,Maharashtra,India,Corporate,2025-05-09
CUST08133,Rahul Singh,,32,Bangalore,Gujarat,India,Retail,2022-08-29
CUST08134,Priya Agarwal, male ,46,Pune,Delhi,India,Wholesale,2025-08-28
CUST08135,Ananya Desai,Male,46,Ahmedabad,Tamil Nadu,India,Corporate,2025-12-02
CUST08136,Rahul Gupta,,30,Hyderabad,Gujarat,India,Wholesale,2021-01-22
CUST08137,Riya Shah,,67,Ahmedabad,Maharashtra,India,Corporate,2023-05-28
CUST08138,Yash Singh,Male,69,Mumbai,Maharashtra,India,Retail,2024-08-29
CUST08139,Isha Gupta,Female,49,Chennai,Maharashtra,India,Corporate,2025-10-27
CUST08140,Dhruvi Gupta, male ,50,Mumbai,Tamil Nadu,India,Corporate,2020-01-19
CUST08141,Sneha Patel,Male,19,Hyderabad,Tamil Nadu,India,Wholesale,2022-06-01
CUST08142,Nidhi Mehta,Female,36,Mumbai,Telangana,India,Wholesale,2024-04-06
CUST08143,Kavya Singh, male ,47,Delhi,Delhi,India,Corporate,2022-03-21
CUST08144,Rohan Joshi, male ,28,Chennai,Gujarat,India,Retail,2024-09-06
CUST08145,Aarav Desai,FEMALE,72,Bangalore,Tamil Nadu,India,Retail,2025-08-12
CUST08146,Neha Verma,Female,41,Delhi,Gujarat,India,Corporate,2024-11-30
CUST08147,Kavya Shah,Female,73,Mumbai,Maharashtra,India,Corporate,2024-02-05
CUST08148,Rohan Gupta,Female,42,Ahmedabad,Karnataka,India,Corporate,2022-07-16
CUST08149,Rahul Joshi,Female,69,Ahmedabad,Karnataka,India,Retail,2022-08-08
CUST08150,Nidhi Gupta,Female,66,Pune,Gujarat,India,Wholesale,2022-07-26
CUST08151,Meera Desai,FEMALE,36,Mumbai,Delhi,India,Corporate,2020-03-15
CUST08152,Sneha Verma,,34,Pune,Maharashtra,India,Retail,2023-01-24
CUST08153,Neha Mehta,FEMALE,20,Delhi,Telangana,India,Corporate,2023-05-30
CUST08154,Dhruvi Patel,Female,64,Mumbai,Delhi,India,Corporate,2024-05-06
CUST08155,Ananya Singh,Female,68,Bangalore,Tamil Nadu,India,Corporate,2023-07-23
CUST08156,Isha Kapoor,Female,39,Mumbai,Delhi,India,Corporate,2021-04-14
CUST08157,Diya Verma,,52,Hyderabad,Delhi,India,Wholesale,2025-03-07
CUST08158,Ananya Desai,,39,Delhi,Delhi,India,Wholesale,2023-06-10
CUST08159,Aarav Desai,,34,Mumbai,Delhi,India,Wholesale,2022-09-11
CUST08160,Vivaan Kapoor,,38,Hyderabad,Telangana,India,Wholesale,2024-01-17
CUST08161,Meera Kapoor,FEMALE,21,Mumbai,Gujarat,India,Wholesale,2020-08-09
CUST08162,Aarav Verma,,72,Chennai,Karnataka,India,Corporate,2023-04-03
CUST08163,Isha Verma,FEMALE,64,Chennai,Delhi,India,Wholesale,2025-07-05
CUST08164,Arjun Shah,FEMALE,71,Chennai,Karnataka,India,Corporate,2023-04-20
CUST08165,Aditya Mehta, male ,51,Delhi,Delhi,India,Retail,2024-07-18
CUST08166,Rohan Patel,,60,Hyderabad,Telangana,India,Wholesale,2024-01-02
CUST08167,Yash Mehta,Female,57,Chennai,Delhi,India,Retail,2024-06-07
CUST08168,Neha Patel,,21,Chennai,Tamil Nadu,India,Corporate,2023-09-10
CUST08169,Diya Kapoor,Male,37,Bangalore,Telangana,India,Retail,2022-01-28
CUST08170,Arjun Kapoor,,61,Pune,Telangana,India,Wholesale,2025-10-11
CUST08171,Sneha Desai,,25,Hyderabad,Maharashtra,India,Corporate,2024-04-28
CUST08172,Aarav Patel,Female,58,Chennai,Delhi,India,Wholesale,2025-07-31
CUST08173,Diya Joshi,FEMALE,47,Ahmedabad,Telangana,India,Corporate,2024-12-07
CUST08174,Ananya Mehta, male ,44,Chennai,Delhi,India,Retail,2023-01-13
CUST08175,Aarav Patel,,74,Mumbai,Tamil Nadu,India,Corporate,2023-11-16
CUST08176,Riya Shah, male ,67,Bangalore,Tamil Nadu,India,Corporate,2025-12-22
CUST08177,Neha Shah,FEMALE,43,Chennai,Maharashtra,India,Corporate,2024-08-09
CUST08178,Isha Desai,Female,19,Bangalore,Gujarat,India,Corporate,2023-11-22
CUST08179,Priya Mehta,,28,Surat,Gujarat,India,Corporate,2023-04-21
CUST08180,Kavya Singh, male ,22,Mumbai,Maharashtra,India,Wholesale,2020-03-07
CUST08181,Vivaan Agarwal, male ,47,Hyderabad,Delhi,India,Wholesale,2024-04-18
CUST08182,Yash Desai,FEMALE,33,Pune,Gujarat,India,Retail,2023-07-23
CUST08183,Kavya Shah, male ,19,Delhi,Delhi,India,Corporate,2023-03-15
CUST08184,Rohan Gupta, male ,44,Hyderabad,Delhi,India,Wholesale,2025-03-07
CUST08185,Dhruvi Singh,Male,71,Ahmedabad,Delhi,India,Wholesale,2020-04-28
CUST08186,Aarav Singh,,29,Chennai,Telangana,India,Corporate,2022-01-10
CUST08187,Aditya Verma,,30,Ahmedabad,Karnataka,India,Retail,2025-12-31
CUST08188,Aditya Singh,,56,Hyderabad,Delhi,India,Corporate,2020-05-06
CUST08189,Neha Agarwal,Male,18,Delhi,Tamil Nadu,India,Retail,2023-08-17
CUST08190,Ananya Singh,Female,70,Pune,Gujarat,India,Corporate,2021-02-06
CUST08191,Rahul Agarwal,,18,Hyderabad,Tamil Nadu,India,Wholesale,2021-07-04
CUST08192,Riya Singh,,24,Chennai,Tamil Nadu,India,Corporate,2021-03-11
CUST08193,Dhruvi Singh,Female,22,Ahmedabad,Maharashtra,India,Corporate,2021-03-06
CUST08194,Rahul Shah,FEMALE,27,Hyderabad,Tamil Nadu,India,Corporate,2021-05-11
CUST08195,Riya Joshi,Female,72,Hyderabad,Karnataka,India,Wholesale,2021-10-20
CUST08196,Meera Patel,,49,Pune,Maharashtra,India,Corporate,2022-10-12
CUST08197,Dhruvi Agarwal, male ,58,Bangalore,Telangana,India,Corporate,2023-03-16
CUST08198,Yash Verma,FEMALE,55,Surat,Tamil Nadu,India,Wholesale,2023-11-25
CUST08199,Nidhi Desai,Male,45,Bangalore,Gujarat,India,Wholesale,2025-05-31
CUST08200,Riya Gupta,Female,30,Hyderabad,Telangana,India,Wholesale,2024-06-18
CUST08201,Nidhi Gupta,Female,68,Chennai,Karnataka,India,Retail,2025-08-09
CUST08202,Rahul Desai,,32,Surat,Delhi,India,Wholesale,2022-12-25
CUST08203,Aditya Shah,Female,30,Bangalore,Gujarat,India,Corporate,2020-12-30
CUST08204,Diya Patel,Male,40,Pune,Gujarat,India,Wholesale,2024-03-20
CUST08205,Vivaan Patel,,48,Surat,Delhi,India,Retail,2024-11-10
CUST08206,Isha Shah,,50,Bangalore,Maharashtra,India,Retail,2025-01-15
CUST08207,Rohan Verma,Female,62,Chennai,Telangana,India,Wholesale,2025-01-29
CUST08208,Ananya Patel,,53,Bangalore,Telangana,India,Wholesale,2024-05-15
CUST08209,Nidhi Desai,,71,Delhi,Telangana,India,Retail,2021-08-30
CUST08210,Diya Joshi,,47,Pune,Karnataka,India,Wholesale,2025-11-06
CUST08211,Vivaan Kapoor,Female,67,Ahmedabad,Telangana,India,Wholesale,2025-01-27
CUST08212,Aditya Gupta,FEMALE,28,Chennai,Tamil Nadu,India,Corporate,2021-12-17
CUST08213,Arjun Shah,Male,36,Ahmedabad,Karnataka,India,Corporate,2022-07-27
CUST08214,Arjun Agarwal,Male,64,Ahmedabad,Tamil Nadu,India,Wholesale,2022-04-03
CUST08215,Aarav Joshi, male ,32,Hyderabad,Karnataka,India,Retail,2021-12-15
CUST08216,Kavya Shah,,33,Chennai,Maharashtra,India,Corporate,2025-04-06
CUST08217,Kavya Mehta,,49,Surat,Karnataka,India,Retail,2025-05-10
CUST08218,Aarav Shah,Male,44,Delhi,Delhi,India,Wholesale,2023-12-27
CUST08219,Aditya Mehta,Male,67,Surat,Tamil Nadu,India,Wholesale,2023-03-01
CUST08220,Sneha Joshi, male ,20,Chennai,Telangana,India,Wholesale,2024-06-11
CUST08221,Rahul Joshi,,47,Chennai,Maharashtra,India,Corporate,2021-01-29
CUST08222,Meera Joshi,FEMALE,41,Mumbai,Maharashtra,India,Retail,2022-09-21
CUST08223,Isha Mehta,Male,19,Pune,Delhi,India,Wholesale,2025-11-06
CUST08224,Rahul Kapoor,Female,55,Mumbai,Karnataka,India,Wholesale,2025-08-03
CUST08225,Aarav Shah,Male,50,Hyderabad,Karnataka,India,Wholesale,2020-05-25
CUST08226,Aarav Desai,FEMALE,44,Bangalore,Maharashtra,India,Retail,2024-11-18
CUST08227,Rohan Singh,,74,Chennai,Tamil Nadu,India,Retail,2024-09-08
CUST08228,Arjun Gupta,,56,Hyderabad,Telangana,India,Corporate,2025-05-26
CUST08229,Dhruvi Verma,,19,Delhi,Gujarat,India,Retail,2023-06-25
CUST08230,Diya Kapoor,Male,73,Hyderabad,Telangana,India,Corporate,2023-07-26
CUST08231,Isha Shah,,31,Bangalore,Maharashtra,India,Corporate,2020-01-28
CUST08232,Nidhi Verma,,52,Pune,Telangana,India,Retail,2020-05-14
CUST08233,Meera Verma, male ,61,Hyderabad,Maharashtra,India,Corporate,2021-05-02
CUST08234,Ananya Desai,Female,42,Hyderabad,Tamil Nadu,India,Retail,2022-07-23
CUST08235,Ananya Mehta,,72,Pune,Gujarat,India,Corporate,2020-09-08
CUST08236,Aarav Gupta,,25,Chennai,Tamil Nadu,India,Corporate,2022-06-02
CUST08237,Rohan Verma, male ,63,Bangalore,Tamil Nadu,India,Wholesale,2022-09-07
CUST08238,Riya Shah, male ,63,Delhi,Karnataka,India,Retail,2020-04-18
CUST08239,Rohan Verma, male ,67,Ahmedabad,Telangana,India,Wholesale,2022-08-17
CUST08240,Aditya Joshi,Female,57,Surat,Tamil Nadu,India,Wholesale,2020-04-21
CUST08241,Vivaan Singh,,40,Bangalore,Tamil Nadu,India,Wholesale,2021-10-15
CUST08242,Sneha Desai,Female,43,Pune,Telangana,India,Wholesale,2021-04-17
CUST08243,Priya Verma,,45,Bangalore,Tamil Nadu,India,Retail,2020-10-17
CUST08244,Nidhi Shah,,24,Mumbai,Karnataka,India,Corporate,2022-03-28
CUST08245,Riya Joshi,,40,Ahmedabad,Gujarat,India,Retail,2021-05-20
CUST08246,Rohan Desai,Female,24,Mumbai,Tamil Nadu,India,Corporate,2022-07-21
CUST08247,Priya Verma, male ,53,Ahmedabad,Maharashtra,India,Wholesale,2025-10-01
CUST08248,Neha Desai, male ,60,Hyderabad,Delhi,India,Corporate,2022-01-14
CUST08249,Ananya Joshi,,21,Bangalore,Tamil Nadu,India,Wholesale,2022-07-28
CUST08250,Diya Shah,,46,Chennai,Delhi,India,Wholesale,2021-12-18
CUST08251,Aarav Desai,FEMALE,38,Chennai,Tamil Nadu,India,Wholesale,2024-01-07
CUST08252,Vivaan Mehta,Female,36,Pune,Telangana,India,Corporate,2020-04-23
CUST08253,Sneha Desai,Female,22,Bangalore,Gujarat,India,Corporate,2020-10-01
CUST08254,Arjun Patel, male ,27,Pune,Delhi,India,Corporate,2020-05-02
CUST08255,Nidhi Joshi,Female,21,Ahmedabad,Tamil Nadu,India,Corporate,2023-12-08
CUST08256,Isha Kapoor, male ,28,Chennai,Maharashtra,India,Corporate,2020-05-18
CUST08257,Sneha Verma,,58,Chennai,Gujarat,India,Retail,2022-07-26
CUST08258,Ananya Joshi,,45,Ahmedabad,Gujarat,India,Corporate,2020-01-11
CUST08259,Arjun Mehta,FEMALE,43,Bangalore,Maharashtra,India,Corporate,2025-07-21
CUST08260,Arjun Shah, male ,44,Mumbai,Karnataka,India,Corporate,2022-02-09
CUST08261,Aarav Singh,Female,41,Hyderabad,Delhi,India,Retail,2025-09-17
CUST08262,Kavya Verma, male ,66,Bangalore,Tamil Nadu,India,Wholesale,2022-03-08
CUST08263,Neha Mehta,,35,Mumbai,Telangana,India,Corporate,2025-07-18
CUST08264,Diya Verma,FEMALE,56,Pune,Maharashtra,India,Retail,2024-03-09
CUST08265,Isha Patel,,40,Surat,Delhi,India,Wholesale,2024-03-22
CUST08266,Diya Joshi, male ,67,Chennai,Karnataka,India,Retail,2025-02-01
CUST08267,Riya Joshi,Male,42,Surat,Telangana,India,Retail,2023-03-04
CUST08268,Aarav Joshi,FEMALE,26,Hyderabad,Telangana,India,Corporate,2021-11-04
CUST08269,Arjun Mehta,Male,42,Hyderabad,Gujarat,India,Corporate,2023-02-16
CUST08270,Meera Shah,FEMALE,67,Surat,Delhi,India,Corporate,2024-10-23
CUST08271,Isha Joshi,,46,Pune,Tamil Nadu,India,Corporate,2022-12-01
CUST08272,Sneha Singh,Female,48,Mumbai,Telangana,India,Retail,2025-02-25
CUST08273,Nidhi Mehta, male ,35,Pune,Telangana,India,Corporate,2021-02-09
CUST08274,Meera Patel,,34,Ahmedabad,Tamil Nadu,India,Corporate,2023-09-06
CUST08275,Rahul Kapoor, male ,46,Bangalore,Maharashtra,India,Corporate,2023-10-29
CUST08276,Aarav Mehta,,47,Bangalore,Tamil Nadu,India,Corporate,2022-05-24
CUST08277,Arjun Mehta,,64,Surat,Tamil Nadu,India,Corporate,2020-03-01
CUST08278,Arjun Agarwal,Male,35,Hyderabad,Gujarat,India,Retail,2023-11-18
CUST08279,Vivaan Shah,Male,64,Pune,Karnataka,India,Corporate,2023-07-17
CUST08280,Arjun Gupta,FEMALE,49,Delhi,Delhi,India,Retail,2020-01-04
CUST08281,Priya Gupta,Male,26,Bangalore,Delhi,India,Wholesale,2024-06-24
CUST08282,Arjun Joshi,,18,Ahmedabad,Tamil Nadu,India,Retail,2025-07-21
CUST08283,Rahul Singh,Male,36,Hyderabad,Telangana,India,Wholesale,2020-05-01
CUST08284,Vivaan Verma,,30,Hyderabad,Karnataka,India,Retail,2022-01-08
CUST08285,Rahul Gupta,,18,Delhi,Gujarat,India,Retail,2025-09-25
CUST08286,Riya Joshi, male ,21,Delhi,Maharashtra,India,Wholesale,2024-11-01
CUST08287,Isha Mehta,Female,18,Bangalore,Gujarat,India,Retail,2024-08-25
CUST08288,Nidhi Patel,FEMALE,67,Pune,Telangana,India,Retail,2025-09-03
CUST08289,Vivaan Mehta,Female,40,Pune,Telangana,India,Corporate,2020-01-20
CUST08290,Dhruvi Singh,,74,Ahmedabad,Tamil Nadu,India,Retail,2024-04-24
CUST08291,Aditya Singh,FEMALE,48,Hyderabad,Gujarat,India,Retail,2021-05-08
CUST08292,Isha Shah,Male,28,Delhi,Telangana,India,Wholesale,2025-05-09
CUST08293,Rahul Agarwal,,53,Ahmedabad,Gujarat,India,Corporate,2020-05-01
CUST08294,Kavya Singh,,43,Ahmedabad,Maharashtra,India,Corporate,2021-12-02
CUST08295,Rohan Gupta,,39,Bangalore,Telangana,India,Retail,2024-06-26
CUST08296,Dhruvi Verma,,19,Delhi,Karnataka,India,Corporate,2021-01-27
CUST08297,Sneha Mehta,FEMALE,70,Delhi,Maharashtra,India,Corporate,2024-06-05
CUST08298,Vivaan Kapoor,Female,48,Pune,Gujarat,India,Wholesale,2021-09-29
CUST08299,Kavya Patel,,43,Pune,Karnataka,India,Wholesale,2020-09-01
CUST08300,Nidhi Joshi,,72,Mumbai,Delhi,India,Corporate,2021-04-29
CUST08301,Rahul Kapoor,FEMALE,49,Hyderabad,Tamil Nadu,India,Wholesale,2020-01-14
CUST08302,Diya Kapoor, male ,67,Ahmedabad,Tamil Nadu,India,Retail,2023-01-20
CUST08303,Rohan Kapoor,,51,Ahmedabad,Delhi,India,Retail,2025-09-14
CUST08304,Aarav Gupta,FEMALE,20,Surat,Delhi,India,Corporate,2020-10-04
CUST08305,Kavya Kapoor,Female,64,Delhi,Telangana,India,Corporate,2023-09-29
CUST08306,Aarav Agarwal,FEMALE,35,Ahmedabad,Tamil Nadu,India,Wholesale,2025-06-27
CUST08307,Vivaan Desai,Female,18,Surat,Maharashtra,India,Corporate,2021-07-04
CUST08308,Riya Singh,Male,68,Mumbai,Delhi,India,Retail,2024-08-15
CUST08309,Ananya Patel,,48,Bangalore,Telangana,India,Wholesale,2024-01-14
CUST08310,Rohan Verma,FEMALE,37,Mumbai,Tamil Nadu,India,Corporate,2025-03-24
CUST08311,Meera Desai,FEMALE,38,Surat,Tamil Nadu,India,Retail,2023-10-15
CUST08312,Priya Shah, male ,46,Ahmedabad,Karnataka,India,Retail,2020-03-04
CUST08313,Rahul Joshi,Female,62,Ahmedabad,Tamil Nadu,India,Corporate,2020-08-12
CUST08314,Yash Singh, male ,64,Mumbai,Karnataka,India,Wholesale,2021-04-27
CUST08315,Sneha Kapoor,Male,18,Delhi,Tamil Nadu,India,Corporate,2021-12-29
CUST08316,Yash Kapoor,,48,Bangalore,Telangana,India,Corporate,2022-11-04
CUST08317,Ananya Verma,Female,64,Delhi,Telangana,India,Corporate,2023-04-30
CUST08318,Kavya Verma,Male,23,Surat,Tamil Nadu,India,Retail,2024-09-02
CUST08319,Rohan Agarwal,,37,Chennai,Maharashtra,India,Retail,2024-11-24
CUST08320,Diya Agarwal,,30,Delhi,Telangana,India,Retail,2021-05-05
CUST08321,Sneha Singh,,59,Chennai,Tamil Nadu,India,Corporate,2021-11-03
CUST08322,Isha Kapoor,FEMALE,56,Ahmedabad,Telangana,India,Retail,2025-11-13
CUST08323,Aditya Singh,Male,54,Ahmedabad,Tamil Nadu,India,Corporate,2023-11-11
CUST08324,Riya Agarwal, male ,30,Ahmedabad,Telangana,India,Corporate,2025-10-04
CUST08325,Dhruvi Singh,,25,Delhi,Gujarat,India,Corporate,2022-04-28
CUST08326,Nidhi Singh, male ,62,Mumbai,Telangana,India,Corporate,2025-11-11
CUST08327,Diya Kapoor,,26,Delhi,Tamil Nadu,India,Retail,2020-11-10
CUST08328,Vivaan Mehta, male ,46,Surat,Delhi,India,Retail,2024-06-08
CUST08329,Riya Desai, male ,69,Ahmedabad,Gujarat,India,Retail,2021-04-05
CUST08330,Yash Agarwal,,34,Bangalore,Tamil Nadu,India,Retail,2021-06-16
CUST08331,Meera Desai,FEMALE,50,Mumbai,Delhi,India,Retail,2024-06-14
CUST08332,Sneha Kapoor,,46,Pune,Gujarat,India,Retail,2024-11-03
CUST08333,Rohan Mehta,FEMALE,42,Ahmedabad,Tamil Nadu,India,Corporate,2025-07-02
CUST08334,Rahul Desai,Female,36,Surat,Tamil Nadu,India,Wholesale,2021-04-02
CUST08335,Neha Singh,Male,74,Mumbai,Maharashtra,India,Corporate,2024-09-09
CUST08336,Aditya Shah,Male,18,Hyderabad,Delhi,India,Retail,2020-08-11
CUST08337,Riya Mehta,Female,20,Chennai,Delhi,India,Wholesale,2022-09-22
CUST08338,Yash Singh,Male,27,Delhi,Gujarat,India,Corporate,2020-12-31
CUST08339,Arjun Verma,,36,Mumbai,Gujarat,India,Wholesale,2021-11-04
CUST08340,Rahul Agarwal,,46,Surat,Delhi,India,Retail,2025-03-08
CUST08341,Vivaan Verma, male ,24,Hyderabad,Tamil Nadu,India,Corporate,2021-08-30
CUST08342,Vivaan Agarwal,,23,Hyderabad,Tamil Nadu,India,Wholesale,2024-06-07
CUST08343,Ananya Kapoor, male ,65,Hyderabad,Maharashtra,India,Wholesale,2022-06-25
CUST08344,Nidhi Joshi,Female,38,Pune,Tamil Nadu,India,Corporate,2022-02-24
CUST08345,Isha Shah,Male,42,Ahmedabad,Maharashtra,India,Retail,2020-09-28
CUST08346,Meera Shah,FEMALE,33,Mumbai,Delhi,India,Corporate,2020-09-09
CUST08347,Kavya Mehta, male ,39,Ahmedabad,Delhi,India,Wholesale,2023-09-15
CUST08348,Isha Gupta,FEMALE,35,Chennai,Maharashtra,India,Retail,2024-05-08
CUST08349,Meera Joshi,Male,62,Ahmedabad,Delhi,India,Wholesale,2024-01-30
CUST08350,Sneha Shah,Male,33,Mumbai,Maharashtra,India,Retail,2024-09-07
CUST08351,Aarav Gupta,,56,Delhi,Tamil Nadu,India,Wholesale,2024-12-14
CUST08352,Meera Mehta,,73,Hyderabad,Delhi,India,Corporate,2022-08-07
CUST08353,Kavya Shah,FEMALE,58,Pune,Karnataka,India,Retail,2020-08-01
CUST08354,Meera Verma,Male,59,Ahmedabad,Delhi,India,Corporate,2020-07-05
CUST08355,Nidhi Kapoor,FEMALE,20,Pune,Maharashtra,India,Corporate,2022-01-03
CUST08356,Ananya Mehta,Female,36,Bangalore,Karnataka,India,Corporate,2023-08-22
CUST08357,Arjun Agarwal,FEMALE,27,Surat,Delhi,India,Corporate,2023-09-27
CUST08358,Dhruvi Kapoor,FEMALE,25,Surat,Gujarat,India,Wholesale,2024-04-21
CUST08359,Arjun Gupta,Female,67,Bangalore,Tamil Nadu,India,Retail,2020-09-29
CUST08360,Kavya Joshi,FEMALE,71,Bangalore,Delhi,India,Corporate,2021-08-19
CUST08361,Yash Desai,Male,65,Pune,Tamil Nadu,India,Retail,2020-05-18
CUST08362,Yash Agarwal,Female,74,Ahmedabad,Gujarat,India,Wholesale,2022-07-01
CUST08363,Neha Joshi, male ,60,Delhi,Maharashtra,India,Wholesale,2025-06-05
CUST08364,Ananya Kapoor,,42,Mumbai,Gujarat,India,Wholesale,2022-05-01
CUST08365,Neha Singh,FEMALE,68,Mumbai,Karnataka,India,Retail,2024-09-17
CUST08366,Sneha Singh, male ,43,Surat,Karnataka,India,Retail,2023-08-18
CUST08367,Vivaan Desai,,71,Ahmedabad,Delhi,India,Retail,2025-03-17
CUST08368,Priya Gupta,FEMALE,60,Mumbai,Telangana,India,Retail,2022-12-18
CUST08369,Neha Agarwal,Male,74,Chennai,Gujarat,India,Corporate,2020-02-20
CUST08370,Ananya Joshi,,53,Pune,Delhi,India,Retail,2020-08-26
CUST08371,Rahul Desai,,47,Pune,Telangana,India,Retail,2021-05-08
CUST08372,Rahul Singh,Male,43,Mumbai,Maharashtra,India,Wholesale,2022-12-19
CUST08373,Diya Desai,FEMALE,70,Bangalore,Gujarat,India,Wholesale,2023-11-29
CUST08374,Yash Singh,,45,Surat,Tamil Nadu,India,Wholesale,2022-06-20
CUST08375,Dhruvi Kapoor,Female,29,Pune,Gujarat,India,Corporate,2020-10-14
CUST08376,Sneha Joshi,,22,Bangalore,Telangana,India,Corporate,2022-03-25
CUST08377,Sneha Desai,Male,70,Bangalore,Delhi,India,Corporate,2020-04-10
CUST08378,Riya Gupta,FEMALE,30,Ahmedabad,Maharashtra,India,Retail,2024-03-28
CUST08379,Rohan Verma,FEMALE,28,Mumbai,Tamil Nadu,India,Wholesale,2021-06-10
CUST08380,Riya Patel,,57,Delhi,Telangana,India,Corporate,2023-04-26
CUST08381,Aditya Gupta,FEMALE,19,Mumbai,Gujarat,India,Wholesale,2024-08-05
CUST08382,Ananya Patel,Female,51,Chennai,Gujarat,India,Retail,2023-09-04
CUST08383,Dhruvi Desai, male ,52,Chennai,Telangana,India,Retail,2022-06-13
CUST08384,Nidhi Patel,Female,18,Mumbai,Karnataka,India,Retail,2025-09-21
CUST08385,Diya Shah,FEMALE,40,Mumbai,Tamil Nadu,India,Corporate,2020-04-01
CUST08386,Yash Mehta, male ,26,Ahmedabad,Gujarat,India,Wholesale,2023-01-19
CUST08387,Aditya Joshi,Female,49,Hyderabad,Gujarat,India,Retail,2020-12-30
CUST08388,Ananya Singh,,33,Surat,Tamil Nadu,India,Retail,2020-04-20
CUST08389,Yash Desai,,43,Pune,Delhi,India,Wholesale,2021-04-05
CUST08390,Sneha Verma, male ,65,Surat,Karnataka,India,Corporate,2022-07-25
CUST08391,Dhruvi Patel,FEMALE,45,Surat,Tamil Nadu,India,Corporate,2024-01-11
CUST08392,Ananya Gupta, male ,35,Chennai,Telangana,India,Corporate,2022-10-08
CUST08393,Isha Singh,,20,Mumbai,Delhi,India,Corporate,2020-07-18
CUST08394,Priya Mehta,Male,60,Delhi,Delhi,India,Corporate,2023-04-26
CUST08395,Rahul Mehta,,50,Delhi,Tamil Nadu,India,Wholesale,2020-01-15
CUST08396,Riya Singh,Female,25,Delhi,Karnataka,India,Corporate,2025-02-18
CUST08397,Rahul Kapoor,FEMALE,59,Surat,Delhi,India,Wholesale,2022-06-21
CUST08398,Nidhi Gupta, male ,19,Chennai,Delhi,India,Wholesale,2022-02-10
CUST08399,Diya Kapoor, male ,68,Ahmedabad,Tamil Nadu,India,Retail,2025-07-16
CUST08400,Aditya Singh, male ,53,Hyderabad,Telangana,India,Retail,2020-10-13
CUST08401,Diya Joshi,Female,22,Hyderabad,Delhi,India,Retail,2023-06-10
CUST08402,Aarav Gupta, male ,66,Chennai,Maharashtra,India,Retail,2021-06-28
CUST08403,Neha Kapoor,Male,24,Chennai,Telangana,India,Wholesale,2020-05-24
CUST08404,Kavya Verma,,27,Hyderabad,Gujarat,India,Retail,2020-12-24
CUST08405,Rahul Kapoor,,45,Mumbai,Telangana,India,Corporate,2023-01-31
CUST08406,Ananya Gupta,FEMALE,38,Delhi,Telangana,India,Wholesale,2022-08-22
CUST08407,Dhruvi Patel, male ,22,Mumbai,Tamil Nadu,India,Retail,2020-11-01
CUST08408,Diya Shah,Male,64,Pune,Maharashtra,India,Retail,2024-12-09
CUST08409,Sneha Desai,,54,Surat,Karnataka,India,Wholesale,2024-12-09
CUST08410,Rohan Verma,,52,Pune,Maharashtra,India,Corporate,2025-06-09
CUST08411,Vivaan Joshi,FEMALE,69,Chennai,Telangana,India,Retail,2024-09-24
CUST08412,Rahul Singh, male ,52,Surat,Karnataka,India,Retail,2021-12-27
CUST08413,Sneha Joshi,Female,58,Surat,Delhi,India,Corporate,2020-04-06
CUST08414,Nidhi Shah,Female,53,Hyderabad,Delhi,India,Retail,2020-04-10
CUST08415,Riya Joshi,,56,Ahmedabad,Delhi,India,Wholesale,2024-07-18
CUST08416,Riya Agarwal, male ,23,Ahmedabad,Karnataka,India,Retail,2025-10-23
CUST08417,Neha Agarwal,Female,38,Pune,Gujarat,India,Retail,2023-10-12
CUST08418,Arjun Kapoor,FEMALE,67,Ahmedabad,Tamil Nadu,India,Retail,2024-08-18
CUST08419,Vivaan Shah,Female,52,Hyderabad,Tamil Nadu,India,Wholesale,2023-12-14
CUST08420,Meera Patel,Male,42,Surat,Karnataka,India,Wholesale,2021-09-23
CUST08421,Rohan Verma,,39,Delhi,Telangana,India,Corporate,2023-03-25
CUST08422,Kavya Mehta,FEMALE,44,Hyderabad,Tamil Nadu,India,Retail,2020-07-23
CUST08423,Nidhi Shah, male ,46,Mumbai,Tamil Nadu,India,Corporate,2023-08-03
CUST08424,Riya Mehta,Female,48,Bangalore,Maharashtra,India,Retail,2024-04-04
CUST08425,Yash Verma,,34,Surat,Karnataka,India,Corporate,2021-09-07
CUST08426,Rohan Shah, male ,27,Chennai,Maharashtra,India,Retail,2024-08-29
CUST08427,Isha Shah,,37,Mumbai,Karnataka,India,Corporate,2025-10-11
CUST08428,Sneha Desai, male ,62,Ahmedabad,Gujarat,India,Wholesale,2021-12-04
CUST08429,Nidhi Gupta, male ,72,Pune,Karnataka,India,Corporate,2021-07-05
CUST08430,Diya Desai,,54,Pune,Delhi,India,Retail,2021-02-22
CUST08431,Sneha Desai,FEMALE,73,Hyderabad,Delhi,India,Retail,2021-11-26
CUST08432,Nidhi Joshi,Female,18,Delhi,Gujarat,India,Corporate,2022-11-25
CUST08433,Neha Kapoor,Female,68,Pune,Karnataka,India,Corporate,2024-11-12
CUST08434,Sneha Kapoor, male ,39,Bangalore,Telangana,India,Retail,2021-09-21
CUST08435,Aarav Patel,Male,71,Pune,Tamil Nadu,India,Retail,2025-06-23
CUST08436,Priya Kapoor, male ,73,Surat,Tamil Nadu,India,Wholesale,2024-03-19
CUST08437,Vivaan Singh,,72,Pune,Delhi,India,Wholesale,2024-08-11
CUST08438,Diya Kapoor,FEMALE,37,Hyderabad,Telangana,India,Retail,2024-09-09
CUST08439,Aarav Mehta,FEMALE,60,Chennai,Tamil Nadu,India,Wholesale,2025-05-06
CUST08440,Vivaan Agarwal, male ,38,Hyderabad,Tamil Nadu,India,Retail,2024-04-24
CUST08441,Ananya Desai,Female,70,Delhi,Karnataka,India,Corporate,2023-09-12
CUST08442,Kavya Singh,,39,Bangalore,Delhi,India,Wholesale,2021-09-22
CUST08443,Rahul Joshi,FEMALE,63,Hyderabad,Telangana,India,Retail,2020-02-18
CUST08444,Sneha Desai,Male,61,Hyderabad,Telangana,India,Corporate,2025-08-21
CUST08445,Meera Joshi,FEMALE,24,Mumbai,Karnataka,India,Retail,2020-05-19
CUST08446,Yash Gupta,Female,18,Surat,Delhi,India,Wholesale,2020-02-20
CUST08447,Yash Gupta,Female,47,Ahmedabad,Karnataka,India,Wholesale,2021-02-14
CUST08448,Rohan Gupta,,30,Surat,Tamil Nadu,India,Retail,2024-01-17
CUST08449,Meera Patel,,21,Delhi,Delhi,India,Retail,2020-12-02
CUST08450,Yash Patel,FEMALE,49,Ahmedabad,Telangana,India,Corporate,2020-04-14
CUST08451,Aditya Joshi,Female,61,Pune,Tamil Nadu,India,Retail,2022-09-19
CUST08452,Dhruvi Mehta,,56,Pune,Tamil Nadu,India,Wholesale,2025-06-02
CUST08453,Rohan Kapoor,FEMALE,30,Ahmedabad,Maharashtra,India,Wholesale,2020-12-12
CUST08454,Arjun Desai,Male,66,Ahmedabad,Gujarat,India,Retail,2022-03-08
CUST08455,Riya Patel, male ,47,Hyderabad,Maharashtra,India,Corporate,2020-03-25
CUST08456,Aarav Mehta,,60,Pune,Tamil Nadu,India,Wholesale,2025-09-26
CUST08457,Arjun Verma,Female,36,Pune,Gujarat,India,Corporate,2024-07-28
CUST08458,Rahul Kapoor,Male,26,Bangalore,Karnataka,India,Wholesale,2022-11-07
CUST08459,Riya Shah,Male,37,Surat,Karnataka,India,Retail,2024-06-21
CUST08460,Isha Kapoor,,60,Mumbai,Karnataka,India,Corporate,2024-07-02
CUST08461,Yash Desai,Female,41,Delhi,Karnataka,India,Wholesale,2022-11-15
CUST08462,Vivaan Desai,,63,Ahmedabad,Tamil Nadu,India,Wholesale,2024-04-14
CUST08463,Vivaan Joshi,,53,Pune,Delhi,India,Wholesale,2021-01-04
CUST08464,Arjun Patel, male ,56,Bangalore,Karnataka,India,Retail,2023-06-16
CUST08465,Dhruvi Mehta,,41,Surat,Gujarat,India,Retail,2025-10-22
CUST08466,Rahul Patel,Female,74,Delhi,Tamil Nadu,India,Wholesale,2025-05-08
CUST08467,Priya Shah,FEMALE,59,Surat,Karnataka,India,Retail,2025-05-04
CUST08468,Riya Desai,,71,Mumbai,Karnataka,India,Corporate,2021-12-18
CUST08469,Vivaan Shah,,37,Bangalore,Delhi,India,Retail,2024-01-31
CUST08470,Priya Joshi,FEMALE,21,Chennai,Maharashtra,India,Retail,2022-08-14
CUST08471,Priya Verma,FEMALE,60,Chennai,Gujarat,India,Corporate,2022-03-19
CUST08472,Yash Joshi,,35,Chennai,Gujarat,India,Corporate,2022-08-24
CUST08473,Ananya Kapoor,,48,Bangalore,Karnataka,India,Retail,2023-10-05
CUST08474,Aditya Joshi,FEMALE,67,Chennai,Telangana,India,Wholesale,2021-09-11
CUST08475,Vivaan Joshi,FEMALE,44,Pune,Delhi,India,Wholesale,2025-06-22
CUST08476,Aditya Agarwal, male ,41,Bangalore,Gujarat,India,Wholesale,2022-03-18
CUST08477,Aarav Patel,Female,21,Chennai,Maharashtra,India,Corporate,2022-11-21
CUST08478,Riya Verma,,19,Chennai,Maharashtra,India,Retail,2023-06-06
CUST08479,Rohan Agarwal,FEMALE,47,Surat,Tamil Nadu,India,Wholesale,2025-01-07
CUST08480,Priya Desai,Male,28,Hyderabad,Delhi,India,Wholesale,2022-06-21
CUST08481,Riya Shah,,20,Ahmedabad,Maharashtra,India,Wholesale,2024-11-02
CUST08482,Priya Mehta, male ,54,Mumbai,Karnataka,India,Wholesale,2022-11-07
CUST08483,Sneha Shah,Female,61,Hyderabad,Gujarat,India,Corporate,2025-01-28
CUST08484,Rohan Singh, male ,44,Bangalore,Tamil Nadu,India,Wholesale,2022-03-16
CUST08485,Arjun Verma,,21,Surat,Maharashtra,India,Corporate,2023-06-22
CUST08486,Dhruvi Agarwal,Male,45,Bangalore,Telangana,India,Retail,2025-03-23
CUST08487,Diya Joshi,Male,70,Ahmedabad,Telangana,India,Corporate,2025-12-16
CUST08488,Isha Kapoor,FEMALE,62,Mumbai,Gujarat,India,Wholesale,2022-08-26
CUST08489,Aarav Patel,Female,61,Chennai,Telangana,India,Corporate,2023-12-31
CUST08490,Kavya Desai,,63,Chennai,Karnataka,India,Retail,2024-05-11
CUST08491,Nidhi Kapoor,,35,Pune,Telangana,India,Retail,2022-08-18
CUST08492,Isha Verma,Female,36,Bangalore,Maharashtra,India,Retail,2021-12-17
CUST08493,Neha Mehta,,29,Surat,Tamil Nadu,India,Retail,2024-02-14
CUST08494,Aarav Joshi,FEMALE,34,Surat,Karnataka,India,Wholesale,2024-08-09
CUST08495,Ananya Agarwal,Female,39,Delhi,Tamil Nadu,India,Retail,2023-03-09
CUST08496,Arjun Desai,,19,Hyderabad,Gujarat,India,Retail,2025-08-30
CUST08497,Priya Shah,Female,23,Hyderabad,Karnataka,India,Wholesale,2022-08-19
CUST08498,Aarav Shah,FEMALE,71,Ahmedabad,Telangana,India,Corporate,2023-05-31
CUST08499,Isha Mehta, male ,48,Ahmedabad,Karnataka,India,Corporate,2022-12-19
CUST08500,Rohan Shah,,60,Hyderabad,Tamil Nadu,India,Wholesale,2020-03-29
CUST08501,Isha Kapoor,Female,35,Ahmedabad,Telangana,India,Wholesale,2021-03-14
CUST08502,Sneha Kapoor, male ,70,Pune,Tamil Nadu,India,Retail,2025-04-14
CUST08503,Aarav Singh,,33,Hyderabad,Delhi,India,Wholesale,2023-06-05
CUST08504,Ananya Shah,,44,Pune,Tamil Nadu,India,Retail,2020-08-29
CUST08505,Nidhi Singh,,22,Ahmedabad,Maharashtra,India,Retail,2020-11-25
CUST08506,Diya Joshi,,59,Bangalore,Delhi,India,Retail,2024-07-16
CUST08507,Yash Desai,Female,64,Hyderabad,Karnataka,India,Retail,2020-06-12
CUST08508,Aditya Kapoor,,45,Ahmedabad,Telangana,India,Corporate,2023-10-13
CUST08509,Arjun Mehta,Male,54,Delhi,Gujarat,India,Corporate,2020-03-22
CUST08510,Arjun Patel,,57,Ahmedabad,Telangana,India,Corporate,2025-01-07
CUST08511,Priya Verma,Female,47,Bangalore,Delhi,India,Retail,2025-11-04
CUST08512,Diya Agarwal,Female,66,Chennai,Maharashtra,India,Corporate,2022-01-02
CUST08513,Diya Patel,,61,Pune,Maharashtra,India,Retail,2021-12-29
CUST08514,Yash Mehta, male ,39,Surat,Delhi,India,Corporate,2025-01-05
CUST08515,Dhruvi Desai,FEMALE,61,Ahmedabad,Tamil Nadu,India,Wholesale,2021-05-03
CUST08516,Aditya Verma,,26,Chennai,Delhi,India,Corporate,2021-06-17
CUST08517,Isha Mehta,,52,Mumbai,Tamil Nadu,India,Corporate,2024-07-28
CUST08518,Neha Desai, male ,68,Hyderabad,Gujarat,India,Wholesale,2023-12-12
CUST08519,Aditya Joshi, male ,24,Mumbai,Telangana,India,Corporate,2022-05-07
CUST08520,Sneha Patel,Female,25,Delhi,Gujarat,India,Retail,2022-05-08
CUST08521,Yash Patel, male ,48,Delhi,Maharashtra,India,Retail,2022-12-29
CUST08522,Dhruvi Patel, male ,18,Surat,Maharashtra,India,Wholesale,2021-08-25
CUST08523,Kavya Singh, male ,57,Mumbai,Maharashtra,India,Retail,2021-10-08
CUST08524,Sneha Mehta,,67,Pune,Telangana,India,Wholesale,2021-03-25
CUST08525,Nidhi Agarwal,Female,22,Ahmedabad,Tamil Nadu,India,Corporate,2023-12-19
CUST08526,Arjun Agarwal, male ,56,Mumbai,Telangana,India,Corporate,2020-06-13
CUST08527,Kavya Mehta,Female,54,Hyderabad,Tamil Nadu,India,Corporate,2025-03-04
CUST08528,Vivaan Joshi,,55,Pune,Maharashtra,India,Corporate,2024-11-26
CUST08529,Priya Singh,Female,31,Bangalore,Gujarat,India,Wholesale,2022-03-12
CUST08530,Isha Joshi,,37,Mumbai,Gujarat,India,Retail,2025-10-07
CUST08531,Priya Gupta,FEMALE,49,Ahmedabad,Tamil Nadu,India,Retail,2025-06-09
CUST08532,Neha Shah,,74,Chennai,Maharashtra,India,Corporate,2023-12-03
CUST08533,Nidhi Singh,Female,60,Mumbai,Telangana,India,Retail,2021-07-27
CUST08534,Nidhi Patel,,63,Surat,Karnataka,India,Retail,2024-03-08
CUST08535,Yash Mehta,,52,Surat,Tamil Nadu,India,Retail,2021-11-28
CUST08536,Sneha Shah,,66,Hyderabad,Gujarat,India,Corporate,2020-08-14
CUST08537,Rohan Shah,FEMALE,69,Chennai,Karnataka,India,Corporate,2022-07-13
CUST08538,Meera Desai,FEMALE,40,Ahmedabad,Maharashtra,India,Wholesale,2025-01-13
CUST08539,Ananya Mehta, male ,51,Chennai,Gujarat,India,Wholesale,2020-12-04
CUST08540,Kavya Patel,,44,Hyderabad,Delhi,India,Retail,2020-01-25
CUST08541,Isha Joshi,FEMALE,48,Ahmedabad,Delhi,India,Retail,2024-09-28
CUST08542,Riya Verma,,62,Hyderabad,Telangana,India,Retail,2025-10-25
CUST08543,Kavya Joshi,,32,Pune,Maharashtra,India,Corporate,2025-10-05
CUST08544,Rahul Mehta, male ,32,Pune,Karnataka,India,Wholesale,2025-08-04
CUST08545,Diya Singh,Male,21,Surat,Delhi,India,Corporate,2020-12-27
CUST08546,Arjun Joshi,,31,Delhi,Maharashtra,India,Wholesale,2020-08-18
CUST08547,Kavya Joshi,Male,31,Pune,Maharashtra,India,Wholesale,2020-11-27
CUST08548,Diya Gupta, male ,57,Surat,Gujarat,India,Retail,2025-01-14
CUST08549,Yash Singh,FEMALE,21,Delhi,Delhi,India,Wholesale,2025-10-13
CUST08550,Aarav Verma, male ,46,Chennai,Tamil Nadu,India,Corporate,2023-04-22
CUST08551,Vivaan Singh,Female,33,Ahmedabad,Gujarat,India,Wholesale,2021-10-11
CUST08552,Vivaan Verma,,47,Mumbai,Delhi,India,Retail,2020-10-02
CUST08553,Nidhi Shah,FEMALE,61,Bangalore,Delhi,India,Corporate,2022-09-15
CUST08554,Meera Verma,,40,Ahmedabad,Tamil Nadu,India,Retail,2025-11-24
CUST08555,Ananya Desai,Male,36,Chennai,Delhi,India,Wholesale,2024-02-01
CUST08556,Sneha Mehta,Female,67,Hyderabad,Tamil Nadu,India,Wholesale,2023-05-06
CUST08557,Meera Mehta,Male,62,Bangalore,Karnataka,India,Wholesale,2022-11-26
CUST08558,Diya Patel,,59,Chennai,Delhi,India,Retail,2024-06-08
CUST08559,Meera Gupta,,61,Mumbai,Karnataka,India,Retail,2025-09-01
CUST08560,Riya Desai,,49,Mumbai,Gujarat,India,Corporate,2024-04-06
CUST08561,Priya Mehta,FEMALE,47,Surat,Tamil Nadu,India,Wholesale,2023-09-28
CUST08562,Aarav Joshi,Female,52,Bangalore,Telangana,India,Retail,2022-01-07
CUST08563,Meera Gupta,Female,47,Hyderabad,Tamil Nadu,India,Retail,2023-04-18
CUST08564,Kavya Kapoor,Female,23,Bangalore,Delhi,India,Corporate,2023-02-21
CUST08565,Ananya Mehta,,40,Chennai,Tamil Nadu,India,Corporate,2021-04-27
CUST08566,Ananya Kapoor,,58,Bangalore,Delhi,India,Corporate,2020-08-26
CUST08567,Rahul Gupta,Male,48,Chennai,Telangana,India,Retail,2020-08-25
CUST08568,Rohan Mehta,,69,Mumbai,Telangana,India,Corporate,2021-11-19
CUST08569,Diya Joshi,Male,18,Chennai,Delhi,India,Wholesale,2025-06-13
CUST08570,Isha Shah,FEMALE,65,Chennai,Tamil Nadu,India,Corporate,2021-03-14
CUST08571,Neha Singh,FEMALE,61,Delhi,Gujarat,India,Wholesale,2023-07-12
CUST08572,Yash Mehta,Female,70,Pune,Karnataka,India,Wholesale,2021-05-31
CUST08573,Arjun Joshi, male ,35,Mumbai,Delhi,India,Corporate,2023-08-23
CUST08574,Isha Singh, male ,56,Pune,Delhi,India,Retail,2022-10-06
CUST08575,Rohan Mehta,Male,49,Pune,Maharashtra,India,Wholesale,2023-11-30
CUST08576,Nidhi Shah,Female,38,Surat,Telangana,India,Retail,2021-08-28
CUST08577,Rohan Singh, male ,44,Hyderabad,Karnataka,India,Retail,2022-08-23
CUST08578,Meera Singh,FEMALE,36,Hyderabad,Karnataka,India,Retail,2020-10-28
CUST08579,Priya Desai,Male,34,Mumbai,Maharashtra,India,Retail,2024-08-27
CUST08580,Kavya Verma,Male,46,Surat,Gujarat,India,Corporate,2021-06-13
CUST08581,Kavya Mehta,,24,Mumbai,Maharashtra,India,Corporate,2023-03-21
CUST08582,Aarav Singh,,70,Hyderabad,Karnataka,India,Retail,2021-05-19
CUST08583,Isha Gupta,Female,59,Surat,Delhi,India,Wholesale,2024-04-07
CUST08584,Rahul Joshi,,22,Bangalore,Gujarat,India,Retail,2020-09-12
CUST08585,Sneha Mehta,,56,Ahmedabad,Gujarat,India,Wholesale,2020-08-16
CUST08586,Priya Shah,Male,55,Surat,Maharashtra,India,Retail,2020-08-11
CUST08587,Diya Patel, male ,65,Bangalore,Telangana,India,Retail,2024-01-23
CUST08588,Diya Verma,Male,72,Chennai,Telangana,India,Wholesale,2021-12-17
CUST08589,Isha Shah,,57,Delhi,Delhi,India,Retail,2023-05-21
CUST08590,Rahul Gupta,,52,Surat,Telangana,India,Corporate,2023-01-14
CUST08591,Yash Patel, male ,24,Delhi,Telangana,India,Corporate,2023-02-22
CUST08592,Dhruvi Mehta,Female,25,Delhi,Gujarat,India,Wholesale,2026-01-05
CUST08593,Priya Verma,Male,32,Delhi,Gujarat,India,Corporate,2025-03-28
CUST08594,Vivaan Agarwal,FEMALE,46,Mumbai,Telangana,India,Wholesale,2022-10-06
CUST08595,Dhruvi Gupta,FEMALE,20,Surat,Telangana,India,Wholesale,2022-05-21
CUST08596,Yash Agarwal, male ,71,Hyderabad,Maharashtra,India,Wholesale,2023-02-26
CUST08597,Sneha Shah,FEMALE,53,Hyderabad,Tamil Nadu,India,Wholesale,2023-02-27
CUST08598,Aarav Kapoor,FEMALE,57,Chennai,Maharashtra,India,Corporate,2025-05-13
CUST08599,Arjun Desai,Female,22,Surat,Delhi,India,Wholesale,2024-11-25
CUST08600,Neha Patel,,72,Ahmedabad,Karnataka,India,Wholesale,2024-10-19
CUST08601,Yash Singh,Female,54,Ahmedabad,Karnataka,India,Retail,2020-06-16
CUST08602,Vivaan Verma, male ,57,Chennai,Maharashtra,India,Retail,2021-08-30
CUST08603,Ananya Gupta,,30,Bangalore,Gujarat,India,Wholesale,2020-08-27
CUST08604,Rohan Kapoor,,33,Mumbai,Telangana,India,Wholesale,2021-04-16
CUST08605,Meera Shah,Female,30,Pune,Telangana,India,Retail,2022-05-04
CUST08606,Vivaan Gupta,Female,54,Hyderabad,Tamil Nadu,India,Retail,2023-07-06
CUST08607,Diya Shah,Male,37,Delhi,Maharashtra,India,Corporate,2020-11-24
CUST08608,Aarav Patel,Female,26,Pune,Karnataka,India,Corporate,2025-11-17
CUST08609,Sneha Joshi,Female,44,Delhi,Delhi,India,Corporate,2025-08-16
CUST08610,Dhruvi Mehta,,36,Pune,Tamil Nadu,India,Retail,2021-11-08
CUST08611,Meera Gupta,,26,Bangalore,Tamil Nadu,India,Retail,2021-10-14
CUST08612,Kavya Kapoor,Male,36,Surat,Karnataka,India,Wholesale,2024-12-04
CUST08613,Nidhi Kapoor,Female,68,Pune,Tamil Nadu,India,Corporate,2022-10-24
CUST08614,Aarav Agarwal,Male,49,Bangalore,Delhi,India,Wholesale,2022-02-24
CUST08615,Riya Singh,,53,Mumbai,Gujarat,India,Corporate,2024-07-24
CUST08616,Riya Verma,Male,66,Chennai,Tamil Nadu,India,Corporate,2022-07-30
CUST08617,Neha Shah,,35,Pune,Gujarat,India,Retail,2022-05-18
CUST08618,Riya Verma,FEMALE,46,Delhi,Telangana,India,Retail,2025-08-31
CUST08619,Priya Singh,Male,51,Mumbai,Karnataka,India,Retail,2021-01-06
CUST08620,Ananya Patel,Female,68,Chennai,Delhi,India,Corporate,2024-01-06
CUST08621,Kavya Gupta,Male,23,Delhi,Gujarat,India,Wholesale,2025-06-17
CUST08622,Ananya Desai,FEMALE,44,Delhi,Tamil Nadu,India,Wholesale,2021-11-11
CUST08623,Diya Kapoor, male ,38,Pune,Delhi,India,Wholesale,2020-03-22
CUST08624,Vivaan Patel,Male,53,Ahmedabad,Karnataka,India,Corporate,2023-03-31
CUST08625,Sneha Patel,,61,Pune,Karnataka,India,Wholesale,2020-06-08
CUST08626,Rohan Gupta,Male,44,Surat,Gujarat,India,Retail,2025-07-15
CUST08627,Riya Verma,,74,Hyderabad,Maharashtra,India,Corporate,2025-05-10
CUST08628,Nidhi Joshi,,73,Bangalore,Karnataka,India,Wholesale,2021-06-06
CUST08629,Rahul Mehta,,29,Delhi,Delhi,India,Retail,2025-11-05
CUST08630,Nidhi Agarwal,Male,48,Hyderabad,Tamil Nadu,India,Corporate,2024-04-15
CUST08631,Rahul Patel,,24,Mumbai,Delhi,India,Retail,2024-05-05
CUST08632,Rohan Gupta,Female,40,Ahmedabad,Karnataka,India,Corporate,2021-04-02
CUST08633,Nidhi Singh, male ,29,Mumbai,Gujarat,India,Wholesale,2022-04-28
CUST08634,Meera Gupta,,71,Bangalore,Delhi,India,Wholesale,2024-12-19
CUST08635,Priya Desai, male ,50,Pune,Gujarat,India,Wholesale,2021-10-12
CUST08636,Ananya Kapoor,,34,Chennai,Karnataka,India,Wholesale,2024-02-16
CUST08637,Priya Patel, male ,41,Pune,Maharashtra,India,Wholesale,2023-09-28
CUST08638,Kavya Mehta,,27,Chennai,Gujarat,India,Wholesale,2023-04-14
CUST08639,Vivaan Singh, male ,65,Chennai,Gujarat,India,Retail,2025-05-14
CUST08640,Yash Agarwal,Male,21,Pune,Karnataka,India,Wholesale,2022-01-17
CUST08641,Arjun Verma,Female,28,Delhi,Telangana,India,Retail,2025-12-23
CUST08642,Riya Desai, male ,37,Chennai,Karnataka,India,Wholesale,2023-06-28
CUST08643,Neha Verma,,74,Delhi,Karnataka,India,Wholesale,2022-03-15
CUST08644,Kavya Agarwal,,50,Mumbai,Telangana,India,Retail,2022-08-12
CUST08645,Isha Verma, male ,41,Hyderabad,Telangana,India,Wholesale,2023-10-22
CUST08646,Meera Singh,Male,71,Pune,Delhi,India,Corporate,2022-04-11
CUST08647,Sneha Verma, male ,38,Surat,Telangana,India,Wholesale,2023-04-13
CUST08648,Diya Shah,,30,Ahmedabad,Telangana,India,Retail,2022-04-29
CUST08649,Priya Kapoor,,54,Delhi,Telangana,India,Corporate,2025-12-10
CUST08650,Isha Verma,,50,Surat,Maharashtra,India,Corporate,2021-08-27
CUST08651,Dhruvi Shah,,19,Bangalore,Telangana,India,Corporate,2023-03-20
CUST08652,Rohan Desai, male ,52,Bangalore,Gujarat,India,Wholesale,2025-09-30
CUST08653,Meera Shah, male ,73,Pune,Maharashtra,India,Corporate,2024-08-26
CUST08654,Sneha Kapoor,FEMALE,66,Surat,Telangana,India,Wholesale,2024-08-26
CUST08655,Neha Agarwal, male ,33,Pune,Maharashtra,India,Corporate,2025-04-08
CUST08656,Priya Singh, male ,61,Chennai,Gujarat,India,Retail,2024-04-21
CUST08657,Yash Desai,Male,29,Bangalore,Tamil Nadu,India,Retail,2023-04-19
CUST08658,Nidhi Verma,,51,Hyderabad,Tamil Nadu,India,Corporate,2021-09-17
CUST08659,Sneha Gupta, male ,53,Bangalore,Maharashtra,India,Corporate,2021-04-16
CUST08660,Rahul Kapoor,,57,Delhi,Tamil Nadu,India,Corporate,2024-02-06
CUST08661,Kavya Agarwal, male ,40,Hyderabad,Gujarat,India,Corporate,2021-05-13
CUST08662,Dhruvi Shah,,57,Surat,Karnataka,India,Wholesale,2020-11-09
CUST08663,Yash Kapoor,FEMALE,65,Hyderabad,Telangana,India,Wholesale,2022-05-28
CUST08664,Rahul Mehta,Female,73,Bangalore,Karnataka,India,Wholesale,2021-12-21
CUST08665,Meera Gupta,Female,63,Hyderabad,Delhi,India,Wholesale,2021-08-08
CUST08666,Vivaan Joshi,FEMALE,23,Chennai,Maharashtra,India,Wholesale,2024-11-05
CUST08667,Vivaan Gupta,Male,30,Pune,Gujarat,India,Retail,2022-11-07
CUST08668,Vivaan Patel,,39,Delhi,Gujarat,India,Corporate,2021-07-02
CUST08669,Dhruvi Desai,Male,69,Ahmedabad,Tamil Nadu,India,Wholesale,2020-04-02
CUST08670,Priya Shah,,37,Surat,Maharashtra,India,Corporate,2024-08-24
CUST08671,Isha Desai,Male,18,Surat,Telangana,India,Corporate,2021-12-22
CUST08672,Aditya Shah,Male,46,Bangalore,Maharashtra,India,Corporate,2021-09-11
CUST08673,Meera Gupta,,50,Ahmedabad,Delhi,India,Wholesale,2023-03-02
CUST08674,Diya Shah,FEMALE,65,Pune,Maharashtra,India,Retail,2022-01-16
CUST08675,Vivaan Mehta,,49,Chennai,Gujarat,India,Wholesale,2021-08-03
CUST08676,Diya Mehta,,32,Delhi,Gujarat,India,Retail,2020-05-14
CUST08677,Isha Joshi,,40,Chennai,Tamil Nadu,India,Retail,2021-01-04
CUST08678,Aditya Joshi,,57,Chennai,Delhi,India,Corporate,2023-12-11
CUST08679,Aarav Gupta, male ,25,Pune,Karnataka,India,Retail,2026-01-07
CUST08680,Rahul Desai,FEMALE,42,Pune,Delhi,India,Retail,2021-03-19
CUST08681,Dhruvi Agarwal, male ,34,Ahmedabad,Delhi,India,Corporate,2022-10-25
CUST08682,Aditya Kapoor,Female,37,Mumbai,Maharashtra,India,Corporate,2021-08-25
CUST08683,Sneha Patel,,49,Ahmedabad,Gujarat,India,Wholesale,2023-01-04
CUST08684,Yash Mehta,Female,21,Ahmedabad,Maharashtra,India,Retail,2020-03-18
CUST08685,Isha Gupta,FEMALE,51,Hyderabad,Maharashtra,India,Wholesale,2025-08-14
CUST08686,Sneha Desai,Female,68,Pune,Karnataka,India,Corporate,2020-03-28
CUST08687,Yash Kapoor,Male,39,Chennai,Gujarat,India,Corporate,2024-09-15
CUST08688,Neha Mehta,FEMALE,49,Bangalore,Maharashtra,India,Corporate,2021-12-26
CUST08689,Nidhi Mehta, male ,38,Pune,Gujarat,India,Retail,2021-11-20
CUST08690,Rohan Gupta,Female,33,Surat,Maharashtra,India,Retail,2025-05-05
CUST08691,Diya Kapoor,FEMALE,24,Hyderabad,Karnataka,India,Wholesale,2020-11-27
CUST08692,Ananya Joshi, male ,52,Pune,Tamil Nadu,India,Retail,2024-09-13
CUST08693,Riya Desai,Female,69,Pune,Delhi,India,Wholesale,2022-03-18
CUST08694,Aarav Singh,Male,70,Mumbai,Maharashtra,India,Retail,2025-01-10
CUST08695,Aditya Mehta, male ,25,Hyderabad,Karnataka,India,Corporate,2020-04-05
CUST08696,Meera Joshi,Male,37,Delhi,Gujarat,India,Wholesale,2021-05-16
CUST08697,Aditya Verma,,28,Ahmedabad,Telangana,India,Corporate,2025-02-04
CUST08698,Isha Agarwal,,62,Pune,Tamil Nadu,India,Retail,2021-02-19
CUST08699,Priya Kapoor,FEMALE,53,Hyderabad,Telangana,India,Wholesale,2024-07-26
CUST08700,Yash Shah,FEMALE,30,Ahmedabad,Tamil Nadu,India,Retail,2022-04-24
CUST08701,Riya Mehta,FEMALE,56,Surat,Telangana,India,Wholesale,2022-03-31
CUST08702,Riya Mehta,,61,Surat,Delhi,India,Corporate,2023-09-15
CUST08703,Arjun Shah,FEMALE,27,Chennai,Tamil Nadu,India,Corporate,2021-05-21
CUST08704,Kavya Mehta,Male,68,Ahmedabad,Telangana,India,Retail,2020-04-24
CUST08705,Ananya Verma,,43,Hyderabad,Karnataka,India,Retail,2021-04-19
CUST08706,Isha Desai,,26,Ahmedabad,Karnataka,India,Corporate,2021-01-15
CUST08707,Kavya Desai,Male,27,Surat,Delhi,India,Wholesale,2023-06-02
CUST08708,Priya Desai,FEMALE,32,Bangalore,Tamil Nadu,India,Corporate,2024-10-16
CUST08709,Riya Joshi,,53,Mumbai,Maharashtra,India,Corporate,2025-08-16
CUST08710,Dhruvi Desai,Male,35,Hyderabad,Tamil Nadu,India,Corporate,2021-06-05
CUST08711,Aditya Verma,FEMALE,19,Pune,Tamil Nadu,India,Wholesale,2020-09-08
CUST08712,Aditya Gupta,Male,56,Mumbai,Gujarat,India,Corporate,2024-04-06
CUST08713,Dhruvi Patel,,46,Hyderabad,Telangana,India,Retail,2023-06-17
CUST08714,Rohan Patel,Female,28,Delhi,Tamil Nadu,India,Wholesale,2020-05-14
CUST08715,Rohan Joshi,FEMALE,67,Mumbai,Maharashtra,India,Wholesale,2021-08-31
CUST08716,Ananya Patel, male ,48,Delhi,Delhi,India,Retail,2023-03-21
CUST08717,Aarav Kapoor,Female,63,Hyderabad,Maharashtra,India,Retail,2023-02-04
CUST08718,Isha Joshi, male ,50,Chennai,Maharashtra,India,Wholesale,2025-12-17
CUST08719,Aditya Singh,Female,33,Pune,Gujarat,India,Corporate,2024-06-14
CUST08720,Nidhi Shah,,34,Mumbai,Gujarat,India,Retail,2021-05-13
CUST08721,Yash Patel,,26,Ahmedabad,Delhi,India,Corporate,2022-04-13
CUST08722,Vivaan Mehta,Female,32,Hyderabad,Gujarat,India,Retail,2025-06-05
CUST08723,Meera Desai, male ,43,Bangalore,Karnataka,India,Retail,2023-05-22
CUST08724,Rahul Kapoor,Female,50,Ahmedabad,Tamil Nadu,India,Wholesale,2022-05-31
CUST08725,Sneha Patel, male ,43,Mumbai,Delhi,India,Retail,2023-07-23
CUST08726,Arjun Joshi,FEMALE,25,Delhi,Gujarat,India,Wholesale,2023-04-08
CUST08727,Aditya Singh,Male,39,Hyderabad,Maharashtra,India,Retail,2021-08-26
CUST08728,Ananya Singh,FEMALE,59,Ahmedabad,Maharashtra,India,Retail,2022-10-25
CUST08729,Priya Verma,,36,Mumbai,Delhi,India,Wholesale,2022-08-22
CUST08730,Priya Shah, male ,68,Pune,Telangana,India,Wholesale,2025-08-19
CUST08731,Vivaan Mehta,,66,Pune,Tamil Nadu,India,Wholesale,2021-05-16
CUST08732,Priya Singh,,62,Ahmedabad,Karnataka,India,Corporate,2023-09-26
CUST08733,Priya Agarwal,,42,Bangalore,Maharashtra,India,Corporate,2024-04-20
CUST08734,Yash Joshi,,62,Bangalore,Tamil Nadu,India,Wholesale,2020-11-09
CUST08735,Rohan Patel,FEMALE,62,Chennai,Karnataka,India,Retail,2023-09-08
CUST08736,Dhruvi Gupta,FEMALE,37,Pune,Gujarat,India,Retail,2020-01-23
CUST08737,Nidhi Verma,,21,Pune,Karnataka,India,Wholesale,2022-03-08
CUST08738,Isha Desai,,27,Delhi,Telangana,India,Wholesale,2020-06-24
CUST08739,Ananya Gupta, male ,24,Hyderabad,Tamil Nadu,India,Corporate,2024-12-28
CUST08740,Vivaan Gupta,,24,Mumbai,Tamil Nadu,India,Corporate,2021-12-29
CUST08741,Neha Gupta,,20,Bangalore,Gujarat,India,Retail,2021-05-04
CUST08742,Meera Singh,FEMALE,22,Surat,Telangana,India,Retail,2021-11-29
CUST08743,Riya Gupta,Male,21,Delhi,Karnataka,India,Wholesale,2023-11-27
CUST08744,Aditya Singh,Male,36,Mumbai,Gujarat,India,Wholesale,2023-09-20
CUST08745,Aditya Agarwal,,66,Chennai,Gujarat,India,Retail,2022-09-15
CUST08746,Kavya Agarwal, male ,40,Mumbai,Maharashtra,India,Retail,2020-12-09
CUST08747,Aditya Agarwal,,20,Ahmedabad,Maharashtra,India,Corporate,2021-12-18
CUST08748,Sneha Kapoor,,72,Chennai,Tamil Nadu,India,Wholesale,2020-11-09
CUST08749,Diya Singh,FEMALE,22,Surat,Telangana,India,Wholesale,2025-11-15
CUST08750,Diya Desai,Male,58,Surat,Tamil Nadu,India,Wholesale,2020-08-25
CUST08751,Priya Agarwal,Female,36,Mumbai,Maharashtra,India,Corporate,2025-01-02
CUST08752,Riya Shah,,48,Delhi,Telangana,India,Corporate,2025-04-10
CUST08753,Meera Desai,Female,63,Mumbai,Karnataka,India,Retail,2022-09-09
CUST08754,Riya Shah,FEMALE,45,Surat,Maharashtra,India,Wholesale,2021-07-24
CUST08755,Neha Patel,FEMALE,74,Surat,Karnataka,India,Retail,2023-08-20
CUST08756,Arjun Joshi,Female,21,Delhi,Maharashtra,India,Corporate,2022-08-31
CUST08757,Kavya Joshi, male ,59,Ahmedabad,Delhi,India,Corporate,2025-07-12
CUST08758,Isha Singh,Male,31,Mumbai,Tamil Nadu,India,Retail,2024-03-08
CUST08759,Vivaan Joshi,,33,Pune,Karnataka,India,Corporate,2025-01-03
CUST08760,Ananya Shah,,64,Hyderabad,Telangana,India,Wholesale,2021-03-04
CUST08761,Isha Patel,,59,Bangalore,Karnataka,India,Corporate,2025-03-05
CUST08762,Yash Joshi, male ,63,Chennai,Tamil Nadu,India,Wholesale,2023-07-28
CUST08763,Aditya Joshi, male ,68,Ahmedabad,Telangana,India,Retail,2023-12-25
CUST08764,Rahul Singh, male ,30,Pune,Delhi,India,Corporate,2025-11-02
CUST08765,Vivaan Gupta,,31,Pune,Delhi,India,Retail,2024-04-19
CUST08766,Dhruvi Shah,Female,72,Pune,Karnataka,India,Corporate,2025-11-01
CUST08767,Priya Shah,FEMALE,57,Bangalore,Gujarat,India,Corporate,2024-04-22
CUST08768,Rohan Patel,Male,22,Pune,Karnataka,India,Retail,2023-01-27
CUST08769,Isha Agarwal,Male,45,Ahmedabad,Karnataka,India,Wholesale,2025-11-23
CUST08770,Rohan Patel,Female,41,Chennai,Delhi,India,Wholesale,2025-09-25
CUST08771,Dhruvi Kapoor,Male,36,Mumbai,Maharashtra,India,Wholesale,2021-04-16
CUST08772,Nidhi Agarwal,Female,28,Bangalore,Gujarat,India,Corporate,2024-10-01
CUST08773,Aditya Joshi,,68,Hyderabad,Karnataka,India,Wholesale,2023-02-28
CUST08774,Rohan Gupta,,59,Pune,Telangana,India,Retail,2024-01-02
CUST08775,Rohan Singh,,69,Mumbai,Delhi,India,Wholesale,2021-12-02
CUST08776,Ananya Verma,FEMALE,61,Bangalore,Tamil Nadu,India,Corporate,2021-03-17
CUST08777,Yash Agarwal,,50,Bangalore,Gujarat,India,Retail,2022-04-14
CUST08778,Aditya Desai,Female,27,Ahmedabad,Tamil Nadu,India,Corporate,2024-03-06
CUST08779,Meera Patel,Female,36,Pune,Maharashtra,India,Corporate,2020-01-04
CUST08780,Riya Patel, male ,33,Delhi,Gujarat,India,Wholesale,2024-10-18
CUST08781,Isha Joshi,,24,Bangalore,Tamil Nadu,India,Retail,2025-12-23
CUST08782,Rohan Patel,Male,30,Delhi,Telangana,India,Corporate,2025-02-07
CUST08783,Neha Shah,Male,49,Delhi,Maharashtra,India,Wholesale,2022-02-23
CUST08784,Diya Verma,Male,31,Surat,Karnataka,India,Corporate,2024-01-15
CUST08785,Diya Verma,,50,Surat,Telangana,India,Corporate,2025-04-06
CUST08786,Rahul Mehta,,41,Bangalore,Delhi,India,Retail,2021-09-01
CUST08787,Isha Gupta,,37,Ahmedabad,Maharashtra,India,Wholesale,2023-07-30
CUST08788,Kavya Desai,Male,39,Hyderabad,Delhi,India,Corporate,2024-09-24
CUST08789,Ananya Agarwal,,47,Ahmedabad,Karnataka,India,Corporate,2024-01-23
CUST08790,Arjun Joshi,,29,Ahmedabad,Karnataka,India,Corporate,2020-11-01
CUST08791,Dhruvi Desai,FEMALE,53,Hyderabad,Gujarat,India,Wholesale,2022-08-15
CUST08792,Nidhi Singh,Female,42,Chennai,Maharashtra,India,Corporate,2025-09-25
CUST08793,Isha Verma,Male,31,Delhi,Gujarat,India,Retail,2020-01-24
CUST08794,Diya Mehta,,23,Ahmedabad,Karnataka,India,Wholesale,2020-03-15
CUST08795,Vivaan Mehta,,61,Chennai,Telangana,India,Wholesale,2024-06-25
CUST08796,Aarav Mehta, male ,57,Hyderabad,Karnataka,India,Retail,2021-01-24
CUST08797,Yash Gupta,FEMALE,60,Hyderabad,Karnataka,India,Corporate,2021-10-24
CUST08798,Kavya Joshi, male ,22,Surat,Delhi,India,Wholesale,2023-08-01
CUST08799,Arjun Singh, male ,49,Pune,Delhi,India,Retail,2020-08-04
CUST08800,Vivaan Joshi,,27,Ahmedabad,Tamil Nadu,India,Corporate,2024-05-01
CUST08801,Diya Verma,,53,Ahmedabad,Tamil Nadu,India,Wholesale,2025-02-23
CUST08802,Priya Patel, male ,57,Mumbai,Tamil Nadu,India,Wholesale,2020-05-24
CUST08803,Riya Singh,,53,Hyderabad,Tamil Nadu,India,Corporate,2024-02-10
CUST08804,Aditya Agarwal, male ,40,Chennai,Delhi,India,Corporate,2025-07-06
CUST08805,Diya Verma,Female,55,Mumbai,Maharashtra,India,Corporate,2025-01-04
CUST08806,Nidhi Desai,,18,Delhi,Tamil Nadu,India,Corporate,2024-09-25
CUST08807,Priya Verma,,47,Delhi,Telangana,India,Wholesale,2025-10-06
CUST08808,Priya Shah,FEMALE,53,Chennai,Tamil Nadu,India,Corporate,2022-04-29
CUST08809,Aditya Verma,Male,45,Hyderabad,Karnataka,India,Retail,2020-02-21
CUST08810,Isha Kapoor,,50,Mumbai,Karnataka,India,Wholesale,2021-05-30
CUST08811,Sneha Kapoor,,22,Mumbai,Tamil Nadu,India,Wholesale,2020-03-15
CUST08812,Neha Shah,Female,64,Chennai,Tamil Nadu,India,Wholesale,2023-01-29
CUST08813,Aditya Mehta,Male,31,Pune,Delhi,India,Corporate,2025-10-18
CUST08814,Isha Kapoor,,68,Hyderabad,Gujarat,India,Corporate,2020-12-26
CUST08815,Rahul Joshi,Female,38,Mumbai,Telangana,India,Retail,2026-01-02
CUST08816,Ananya Mehta,FEMALE,43,Ahmedabad,Maharashtra,India,Corporate,2021-09-01
CUST08817,Diya Joshi,,59,Chennai,Karnataka,India,Retail,2021-09-29
CUST08818,Riya Kapoor,,50,Ahmedabad,Telangana,India,Retail,2024-11-17
CUST08819,Diya Patel,Male,22,Hyderabad,Tamil Nadu,India,Retail,2023-07-25
CUST08820,Diya Desai,,26,Chennai,Gujarat,India,Wholesale,2024-03-21
CUST08821,Priya Shah,FEMALE,53,Ahmedabad,Telangana,India,Corporate,2021-11-14
CUST08822,Arjun Gupta,,72,Surat,Telangana,India,Wholesale,2022-11-25
CUST08823,Isha Gupta,,46,Hyderabad,Tamil Nadu,India,Corporate,2022-11-19
CUST08824,Neha Mehta,,49,Hyderabad,Maharashtra,India,Wholesale,2022-01-21
CUST08825,Nidhi Desai,Female,37,Pune,Karnataka,India,Retail,2025-04-10
CUST08826,Priya Desai,,55,Ahmedabad,Karnataka,India,Retail,2025-10-12
CUST08827,Neha Patel,,33,Mumbai,Telangana,India,Retail,2021-12-07
CUST08828,Rohan Verma,Female,30,Delhi,Telangana,India,Corporate,2022-09-28
CUST08829,Aditya Singh,Female,51,Pune,Gujarat,India,Wholesale,2024-06-01
CUST08830,Yash Patel,FEMALE,18,Ahmedabad,Tamil Nadu,India,Corporate,2024-01-11
CUST08831,Riya Gupta, male ,68,Chennai,Tamil Nadu,India,Wholesale,2023-12-22
CUST08832,Rohan Kapoor,,74,Bangalore,Delhi,India,Corporate,2022-11-01
CUST08833,Ananya Desai,,44,Surat,Karnataka,India,Wholesale,2024-09-17
CUST08834,Nidhi Joshi, male ,64,Chennai,Karnataka,India,Retail,2025-10-30
CUST08835,Sneha Joshi, male ,54,Ahmedabad,Karnataka,India,Wholesale,2025-06-20
CUST08836,Aditya Desai,Male,18,Delhi,Maharashtra,India,Corporate,2021-09-23
CUST08837,Yash Agarwal,,74,Delhi,Karnataka,India,Corporate,2021-03-23
CUST08838,Yash Singh,,73,Ahmedabad,Gujarat,India,Retail,2023-06-21
CUST08839,Rohan Mehta,,36,Bangalore,Maharashtra,India,Wholesale,2020-06-13
CUST08840,Meera Kapoor,FEMALE,50,Hyderabad,Delhi,India,Corporate,2020-12-22
CUST08841,Nidhi Gupta,Male,49,Pune,Delhi,India,Retail,2023-04-14
CUST08842,Isha Verma,FEMALE,44,Hyderabad,Karnataka,India,Retail,2022-12-31
CUST08843,Arjun Singh,Male,45,Pune,Telangana,India,Corporate,2024-05-08
CUST08844,Rahul Shah,,41,Ahmedabad,Tamil Nadu,India,Wholesale,2025-11-08
CUST08845,Diya Joshi,Female,32,Mumbai,Karnataka,India,Retail,2020-02-22
CUST08846,Meera Kapoor,Female,49,Delhi,Gujarat,India,Retail,2023-07-26
CUST08847,Rohan Mehta,,53,Surat,Maharashtra,India,Retail,2022-06-20
CUST08848,Isha Kapoor,FEMALE,36,Bangalore,Maharashtra,India,Corporate,2020-12-16
CUST08849,Ananya Patel,FEMALE,23,Mumbai,Maharashtra,India,Retail,2020-03-18
CUST08850,Yash Joshi, male ,58,Mumbai,Maharashtra,India,Wholesale,2020-09-04
CUST08851,Dhruvi Kapoor,Female,66,Delhi,Gujarat,India,Wholesale,2023-02-22
CUST08852,Kavya Shah,Female,48,Delhi,Telangana,India,Corporate,2022-09-04
CUST08853,Diya Singh,,48,Bangalore,Telangana,India,Corporate,2020-07-05
CUST08854,Rahul Mehta,Male,30,Chennai,Delhi,India,Wholesale,2024-12-12
CUST08855,Rahul Desai, male ,43,Surat,Gujarat,India,Wholesale,2023-05-11
CUST08856,Aarav Gupta,,25,Surat,Gujarat,India,Corporate,2022-01-19
CUST08857,Kavya Mehta,FEMALE,30,Mumbai,Gujarat,India,Wholesale,2024-01-06
CUST08858,Riya Joshi,,42,Ahmedabad,Gujarat,India,Wholesale,2025-02-01
CUST08859,Rahul Kapoor,Female,46,Ahmedabad,Karnataka,India,Wholesale,2022-09-12
CUST08860,Priya Desai,,48,Chennai,Delhi,India,Corporate,2023-03-25
CUST08861,Neha Patel,,71,Pune,Delhi,India,Corporate,2022-05-07
CUST08862,Aarav Agarwal,Female,50,Delhi,Karnataka,India,Wholesale,2022-05-20
CUST08863,Yash Singh,FEMALE,57,Mumbai,Telangana,India,Wholesale,2020-12-08
CUST08864,Rahul Singh,FEMALE,30,Ahmedabad,Gujarat,India,Corporate,2020-07-05
CUST08865,Aarav Patel,,67,Surat,Delhi,India,Wholesale,2022-10-17
CUST08866,Diya Verma,Male,72,Surat,Telangana,India,Retail,2023-08-20
CUST08867,Meera Mehta, male ,74,Mumbai,Tamil Nadu,India,Retail,2024-01-19
CUST08868,Priya Gupta,Female,22,Bangalore,Delhi,India,Retail,2025-08-01
CUST08869,Aarav Shah,,49,Bangalore,Maharashtra,India,Corporate,2020-04-07
CUST08870,Priya Verma,Female,59,Bangalore,Maharashtra,India,Wholesale,2021-06-17
CUST08871,Isha Agarwal,,43,Mumbai,Maharashtra,India,Retail,2023-01-18
CUST08872,Isha Gupta,,59,Surat,Karnataka,India,Wholesale,2023-09-05
CUST08873,Dhruvi Agarwal,,42,Pune,Gujarat,India,Corporate,2020-04-22
CUST08874,Ananya Agarwal, male ,20,Ahmedabad,Telangana,India,Wholesale,2022-07-22
CUST08875,Kavya Gupta,Female,71,Ahmedabad,Tamil Nadu,India,Corporate,2025-08-04
CUST08876,Meera Agarwal,Female,46,Mumbai,Maharashtra,India,Corporate,2023-02-19
CUST08877,Aarav Kapoor,,35,Delhi,Gujarat,India,Corporate,2020-06-23
CUST08878,Diya Agarwal,Female,39,Ahmedabad,Tamil Nadu,India,Corporate,2021-12-30
CUST08879,Neha Verma,Female,23,Ahmedabad,Maharashtra,India,Wholesale,2021-10-29
CUST08880,Aditya Gupta,FEMALE,55,Bangalore,Tamil Nadu,India,Wholesale,2023-08-26
CUST08881,Diya Patel,,57,Bangalore,Tamil Nadu,India,Corporate,2020-06-30
CUST08882,Yash Kapoor,,23,Surat,Delhi,India,Retail,2021-11-10
CUST08883,Rohan Patel,Male,41,Ahmedabad,Telangana,India,Wholesale,2020-12-11
CUST08884,Nidhi Mehta,FEMALE,56,Delhi,Karnataka,India,Retail,2021-12-21
CUST08885,Ananya Joshi,Male,36,Mumbai,Tamil Nadu,India,Corporate,2023-07-21
CUST08886,Rohan Gupta,,64,Delhi,Karnataka,India,Retail,2022-12-08
CUST08887,Nidhi Mehta,Male,49,Chennai,Gujarat,India,Corporate,2024-03-03
CUST08888,Yash Gupta,,46,Pune,Karnataka,India,Retail,2021-05-13
CUST08889,Rahul Gupta,,28,Pune,Delhi,India,Corporate,2025-05-24
CUST08890,Meera Mehta,,64,Bangalore,Telangana,India,Wholesale,2022-08-25
CUST08891,Rahul Kapoor,FEMALE,40,Chennai,Maharashtra,India,Retail,2023-11-22
CUST08892,Neha Shah,Male,71,Mumbai,Maharashtra,India,Corporate,2022-12-29
CUST08893,Riya Gupta,,21,Surat,Maharashtra,India,Retail,2022-03-28
CUST08894,Vivaan Verma,FEMALE,61,Delhi,Maharashtra,India,Retail,2020-09-07
CUST08895,Vivaan Joshi, male ,73,Ahmedabad,Tamil Nadu,India,Wholesale,2025-03-19
CUST08896,Rohan Desai,Male,63,Hyderabad,Gujarat,India,Corporate,2022-12-01
CUST08897,Riya Verma,FEMALE,61,Chennai,Delhi,India,Wholesale,2021-01-13
CUST08898,Sneha Desai, male ,36,Delhi,Karnataka,India,Corporate,2021-02-28
CUST08899,Riya Shah, male ,20,Surat,Maharashtra,India,Corporate,2024-08-06
CUST08900,Vivaan Mehta,Female,18,Mumbai,Tamil Nadu,India,Corporate,2022-07-09
CUST08901,Kavya Patel,Female,68,Ahmedabad,Maharashtra,India,Corporate,2021-05-12
CUST08902,Priya Desai,Male,32,Bangalore,Maharashtra,India,Retail,2022-10-11
CUST08903,Rohan Shah,FEMALE,68,Chennai,Delhi,India,Corporate,2020-01-02
CUST08904,Kavya Verma,,26,Ahmedabad,Karnataka,India,Corporate,2025-06-06
CUST08905,Aditya Gupta,Female,21,Chennai,Gujarat,India,Retail,2024-11-02
CUST08906,Dhruvi Joshi,Female,51,Bangalore,Telangana,India,Wholesale,2024-08-29
CUST08907,Vivaan Shah,,49,Ahmedabad,Delhi,India,Wholesale,2023-01-19
CUST08908,Priya Agarwal,Female,67,Pune,Gujarat,India,Corporate,2021-08-08
CUST08909,Priya Joshi, male ,53,Delhi,Telangana,India,Corporate,2024-05-20
CUST08910,Riya Agarwal,,42,Bangalore,Maharashtra,India,Wholesale,2024-04-14
CUST08911,Riya Verma,,70,Chennai,Maharashtra,India,Retail,2021-05-31
CUST08912,Rohan Patel,,42,Delhi,Maharashtra,India,Wholesale,2020-09-06
CUST08913,Yash Mehta,Female,43,Delhi,Telangana,India,Retail,2024-10-19
CUST08914,Rahul Agarwal,Male,23,Surat,Karnataka,India,Wholesale,2022-03-27
CUST08915,Dhruvi Verma,Male,61,Bangalore,Karnataka,India,Retail,2022-05-21
CUST08916,Isha Mehta, male ,54,Chennai,Telangana,India,Corporate,2023-09-16
CUST08917,Isha Desai,,73,Pune,Delhi,India,Wholesale,2024-11-06
CUST08918,Isha Mehta,Female,69,Hyderabad,Maharashtra,India,Retail,2023-03-23
CUST08919,Riya Agarwal, male ,21,Delhi,Delhi,India,Retail,2020-02-02
CUST08920,Arjun Gupta, male ,38,Bangalore,Maharashtra,India,Corporate,2025-01-03
CUST08921,Riya Desai,Female,32,Ahmedabad,Tamil Nadu,India,Corporate,2025-05-13
CUST08922,Rahul Gupta,,72,Ahmedabad,Karnataka,India,Corporate,2021-10-24
CUST08923,Sneha Singh,,33,Bangalore,Delhi,India,Corporate,2021-08-07
CUST08924,Aarav Verma,Female,22,Pune,Gujarat,India,Wholesale,2023-03-28
CUST08925,Dhruvi Desai,FEMALE,59,Pune,Gujarat,India,Retail,2024-10-04
CUST08926,Neha Mehta,Female,32,Pune,Telangana,India,Retail,2020-12-04
CUST08927,Rohan Kapoor,,74,Bangalore,Maharashtra,India,Corporate,2020-09-29
CUST08928,Neha Agarwal,Female,66,Mumbai,Telangana,India,Wholesale,2025-10-21
CUST08929,Nidhi Shah,Male,59,Hyderabad,Karnataka,India,Retail,2020-05-16
CUST08930,Kavya Verma,,21,Chennai,Karnataka,India,Retail,2020-11-27
CUST08931,Yash Patel, male ,57,Delhi,Delhi,India,Wholesale,2024-01-22
CUST08932,Isha Patel,Female,63,Mumbai,Maharashtra,India,Corporate,2025-03-23
CUST08933,Ananya Joshi,,41,Ahmedabad,Maharashtra,India,Corporate,2024-03-06
CUST08934,Diya Verma,Male,53,Ahmedabad,Karnataka,India,Wholesale,2025-09-21
CUST08935,Aarav Desai,Male,46,Pune,Tamil Nadu,India,Retail,2022-01-19
CUST08936,Sneha Gupta,FEMALE,68,Mumbai,Tamil Nadu,India,Retail,2023-06-08
CUST08937,Dhruvi Singh,Female,46,Delhi,Maharashtra,India,Retail,2022-09-04
CUST08938,Arjun Agarwal,FEMALE,57,Pune,Maharashtra,India,Retail,2023-03-27
CUST08939,Aditya Singh, male ,74,Bangalore,Maharashtra,India,Retail,2020-02-27
CUST08940,Kavya Shah, male ,42,Surat,Telangana,India,Retail,2025-03-27
CUST08941,Rohan Agarwal,,51,Pune,Karnataka,India,Corporate,2020-02-24
CUST08942,Ananya Joshi,Male,54,Chennai,Maharashtra,India,Corporate,2020-05-25
CUST08943,Diya Desai,Male,23,Delhi,Tamil Nadu,India,Wholesale,2021-01-19
CUST08944,Riya Shah,Female,69,Mumbai,Delhi,India,Retail,2021-11-23
CUST08945,Isha Gupta,,60,Mumbai,Maharashtra,India,Retail,2023-07-20
CUST08946,Neha Agarwal,Male,52,Hyderabad,Maharashtra,India,Retail,2025-10-21
CUST08947,Riya Gupta,,47,Delhi,Karnataka,India,Wholesale,2023-11-18
CUST08948,Isha Singh,FEMALE,18,Delhi,Gujarat,India,Corporate,2024-11-20
CUST08949,Diya Joshi, male ,70,Hyderabad,Maharashtra,India,Corporate,2020-06-12
CUST08950,Rohan Agarwal,Male,61,Mumbai,Maharashtra,India,Wholesale,2023-10-29
CUST08951,Arjun Mehta,Male,28,Delhi,Tamil Nadu,India,Retail,2021-12-16
CUST08952,Dhruvi Desai,FEMALE,66,Hyderabad,Karnataka,India,Wholesale,2020-08-17
CUST08953,Aditya Joshi,,42,Bangalore,Karnataka,India,Retail,2023-03-28
CUST08954,Kavya Verma,Male,54,Delhi,Tamil Nadu,India,Retail,2024-11-16
CUST08955,Yash Verma,,68,Ahmedabad,Karnataka,India,Corporate,2023-04-01
CUST08956,Yash Singh,,42,Mumbai,Gujarat,India,Retail,2020-08-02
CUST08957,Yash Patel,FEMALE,40,Pune,Maharashtra,India,Retail,2022-11-07
CUST08958,Neha Verma,Female,67,Pune,Maharashtra,India,Retail,2025-11-26
CUST08959,Arjun Mehta,Male,73,Ahmedabad,Gujarat,India,Corporate,2024-03-22
CUST08960,Dhruvi Desai, male ,45,Ahmedabad,Delhi,India,Corporate,2021-11-15
CUST08961,Nidhi Desai,Male,67,Chennai,Tamil Nadu,India,Retail,2023-10-10
CUST08962,Sneha Joshi,FEMALE,34,Pune,Telangana,India,Wholesale,2024-04-11
CUST08963,Sneha Agarwal,,22,Mumbai,Tamil Nadu,India,Corporate,2021-04-30
CUST08964,Dhruvi Shah,,38,Pune,Delhi,India,Corporate,2024-11-24
CUST08965,Riya Mehta,FEMALE,48,Ahmedabad,Gujarat,India,Wholesale,2020-02-12
CUST08966,Vivaan Joshi,,38,Surat,Delhi,India,Corporate,2023-12-25
CUST08967,Priya Shah, male ,32,Chennai,Delhi,India,Wholesale,2025-08-14
CUST08968,Sneha Mehta,Male,43,Mumbai,Telangana,India,Retail,2022-10-23
CUST08969,Neha Gupta,Female,47,Ahmedabad,Delhi,India,Retail,2022-05-11
CUST08970,Yash Shah,Male,24,Pune,Delhi,India,Corporate,2023-02-02
CUST08971,Kavya Gupta,Male,31,Surat,Gujarat,India,Wholesale,2025-06-26
CUST08972,Diya Patel,,70,Chennai,Gujarat,India,Retail,2021-10-11
CUST08973,Diya Shah,Male,56,Ahmedabad,Delhi,India,Wholesale,2025-02-04
CUST08974,Meera Patel,Male,70,Pune,Maharashtra,India,Corporate,2025-12-12
CUST08975,Rohan Agarwal,,74,Ahmedabad,Gujarat,India,Corporate,2020-10-23
CUST08976,Sneha Shah,FEMALE,65,Hyderabad,Delhi,India,Corporate,2023-09-26
CUST08977,Nidhi Shah,Male,28,Bangalore,Tamil Nadu,India,Retail,2020-12-16
CUST08978,Diya Joshi,,64,Chennai,Telangana,India,Retail,2024-12-17
CUST08979,Priya Gupta,,28,Bangalore,Delhi,India,Corporate,2023-10-24
CUST08980,Vivaan Mehta, male ,55,Chennai,Tamil Nadu,India,Retail,2025-04-06
CUST08981,Nidhi Singh,FEMALE,29,Delhi,Maharashtra,India,Corporate,2024-11-13
CUST08982,Ananya Mehta,,71,Surat,Delhi,India,Wholesale,2021-11-08
CUST08983,Riya Singh,Male,44,Ahmedabad,Gujarat,India,Wholesale,2024-01-20
CUST08984,Ananya Verma,Female,74,Chennai,Delhi,India,Wholesale,2025-03-20
CUST08985,Aarav Joshi,Female,21,Ahmedabad,Delhi,India,Retail,2020-03-12
CUST08986,Aarav Mehta,Female,39,Chennai,Maharashtra,India,Wholesale,2023-01-05
CUST08987,Yash Verma,,45,Pune,Maharashtra,India,Retail,2021-10-22
CUST08988,Neha Mehta,,54,Chennai,Karnataka,India,Retail,2020-10-09
CUST08989,Priya Kapoor,,70,Chennai,Gujarat,India,Corporate,2024-05-19
CUST08990,Vivaan Agarwal,Female,20,Surat,Gujarat,India,Corporate,2025-12-10
CUST08991,Rohan Kapoor, male ,26,Delhi,Karnataka,India,Retail,2023-10-19
CUST08992,Aarav Mehta,,42,Chennai,Karnataka,India,Retail,2020-03-29
CUST08993,Aarav Joshi, male ,64,Delhi,Karnataka,India,Wholesale,2024-03-29
CUST08994,Meera Kapoor,,40,Chennai,Karnataka,India,Corporate,2023-01-11
CUST08995,Aarav Mehta,,59,Mumbai,Gujarat,India,Wholesale,2020-11-14
CUST08996,Diya Shah,,30,Ahmedabad,Karnataka,India,Retail,2023-08-31
CUST08997,Kavya Singh, male ,19,Hyderabad,Telangana,India,Retail,2020-02-29
CUST08998,Kavya Desai,FEMALE,18,Pune,Tamil Nadu,India,Retail,2024-06-21
CUST08999,Sneha Kapoor,Male,36,Ahmedabad,Karnataka,India,Wholesale,2022-07-31
CUST09000,Kavya Gupta,,35,Ahmedabad,Gujarat,India,Retail,2025-01-15
CUST09001,Rahul Mehta,Female,64,Hyderabad,Tamil Nadu,India,Corporate,2021-04-20
CUST09002,Aditya Mehta,,27,Pune,Telangana,India,Wholesale,2022-01-18
CUST09003,Rohan Joshi, male ,36,Pune,Delhi,India,Retail,2023-01-13
CUST09004,Isha Desai,,58,Bangalore,Karnataka,India,Retail,2024-04-23
CUST09005,Priya Joshi,Female,72,Mumbai,Delhi,India,Retail,2021-05-11
CUST09006,Aditya Shah,Female,18,Ahmedabad,Tamil Nadu,India,Wholesale,2024-08-08
CUST09007,Isha Mehta,,52,Delhi,Tamil Nadu,India,Wholesale,2025-11-13
CUST09008,Yash Singh,Male,36,Delhi,Maharashtra,India,Corporate,2025-01-05
CUST09009,Yash Agarwal, male ,44,Mumbai,Maharashtra,India,Retail,2022-08-04
CUST09010,Nidhi Singh,,64,Ahmedabad,Tamil Nadu,India,Wholesale,2020-02-13
CUST09011,Nidhi Agarwal,,57,Bangalore,Gujarat,India,Retail,2024-10-21
CUST09012,Arjun Verma,FEMALE,57,Chennai,Maharashtra,India,Retail,2025-02-15
CUST09013,Rahul Verma,Male,60,Delhi,Karnataka,India,Retail,2022-06-16
CUST09014,Rohan Desai,,19,Delhi,Maharashtra,India,Retail,2024-05-25
CUST09015,Ananya Agarwal,Female,52,Ahmedabad,Tamil Nadu,India,Retail,2025-01-31
CUST09016,Neha Singh,,45,Bangalore,Tamil Nadu,India,Corporate,2024-10-25
CUST09017,Isha Shah,,56,Delhi,Maharashtra,India,Retail,2025-09-24
CUST09018,Rahul Shah,FEMALE,28,Chennai,Karnataka,India,Wholesale,2022-08-12
CUST09019,Riya Desai,FEMALE,19,Surat,Delhi,India,Retail,2021-02-18
CUST09020,Kavya Verma,FEMALE,44,Ahmedabad,Karnataka,India,Retail,2025-06-03
CUST09021,Rohan Singh,,33,Pune,Karnataka,India,Corporate,2024-07-12
CUST09022,Aarav Desai,,45,Mumbai,Tamil Nadu,India,Corporate,2023-02-24
CUST09023,Diya Patel,,56,Bangalore,Delhi,India,Corporate,2024-11-11
CUST09024,Sneha Joshi,Female,74,Hyderabad,Delhi,India,Corporate,2024-04-13
CUST09025,Isha Verma,Female,57,Chennai,Tamil Nadu,India,Retail,2022-01-25
CUST09026,Meera Gupta,Female,70,Pune,Tamil Nadu,India,Corporate,2024-11-26
CUST09027,Rohan Singh,,33,Surat,Delhi,India,Wholesale,2024-05-16
CUST09028,Rohan Joshi,,32,Surat,Maharashtra,India,Retail,2023-08-28
CUST09029,Rohan Shah,,25,Bangalore,Gujarat,India,Wholesale,2025-08-04
CUST09030,Isha Desai,Male,59,Delhi,Telangana,India,Wholesale,2024-07-18
CUST09031,Aarav Patel,Female,60,Ahmedabad,Telangana,India,Corporate,2024-04-09
CUST09032,Rahul Patel,Male,42,Bangalore,Karnataka,India,Retail,2020-03-17
CUST09033,Kavya Desai,,46,Delhi,Gujarat,India,Retail,2021-01-26
CUST09034,Yash Verma,,38,Surat,Delhi,India,Wholesale,2025-06-20
CUST09035,Aditya Verma, male ,35,Surat,Telangana,India,Wholesale,2021-05-03
CUST09036,Riya Gupta, male ,71,Delhi,Karnataka,India,Wholesale,2024-05-26
CUST09037,Aditya Shah,,51,Mumbai,Tamil Nadu,India,Retail,2023-03-12
CUST09038,Diya Singh,Male,72,Pune,Tamil Nadu,India,Corporate,2020-04-22
CUST09039,Rohan Mehta,FEMALE,20,Bangalore,Tamil Nadu,India,Retail,2025-11-06
CUST09040,Rahul Shah,FEMALE,34,Chennai,Tamil Nadu,India,Corporate,2020-08-14
CUST09041,Dhruvi Singh,Male,59,Delhi,Gujarat,India,Corporate,2021-04-07
CUST09042,Riya Desai, male ,51,Ahmedabad,Tamil Nadu,India,Retail,2024-08-15
CUST09043,Dhruvi Shah, male ,35,Chennai,Karnataka,India,Retail,2023-02-14
CUST09044,Nidhi Shah, male ,67,Delhi,Gujarat,India,Wholesale,2025-07-30
CUST09045,Isha Desai,,49,Hyderabad,Karnataka,India,Retail,2021-08-14
CUST09046,Rohan Gupta,Female,74,Ahmedabad,Tamil Nadu,India,Retail,2025-12-31
CUST09047,Rahul Singh,FEMALE,74,Pune,Gujarat,India,Wholesale,2025-11-21
CUST09048,Nidhi Verma,Female,44,Chennai,Delhi,India,Corporate,2025-04-18
CUST09049,Vivaan Desai,,73,Chennai,Telangana,India,Corporate,2021-03-10
CUST09050,Vivaan Joshi,Female,74,Bangalore,Maharashtra,India,Wholesale,2021-06-15
CUST09051,Arjun Kapoor,,31,Hyderabad,Gujarat,India,Wholesale,2025-12-24
CUST09052,Vivaan Gupta, male ,30,Ahmedabad,Gujarat,India,Corporate,2025-04-11
CUST09053,Isha Gupta,,39,Delhi,Maharashtra,India,Wholesale,2024-06-20
CUST09054,Meera Shah,Male,24,Hyderabad,Telangana,India,Wholesale,2023-04-12
CUST09055,Sneha Gupta,FEMALE,21,Mumbai,Karnataka,India,Retail,2020-05-31
CUST09056,Nidhi Joshi,Male,48,Pune,Gujarat,India,Retail,2023-02-14
CUST09057,Isha Kapoor, male ,50,Pune,Gujarat,India,Retail,2024-07-26
CUST09058,Nidhi Patel,Female,51,Surat,Telangana,India,Wholesale,2020-11-11
CUST09059,Arjun Kapoor,FEMALE,22,Surat,Delhi,India,Retail,2025-04-21
CUST09060,Yash Verma,Female,21,Chennai,Telangana,India,Retail,2020-06-07
CUST09061,Riya Mehta,FEMALE,61,Bangalore,Karnataka,India,Corporate,2024-08-07
CUST09062,Dhruvi Joshi,FEMALE,69,Bangalore,Telangana,India,Retail,2021-03-22
CUST09063,Diya Patel,Female,37,Pune,Karnataka,India,Corporate,2024-09-07
CUST09064,Arjun Kapoor,Male,18,Bangalore,Tamil Nadu,India,Wholesale,2022-03-30
CUST09065,Dhruvi Kapoor,,74,Ahmedabad,Maharashtra,India,Retail,2020-01-11
CUST09066,Nidhi Verma, male ,28,Surat,Maharashtra,India,Wholesale,2023-08-09
CUST09067,Rohan Verma,Male,33,Chennai,Karnataka,India,Retail,2023-12-10
CUST09068,Aarav Singh,,59,Chennai,Delhi,India,Corporate,2024-12-08
CUST09069,Meera Verma,Male,34,Mumbai,Tamil Nadu,India,Wholesale,2025-09-28
CUST09070,Sneha Agarwal,Female,71,Delhi,Maharashtra,India,Corporate,2020-09-11
CUST09071,Arjun Desai, male ,43,Mumbai,Maharashtra,India,Wholesale,2020-05-22
CUST09072,Aditya Verma,FEMALE,42,Pune,Maharashtra,India,Corporate,2020-05-20
CUST09073,Arjun Singh, male ,62,Pune,Gujarat,India,Retail,2025-12-31
CUST09074,Ananya Shah,,60,Chennai,Karnataka,India,Corporate,2020-10-25
CUST09075,Ananya Mehta,,37,Surat,Telangana,India,Wholesale,2025-07-01
CUST09076,Isha Desai,Female,39,Ahmedabad,Gujarat,India,Retail,2024-06-08
CUST09077,Diya Patel,Male,66,Chennai,Karnataka,India,Corporate,2022-10-15
CUST09078,Nidhi Patel,FEMALE,37,Hyderabad,Maharashtra,India,Wholesale,2026-01-04
CUST09079,Ananya Joshi,,61,Chennai,Gujarat,India,Retail,2023-06-28
CUST09080,Ananya Mehta,Male,63,Mumbai,Maharashtra,India,Wholesale,2025-04-01
CUST09081,Meera Gupta, male ,32,Delhi,Tamil Nadu,India,Retail,2021-09-09
CUST09082,Riya Gupta,,42,Pune,Maharashtra,India,Wholesale,2025-10-15
CUST09083,Vivaan Desai,,72,Delhi,Gujarat,India,Wholesale,2020-10-31
CUST09084,Rahul Gupta, male ,57,Surat,Telangana,India,Corporate,2022-09-23
CUST09085,Aditya Agarwal,FEMALE,33,Hyderabad,Tamil Nadu,India,Retail,2024-05-20
CUST09086,Diya Shah, male ,56,Ahmedabad,Karnataka,India,Retail,2020-12-05
CUST09087,Meera Joshi, male ,63,Ahmedabad,Karnataka,India,Corporate,2024-04-04
CUST09088,Priya Mehta,Female,54,Pune,Maharashtra,India,Corporate,2024-10-06
CUST09089,Aditya Gupta,,35,Bangalore,Delhi,India,Retail,2020-01-06
CUST09090,Sneha Desai,,39,Bangalore,Karnataka,India,Wholesale,2021-01-23
CUST09091,Aditya Verma,FEMALE,50,Chennai,Gujarat,India,Retail,2021-07-08
CUST09092,Rohan Shah, male ,21,Surat,Maharashtra,India,Wholesale,2022-04-11
CUST09093,Priya Joshi,Female,18,Mumbai,Karnataka,India,Retail,2021-07-08
CUST09094,Sneha Joshi,,41,Ahmedabad,Karnataka,India,Retail,2021-09-02
CUST09095,Vivaan Singh,,24,Ahmedabad,Delhi,India,Wholesale,2024-11-22
CUST09096,Rohan Agarwal,Male,28,Chennai,Telangana,India,Corporate,2023-05-12
CUST09097,Aarav Verma,FEMALE,33,Bangalore,Karnataka,India,Retail,2021-08-19
CUST09098,Dhruvi Agarwal,,31,Delhi,Karnataka,India,Corporate,2022-01-27
CUST09099,Neha Shah,,68,Surat,Delhi,India,Retail,2023-04-14
CUST09100,Riya Gupta,FEMALE,55,Pune,Tamil Nadu,India,Corporate,2025-07-27
CUST09101,Diya Joshi,,26,Bangalore,Tamil Nadu,India,Retail,2024-06-06
CUST09102,Riya Gupta,,60,Bangalore,Delhi,India,Corporate,2021-10-29
CUST09103,Arjun Agarwal, male ,66,Bangalore,Maharashtra,India,Corporate,2023-11-28
CUST09104,Aditya Shah,FEMALE,24,Pune,Telangana,India,Corporate,2022-01-24
CUST09105,Isha Joshi,Male,37,Ahmedabad,Maharashtra,India,Retail,2022-10-12
CUST09106,Vivaan Agarwal,Male,45,Delhi,Tamil Nadu,India,Corporate,2021-03-10
CUST09107,Neha Gupta,Female,34,Bangalore,Tamil Nadu,India,Retail,2021-07-06
CUST09108,Diya Desai,Male,29,Ahmedabad,Telangana,India,Wholesale,2020-02-07
CUST09109,Rahul Verma,Male,52,Surat,Telangana,India,Corporate,2023-10-19
CUST09110,Neha Singh,Male,55,Delhi,Telangana,India,Retail,2023-01-09
CUST09111,Diya Desai,Male,73,Delhi,Telangana,India,Corporate,2024-03-07
CUST09112,Dhruvi Verma,FEMALE,47,Delhi,Karnataka,India,Wholesale,2025-05-09
CUST09113,Isha Agarwal,Male,35,Chennai,Maharashtra,India,Corporate,2025-12-20
CUST09114,Rahul Mehta,Male,57,Bangalore,Karnataka,India,Retail,2020-01-10
CUST09115,Ananya Gupta,Female,29,Hyderabad,Tamil Nadu,India,Corporate,2024-12-19
CUST09116,Vivaan Kapoor, male ,49,Chennai,Telangana,India,Wholesale,2024-10-25
CUST09117,Rohan Mehta,FEMALE,60,Bangalore,Karnataka,India,Wholesale,2023-05-08
CUST09118,Riya Kapoor,,59,Pune,Delhi,India,Retail,2021-01-13
CUST09119,Neha Shah, male ,44,Hyderabad,Telangana,India,Retail,2025-11-20
CUST09120,Neha Singh,Male,60,Hyderabad,Delhi,India,Wholesale,2022-06-13
CUST09121,Meera Agarwal, male ,73,Ahmedabad,Delhi,India,Wholesale,2020-11-26
CUST09122,Sneha Gupta,,49,Pune,Telangana,India,Corporate,2024-05-10
CUST09123,Dhruvi Agarwal,Female,26,Bangalore,Karnataka,India,Wholesale,2023-11-21
CUST09124,Aditya Patel,,36,Hyderabad,Delhi,India,Wholesale,2022-12-31
CUST09125,Ananya Desai,,68,Hyderabad,Delhi,India,Wholesale,2022-08-10
CUST09126,Riya Gupta,Male,43,Hyderabad,Tamil Nadu,India,Retail,2024-05-17
CUST09127,Ananya Gupta,,73,Pune,Telangana,India,Corporate,2023-11-28
CUST09128,Priya Shah,Female,38,Bangalore,Delhi,India,Wholesale,2023-01-26
CUST09129,Yash Joshi,Female,54,Pune,Karnataka,India,Retail,2022-10-05
CUST09130,Vivaan Gupta,,27,Surat,Maharashtra,India,Wholesale,2022-10-29
CUST09131,Meera Kapoor,FEMALE,60,Surat,Delhi,India,Wholesale,2020-08-03
CUST09132,Sneha Verma,Male,60,Surat,Telangana,India,Corporate,2023-03-29
CUST09133,Vivaan Patel,Male,35,Delhi,Maharashtra,India,Corporate,2024-09-27
CUST09134,Rahul Desai,Female,32,Bangalore,Telangana,India,Corporate,2021-11-30
CUST09135,Riya Agarwal,FEMALE,33,Ahmedabad,Maharashtra,India,Retail,2024-01-30
CUST09136,Aarav Joshi,Male,27,Mumbai,Maharashtra,India,Retail,2025-05-15
CUST09137,Dhruvi Singh, male ,47,Hyderabad,Gujarat,India,Wholesale,2021-07-02
CUST09138,Vivaan Patel,,63,Chennai,Gujarat,India,Retail,2025-07-08
CUST09139,Yash Kapoor,FEMALE,56,Pune,Telangana,India,Wholesale,2024-01-06
CUST09140,Aditya Joshi, male ,37,Ahmedabad,Karnataka,India,Retail,2021-07-24
CUST09141,Yash Kapoor,,58,Mumbai,Gujarat,India,Wholesale,2025-11-20
CUST09142,Priya Desai,,54,Pune,Telangana,India,Wholesale,2021-10-29
CUST09143,Ananya Patel,FEMALE,39,Pune,Delhi,India,Retail,2024-07-30
CUST09144,Vivaan Shah,Male,36,Bangalore,Gujarat,India,Wholesale,2025-11-18
CUST09145,Neha Kapoor,Male,68,Mumbai,Maharashtra,India,Corporate,2023-10-07
CUST09146,Riya Shah,Female,20,Surat,Tamil Nadu,India,Wholesale,2022-05-03
CUST09147,Arjun Joshi,,71,Chennai,Delhi,India,Retail,2024-07-26
CUST09148,Rahul Singh,FEMALE,21,Pune,Karnataka,India,Wholesale,2024-10-13
CUST09149,Neha Shah,,67,Pune,Telangana,India,Retail,2023-10-22
CUST09150,Sneha Mehta,,46,Surat,Maharashtra,India,Retail,2022-03-09
CUST09151,Meera Shah,FEMALE,46,Surat,Karnataka,India,Retail,2023-08-11
CUST09152,Yash Shah,Female,50,Pune,Delhi,India,Wholesale,2022-11-15
CUST09153,Ananya Singh,Male,45,Bangalore,Delhi,India,Corporate,2020-05-21
CUST09154,Dhruvi Shah, male ,40,Bangalore,Tamil Nadu,India,Wholesale,2025-08-04
CUST09155,Diya Joshi,,72,Ahmedabad,Telangana,India,Corporate,2023-05-29
CUST09156,Isha Gupta, male ,73,Hyderabad,Gujarat,India,Wholesale,2020-11-25
CUST09157,Yash Shah,Female,30,Hyderabad,Gujarat,India,Corporate,2020-04-16
CUST09158,Rahul Kapoor,Female,23,Hyderabad,Maharashtra,India,Retail,2025-09-18
CUST09159,Rohan Mehta,Female,42,Chennai,Karnataka,India,Wholesale,2025-04-05
CUST09160,Yash Shah,Male,55,Pune,Tamil Nadu,India,Wholesale,2024-10-10
CUST09161,Aarav Mehta,Female,49,Ahmedabad,Delhi,India,Corporate,2025-05-23
CUST09162,Nidhi Verma,Male,36,Surat,Telangana,India,Wholesale,2020-06-08
CUST09163,Isha Agarwal,,48,Ahmedabad,Gujarat,India,Wholesale,2022-07-03
CUST09164,Isha Mehta,FEMALE,55,Surat,Tamil Nadu,India,Wholesale,2025-07-09
CUST09165,Rohan Verma,Male,52,Surat,Tamil Nadu,India,Wholesale,2021-12-22
CUST09166,Aditya Gupta,FEMALE,29,Hyderabad,Gujarat,India,Corporate,2025-01-18
CUST09167,Rahul Mehta,,55,Ahmedabad,Maharashtra,India,Corporate,2023-10-05
CUST09168,Priya Singh,,43,Bangalore,Delhi,India,Retail,2023-07-19
CUST09169,Neha Joshi,,40,Hyderabad,Telangana,India,Corporate,2024-08-09
CUST09170,Aditya Patel,FEMALE,52,Delhi,Karnataka,India,Corporate,2024-03-21
CUST09171,Aarav Mehta,Male,54,Mumbai,Tamil Nadu,India,Corporate,2023-12-19
CUST09172,Sneha Shah, male ,36,Ahmedabad,Maharashtra,India,Corporate,2025-10-05
CUST09173,Riya Verma,FEMALE,65,Hyderabad,Delhi,India,Wholesale,2021-08-06
CUST09174,Meera Desai,FEMALE,57,Ahmedabad,Tamil Nadu,India,Corporate,2022-04-15
CUST09175,Rahul Kapoor,Female,55,Bangalore,Tamil Nadu,India,Corporate,2020-03-29
CUST09176,Meera Agarwal,,24,Mumbai,Karnataka,India,Wholesale,2024-11-24
CUST09177,Diya Kapoor,,21,Ahmedabad,Karnataka,India,Retail,2025-04-13
CUST09178,Sneha Desai,Male,70,Mumbai,Karnataka,India,Retail,2020-05-22
CUST09179,Rohan Kapoor,,58,Pune,Tamil Nadu,India,Corporate,2021-10-10
CUST09180,Aarav Mehta,Male,54,Pune,Telangana,India,Retail,2024-07-03
CUST09181,Aarav Verma, male ,30,Bangalore,Delhi,India,Corporate,2023-03-06
CUST09182,Aarav Agarwal, male ,48,Hyderabad,Tamil Nadu,India,Corporate,2022-07-03
CUST09183,Meera Mehta,FEMALE,60,Delhi,Maharashtra,India,Corporate,2023-08-20
CUST09184,Yash Patel,Male,44,Bangalore,Delhi,India,Wholesale,2025-03-27
CUST09185,Dhruvi Verma, male ,40,Surat,Delhi,India,Wholesale,2021-04-25
CUST09186,Neha Gupta, male ,52,Bangalore,Delhi,India,Corporate,2021-04-11
CUST09187,Aarav Shah,Male,47,Bangalore,Tamil Nadu,India,Retail,2023-11-03
CUST09188,Arjun Verma,,25,Surat,Telangana,India,Corporate,2020-10-18
CUST09189,Yash Kapoor,Male,50,Ahmedabad,Tamil Nadu,India,Corporate,2021-01-13
CUST09190,Meera Kapoor,,56,Mumbai,Gujarat,India,Corporate,2024-04-22
CUST09191,Neha Gupta,Male,31,Surat,Karnataka,India,Corporate,2021-09-21
CUST09192,Priya Desai, male ,62,Delhi,Telangana,India,Corporate,2021-12-28
CUST09193,Aarav Gupta, male ,23,Pune,Delhi,India,Wholesale,2024-01-25
CUST09194,Diya Kapoor,Female,73,Surat,Tamil Nadu,India,Corporate,2021-10-12
CUST09195,Arjun Kapoor,Male,56,Ahmedabad,Gujarat,India,Corporate,2023-10-07
CUST09196,Arjun Shah,,32,Bangalore,Maharashtra,India,Retail,2025-01-26
CUST09197,Yash Desai,,65,Surat,Maharashtra,India,Retail,2023-06-27
CUST09198,Arjun Joshi,,55,Ahmedabad,Telangana,India,Retail,2024-09-03
CUST09199,Sneha Mehta,,69,Pune,Gujarat,India,Corporate,2024-08-16
CUST09200,Rohan Kapoor,,57,Delhi,Gujarat,India,Corporate,2024-03-10
CUST09201,Meera Patel, male ,54,Delhi,Telangana,India,Wholesale,2023-07-17
CUST09202,Ananya Shah,,72,Ahmedabad,Delhi,India,Retail,2021-10-10
CUST09203,Rohan Gupta,,36,Mumbai,Telangana,India,Corporate,2022-11-28
CUST09204,Aarav Shah, male ,41,Chennai,Delhi,India,Wholesale,2022-05-11
CUST09205,Rohan Verma,,56,Hyderabad,Delhi,India,Wholesale,2022-06-13
CUST09206,Neha Agarwal,Female,30,Delhi,Karnataka,India,Corporate,2021-10-13
CUST09207,Nidhi Agarwal,FEMALE,36,Surat,Delhi,India,Retail,2023-12-01
CUST09208,Aarav Desai,Male,66,Delhi,Telangana,India,Wholesale,2020-10-20
CUST09209,Sneha Patel,,69,Mumbai,Maharashtra,India,Corporate,2024-07-22
CUST09210,Priya Gupta,FEMALE,58,Hyderabad,Delhi,India,Retail,2021-04-06
CUST09211,Neha Desai,Female,51,Hyderabad,Karnataka,India,Corporate,2021-11-29
CUST09212,Arjun Agarwal,Female,24,Chennai,Karnataka,India,Corporate,2024-09-27
CUST09213,Ananya Shah,FEMALE,41,Hyderabad,Gujarat,India,Retail,2020-01-28
CUST09214,Dhruvi Kapoor,FEMALE,32,Ahmedabad,Gujarat,India,Retail,2021-12-09
CUST09215,Sneha Gupta,FEMALE,73,Mumbai,Karnataka,India,Wholesale,2023-01-23
CUST09216,Dhruvi Joshi, male ,18,Hyderabad,Gujarat,India,Retail,2023-02-08
CUST09217,Sneha Joshi,Male,56,Delhi,Karnataka,India,Corporate,2023-05-19
CUST09218,Ananya Shah,,60,Delhi,Gujarat,India,Retail,2022-08-22
CUST09219,Yash Singh,,73,Mumbai,Maharashtra,India,Retail,2020-08-03
CUST09220,Rahul Patel,Female,67,Delhi,Karnataka,India,Corporate,2021-02-20
CUST09221,Meera Patel,FEMALE,40,Pune,Karnataka,India,Wholesale,2024-04-14
CUST09222,Dhruvi Gupta,,71,Surat,Maharashtra,India,Wholesale,2020-06-11
CUST09223,Yash Gupta, male ,38,Ahmedabad,Telangana,India,Corporate,2022-12-08
CUST09224,Priya Gupta,,35,Hyderabad,Delhi,India,Corporate,2022-07-04
CUST09225,Aditya Desai,Female,71,Mumbai,Karnataka,India,Wholesale,2021-05-18
CUST09226,Kavya Patel, male ,62,Chennai,Karnataka,India,Wholesale,2021-03-22
CUST09227,Nidhi Mehta, male ,30,Chennai,Telangana,India,Retail,2021-09-15
CUST09228,Nidhi Agarwal,FEMALE,57,Delhi,Delhi,India,Corporate,2021-06-04
CUST09229,Dhruvi Kapoor,,34,Delhi,Maharashtra,India,Corporate,2022-07-26
CUST09230,Ananya Shah, male ,53,Pune,Tamil Nadu,India,Corporate,2023-09-29
CUST09231,Kavya Desai,Male,20,Ahmedabad,Gujarat,India,Wholesale,2023-10-05
CUST09232,Rohan Verma,,38,Mumbai,Tamil Nadu,India,Retail,2022-11-12
CUST09233,Kavya Shah,Male,36,Pune,Telangana,India,Wholesale,2025-06-04
CUST09234,Riya Shah,,23,Bangalore,Telangana,India,Retail,2024-05-12
CUST09235,Ananya Patel,,46,Delhi,Telangana,India,Retail,2022-11-23
CUST09236,Meera Desai,FEMALE,42,Chennai,Karnataka,India,Wholesale,2024-06-06
CUST09237,Nidhi Joshi,Female,44,Chennai,Telangana,India,Wholesale,2021-11-15
CUST09238,Vivaan Joshi,FEMALE,24,Ahmedabad,Maharashtra,India,Retail,2025-08-22
CUST09239,Sneha Joshi, male ,66,Bangalore,Telangana,India,Corporate,2023-04-22
CUST09240,Kavya Mehta,FEMALE,34,Chennai,Tamil Nadu,India,Corporate,2021-11-09
CUST09241,Kavya Shah,,38,Chennai,Maharashtra,India,Retail,2023-09-07
CUST09242,Dhruvi Joshi,Male,45,Bangalore,Telangana,India,Retail,2024-10-07
CUST09243,Aditya Singh,,61,Ahmedabad,Maharashtra,India,Corporate,2021-06-09
CUST09244,Sneha Shah, male ,22,Hyderabad,Karnataka,India,Corporate,2024-08-03
CUST09245,Ananya Desai,,38,Delhi,Tamil Nadu,India,Corporate,2022-10-30
CUST09246,Rahul Shah,Female,36,Ahmedabad,Delhi,India,Corporate,2020-03-10
CUST09247,Diya Mehta,,47,Chennai,Delhi,India,Corporate,2020-03-05
CUST09248,Isha Agarwal,Female,18,Delhi,Delhi,India,Wholesale,2022-12-04
CUST09249,Nidhi Joshi,,18,Hyderabad,Karnataka,India,Retail,2024-12-08
CUST09250,Rohan Mehta, male ,58,Surat,Maharashtra,India,Corporate,2023-08-24
CUST09251,Dhruvi Mehta,Male,24,Chennai,Maharashtra,India,Retail,2020-06-18
CUST09252,Neha Joshi,Female,43,Delhi,Karnataka,India,Retail,2020-04-21
CUST09253,Neha Mehta,FEMALE,64,Surat,Delhi,India,Corporate,2020-06-14
CUST09254,Riya Shah,FEMALE,69,Mumbai,Telangana,India,Corporate,2022-12-22
CUST09255,Yash Gupta,Female,60,Hyderabad,Tamil Nadu,India,Wholesale,2021-03-01
CUST09256,Rahul Shah,FEMALE,50,Chennai,Telangana,India,Wholesale,2025-04-06
CUST09257,Isha Joshi,FEMALE,39,Surat,Tamil Nadu,India,Retail,2020-07-01
CUST09258,Rahul Mehta,,71,Bangalore,Tamil Nadu,India,Retail,2020-03-29
CUST09259,Isha Singh,,46,Ahmedabad,Maharashtra,India,Retail,2022-06-27
CUST09260,Yash Desai,,18,Hyderabad,Maharashtra,India,Corporate,2025-02-26
CUST09261,Riya Kapoor,Male,48,Delhi,Maharashtra,India,Retail,2024-04-04
CUST09262,Priya Agarwal,Female,20,Hyderabad,Telangana,India,Wholesale,2020-04-21
CUST09263,Dhruvi Shah,,18,Pune,Tamil Nadu,India,Retail,2021-01-06
CUST09264,Yash Joshi,Male,29,Pune,Gujarat,India,Retail,2025-04-22
CUST09265,Isha Joshi,Female,52,Delhi,Telangana,India,Wholesale,2023-06-19
CUST09266,Yash Singh,Female,66,Chennai,Maharashtra,India,Corporate,2023-08-01
CUST09267,Vivaan Agarwal,Female,48,Mumbai,Telangana,India,Wholesale,2024-03-10
CUST09268,Neha Singh,Male,43,Ahmedabad,Delhi,India,Retail,2020-05-31
CUST09269,Aditya Mehta, male ,47,Surat,Tamil Nadu,India,Wholesale,2020-06-05
CUST09270,Sneha Singh, male ,18,Hyderabad,Karnataka,India,Wholesale,2025-07-03
CUST09271,Aarav Agarwal,FEMALE,30,Chennai,Karnataka,India,Corporate,2023-01-01
CUST09272,Diya Mehta,,58,Ahmedabad,Tamil Nadu,India,Retail,2020-12-21
CUST09273,Riya Patel,Female,57,Mumbai,Karnataka,India,Wholesale,2021-03-06
CUST09274,Dhruvi Singh,FEMALE,66,Bangalore,Karnataka,India,Wholesale,2021-12-13
CUST09275,Dhruvi Joshi,FEMALE,28,Bangalore,Karnataka,India,Retail,2023-01-18
CUST09276,Riya Gupta, male ,34,Mumbai,Tamil Nadu,India,Retail,2022-07-16
CUST09277,Nidhi Shah,FEMALE,41,Ahmedabad,Telangana,India,Retail,2020-06-25
CUST09278,Diya Patel,FEMALE,53,Pune,Maharashtra,India,Wholesale,2022-06-30
CUST09279,Ananya Joshi,,35,Bangalore,Tamil Nadu,India,Wholesale,2021-04-30
CUST09280,Meera Agarwal,Female,38,Chennai,Karnataka,India,Retail,2025-04-08
CUST09281,Rahul Singh,Male,53,Surat,Telangana,India,Retail,2023-08-06
CUST09282,Meera Kapoor,Male,36,Ahmedabad,Maharashtra,India,Corporate,2022-06-28
CUST09283,Vivaan Desai,,21,Bangalore,Delhi,India,Wholesale,2021-09-07
CUST09284,Meera Mehta,Male,21,Mumbai,Tamil Nadu,India,Wholesale,2025-08-06
CUST09285,Vivaan Agarwal,,31,Chennai,Telangana,India,Wholesale,2021-11-28
CUST09286,Diya Kapoor,FEMALE,36,Bangalore,Delhi,India,Wholesale,2021-11-21
CUST09287,Vivaan Singh,FEMALE,34,Chennai,Delhi,India,Wholesale,2023-12-12
CUST09288,Ananya Singh, male ,68,Pune,Maharashtra,India,Wholesale,2024-03-18
CUST09289,Riya Mehta,,59,Chennai,Delhi,India,Corporate,2021-01-16
CUST09290,Ananya Singh,FEMALE,53,Chennai,Delhi,India,Wholesale,2022-03-14
CUST09291,Priya Mehta,,63,Ahmedabad,Tamil Nadu,India,Wholesale,2024-05-24
CUST09292,Yash Gupta, male ,28,Mumbai,Karnataka,India,Corporate,2025-02-25
CUST09293,Neha Gupta,FEMALE,55,Delhi,Karnataka,India,Corporate,2022-10-29
CUST09294,Kavya Desai,FEMALE,35,Hyderabad,Karnataka,India,Corporate,2022-02-12
CUST09295,Nidhi Agarwal,,25,Delhi,Gujarat,India,Corporate,2022-12-12
CUST09296,Rohan Patel,,64,Hyderabad,Gujarat,India,Wholesale,2021-02-17
CUST09297,Rohan Verma,FEMALE,56,Mumbai,Maharashtra,India,Retail,2020-11-20
CUST09298,Sneha Shah, male ,34,Delhi,Gujarat,India,Corporate,2024-09-29
CUST09299,Vivaan Verma,FEMALE,43,Ahmedabad,Tamil Nadu,India,Retail,2021-05-03
CUST09300,Diya Singh, male ,36,Surat,Karnataka,India,Retail,2020-01-15
CUST09301,Diya Gupta,,20,Pune,Maharashtra,India,Retail,2021-04-07
CUST09302,Riya Mehta,,53,Bangalore,Tamil Nadu,India,Corporate,2020-02-28
CUST09303,Priya Gupta, male ,60,Surat,Maharashtra,India,Corporate,2020-10-15
CUST09304,Diya Mehta,Female,20,Bangalore,Delhi,India,Retail,2021-04-07
CUST09305,Aarav Patel,FEMALE,73,Chennai,Tamil Nadu,India,Retail,2022-08-19
CUST09306,Nidhi Kapoor,FEMALE,25,Delhi,Gujarat,India,Retail,2021-10-31
CUST09307,Aditya Mehta, male ,27,Hyderabad,Karnataka,India,Corporate,2025-05-28
CUST09308,Kavya Shah,,33,Surat,Maharashtra,India,Corporate,2024-05-20
CUST09309,Diya Kapoor,Male,57,Delhi,Telangana,India,Wholesale,2022-08-10
CUST09310,Dhruvi Kapoor, male ,57,Surat,Telangana,India,Corporate,2023-12-17
CUST09311,Priya Verma,Female,26,Bangalore,Maharashtra,India,Wholesale,2021-02-21
CUST09312,Aditya Mehta,,63,Bangalore,Telangana,India,Retail,2024-05-26
CUST09313,Neha Joshi,,22,Chennai,Maharashtra,India,Corporate,2021-04-09
CUST09314,Riya Verma,,56,Chennai,Karnataka,India,Wholesale,2021-07-15
CUST09315,Rahul Shah,,22,Ahmedabad,Maharashtra,India,Corporate,2024-09-07
CUST09316,Priya Shah,,18,Pune,Karnataka,India,Corporate,2022-01-18
CUST09317,Dhruvi Joshi, male ,53,Hyderabad,Gujarat,India,Wholesale,2020-05-23
CUST09318,Isha Agarwal,Female,24,Pune,Gujarat,India,Wholesale,2024-04-28
CUST09319,Nidhi Patel,,50,Delhi,Karnataka,India,Corporate,2023-10-02
CUST09320,Neha Agarwal,Male,59,Hyderabad,Tamil Nadu,India,Corporate,2021-01-04
CUST09321,Dhruvi Kapoor,,36,Hyderabad,Telangana,India,Retail,2024-01-06
CUST09322,Arjun Gupta,,27,Surat,Karnataka,India,Wholesale,2023-03-17
CUST09323,Kavya Patel, male ,26,Delhi,Maharashtra,India,Corporate,2025-12-29
CUST09324,Aditya Kapoor,,34,Bangalore,Karnataka,India,Wholesale,2024-08-26
CUST09325,Isha Patel, male ,43,Surat,Tamil Nadu,India,Wholesale,2021-04-27
CUST09326,Ananya Agarwal,FEMALE,30,Pune,Maharashtra,India,Retail,2025-03-07
CUST09327,Ananya Agarwal,,51,Delhi,Delhi,India,Corporate,2020-05-23
CUST09328,Ananya Singh, male ,41,Surat,Telangana,India,Retail,2024-02-14
CUST09329,Ananya Patel,,49,Mumbai,Tamil Nadu,India,Corporate,2025-06-21
CUST09330,Riya Singh,Male,29,Surat,Gujarat,India,Wholesale,2021-04-25
CUST09331,Dhruvi Mehta,FEMALE,28,Pune,Delhi,India,Retail,2022-01-03
CUST09332,Rohan Joshi,Male,38,Mumbai,Maharashtra,India,Wholesale,2020-02-27
CUST09333,Rahul Agarwal,FEMALE,39,Hyderabad,Karnataka,India,Corporate,2020-12-21
CUST09334,Riya Agarwal,FEMALE,44,Bangalore,Karnataka,India,Corporate,2023-10-11
CUST09335,Ananya Joshi,,59,Ahmedabad,Tamil Nadu,India,Corporate,2020-12-27
CUST09336,Neha Joshi,Female,73,Chennai,Gujarat,India,Retail,2021-10-24
CUST09337,Riya Desai,Male,55,Ahmedabad,Karnataka,India,Retail,2023-05-12
CUST09338,Arjun Patel, male ,35,Hyderabad,Karnataka,India,Wholesale,2025-04-23
CUST09339,Meera Kapoor,Female,22,Hyderabad,Delhi,India,Retail,2025-11-05
CUST09340,Kavya Agarwal,Male,24,Mumbai,Telangana,India,Wholesale,2020-08-29
CUST09341,Nidhi Singh,,36,Hyderabad,Karnataka,India,Retail,2025-01-14
CUST09342,Kavya Shah,Female,46,Delhi,Gujarat,India,Wholesale,2023-10-12
CUST09343,Isha Joshi,Male,53,Surat,Karnataka,India,Retail,2025-01-19
CUST09344,Vivaan Gupta,,38,Mumbai,Maharashtra,India,Retail,2020-01-19
CUST09345,Priya Verma,,47,Surat,Telangana,India,Retail,2021-05-28
CUST09346,Diya Verma,Male,62,Chennai,Tamil Nadu,India,Retail,2020-05-05
CUST09347,Rohan Singh,,64,Bangalore,Maharashtra,India,Corporate,2021-08-12
CUST09348,Dhruvi Gupta,Female,52,Surat,Tamil Nadu,India,Retail,2022-05-03
CUST09349,Aditya Joshi,Male,51,Delhi,Tamil Nadu,India,Corporate,2022-11-15
CUST09350,Ananya Kapoor,,26,Bangalore,Maharashtra,India,Retail,2021-10-03
CUST09351,Rahul Patel,FEMALE,51,Mumbai,Telangana,India,Wholesale,2025-02-04
CUST09352,Dhruvi Verma,FEMALE,56,Pune,Maharashtra,India,Wholesale,2020-07-15
CUST09353,Diya Verma,,37,Chennai,Tamil Nadu,India,Wholesale,2022-04-23
CUST09354,Nidhi Kapoor,,55,Bangalore,Gujarat,India,Wholesale,2022-12-08
CUST09355,Rohan Patel, male ,22,Mumbai,Telangana,India,Wholesale,2020-07-23
CUST09356,Sneha Kapoor,,56,Bangalore,Maharashtra,India,Wholesale,2023-02-14
CUST09357,Sneha Agarwal, male ,49,Surat,Delhi,India,Wholesale,2021-06-17
CUST09358,Vivaan Patel,,65,Chennai,Maharashtra,India,Wholesale,2025-11-24
CUST09359,Nidhi Gupta,Female,28,Delhi,Gujarat,India,Wholesale,2025-08-16
CUST09360,Vivaan Mehta,,28,Hyderabad,Maharashtra,India,Retail,2020-05-04
CUST09361,Aditya Kapoor,Male,74,Mumbai,Tamil Nadu,India,Wholesale,2022-01-10
CUST09362,Rohan Singh, male ,59,Bangalore,Maharashtra,India,Wholesale,2023-05-22
CUST09363,Diya Patel,Female,73,Pune,Telangana,India,Retail,2022-08-02
CUST09364,Yash Agarwal,FEMALE,45,Surat,Telangana,India,Wholesale,2024-11-05
CUST09365,Kavya Agarwal,Female,45,Hyderabad,Maharashtra,India,Wholesale,2024-02-02
CUST09366,Priya Agarwal,Female,66,Delhi,Maharashtra,India,Corporate,2024-01-06
CUST09367,Yash Agarwal,,39,Chennai,Telangana,India,Corporate,2020-08-17
CUST09368,Neha Gupta, male ,74,Mumbai,Maharashtra,India,Retail,2024-11-13
CUST09369,Meera Verma,Male,47,Pune,Maharashtra,India,Wholesale,2025-09-01
CUST09370,Aarav Patel,Female,70,Ahmedabad,Tamil Nadu,India,Corporate,2020-03-17
CUST09371,Meera Kapoor,,49,Chennai,Karnataka,India,Corporate,2023-04-11
CUST09372,Diya Mehta,,58,Chennai,Gujarat,India,Corporate,2023-12-29
CUST09373,Meera Shah,FEMALE,37,Hyderabad,Maharashtra,India,Corporate,2022-08-01
CUST09374,Priya Joshi, male ,59,Mumbai,Gujarat,India,Retail,2022-03-01
CUST09375,Neha Gupta,,19,Delhi,Delhi,India,Corporate,2023-06-14
CUST09376,Neha Agarwal, male ,56,Ahmedabad,Delhi,India,Corporate,2023-10-03
CUST09377,Aditya Shah,Female,47,Bangalore,Tamil Nadu,India,Wholesale,2025-05-24
CUST09378,Vivaan Mehta,Male,26,Bangalore,Karnataka,India,Corporate,2023-10-04
CUST09379,Aditya Patel,,71,Delhi,Karnataka,India,Corporate,2021-05-07
CUST09380,Dhruvi Mehta,,49,Bangalore,Maharashtra,India,Wholesale,2023-02-20
CUST09381,Rohan Mehta,,32,Surat,Telangana,India,Retail,2021-03-01
CUST09382,Kavya Shah,Male,37,Chennai,Gujarat,India,Corporate,2025-06-24
CUST09383,Meera Verma, male ,65,Surat,Delhi,India,Wholesale,2020-02-28
CUST09384,Ananya Joshi,,67,Ahmedabad,Delhi,India,Retail,2022-07-04
CUST09385,Rahul Desai,Male,50,Bangalore,Telangana,India,Corporate,2020-02-15
CUST09386,Aarav Gupta,,19,Bangalore,Maharashtra,India,Corporate,2021-09-06
CUST09387,Arjun Patel,Male,22,Chennai,Maharashtra,India,Retail,2022-11-08
CUST09388,Meera Agarwal,Female,65,Bangalore,Telangana,India,Corporate,2023-02-20
CUST09389,Diya Mehta,FEMALE,27,Surat,Karnataka,India,Wholesale,2023-07-13
CUST09390,Sneha Gupta,Male,40,Bangalore,Delhi,India,Wholesale,2023-08-01
CUST09391,Arjun Kapoor,,21,Chennai,Karnataka,India,Retail,2023-12-31
CUST09392,Arjun Mehta, male ,26,Delhi,Delhi,India,Corporate,2025-12-14
CUST09393,Rohan Gupta,,22,Pune,Karnataka,India,Wholesale,2020-03-12
CUST09394,Meera Desai,,47,Chennai,Karnataka,India,Retail,2023-01-10
CUST09395,Dhruvi Mehta,Male,47,Pune,Delhi,India,Wholesale,2020-11-12
CUST09396,Kavya Desai,FEMALE,37,Pune,Telangana,India,Wholesale,2025-07-23
CUST09397,Diya Patel,,59,Pune,Gujarat,India,Wholesale,2025-09-29
CUST09398,Vivaan Gupta,,62,Hyderabad,Gujarat,India,Retail,2024-02-10
CUST09399,Ananya Agarwal,Female,26,Bangalore,Karnataka,India,Corporate,2023-02-11
CUST09400,Meera Desai,,22,Chennai,Maharashtra,India,Retail,2023-06-16
CUST09401,Arjun Joshi,,44,Pune,Karnataka,India,Wholesale,2022-08-22
CUST09402,Vivaan Gupta,,29,Bangalore,Delhi,India,Wholesale,2024-06-16
CUST09403,Aditya Singh,Female,40,Ahmedabad,Karnataka,India,Wholesale,2023-03-06
CUST09404,Dhruvi Kapoor,Female,47,Chennai,Gujarat,India,Corporate,2022-06-28
CUST09405,Rahul Agarwal,Female,42,Delhi,Delhi,India,Wholesale,2023-02-17
CUST09406,Neha Gupta, male ,57,Mumbai,Delhi,India,Wholesale,2023-12-02
CUST09407,Vivaan Singh,FEMALE,37,Chennai,Karnataka,India,Retail,2025-09-07
CUST09408,Riya Agarwal,Male,35,Surat,Tamil Nadu,India,Corporate,2021-11-09
CUST09409,Isha Kapoor,FEMALE,38,Delhi,Delhi,India,Wholesale,2020-11-18
CUST09410,Aarav Desai,,31,Hyderabad,Delhi,India,Corporate,2023-11-29
CUST09411,Aarav Agarwal,Male,42,Chennai,Gujarat,India,Wholesale,2025-04-11
CUST09412,Ananya Verma,,51,Surat,Delhi,India,Wholesale,2022-03-16
CUST09413,Nidhi Gupta, male ,64,Hyderabad,Delhi,India,Corporate,2020-05-08
CUST09414,Rahul Verma,,57,Delhi,Gujarat,India,Corporate,2022-08-20
CUST09415,Priya Agarwal,,32,Bangalore,Telangana,India,Corporate,2023-06-30
CUST09416,Nidhi Kapoor,,41,Hyderabad,Tamil Nadu,India,Wholesale,2025-09-12
CUST09417,Yash Patel,Male,48,Chennai,Karnataka,India,Wholesale,2022-03-27
CUST09418,Arjun Singh,,59,Bangalore,Gujarat,India,Retail,2025-01-28
CUST09419,Priya Mehta, male ,29,Surat,Maharashtra,India,Retail,2025-04-18
CUST09420,Neha Gupta,Male,29,Surat,Telangana,India,Retail,2024-09-08
CUST09421,Sneha Kapoor,,57,Bangalore,Maharashtra,India,Corporate,2023-06-24
CUST09422,Nidhi Gupta,,42,Surat,Maharashtra,India,Corporate,2023-05-21
CUST09423,Aditya Joshi,FEMALE,64,Mumbai,Karnataka,India,Retail,2022-11-27
CUST09424,Arjun Gupta,,68,Ahmedabad,Telangana,India,Retail,2022-08-12
CUST09425,Isha Patel,Male,65,Chennai,Karnataka,India,Corporate,2020-07-28
CUST09426,Arjun Desai,,49,Delhi,Karnataka,India,Wholesale,2025-11-26
CUST09427,Priya Gupta,FEMALE,28,Hyderabad,Delhi,India,Wholesale,2023-11-17
CUST09428,Priya Gupta,,56,Surat,Telangana,India,Corporate,2023-12-06
CUST09429,Aditya Gupta,FEMALE,68,Ahmedabad,Tamil Nadu,India,Wholesale,2021-08-18
CUST09430,Yash Mehta, male ,51,Hyderabad,Telangana,India,Retail,2025-06-26
CUST09431,Yash Kapoor,Male,72,Chennai,Delhi,India,Retail,2020-07-31
CUST09432,Yash Mehta,,68,Bangalore,Gujarat,India,Corporate,2020-08-07
CUST09433,Diya Joshi,,55,Mumbai,Gujarat,India,Corporate,2021-04-15
CUST09434,Diya Verma,Male,22,Chennai,Telangana,India,Retail,2022-04-20
CUST09435,Sneha Joshi,,26,Pune,Karnataka,India,Retail,2024-04-27
CUST09436,Aarav Kapoor,FEMALE,45,Ahmedabad,Gujarat,India,Wholesale,2022-06-02
CUST09437,Rohan Desai,,72,Ahmedabad,Maharashtra,India,Retail,2020-08-28
CUST09438,Diya Shah,Male,29,Ahmedabad,Tamil Nadu,India,Retail,2022-05-12
CUST09439,Diya Mehta,FEMALE,46,Pune,Karnataka,India,Retail,2024-11-29
CUST09440,Rahul Joshi,Female,62,Mumbai,Maharashtra,India,Wholesale,2023-09-01
CUST09441,Rahul Verma,Male,69,Mumbai,Maharashtra,India,Retail,2021-09-21
CUST09442,Rahul Gupta,,57,Delhi,Gujarat,India,Wholesale,2023-02-12
CUST09443,Vivaan Mehta,,32,Chennai,Gujarat,India,Retail,2020-01-21
CUST09444,Meera Joshi, male ,19,Pune,Telangana,India,Corporate,2025-06-29
CUST09445,Aarav Shah,Female,28,Mumbai,Delhi,India,Wholesale,2022-03-25
CUST09446,Dhruvi Joshi,,47,Hyderabad,Delhi,India,Wholesale,2023-06-12
CUST09447,Arjun Kapoor,Female,74,Delhi,Karnataka,India,Wholesale,2025-09-05
CUST09448,Diya Gupta,FEMALE,68,Chennai,Karnataka,India,Wholesale,2024-01-23
CUST09449,Yash Patel,Male,54,Ahmedabad,Telangana,India,Corporate,2023-10-31
CUST09450,Rohan Patel,,44,Hyderabad,Maharashtra,India,Retail,2022-06-06
CUST09451,Isha Agarwal, male ,48,Delhi,Karnataka,India,Wholesale,2025-10-12
CUST09452,Nidhi Mehta,,25,Mumbai,Karnataka,India,Retail,2023-07-13
CUST09453,Isha Desai,Female,49,Surat,Delhi,India,Corporate,2023-05-06
CUST09454,Meera Agarwal,FEMALE,68,Delhi,Gujarat,India,Wholesale,2020-02-29
CUST09455,Neha Mehta, male ,48,Chennai,Tamil Nadu,India,Corporate,2024-01-20
CUST09456,Sneha Singh,FEMALE,61,Mumbai,Karnataka,India,Corporate,2024-11-05
CUST09457,Nidhi Agarwal,,66,Bangalore,Tamil Nadu,India,Retail,2020-05-24
CUST09458,Ananya Singh, male ,42,Pune,Karnataka,India,Retail,2020-09-07
CUST09459,Yash Verma,FEMALE,28,Mumbai,Telangana,India,Corporate,2021-02-17
CUST09460,Aditya Agarwal,FEMALE,25,Mumbai,Delhi,India,Wholesale,2021-12-24
CUST09461,Sneha Gupta,FEMALE,74,Delhi,Tamil Nadu,India,Retail,2023-08-26
CUST09462,Nidhi Desai,,67,Delhi,Maharashtra,India,Retail,2023-09-17
CUST09463,Vivaan Agarwal,FEMALE,28,Hyderabad,Delhi,India,Wholesale,2025-06-28
CUST09464,Kavya Agarwal, male ,68,Delhi,Maharashtra,India,Corporate,2020-05-27
CUST09465,Kavya Kapoor,,19,Pune,Tamil Nadu,India,Wholesale,2023-08-14
CUST09466,Neha Joshi,,72,Bangalore,Telangana,India,Corporate,2022-01-25
CUST09467,Ananya Agarwal, male ,25,Ahmedabad,Telangana,India,Corporate,2022-04-10
CUST09468,Sneha Joshi, male ,68,Delhi,Delhi,India,Wholesale,2021-12-15
CUST09469,Arjun Mehta,Female,41,Mumbai,Telangana,India,Retail,2024-07-16
CUST09470,Meera Singh,FEMALE,63,Surat,Karnataka,India,Retail,2025-09-16
CUST09471,Dhruvi Kapoor, male ,33,Pune,Karnataka,India,Retail,2020-05-10
CUST09472,Sneha Shah,Female,50,Surat,Tamil Nadu,India,Retail,2025-06-19
CUST09473,Neha Desai,Male,45,Bangalore,Maharashtra,India,Corporate,2024-09-01
CUST09474,Riya Verma,Male,63,Ahmedabad,Delhi,India,Wholesale,2023-08-27
CUST09475,Rohan Patel,Male,23,Mumbai,Telangana,India,Wholesale,2021-05-13
CUST09476,Nidhi Desai,Female,64,Chennai,Gujarat,India,Wholesale,2023-08-24
CUST09477,Priya Desai,FEMALE,71,Delhi,Maharashtra,India,Wholesale,2025-11-25
CUST09478,Vivaan Patel,,67,Delhi,Delhi,India,Wholesale,2024-03-12
CUST09479,Vivaan Singh, male ,45,Pune,Telangana,India,Retail,2022-03-27
CUST09480,Sneha Kapoor,Male,30,Hyderabad,Delhi,India,Retail,2020-01-09
CUST09481,Diya Agarwal, male ,23,Ahmedabad,Maharashtra,India,Retail,2025-12-06
CUST09482,Kavya Mehta,FEMALE,74,Mumbai,Gujarat,India,Wholesale,2023-06-01
CUST09483,Vivaan Patel,,41,Delhi,Tamil Nadu,India,Retail,2025-03-29
CUST09484,Vivaan Gupta,,53,Surat,Delhi,India,Retail,2023-01-30
CUST09485,Ananya Patel,FEMALE,47,Chennai,Karnataka,India,Wholesale,2022-09-23
CUST09486,Aarav Joshi,Female,72,Ahmedabad,Delhi,India,Retail,2023-05-01
CUST09487,Isha Patel, male ,35,Delhi,Telangana,India,Wholesale,2023-09-19
CUST09488,Meera Agarwal,FEMALE,47,Hyderabad,Delhi,India,Retail,2020-09-15
CUST09489,Arjun Joshi,,44,Chennai,Gujarat,India,Wholesale,2024-08-30
CUST09490,Rohan Kapoor,FEMALE,27,Ahmedabad,Telangana,India,Wholesale,2020-07-03
CUST09491,Dhruvi Mehta,,49,Delhi,Tamil Nadu,India,Corporate,2021-03-23
CUST09492,Yash Gupta,Female,35,Pune,Maharashtra,India,Wholesale,2024-02-07
CUST09493,Dhruvi Kapoor, male ,53,Surat,Gujarat,India,Wholesale,2022-08-20
CUST09494,Rahul Desai,FEMALE,68,Ahmedabad,Tamil Nadu,India,Retail,2024-04-19
CUST09495,Aditya Shah,,34,Mumbai,Karnataka,India,Retail,2022-07-17
CUST09496,Riya Kapoor,,38,Hyderabad,Karnataka,India,Wholesale,2022-10-17
CUST09497,Rahul Mehta, male ,25,Ahmedabad,Karnataka,India,Wholesale,2020-10-31
CUST09498,Rohan Shah,FEMALE,22,Mumbai,Karnataka,India,Wholesale,2020-05-09
CUST09499,Ananya Gupta,,40,Bangalore,Gujarat,India,Corporate,2025-03-27
CUST09500,Meera Verma,Male,52,Surat,Karnataka,India,Retail,2021-11-26
CUST09501,Riya Singh,,21,Pune,Telangana,India,Wholesale,2023-05-19
CUST09502,Ananya Singh, male ,37,Chennai,Telangana,India,Retail,2025-02-03
CUST09503,Riya Singh,,59,Pune,Telangana,India,Corporate,2024-11-30
CUST09504,Yash Agarwal, male ,47,Pune,Maharashtra,India,Wholesale,2026-01-06
CUST09505,Rohan Gupta,FEMALE,33,Pune,Karnataka,India,Wholesale,2022-11-30
CUST09506,Aditya Shah,,71,Delhi,Delhi,India,Wholesale,2022-12-22
CUST09507,Sneha Agarwal, male ,32,Ahmedabad,Tamil Nadu,India,Corporate,2024-09-19
CUST09508,Vivaan Kapoor,,55,Delhi,Karnataka,India,Corporate,2020-11-10
CUST09509,Nidhi Desai,FEMALE,27,Bangalore,Tamil Nadu,India,Wholesale,2025-09-11
CUST09510,Dhruvi Desai,Female,49,Chennai,Delhi,India,Corporate,2024-06-10
CUST09511,Vivaan Shah,Female,25,Delhi,Telangana,India,Wholesale,2020-08-05
CUST09512,Ananya Verma,Female,74,Mumbai,Maharashtra,India,Retail,2022-02-16
CUST09513,Aditya Mehta,Male,69,Pune,Maharashtra,India,Corporate,2022-03-17
CUST09514,Vivaan Agarwal,,48,Delhi,Karnataka,India,Wholesale,2024-07-13
CUST09515,Diya Gupta,,47,Delhi,Karnataka,India,Wholesale,2022-07-23
CUST09516,Priya Desai,,70,Mumbai,Tamil Nadu,India,Corporate,2022-08-19
CUST09517,Ananya Verma, male ,26,Surat,Maharashtra,India,Wholesale,2020-04-09
CUST09518,Vivaan Shah,Male,67,Chennai,Telangana,India,Corporate,2021-06-24
CUST09519,Rahul Agarwal,,71,Surat,Delhi,India,Retail,2022-02-09
CUST09520,Rahul Desai,FEMALE,69,Surat,Maharashtra,India,Wholesale,2024-10-01
CUST09521,Dhruvi Kapoor,,40,Bangalore,Maharashtra,India,Wholesale,2022-09-10
CUST09522,Riya Kapoor,FEMALE,34,Hyderabad,Maharashtra,India,Retail,2023-12-04
CUST09523,Neha Joshi, male ,40,Pune,Tamil Nadu,India,Retail,2020-08-16
CUST09524,Arjun Verma,Male,38,Hyderabad,Maharashtra,India,Wholesale,2022-09-18
CUST09525,Diya Kapoor,,46,Delhi,Maharashtra,India,Wholesale,2021-08-26
CUST09526,Diya Mehta,Male,28,Pune,Telangana,India,Wholesale,2025-10-17
CUST09527,Isha Patel,Male,32,Chennai,Karnataka,India,Retail,2021-04-12
CUST09528,Aarav Mehta,Female,42,Pune,Maharashtra,India,Wholesale,2020-03-26
CUST09529,Rahul Desai,Male,20,Bangalore,Delhi,India,Corporate,2022-07-07
CUST09530,Meera Patel,FEMALE,38,Chennai,Karnataka,India,Corporate,2020-04-23
CUST09531,Aarav Verma, male ,23,Chennai,Gujarat,India,Corporate,2024-07-14
CUST09532,Rahul Desai,FEMALE,21,Chennai,Karnataka,India,Retail,2020-01-19
CUST09533,Aarav Shah, male ,64,Pune,Gujarat,India,Wholesale,2021-05-07
CUST09534,Isha Desai,,26,Surat,Maharashtra,India,Corporate,2023-07-19
CUST09535,Nidhi Verma,FEMALE,33,Ahmedabad,Gujarat,India,Wholesale,2022-03-27
CUST09536,Aarav Gupta,Female,30,Surat,Telangana,India,Corporate,2021-05-18
CUST09537,Isha Mehta, male ,51,Mumbai,Delhi,India,Retail,2022-10-26
CUST09538,Arjun Verma,Male,72,Surat,Gujarat,India,Wholesale,2023-09-21
CUST09539,Aarav Verma,FEMALE,23,Hyderabad,Karnataka,India,Retail,2023-03-30
CUST09540,Nidhi Kapoor,,58,Hyderabad,Maharashtra,India,Corporate,2021-04-27
CUST09541,Dhruvi Kapoor, male ,44,Chennai,Tamil Nadu,India,Wholesale,2021-10-11
CUST09542,Yash Joshi,Female,39,Delhi,Telangana,India,Corporate,2023-12-16
CUST09543,Priya Gupta,Female,31,Hyderabad,Delhi,India,Wholesale,2021-05-25
CUST09544,Dhruvi Desai,,47,Mumbai,Delhi,India,Corporate,2020-10-15
CUST09545,Rahul Patel,Female,34,Surat,Karnataka,India,Retail,2020-03-31
CUST09546,Rohan Desai,FEMALE,34,Mumbai,Delhi,India,Corporate,2021-04-30
CUST09547,Diya Patel,,36,Ahmedabad,Delhi,India,Retail,2024-03-01
CUST09548,Diya Patel,FEMALE,23,Pune,Telangana,India,Retail,2023-01-14
CUST09549,Ananya Patel,,36,Mumbai,Delhi,India,Retail,2023-09-16
CUST09550,Aarav Singh,Male,27,Surat,Karnataka,India,Corporate,2022-05-28
CUST09551,Meera Verma,FEMALE,27,Surat,Maharashtra,India,Retail,2021-06-12
CUST09552,Yash Gupta,Female,40,Surat,Karnataka,India,Retail,2023-09-19
CUST09553,Aarav Patel,,65,Hyderabad,Tamil Nadu,India,Wholesale,2024-11-15
CUST09554,Sneha Mehta,Female,66,Chennai,Tamil Nadu,India,Retail,2020-09-21
CUST09555,Nidhi Desai,,62,Delhi,Telangana,India,Wholesale,2025-03-26
CUST09556,Dhruvi Kapoor,Male,68,Ahmedabad,Gujarat,India,Wholesale,2023-08-19
CUST09557,Sneha Singh,FEMALE,61,Mumbai,Telangana,India,Wholesale,2024-06-15
CUST09558,Rohan Gupta,FEMALE,44,Delhi,Telangana,India,Wholesale,2020-07-20
CUST09559,Rohan Patel,,31,Surat,Maharashtra,India,Corporate,2022-09-15
CUST09560,Arjun Singh,FEMALE,69,Ahmedabad,Gujarat,India,Retail,2023-12-05
CUST09561,Meera Agarwal, male ,63,Hyderabad,Telangana,India,Retail,2025-01-13
CUST09562,Aditya Agarwal,,57,Pune,Karnataka,India,Corporate,2020-01-09
CUST09563,Rahul Patel, male ,45,Pune,Gujarat,India,Retail,2024-06-13
CUST09564,Kavya Mehta,FEMALE,35,Bangalore,Tamil Nadu,India,Wholesale,2020-02-09
CUST09565,Neha Singh, male ,28,Mumbai,Delhi,India,Wholesale,2025-11-09
CUST09566,Aarav Desai, male ,53,Bangalore,Maharashtra,India,Corporate,2023-01-04
CUST09567,Neha Patel,,45,Chennai,Gujarat,India,Corporate,2024-10-02
CUST09568,Arjun Kapoor, male ,34,Ahmedabad,Telangana,India,Retail,2021-09-02
CUST09569,Arjun Patel,Female,52,Mumbai,Tamil Nadu,India,Retail,2025-09-09
CUST09570,Isha Joshi,FEMALE,22,Hyderabad,Telangana,India,Retail,2021-02-09
CUST09571,Yash Gupta,,28,Hyderabad,Tamil Nadu,India,Retail,2022-07-22
CUST09572,Vivaan Shah,,47,Ahmedabad,Tamil Nadu,India,Corporate,2021-11-11
CUST09573,Sneha Singh,FEMALE,60,Hyderabad,Telangana,India,Corporate,2023-07-17
CUST09574,Aditya Patel,,27,Chennai,Telangana,India,Retail,2024-10-16
CUST09575,Arjun Patel,Male,35,Ahmedabad,Tamil Nadu,India,Retail,2023-08-24
CUST09576,Rahul Verma,Male,60,Bangalore,Gujarat,India,Wholesale,2021-06-25
CUST09577,Isha Gupta,,19,Mumbai,Delhi,India,Wholesale,2020-05-15
CUST09578,Kavya Kapoor,Male,49,Hyderabad,Telangana,India,Retail,2024-12-20
CUST09579,Rahul Patel,,69,Chennai,Gujarat,India,Retail,2025-01-29
CUST09580,Arjun Patel, male ,37,Delhi,Telangana,India,Retail,2022-02-16
CUST09581,Rohan Agarwal,Female,53,Pune,Maharashtra,India,Corporate,2023-03-31
CUST09582,Neha Desai,Male,52,Delhi,Telangana,India,Retail,2023-08-09
CUST09583,Aditya Singh,,22,Surat,Maharashtra,India,Retail,2024-03-09
CUST09584,Rahul Shah,FEMALE,66,Ahmedabad,Tamil Nadu,India,Retail,2024-10-24
CUST09585,Aarav Patel, male ,50,Ahmedabad,Karnataka,India,Corporate,2021-12-30
CUST09586,Neha Gupta,Male,50,Chennai,Delhi,India,Corporate,2021-01-23
CUST09587,Aditya Desai,Female,36,Hyderabad,Gujarat,India,Corporate,2025-08-04
CUST09588,Aditya Desai,Female,53,Ahmedabad,Telangana,India,Wholesale,2025-05-23
CUST09589,Ananya Joshi,FEMALE,48,Surat,Delhi,India,Corporate,2022-04-18
CUST09590,Rahul Kapoor,,40,Surat,Tamil Nadu,India,Wholesale,2020-01-21
CUST09591,Yash Singh,FEMALE,35,Ahmedabad,Maharashtra,India,Retail,2022-05-21
CUST09592,Meera Desai,Male,32,Hyderabad,Delhi,India,Retail,2025-01-19
CUST09593,Kavya Kapoor,,36,Chennai,Karnataka,India,Corporate,2021-07-19
CUST09594,Rohan Desai,,41,Chennai,Telangana,India,Corporate,2021-06-28
CUST09595,Sneha Singh, male ,72,Chennai,Maharashtra,India,Wholesale,2021-05-18
CUST09596,Neha Kapoor,,52,Ahmedabad,Maharashtra,India,Corporate,2025-01-28
CUST09597,Ananya Desai,Male,58,Hyderabad,Tamil Nadu,India,Corporate,2020-07-09
CUST09598,Yash Shah,Male,59,Delhi,Telangana,India,Wholesale,2021-08-19
CUST09599,Priya Patel,,26,Ahmedabad,Delhi,India,Wholesale,2022-12-04
CUST09600,Rohan Shah,,74,Mumbai,Tamil Nadu,India,Wholesale,2021-12-23
CUST09601,Kavya Singh,,53,Delhi,Gujarat,India,Corporate,2025-01-30
CUST09602,Kavya Kapoor,Male,57,Ahmedabad,Delhi,India,Corporate,2024-07-08
CUST09603,Sneha Desai,FEMALE,48,Ahmedabad,Gujarat,India,Wholesale,2020-01-15
CUST09604,Rahul Agarwal,Male,73,Surat,Maharashtra,India,Corporate,2022-12-09
CUST09605,Diya Gupta,Female,55,Ahmedabad,Delhi,India,Wholesale,2020-08-11
CUST09606,Priya Singh,,70,Pune,Delhi,India,Corporate,2021-09-16
CUST09607,Yash Singh,Female,37,Chennai,Maharashtra,India,Corporate,2024-08-04
CUST09608,Dhruvi Mehta,FEMALE,44,Surat,Maharashtra,India,Retail,2020-10-06
CUST09609,Dhruvi Mehta,Female,72,Pune,Tamil Nadu,India,Corporate,2020-09-16
CUST09610,Vivaan Desai,,52,Delhi,Telangana,India,Wholesale,2023-05-11
CUST09611,Kavya Patel,,53,Hyderabad,Maharashtra,India,Wholesale,2023-03-25
CUST09612,Ananya Singh, male ,40,Delhi,Maharashtra,India,Retail,2020-07-22
CUST09613,Aditya Mehta,FEMALE,35,Bangalore,Delhi,India,Wholesale,2025-04-03
CUST09614,Aarav Mehta,,29,Ahmedabad,Tamil Nadu,India,Retail,2022-11-03
CUST09615,Arjun Gupta, male ,57,Surat,Delhi,India,Corporate,2023-06-18
CUST09616,Priya Patel,FEMALE,48,Chennai,Delhi,India,Corporate,2022-04-17
CUST09617,Rohan Gupta,FEMALE,18,Surat,Telangana,India,Corporate,2020-10-21
CUST09618,Ananya Mehta,,65,Delhi,Gujarat,India,Retail,2023-11-06
CUST09619,Isha Shah,,59,Delhi,Gujarat,India,Wholesale,2023-11-09
CUST09620,Nidhi Mehta,Female,66,Surat,Telangana,India,Wholesale,2021-01-21
CUST09621,Vivaan Mehta, male ,43,Surat,Gujarat,India,Wholesale,2020-06-13
CUST09622,Riya Patel,Female,28,Chennai,Telangana,India,Wholesale,2021-10-21
CUST09623,Diya Gupta, male ,60,Surat,Delhi,India,Corporate,2022-08-01
CUST09624,Diya Mehta,FEMALE,61,Mumbai,Maharashtra,India,Wholesale,2021-01-15
CUST09625,Yash Kapoor,FEMALE,30,Chennai,Tamil Nadu,India,Wholesale,2022-03-27
CUST09626,Sneha Desai,,42,Surat,Telangana,India,Corporate,2021-05-07
CUST09627,Sneha Verma, male ,60,Bangalore,Karnataka,India,Wholesale,2023-10-19
CUST09628,Yash Agarwal,Female,40,Ahmedabad,Delhi,India,Corporate,2024-12-25
CUST09629,Aditya Patel,Male,18,Bangalore,Gujarat,India,Retail,2020-09-30
CUST09630,Ananya Joshi,,51,Hyderabad,Karnataka,India,Wholesale,2025-07-13
CUST09631,Vivaan Desai,FEMALE,25,Ahmedabad,Karnataka,India,Corporate,2021-09-08
CUST09632,Yash Shah, male ,40,Mumbai,Delhi,India,Wholesale,2021-12-18
CUST09633,Vivaan Shah,,71,Chennai,Tamil Nadu,India,Corporate,2025-08-05
CUST09634,Arjun Verma, male ,24,Hyderabad,Tamil Nadu,India,Corporate,2024-01-02
CUST09635,Neha Patel,Male,54,Hyderabad,Karnataka,India,Corporate,2025-11-26
CUST09636,Neha Patel,Male,54,Pune,Tamil Nadu,India,Retail,2025-08-07
CUST09637,Neha Joshi, male ,37,Mumbai,Karnataka,India,Retail,2025-09-04
CUST09638,Arjun Joshi,,20,Delhi,Delhi,India,Wholesale,2023-02-21
CUST09639,Aditya Shah,Female,30,Surat,Delhi,India,Retail,2021-05-03
CUST09640,Meera Gupta,Female,19,Surat,Gujarat,India,Retail,2020-03-04
CUST09641,Priya Verma, male ,62,Chennai,Karnataka,India,Retail,2021-06-03
CUST09642,Diya Mehta,Male,30,Pune,Gujarat,India,Retail,2024-03-01
CUST09643,Yash Mehta,,70,Bangalore,Gujarat,India,Corporate,2023-09-29
CUST09644,Neha Agarwal,FEMALE,35,Delhi,Tamil Nadu,India,Retail,2024-01-10
CUST09645,Diya Agarwal,,51,Ahmedabad,Gujarat,India,Retail,2024-07-18
CUST09646,Nidhi Patel, male ,36,Surat,Gujarat,India,Wholesale,2025-10-02
CUST09647,Kavya Singh,,64,Bangalore,Gujarat,India,Corporate,2021-12-29
CUST09648,Neha Singh, male ,58,Surat,Delhi,India,Corporate,2023-12-17
CUST09649,Vivaan Agarwal,FEMALE,44,Delhi,Karnataka,India,Retail,2020-08-07
CUST09650,Neha Patel,FEMALE,44,Surat,Karnataka,India,Retail,2023-04-26
CUST09651,Diya Kapoor, male ,28,Chennai,Telangana,India,Retail,2024-11-13
CUST09652,Aarav Shah,Male,60,Hyderabad,Tamil Nadu,India,Corporate,2022-10-22
CUST09653,Dhruvi Agarwal,Male,65,Pune,Tamil Nadu,India,Corporate,2024-12-20
CUST09654,Yash Desai,Female,39,Delhi,Karnataka,India,Corporate,2020-11-07
CUST09655,Nidhi Kapoor,,49,Hyderabad,Gujarat,India,Corporate,2024-09-04
CUST09656,Sneha Mehta, male ,47,Bangalore,Maharashtra,India,Wholesale,2020-11-17
CUST09657,Isha Gupta,Female,18,Surat,Karnataka,India,Wholesale,2023-07-16
CUST09658,Isha Verma,,46,Delhi,Telangana,India,Wholesale,2020-02-14
CUST09659,Priya Shah,,61,Delhi,Delhi,India,Wholesale,2021-05-06
CUST09660,Sneha Verma,Male,51,Ahmedabad,Delhi,India,Retail,2021-03-12
CUST09661,Rohan Mehta,,42,Chennai,Delhi,India,Corporate,2020-04-07
CUST09662,Meera Verma,FEMALE,21,Pune,Maharashtra,India,Corporate,2023-02-23
CUST09663,Aarav Verma,Female,63,Hyderabad,Gujarat,India,Corporate,2023-09-19
CUST09664,Yash Verma,Male,53,Pune,Karnataka,India,Wholesale,2025-04-03
CUST09665,Riya Verma,Female,27,Hyderabad,Delhi,India,Wholesale,2025-06-02
CUST09666,Meera Shah,Male,41,Pune,Tamil Nadu,India,Retail,2021-09-05
CUST09667,Vivaan Agarwal,FEMALE,32,Surat,Tamil Nadu,India,Corporate,2023-08-19
CUST09668,Aarav Shah,FEMALE,59,Pune,Tamil Nadu,India,Wholesale,2025-03-13
CUST09669,Isha Kapoor,Male,52,Hyderabad,Maharashtra,India,Wholesale,2020-04-30
CUST09670,Neha Gupta,Female,63,Surat,Maharashtra,India,Retail,2025-06-09
CUST09671,Meera Agarwal,Female,58,Surat,Delhi,India,Corporate,2022-12-23
CUST09672,Vivaan Verma,FEMALE,40,Mumbai,Tamil Nadu,India,Retail,2023-05-21
CUST09673,Rahul Verma,Male,51,Bangalore,Tamil Nadu,India,Retail,2020-12-26
CUST09674,Kavya Desai,,57,Chennai,Gujarat,India,Wholesale,2023-06-07
CUST09675,Arjun Agarwal,,48,Bangalore,Maharashtra,India,Corporate,2021-12-12
CUST09676,Diya Shah, male ,60,Bangalore,Telangana,India,Retail,2020-08-19
CUST09677,Kavya Joshi,FEMALE,42,Pune,Tamil Nadu,India,Wholesale,2023-07-04
CUST09678,Nidhi Singh,FEMALE,25,Hyderabad,Maharashtra,India,Retail,2023-04-27
CUST09679,Riya Desai,,21,Delhi,Delhi,India,Retail,2024-04-14
CUST09680,Priya Verma,Male,56,Delhi,Delhi,India,Wholesale,2020-11-07
CUST09681,Priya Gupta,Male,26,Mumbai,Delhi,India,Wholesale,2025-09-02
CUST09682,Arjun Singh,Male,25,Surat,Maharashtra,India,Wholesale,2023-01-22
CUST09683,Rahul Joshi,Male,19,Ahmedabad,Telangana,India,Corporate,2024-02-27
CUST09684,Aarav Verma,Female,65,Ahmedabad,Gujarat,India,Retail,2023-04-10
CUST09685,Nidhi Mehta,Male,35,Delhi,Gujarat,India,Retail,2023-07-18
CUST09686,Nidhi Kapoor,,28,Bangalore,Telangana,India,Wholesale,2024-09-14
CUST09687,Aarav Joshi,,26,Surat,Telangana,India,Retail,2025-11-10
CUST09688,Aditya Mehta,,52,Delhi,Telangana,India,Wholesale,2023-10-24
CUST09689,Aditya Patel,,21,Delhi,Delhi,India,Retail,2022-01-24
CUST09690,Neha Singh,Female,43,Hyderabad,Delhi,India,Corporate,2021-11-11
CUST09691,Ananya Verma,FEMALE,72,Mumbai,Delhi,India,Wholesale,2024-08-24
CUST09692,Nidhi Desai,Female,35,Surat,Maharashtra,India,Retail,2024-06-30
CUST09693,Sneha Desai,FEMALE,22,Delhi,Telangana,India,Retail,2025-09-06
CUST09694,Sneha Singh,Male,60,Ahmedabad,Gujarat,India,Corporate,2020-08-20
CUST09695,Arjun Mehta, male ,40,Chennai,Tamil Nadu,India,Corporate,2023-09-11
CUST09696,Riya Gupta,Male,56,Ahmedabad,Delhi,India,Corporate,2022-01-19
CUST09697,Arjun Verma,FEMALE,43,Surat,Delhi,India,Wholesale,2021-11-24
CUST09698,Rohan Joshi,Male,27,Chennai,Maharashtra,India,Corporate,2021-04-22
CUST09699,Meera Shah,Female,48,Pune,Delhi,India,Corporate,2020-04-11
CUST09700,Riya Gupta,Female,42,Pune,Gujarat,India,Corporate,2020-08-19
CUST09701,Rahul Agarwal, male ,46,Mumbai,Telangana,India,Corporate,2020-08-30
CUST09702,Dhruvi Joshi,Male,43,Bangalore,Maharashtra,India,Corporate,2021-01-24
CUST09703,Diya Kapoor,Male,64,Pune,Delhi,India,Wholesale,2020-11-15
CUST09704,Aarav Mehta,,63,Ahmedabad,Karnataka,India,Corporate,2023-07-21
CUST09705,Sneha Joshi,Female,66,Delhi,Gujarat,India,Corporate,2023-07-16
CUST09706,Nidhi Desai,,49,Delhi,Delhi,India,Retail,2024-01-06
CUST09707,Dhruvi Shah,FEMALE,72,Surat,Karnataka,India,Retail,2020-08-10
CUST09708,Rahul Mehta,FEMALE,34,Pune,Tamil Nadu,India,Corporate,2023-01-19
CUST09709,Aditya Agarwal,,51,Pune,Delhi,India,Corporate,2021-02-01
CUST09710,Yash Agarwal,,43,Hyderabad,Karnataka,India,Corporate,2025-09-30
CUST09711,Riya Agarwal,FEMALE,61,Chennai,Gujarat,India,Retail,2025-01-10
CUST09712,Priya Joshi,Male,38,Pune,Maharashtra,India,Retail,2020-06-14
CUST09713,Neha Mehta,,21,Hyderabad,Delhi,India,Wholesale,2022-04-19
CUST09714,Kavya Shah,,55,Pune,Telangana,India,Corporate,2024-10-09
CUST09715,Meera Agarwal,Male,68,Ahmedabad,Gujarat,India,Retail,2024-01-06
CUST09716,Diya Gupta,,55,Pune,Maharashtra,India,Wholesale,2020-06-03
CUST09717,Rohan Joshi,,47,Hyderabad,Karnataka,India,Retail,2023-04-27
CUST09718,Sneha Agarwal,Female,50,Ahmedabad,Maharashtra,India,Retail,2020-05-07
CUST09719,Riya Gupta, male ,40,Pune,Maharashtra,India,Retail,2020-03-09
CUST09720,Rahul Kapoor,,23,Surat,Karnataka,India,Corporate,2020-02-22
CUST09721,Sneha Desai,FEMALE,31,Delhi,Delhi,India,Retail,2024-08-14
CUST09722,Dhruvi Desai,Male,58,Bangalore,Delhi,India,Retail,2020-10-04
CUST09723,Diya Singh, male ,55,Chennai,Gujarat,India,Wholesale,2020-04-06
CUST09724,Arjun Shah, male ,56,Ahmedabad,Telangana,India,Wholesale,2020-05-01
CUST09725,Arjun Joshi,Female,21,Chennai,Maharashtra,India,Wholesale,2026-01-09
CUST09726,Neha Verma,FEMALE,26,Bangalore,Maharashtra,India,Wholesale,2024-05-14
CUST09727,Nidhi Joshi,Male,26,Mumbai,Delhi,India,Retail,2021-10-07
CUST09728,Ananya Singh, male ,61,Delhi,Maharashtra,India,Retail,2022-08-30
CUST09729,Rahul Verma,,32,Bangalore,Tamil Nadu,India,Corporate,2025-11-01
CUST09730,Aarav Singh,Female,62,Delhi,Gujarat,India,Corporate,2024-08-29
CUST09731,Priya Verma,Female,71,Bangalore,Karnataka,India,Wholesale,2022-09-12
CUST09732,Neha Patel, male ,64,Mumbai,Delhi,India,Wholesale,2020-08-19
CUST09733,Isha Kapoor,Female,63,Hyderabad,Telangana,India,Corporate,2024-07-10
CUST09734,Isha Mehta, male ,51,Chennai,Tamil Nadu,India,Retail,2020-01-04
CUST09735,Priya Agarwal, male ,44,Delhi,Telangana,India,Retail,2024-02-04
CUST09736,Kavya Mehta,Male,36,Pune,Telangana,India,Corporate,2024-01-07
CUST09737,Ananya Desai,Male,20,Chennai,Tamil Nadu,India,Retail,2021-11-30
CUST09738,Rahul Agarwal,,43,Delhi,Telangana,India,Corporate,2020-12-12
CUST09739,Aarav Patel,FEMALE,18,Mumbai,Telangana,India,Retail,2021-07-17
CUST09740,Isha Shah,FEMALE,52,Surat,Maharashtra,India,Corporate,2025-11-16
CUST09741,Yash Agarwal,FEMALE,23,Bangalore,Tamil Nadu,India,Corporate,2021-04-19
CUST09742,Riya Kapoor,Female,50,Surat,Delhi,India,Corporate,2020-01-16
CUST09743,Rohan Joshi,,58,Surat,Telangana,India,Corporate,2023-11-28
CUST09744,Isha Patel,,45,Surat,Gujarat,India,Retail,2025-06-07
CUST09745,Aarav Desai,,70,Ahmedabad,Karnataka,India,Retail,2024-09-16
CUST09746,Dhruvi Desai,Male,57,Surat,Telangana,India,Wholesale,2025-07-31
CUST09747,Neha Patel, male ,69,Delhi,Delhi,India,Wholesale,2023-06-30
CUST09748,Vivaan Gupta,,38,Delhi,Delhi,India,Wholesale,2025-11-24
CUST09749,Kavya Verma, male ,29,Mumbai,Gujarat,India,Retail,2024-10-13
CUST09750,Isha Verma,,18,Delhi,Telangana,India,Retail,2025-11-18
CUST09751,Arjun Verma, male ,46,Delhi,Telangana,India,Wholesale,2021-10-24
CUST09752,Priya Verma,Female,43,Hyderabad,Delhi,India,Corporate,2023-11-29
CUST09753,Neha Mehta,,40,Mumbai,Delhi,India,Wholesale,2022-07-08
CUST09754,Aditya Mehta,Female,68,Mumbai,Delhi,India,Corporate,2022-01-29
CUST09755,Priya Joshi, male ,40,Pune,Tamil Nadu,India,Wholesale,2021-03-17
CUST09756,Priya Verma,FEMALE,34,Ahmedabad,Delhi,India,Wholesale,2020-12-28
CUST09757,Yash Gupta, male ,40,Mumbai,Gujarat,India,Retail,2020-04-02
CUST09758,Isha Agarwal,FEMALE,42,Pune,Delhi,India,Corporate,2020-09-04
CUST09759,Arjun Desai,Male,57,Hyderabad,Karnataka,India,Wholesale,2025-02-16
CUST09760,Sneha Agarwal,,50,Hyderabad,Gujarat,India,Wholesale,2021-12-13
CUST09761,Diya Kapoor,Female,70,Surat,Telangana,India,Wholesale,2024-02-20
CUST09762,Diya Gupta, male ,68,Hyderabad,Tamil Nadu,India,Corporate,2021-02-19
CUST09763,Diya Gupta,FEMALE,69,Ahmedabad,Maharashtra,India,Wholesale,2021-02-19
CUST09764,Arjun Shah,Male,39,Surat,Gujarat,India,Wholesale,2020-09-20
CUST09765,Ananya Joshi,,43,Bangalore,Karnataka,India,Corporate,2025-10-15
CUST09766,Isha Shah,FEMALE,62,Hyderabad,Maharashtra,India,Corporate,2023-07-22
CUST09767,Aarav Agarwal,FEMALE,54,Hyderabad,Maharashtra,India,Retail,2021-10-18
CUST09768,Aarav Singh,,62,Surat,Tamil Nadu,India,Corporate,2024-12-25
CUST09769,Kavya Verma,,62,Hyderabad,Maharashtra,India,Retail,2024-01-01
CUST09770,Kavya Agarwal,,74,Surat,Gujarat,India,Corporate,2021-01-11
CUST09771,Kavya Patel,Male,38,Bangalore,Maharashtra,India,Wholesale,2021-12-28
CUST09772,Isha Singh,Female,38,Surat,Delhi,India,Corporate,2025-02-18
CUST09773,Rahul Mehta,,19,Surat,Maharashtra,India,Corporate,2023-07-14
CUST09774,Rahul Mehta, male ,43,Chennai,Gujarat,India,Wholesale,2025-11-29
CUST09775,Priya Kapoor, male ,68,Ahmedabad,Delhi,India,Retail,2023-08-07
CUST09776,Meera Kapoor, male ,51,Surat,Maharashtra,India,Retail,2025-05-11
CUST09777,Riya Desai, male ,58,Chennai,Tamil Nadu,India,Retail,2025-10-17
CUST09778,Meera Shah,Female,27,Delhi,Karnataka,India,Wholesale,2024-09-27
CUST09779,Aditya Patel,Female,48,Surat,Gujarat,India,Wholesale,2023-08-16
CUST09780,Dhruvi Joshi,Female,30,Chennai,Maharashtra,India,Corporate,2022-03-17
CUST09781,Vivaan Mehta,,52,Delhi,Delhi,India,Wholesale,2020-11-05
CUST09782,Nidhi Desai,FEMALE,42,Ahmedabad,Gujarat,India,Wholesale,2021-04-17
CUST09783,Rahul Patel,,41,Hyderabad,Maharashtra,India,Retail,2021-08-18
CUST09784,Rohan Verma,FEMALE,54,Bangalore,Karnataka,India,Retail,2025-05-04
CUST09785,Neha Kapoor,Female,23,Ahmedabad,Telangana,India,Corporate,2021-05-01
CUST09786,Priya Mehta,Female,69,Delhi,Delhi,India,Retail,2023-02-27
CUST09787,Neha Kapoor,,36,Surat,Telangana,India,Corporate,2023-06-06
CUST09788,Nidhi Kapoor,Male,51,Mumbai,Delhi,India,Retail,2025-07-19
CUST09789,Arjun Patel,,21,Bangalore,Tamil Nadu,India,Corporate,2023-07-29
CUST09790,Meera Joshi,Male,68,Bangalore,Delhi,India,Retail,2021-10-27
CUST09791,Ananya Desai, male ,57,Delhi,Delhi,India,Retail,2022-12-01
CUST09792,Sneha Patel,FEMALE,36,Delhi,Maharashtra,India,Retail,2024-07-26
CUST09793,Neha Desai, male ,26,Delhi,Karnataka,India,Retail,2023-01-06
CUST09794,Dhruvi Singh,FEMALE,18,Bangalore,Gujarat,India,Wholesale,2021-10-07
CUST09795,Neha Singh, male ,71,Mumbai,Karnataka,India,Wholesale,2021-06-07
CUST09796,Rohan Desai,,65,Delhi,Tamil Nadu,India,Corporate,2024-07-20
CUST09797,Meera Mehta,Male,70,Mumbai,Telangana,India,Retail,2025-07-01
CUST09798,Neha Singh,FEMALE,21,Bangalore,Karnataka,India,Corporate,2021-01-24
CUST09799,Arjun Patel,,47,Ahmedabad,Karnataka,India,Retail,2020-07-31
CUST09800,Rohan Patel,Female,66,Hyderabad,Delhi,India,Retail,2020-06-20
CUST09801,Priya Agarwal,Male,29,Delhi,Karnataka,India,Wholesale,2024-06-15
CUST09802,Arjun Patel,Female,65,Mumbai,Delhi,India,Wholesale,2020-11-20
CUST09803,Rohan Singh,Male,28,Bangalore,Gujarat,India,Corporate,2021-09-28
CUST09804,Meera Shah,Male,33,Chennai,Karnataka,India,Corporate,2022-06-28
CUST09805,Isha Singh,Male,52,Hyderabad,Maharashtra,India,Retail,2021-04-13
CUST09806,Diya Shah,Female,32,Pune,Tamil Nadu,India,Retail,2024-03-22
CUST09807,Vivaan Kapoor, male ,44,Surat,Maharashtra,India,Corporate,2023-02-27
CUST09808,Riya Agarwal,,42,Delhi,Tamil Nadu,India,Wholesale,2020-04-25
CUST09809,Aarav Mehta,Male,70,Bangalore,Karnataka,India,Corporate,2022-03-03
CUST09810,Rahul Verma,,20,Pune,Gujarat,India,Corporate,2023-04-27
CUST09811,Aarav Singh,,18,Ahmedabad,Delhi,India,Wholesale,2021-09-19
CUST09812,Meera Verma,,69,Mumbai,Telangana,India,Corporate,2021-09-07
CUST09813,Dhruvi Mehta,Male,25,Surat,Gujarat,India,Corporate,2023-06-25
CUST09814,Vivaan Joshi,,61,Surat,Telangana,India,Wholesale,2022-06-23
CUST09815,Yash Patel,Female,69,Ahmedabad,Karnataka,India,Wholesale,2022-11-21
CUST09816,Riya Verma,FEMALE,41,Mumbai,Maharashtra,India,Corporate,2020-03-26
CUST09817,Sneha Verma,FEMALE,36,Ahmedabad,Karnataka,India,Corporate,2023-05-31
CUST09818,Yash Patel,FEMALE,53,Mumbai,Tamil Nadu,India,Corporate,2021-12-07
CUST09819,Aarav Agarwal,FEMALE,19,Bangalore,Telangana,India,Corporate,2025-12-22
CUST09820,Rohan Shah,,62,Mumbai,Telangana,India,Retail,2022-04-01
CUST09821,Aarav Kapoor, male ,18,Mumbai,Karnataka,India,Wholesale,2020-01-15
CUST09822,Sneha Patel,,26,Bangalore,Maharashtra,India,Wholesale,2020-04-28
CUST09823,Aditya Agarwal,,71,Chennai,Gujarat,India,Wholesale,2023-03-30
CUST09824,Isha Singh,,68,Delhi,Karnataka,India,Corporate,2023-02-23
CUST09825,Arjun Mehta,,73,Ahmedabad,Delhi,India,Corporate,2024-11-06
CUST09826,Priya Kapoor,Female,24,Chennai,Karnataka,India,Corporate,2023-02-16
CUST09827,Meera Joshi,Male,54,Hyderabad,Tamil Nadu,India,Retail,2023-01-03
CUST09828,Diya Patel,FEMALE,62,Ahmedabad,Maharashtra,India,Wholesale,2021-08-02
CUST09829,Sneha Mehta,Male,19,Mumbai,Telangana,India,Retail,2021-10-06
CUST09830,Priya Shah,,35,Delhi,Karnataka,India,Wholesale,2022-01-16
CUST09831,Arjun Agarwal,,40,Mumbai,Karnataka,India,Corporate,2021-12-19
CUST09832,Nidhi Desai,FEMALE,46,Bangalore,Karnataka,India,Corporate,2024-01-03
CUST09833,Dhruvi Singh,,34,Surat,Tamil Nadu,India,Retail,2023-11-08
CUST09834,Arjun Shah,FEMALE,29,Surat,Maharashtra,India,Corporate,2020-09-21
CUST09835,Vivaan Joshi,,70,Mumbai,Delhi,India,Wholesale,2025-10-18
CUST09836,Nidhi Kapoor, male ,71,Pune,Gujarat,India,Corporate,2020-09-06
CUST09837,Diya Agarwal,Male,65,Hyderabad,Tamil Nadu,India,Retail,2025-04-09
CUST09838,Sneha Desai,FEMALE,44,Mumbai,Maharashtra,India,Wholesale,2024-02-13
CUST09839,Rahul Patel,,18,Mumbai,Maharashtra,India,Wholesale,2020-11-13
CUST09840,Riya Gupta,FEMALE,51,Surat,Telangana,India,Retail,2021-05-20
CUST09841,Vivaan Kapoor,,68,Pune,Maharashtra,India,Wholesale,2024-07-23
CUST09842,Nidhi Mehta,FEMALE,63,Bangalore,Karnataka,India,Wholesale,2020-05-20
CUST09843,Vivaan Agarwal, male ,53,Hyderabad,Gujarat,India,Wholesale,2023-04-27
CUST09844,Diya Patel,Female,47,Ahmedabad,Karnataka,India,Corporate,2020-07-29
CUST09845,Kavya Desai,,33,Delhi,Telangana,India,Corporate,2025-03-06
CUST09846,Kavya Mehta,FEMALE,39,Surat,Delhi,India,Corporate,2022-10-28
CUST09847,Riya Desai,Female,20,Surat,Telangana,India,Wholesale,2023-09-30
CUST09848,Arjun Singh,Male,33,Hyderabad,Karnataka,India,Corporate,2020-05-19
CUST09849,Aditya Singh, male ,71,Pune,Maharashtra,India,Corporate,2023-11-25
CUST09850,Vivaan Kapoor,Male,25,Ahmedabad,Karnataka,India,Retail,2023-05-04
CUST09851,Aditya Mehta,,55,Chennai,Karnataka,India,Corporate,2020-09-23
CUST09852,Isha Verma,Female,45,Hyderabad,Karnataka,India,Wholesale,2025-11-14
CUST09853,Nidhi Kapoor,Female,46,Delhi,Gujarat,India,Corporate,2023-02-15
CUST09854,Sneha Kapoor,Female,29,Hyderabad,Telangana,India,Wholesale,2020-07-05
CUST09855,Diya Desai,Female,43,Pune,Telangana,India,Wholesale,2024-07-22
CUST09856,Meera Singh,Female,55,Ahmedabad,Telangana,India,Corporate,2023-06-03
CUST09857,Riya Desai,Male,31,Bangalore,Delhi,India,Retail,2022-08-09
CUST09858,Rohan Agarwal,,73,Bangalore,Maharashtra,India,Corporate,2025-12-03
CUST09859,Isha Agarwal,Male,42,Bangalore,Telangana,India,Retail,2024-07-18
CUST09860,Sneha Agarwal,FEMALE,50,Surat,Karnataka,India,Wholesale,2023-12-20
CUST09861,Nidhi Mehta,Male,62,Surat,Telangana,India,Corporate,2022-01-23
CUST09862,Aditya Singh,,35,Surat,Maharashtra,India,Retail,2022-05-15
CUST09863,Sneha Shah,,74,Chennai,Karnataka,India,Wholesale,2022-06-24
CUST09864,Meera Mehta,Male,33,Hyderabad,Tamil Nadu,India,Retail,2021-09-27
CUST09865,Sneha Agarwal,,67,Chennai,Telangana,India,Retail,2024-07-27
CUST09866,Vivaan Agarwal,FEMALE,47,Delhi,Telangana,India,Retail,2020-10-12
CUST09867,Riya Agarwal,Male,21,Surat,Maharashtra,India,Retail,2021-06-07
CUST09868,Isha Shah,,27,Mumbai,Telangana,India,Corporate,2023-12-28
CUST09869,Priya Mehta,,39,Bangalore,Gujarat,India,Retail,2020-10-07
CUST09870,Yash Mehta,,54,Ahmedabad,Telangana,India,Corporate,2025-07-22
CUST09871,Isha Singh,Female,58,Delhi,Delhi,India,Corporate,2021-12-21
CUST09872,Kavya Kapoor,,23,Hyderabad,Gujarat,India,Corporate,2023-01-02
CUST09873,Meera Joshi,,60,Bangalore,Tamil Nadu,India,Retail,2022-12-24
CUST09874,Dhruvi Mehta, male ,24,Ahmedabad,Maharashtra,India,Corporate,2024-10-29
CUST09875,Riya Kapoor,,46,Mumbai,Telangana,India,Retail,2022-12-24
CUST09876,Yash Joshi,Male,42,Pune,Telangana,India,Corporate,2024-10-09
CUST09877,Neha Shah, male ,44,Mumbai,Delhi,India,Wholesale,2021-03-15
CUST09878,Rahul Singh,,24,Pune,Telangana,India,Corporate,2025-08-17
CUST09879,Isha Singh,Male,37,Ahmedabad,Delhi,India,Corporate,2020-09-10
CUST09880,Priya Singh,,23,Chennai,Maharashtra,India,Retail,2021-03-03
CUST09881,Diya Joshi,FEMALE,73,Delhi,Delhi,India,Corporate,2025-04-13
CUST09882,Rahul Joshi,Male,41,Bangalore,Telangana,India,Wholesale,2022-08-12
CUST09883,Neha Kapoor,FEMALE,29,Ahmedabad,Tamil Nadu,India,Corporate,2025-01-24
CUST09884,Meera Verma,FEMALE,58,Mumbai,Maharashtra,India,Wholesale,2024-02-15
CUST09885,Dhruvi Verma,Female,35,Surat,Telangana,India,Retail,2020-02-25
CUST09886,Nidhi Verma,Male,18,Bangalore,Maharashtra,India,Corporate,2023-02-25
CUST09887,Priya Kapoor,,57,Delhi,Telangana,India,Retail,2021-06-21
CUST09888,Nidhi Verma,,41,Delhi,Telangana,India,Wholesale,2021-08-18
CUST09889,Priya Joshi,,74,Mumbai,Telangana,India,Retail,2025-04-27
CUST09890,Sneha Gupta,Female,55,Surat,Maharashtra,India,Corporate,2025-12-01
CUST09891,Neha Joshi, male ,35,Chennai,Tamil Nadu,India,Corporate,2021-05-24
CUST09892,Yash Gupta,,31,Delhi,Delhi,India,Retail,2023-01-22
CUST09893,Neha Joshi,FEMALE,33,Hyderabad,Maharashtra,India,Retail,2025-07-21
CUST09894,Meera Patel,Female,51,Delhi,Telangana,India,Corporate,2021-09-22
CUST09895,Aditya Agarwal,Male,36,Ahmedabad,Delhi,India,Retail,2024-04-12
CUST09896,Vivaan Mehta,,20,Bangalore,Telangana,India,Corporate,2021-08-21
CUST09897,Priya Agarwal,Female,20,Pune,Gujarat,India,Corporate,2023-11-01
CUST09898,Priya Mehta,,48,Ahmedabad,Telangana,India,Corporate,2020-01-05
CUST09899,Riya Agarwal,Male,21,Bangalore,Telangana,India,Corporate,2023-10-29
CUST09900,Rohan Agarwal,Male,36,Delhi,Karnataka,India,Wholesale,2025-05-08
CUST09901,Arjun Desai,Female,62,Hyderabad,Gujarat,India,Retail,2025-02-17
CUST09902,Isha Singh,Male,39,Hyderabad,Telangana,India,Wholesale,2024-06-15
CUST09903,Vivaan Gupta,Male,31,Delhi,Delhi,India,Corporate,2025-11-24
CUST09904,Aarav Kapoor,Male,59,Delhi,Karnataka,India,Retail,2021-10-19
CUST09905,Kavya Desai,,68,Hyderabad,Tamil Nadu,India,Corporate,2025-10-30
CUST09906,Priya Kapoor, male ,34,Hyderabad,Gujarat,India,Retail,2024-10-13
CUST09907,Priya Patel, male ,44,Delhi,Telangana,India,Retail,2024-07-23
CUST09908,Priya Patel,Male,33,Hyderabad,Maharashtra,India,Retail,2022-09-27
CUST09909,Riya Desai,,35,Chennai,Telangana,India,Retail,2022-04-23
CUST09910,Aarav Verma,,61,Bangalore,Maharashtra,India,Retail,2022-01-10
CUST09911,Sneha Joshi,,54,Pune,Delhi,India,Corporate,2025-06-19
CUST09912,Meera Patel,,62,Chennai,Maharashtra,India,Wholesale,2022-11-13
CUST09913,Arjun Verma,Female,41,Ahmedabad,Tamil Nadu,India,Retail,2025-10-12
CUST09914,Riya Patel,FEMALE,27,Mumbai,Karnataka,India,Corporate,2021-05-05
CUST09915,Sneha Kapoor, male ,34,Chennai,Gujarat,India,Retail,2024-03-05
CUST09916,Rohan Joshi,Male,28,Bangalore,Delhi,India,Retail,2021-12-08
CUST09917,Nidhi Agarwal, male ,37,Ahmedabad,Karnataka,India,Corporate,2020-06-17
CUST09918,Dhruvi Agarwal,Female,36,Hyderabad,Delhi,India,Wholesale,2025-10-05
CUST09919,Nidhi Agarwal,Female,39,Delhi,Karnataka,India,Corporate,2022-05-21
CUST09920,Neha Patel,Female,74,Bangalore,Gujarat,India,Retail,2021-02-13
CUST09921,Riya Gupta,Female,18,Ahmedabad,Karnataka,India,Retail,2025-06-08
CUST09922,Dhruvi Desai,FEMALE,46,Delhi,Karnataka,India,Wholesale,2023-05-15
CUST09923,Meera Desai, male ,67,Ahmedabad,Karnataka,India,Corporate,2023-08-31
CUST09924,Kavya Desai, male ,21,Bangalore,Delhi,India,Wholesale,2022-12-04
CUST09925,Riya Gupta, male ,67,Mumbai,Telangana,India,Retail,2025-03-30
CUST09926,Isha Shah,FEMALE,39,Surat,Delhi,India,Corporate,2022-07-10
CUST09927,Ananya Kapoor,,37,Pune,Telangana,India,Corporate,2025-07-24
CUST09928,Priya Mehta,Male,18,Surat,Delhi,India,Retail,2025-09-26
CUST09929,Sneha Verma, male ,40,Bangalore,Delhi,India,Wholesale,2025-03-30
CUST09930,Nidhi Kapoor,,57,Bangalore,Karnataka,India,Corporate,2023-03-18
CUST09931,Arjun Joshi, male ,26,Surat,Telangana,India,Wholesale,2022-04-15
CUST09932,Priya Agarwal, male ,52,Mumbai,Tamil Nadu,India,Retail,2021-07-27
CUST09933,Rohan Shah, male ,24,Delhi,Delhi,India,Retail,2025-05-24
CUST09934,Nidhi Kapoor, male ,39,Hyderabad,Maharashtra,India,Wholesale,2023-03-14
CUST09935,Priya Patel,,61,Surat,Karnataka,India,Wholesale,2024-05-06
CUST09936,Sneha Gupta,,22,Bangalore,Delhi,India,Corporate,2021-04-24
CUST09937,Rahul Desai,,41,Pune,Telangana,India,Corporate,2025-07-22
CUST09938,Aarav Patel,Male,58,Hyderabad,Maharashtra,India,Retail,2020-06-03
CUST09939,Rahul Singh,,55,Chennai,Delhi,India,Corporate,2020-10-09
CUST09940,Arjun Desai,Female,65,Pune,Karnataka,India,Retail,2021-12-25
CUST09941,Diya Gupta,,31,Bangalore,Delhi,India,Wholesale,2025-06-02
CUST09942,Dhruvi Desai,Male,66,Bangalore,Gujarat,India,Wholesale,2024-03-09
CUST09943,Vivaan Gupta,,41,Hyderabad,Delhi,India,Retail,2022-09-09
CUST09944,Aarav Verma,,45,Surat,Tamil Nadu,India,Wholesale,2021-09-01
CUST09945,Isha Desai,FEMALE,24,Ahmedabad,Karnataka,India,Corporate,2020-02-19
CUST09946,Diya Kapoor,Male,35,Mumbai,Karnataka,India,Wholesale,2020-12-21
CUST09947,Meera Verma,Male,72,Hyderabad,Delhi,India,Retail,2023-09-12
CUST09948,Dhruvi Kapoor,FEMALE,70,Hyderabad,Gujarat,India,Retail,2024-04-05
CUST09949,Aarav Mehta,FEMALE,54,Ahmedabad,Telangana,India,Corporate,2024-02-13
CUST09950,Aarav Desai,Female,66,Hyderabad,Tamil Nadu,India,Retail,2020-05-09
CUST09951,Rahul Patel, male ,60,Delhi,Telangana,India,Corporate,2024-08-28
CUST09952,Ananya Patel,FEMALE,38,Pune,Gujarat,India,Corporate,2021-09-24
CUST09953,Neha Shah,Female,23,Ahmedabad,Gujarat,India,Corporate,2024-08-05
CUST09954,Sneha Agarwal,Female,39,Hyderabad,Maharashtra,India,Corporate,2024-03-30
CUST09955,Vivaan Gupta,Male,33,Delhi,Karnataka,India,Corporate,2023-08-02
CUST09956,Dhruvi Shah,,65,Pune,Karnataka,India,Wholesale,2024-11-10
CUST09957,Meera Kapoor,,24,Bangalore,Telangana,India,Corporate,2023-06-27
CUST09958,Dhruvi Patel,FEMALE,65,Delhi,Karnataka,India,Corporate,2025-10-22
CUST09959,Kavya Kapoor,,50,Pune,Maharashtra,India,Corporate,2022-04-03
CUST09960,Rahul Joshi, male ,57,Delhi,Gujarat,India,Corporate,2025-01-21
CUST09961,Vivaan Gupta,,50,Mumbai,Gujarat,India,Retail,2020-10-25
CUST09962,Rahul Shah, male ,46,Bangalore,Delhi,India,Corporate,2023-08-11
CUST09963,Dhruvi Joshi,,18,Delhi,Delhi,India,Corporate,2024-07-26
CUST09964,Nidhi Gupta,FEMALE,42,Chennai,Tamil Nadu,India,Corporate,2022-03-19
CUST09965,Diya Agarwal,Male,59,Delhi,Karnataka,India,Retail,2025-12-19
CUST09966,Aarav Singh,Female,24,Chennai,Delhi,India,Corporate,2024-06-07
CUST09967,Aditya Verma,Male,46,Hyderabad,Karnataka,India,Wholesale,2020-07-21
CUST09968,Nidhi Shah,,49,Surat,Karnataka,India,Corporate,2022-11-03
CUST09969,Neha Joshi,,47,Delhi,Maharashtra,India,Wholesale,2023-08-31
CUST09970,Sneha Desai, male ,24,Hyderabad,Telangana,India,Wholesale,2021-04-01
CUST09971,Neha Mehta, male ,45,Delhi,Telangana,India,Wholesale,2020-04-15
CUST09972,Meera Kapoor, male ,24,Hyderabad,Tamil Nadu,India,Retail,2023-10-05
CUST09973,Kavya Agarwal,,55,Surat,Maharashtra,India,Wholesale,2020-09-25
CUST09974,Isha Singh,,68,Ahmedabad,Tamil Nadu,India,Wholesale,2024-12-09
CUST09975,Priya Verma, male ,21,Hyderabad,Tamil Nadu,India,Retail,2024-06-04
CUST09976,Ananya Kapoor, male ,74,Hyderabad,Maharashtra,India,Corporate,2024-03-25
CUST09977,Rahul Kapoor,,36,Hyderabad,Tamil Nadu,India,Retail,2022-03-15
CUST09978,Kavya Joshi,FEMALE,32,Pune,Tamil Nadu,India,Corporate,2020-07-22
CUST09979,Rahul Verma, male ,47,Delhi,Telangana,India,Retail,2024-09-10
CUST09980,Aarav Gupta,,62,Ahmedabad,Maharashtra,India,Retail,2021-09-13
CUST09981,Nidhi Patel,FEMALE,35,Delhi,Gujarat,India,Retail,2023-05-18
CUST09982,Priya Shah,FEMALE,32,Ahmedabad,Gujarat,India,Wholesale,2021-04-10
CUST09983,Aditya Shah,FEMALE,26,Ahmedabad,Tamil Nadu,India,Retail,2024-01-08
CUST09984,Priya Kapoor,,69,Bangalore,Maharashtra,India,Wholesale,2022-09-16
CUST09985,Rohan Shah,,61,Hyderabad,Karnataka,India,Corporate,2024-09-12
CUST09986,Kavya Gupta,FEMALE,52,Surat,Gujarat,India,Wholesale,2021-04-12
CUST09987,Ananya Agarwal,Male,60,Ahmedabad,Telangana,India,Wholesale,2021-05-04
CUST09988,Aditya Shah,Female,60,Ahmedabad,Delhi,India,Wholesale,2021-04-18
CUST09989,Meera Verma,Female,39,Delhi,Maharashtra,India,Wholesale,2023-06-26
CUST09990,Yash Gupta,Female,65,Bangalore,Tamil Nadu,India,Wholesale,2022-11-17
CUST09991,Riya Patel,Female,55,Pune,Tamil Nadu,India,Wholesale,2021-12-23
CUST09992,Aditya Mehta,,20,Mumbai,Maharashtra,India,Wholesale,2021-05-31
CUST09993,Aarav Mehta,,26,Surat,Tamil Nadu,India,Retail,2021-10-21
CUST09994,Riya Gupta,,30,Ahmedabad,Maharashtra,India,Wholesale,2021-09-28
CUST09995,Priya Mehta, male ,29,Chennai,Telangana,India,Corporate,2021-08-07
CUST09996,Diya Patel,FEMALE,58,Mumbai,Telangana,India,Retail,2022-12-04
CUST09997,Sneha Patel,FEMALE,24,Ahmedabad,Delhi,India,Wholesale,2024-12-17
CUST09998,Sneha Shah,Female,32,Delhi,Maharashtra,India,Retail,2022-08-08
CUST09999,Arjun Shah,Male,26,Chennai,Gujarat,India,Retail,2024-04-05
CUST10000,Ananya Singh,Male,64,Pune,Telangana,India,Retail,2025-10-18
