ProductID,StockOnHand,ReorderLevel,Warehouse
PROD00001,3908,310,WH-B
PROD00002,3820,116, wh-a 
PROD00003,4320,11,WH-A
PROD00004,2345,326,WH-C
PROD00005,2928,176,WH-B
PROD00006,2168,256,WH-C
PROD00007,1223,135,WH-C
PROD00008,1736,493,WH-C
PROD00009,4465,345, wh-a 
PROD00010,395,56, wh-a 
PROD00011,2005,410,WH-A
PROD00012,3809,471,WH-A
PROD00013,3210,167,WH-C
PROD00014,3255,177,WH-A
PROD00015,1998,414,WH-B
PROD00016,559,50, wh-a 
PROD00017,4780,31,WH-B
PROD00018,3169,71,WH-A
PROD00019,3495,407,WH-C
PROD00020,3772,494,WH-A
PROD00021,3286,49,WH-C
PROD00022,4678,203,WH-A
PROD00023,4110,413,WH-C
PROD00024,4056,472, wh-a 
PROD00025,3653,333,WH-A
PROD00026,2403,52,WH-A
PROD00027,187,61,WH-C
PROD00028,2335,317,WH-A
PROD00029,312,196,WH-C
PROD00030,2929,356, wh-a 
PROD00031,2727,351,WH-A
PROD00032,4640,416, wh-a 
PROD00033,3841,196,WH-C
PROD00034,1904,143, wh-a 
PROD00035,3407,232, wh-a 
PROD00036,433,66,WH-A
PROD00037,4934,24,WH-B
PROD00038,3618,207,WH-A
PROD00039,828,45, wh-a 
PROD00040,4832,88, wh-a 
PROD00041,3168,458,WH-C
PROD00042,2118,461,WH-B
PROD00043,3183,136,WH-A
PROD00044,141,118,WH-C
PROD00045,2534,37,WH-A
PROD00046,1629,163,WH-C
PROD00047,2809,124,WH-A
PROD00048,3984,55, wh-a 
PROD00049,211,95, wh-a 
PROD00050,1851,471, wh-a 
PROD00051,4069,129,WH-B
PROD00052,3818,409,WH-C
PROD00053,3573,239,WH-C
PROD00054,2249,204,WH-A
PROD00055,4290,141, wh-a 
PROD00056,1944,292,WH-C
PROD00057,1981,34, wh-a 
PROD00058,1770,364, wh-a 
PROD00059,4301,15,WH-C
PROD00060,3810,213,WH-A
PROD00061,1269,43,WH-A
PROD00062,3364,197,WH-C
PROD00063,359,397,WH-A
PROD00064,472,291, wh-a 
PROD00065,4123,26,WH-C
PROD00066,1624,480,WH-C
PROD00067,2552,492,WH-A
PROD00068,4092,364,WH-B
PROD00069,4611,291,WH-B
PROD00070,4152,413,WH-C
PROD00071,3438,414,WH-A
PROD00072,4931,50,WH-B
PROD00073,1631,125,WH-C
PROD00074,1341,325,WH-C
PROD00075,802,169,WH-C
PROD00076,3495,15,WH-A
PROD00077,832,362,WH-A
PROD00078,4305,218,WH-A
PROD00079,2970,223,WH-A
PROD00080,3916,107,WH-A
PROD00081,3072,468,WH-C
PROD00082,3812,264, wh-a 
PROD00083,1442,210,WH-B
PROD00084,4381,494,WH-C
PROD00085,1713,158,WH-B
PROD00086,3818,43,WH-A
PROD00087,1982,236,WH-C
PROD00088,4979,400, wh-a 
PROD00089,1016,428,WH-A
PROD00090,616,456,WH-C
PROD00091,4290,293, wh-a 
PROD00092,3041,47,WH-B
PROD00093,4771,438,WH-A
PROD00094,1451,33, wh-a 
PROD00095,1559,231,WH-A
PROD00096,4399,468,WH-A
PROD00097,1606,449,WH-B
PROD00098,2359,396,WH-B
PROD00099,2026,218,WH-B
PROD00100,239,400,WH-A
PROD00101,1719,211,WH-C
PROD00102,3869,349,WH-C
PROD00103,3721,384, wh-a 
PROD00104,698,313, wh-a 
PROD00105,2463,251,WH-A
PROD00106,4700,232,WH-A
PROD00107,2984,214,WH-C
PROD00108,1398,434,WH-C
PROD00109,318,409, wh-a 
PROD00110,2727,376,WH-A
PROD00111,28,369, wh-a 
PROD00112,910,274,WH-B
PROD00113,3923,108,WH-B
PROD00114,1576,473,WH-B
PROD00115,1243,110,WH-A
PROD00116,1696,351,WH-C
PROD00117,3414,414,WH-A
PROD00118,1201,470, wh-a 
PROD00119,675,450,WH-A
PROD00120,3101,370,WH-A
PROD00121,3717,319, wh-a 
PROD00122,4775,121, wh-a 
PROD00123,2402,395,WH-C
PROD00124,185,396,WH-C
PROD00125,3495,357,WH-A
PROD00126,2530,66,WH-C
PROD00127,3358,266, wh-a 
PROD00128,2137,471, wh-a 
PROD00129,4943,203, wh-a 
PROD00130,772,208,WH-B
PROD00131,1340,267,WH-B
PROD00132,2195,278,WH-B
PROD00133,3453,255, wh-a 
PROD00134,3158,211,WH-B
PROD00135,3907,376, wh-a 
PROD00136,218,333,WH-B
PROD00137,1368,385,WH-B
PROD00138,1329,491, wh-a 
PROD00139,4142,201,WH-A
PROD00140,4999,207,WH-B
PROD00141,1804,76,WH-C
PROD00142,2306,244,WH-A
PROD00143,4794,268,WH-C
PROD00144,1257,122,WH-C
PROD00145,212,431,WH-B
PROD00146,2212,208,WH-B
PROD00147,1129,80, wh-a 
PROD00148,4461,111,WH-A
PROD00149,3765,159,WH-C
PROD00150,4624,403,WH-A
PROD00151,2561,48, wh-a 
PROD00152,1885,276,WH-B
PROD00153,3614,357,WH-B
PROD00154,4478,152, wh-a 
PROD00155,2440,243, wh-a 
PROD00156,1959,116,WH-C
PROD00157,4386,110,WH-B
PROD00158,262,474, wh-a 
PROD00159,1076,162, wh-a 
PROD00160,1309,30, wh-a 
PROD00161,3858,20,WH-B
PROD00162,935,108,WH-C
PROD00163,86,261,WH-B
PROD00164,4506,328,WH-A
PROD00165,515,449,WH-A
PROD00166,2204,214,WH-B
PROD00167,64,440,WH-A
PROD00168,2516,178,WH-A
PROD00169,1517,158,WH-A
PROD00170,34,128,WH-C
PROD00171,3320,22,WH-C
PROD00172,1508,103,WH-C
PROD00173,3028,137,WH-C
PROD00174,20,31,WH-C
PROD00175,1163,296,WH-B
PROD00176,4610,152,WH-C
PROD00177,2647,373,WH-B
PROD00178,1669,296, wh-a 
PROD00179,1430,435,WH-B
PROD00180,3800,138,WH-C
PROD00181,2709,452,WH-B
PROD00182,3529,227,WH-A
PROD00183,3133,89,WH-A
PROD00184,1649,428,WH-C
PROD00185,1194,433,WH-B
PROD00186,4390,477,WH-A
PROD00187,2567,149, wh-a 
PROD00188,2784,285,WH-C
PROD00189,4739,67,WH-A
PROD00190,2071,409,WH-B
PROD00191,1550,29, wh-a 
PROD00192,3275,395, wh-a 
PROD00193,3712,354, wh-a 
PROD00194,4447,57,WH-B
PROD00195,2344,50,WH-B
PROD00196,3671,177,WH-C
PROD00197,3139,28,WH-A
PROD00198,1054,105,WH-B
PROD00199,1334,423,WH-C
PROD00200,4617,61,WH-A
PROD00201,660,66, wh-a 
PROD00202,2173,362,WH-A
PROD00203,1311,292, wh-a 
PROD00204,2910,48,WH-C
PROD00205,967,467,WH-A
PROD00206,4953,326, wh-a 
PROD00207,3927,384,WH-C
PROD00208,2120,351,WH-A
PROD00209,4267,419,WH-A
PROD00210,2127,204,WH-B
PROD00211,1215,274, wh-a 
PROD00212,515,77, wh-a 
PROD00213,2491,432,WH-C
PROD00214,1604,62, wh-a 
PROD00215,3223,335,WH-A
PROD00216,1401,482,WH-B
PROD00217,3493,251,WH-B
PROD00218,4453,450, wh-a 
PROD00219,1245,224,WH-B
PROD00220,871,56, wh-a 
PROD00221,772,77,WH-B
PROD00222,3660,181,WH-A
PROD00223,3356,428,WH-A
PROD00224,493,483, wh-a 
PROD00225,1790,339,WH-C
PROD00226,1868,240,WH-B
PROD00227,3354,286, wh-a 
PROD00228,4906,255, wh-a 
PROD00229,291,464,WH-B
PROD00230,1872,315,WH-C
PROD00231,75,429,WH-A
PROD00232,1877,23, wh-a 
PROD00233,3649,89, wh-a 
PROD00234,4684,63, wh-a 
PROD00235,839,36, wh-a 
PROD00236,2238,268,WH-A
PROD00237,1616,52, wh-a 
PROD00238,3545,110,WH-A
PROD00239,3344,298,WH-C
PROD00240,2309,259,WH-B
PROD00241,442,366,WH-C
PROD00242,609,486,WH-B
PROD00243,516,75,WH-B
PROD00244,3219,153,WH-C
PROD00245,4273,276,WH-C
PROD00246,4746,485, wh-a 
PROD00247,4980,63,WH-B
PROD00248,1988,37,WH-C
PROD00249,4824,342, wh-a 
PROD00250,4945,102,WH-A
PROD00251,3740,23,WH-A
PROD00252,4373,354,WH-A
PROD00253,1539,148,WH-B
PROD00254,20,186, wh-a 
PROD00255,1240,322,WH-B
PROD00256,1205,70,WH-C
PROD00257,3057,257,WH-C
PROD00258,3207,46, wh-a 
PROD00259,1251,453, wh-a 
PROD00260,3289,16,WH-A
PROD00261,582,29, wh-a 
PROD00262,3948,442,WH-B
PROD00263,1446,43, wh-a 
PROD00264,4414,222,WH-C
PROD00265,411,379, wh-a 
PROD00266,3248,31,WH-C
PROD00267,2176,47,WH-A
PROD00268,4316,138,WH-A
PROD00269,999,273,WH-A
PROD00270,1426,48,WH-C
PROD00271,1592,20,WH-B
PROD00272,4793,117,WH-C
PROD00273,3146,92, wh-a 
PROD00274,2926,351,WH-B
PROD00275,2854,79, wh-a 
PROD00276,3530,312,WH-B
PROD00277,2818,447,WH-A
PROD00278,856,244,WH-C
PROD00279,874,488,WH-C
PROD00280,4665,226,WH-B
PROD00281,651,436,WH-A
PROD00282,3757,33,WH-B
PROD00283,16,489, wh-a 
PROD00284,3848,74, wh-a 
PROD00285,414,471,WH-B
PROD00286,659,248,WH-B
PROD00287,4449,368, wh-a 
PROD00288,3737,272,WH-C
PROD00289,3433,109,WH-A
PROD00290,1089,420,WH-C
PROD00291,1535,373,WH-C
PROD00292,1630,120,WH-C
PROD00293,4314,310,WH-A
PROD00294,3147,324,WH-C
PROD00295,4631,378,WH-A
PROD00296,2432,431,WH-C
PROD00297,1933,267,WH-C
PROD00298,760,58,WH-A
PROD00299,1147,287,WH-C
PROD00300,3469,66,WH-A
PROD00301,254,40,WH-A
PROD00302,928,496, wh-a 
PROD00303,265,354,WH-C
PROD00304,4733,251, wh-a 
PROD00305,679,398,WH-C
PROD00306,2746,183,WH-B
PROD00307,3214,487,WH-C
PROD00308,4324,457,WH-C
PROD00309,1926,219,WH-C
PROD00310,3661,46,WH-C
PROD00311,1443,384,WH-A
PROD00312,952,144,WH-B
PROD00313,1330,355,WH-C
PROD00314,3416,190,WH-B
PROD00315,857,69,WH-C
PROD00316,3927,166,WH-C
PROD00317,3238,106,WH-A
PROD00318,1209,280, wh-a 
PROD00319,4392,373,WH-A
PROD00320,2715,272,WH-C
PROD00321,2641,173,WH-C
PROD00322,3514,178,WH-C
PROD00323,280,231,WH-B
PROD00324,2981,37,WH-C
PROD00325,3430,187,WH-A
PROD00326,3824,331,WH-A
PROD00327,719,41,WH-A
PROD00328,3981,129,WH-C
PROD00329,293,465,WH-C
PROD00330,2782,145, wh-a 
PROD00331,1825,172,WH-A
PROD00332,1800,194, wh-a 
PROD00333,-10,254, wh-a 
PROD00334,4940,82, wh-a 
PROD00335,2860,463,WH-A
PROD00336,1386,418, wh-a 
PROD00337,3595,210,WH-C
PROD00338,2413,281,WH-B
PROD00339,3470,462,WH-C
PROD00340,3543,188,WH-A
PROD00341,4565,204,WH-C
PROD00342,1702,15,WH-C
PROD00343,3465,385,WH-C
PROD00344,97,296, wh-a 
PROD00345,3304,247,WH-C
PROD00346,4120,302,WH-A
PROD00347,4665,334, wh-a 
PROD00348,4569,150, wh-a 
PROD00349,3198,84, wh-a 
PROD00350,4338,94, wh-a 
PROD00351,821,135, wh-a 
PROD00352,2306,297,WH-A
PROD00353,2317,404,WH-A
PROD00354,4627,147,WH-A
PROD00355,2038,344,WH-B
PROD00356,2963,359, wh-a 
PROD00357,203,55,WH-B
PROD00358,1859,471, wh-a 
PROD00359,2706,432,WH-C
PROD00360,2465,185,WH-A
PROD00361,2407,197,WH-B
PROD00362,3703,386, wh-a 
PROD00363,4890,475, wh-a 
PROD00364,1737,77, wh-a 
PROD00365,1358,104, wh-a 
PROD00366,-40,355, wh-a 
PROD00367,1926,95,WH-C
PROD00368,4040,399,WH-B
PROD00369,4352,115, wh-a 
PROD00370,1246,288, wh-a 
PROD00371,1438,214,WH-A
PROD00372,249,84,WH-A
PROD00373,2732,449, wh-a 
PROD00374,1652,415, wh-a 
PROD00375,2189,222,WH-A
PROD00376,1310,463, wh-a 
PROD00377,2779,381, wh-a 
PROD00378,1971,271,WH-C
PROD00379,2912,55, wh-a 
PROD00380,730,443,WH-A
PROD00381,1481,385,WH-B
PROD00382,2432,100,WH-C
PROD00383,4830,300,WH-A
PROD00384,1777,160,WH-B
PROD00385,3480,240,WH-A
PROD00386,3080,374,WH-B
PROD00387,4373,158,WH-C
PROD00388,2759,220,WH-A
PROD00389,3456,14, wh-a 
PROD00390,3758,355,WH-A
PROD00391,884,320,WH-C
PROD00392,3903,460,WH-A
PROD00393,322,189,WH-C
PROD00394,2029,224,WH-B
PROD00395,492,157,WH-A
PROD00396,533,483,WH-A
PROD00397,3137,236,WH-B
PROD00398,4031,492,WH-A
PROD00399,4326,271,WH-A
PROD00400,1720,184, wh-a 
PROD00401,3953,106,WH-B
PROD00402,1413,39, wh-a 
PROD00403,3890,118, wh-a 
PROD00404,4471,355,WH-B
PROD00405,20,308, wh-a 
PROD00406,54,328,WH-B
PROD00407,646,25,WH-B
PROD00408,343,222,WH-A
PROD00409,4124,283,WH-B
PROD00410,3571,311,WH-A
PROD00411,3001,131,WH-C
PROD00412,1916,288,WH-C
PROD00413,4112,273,WH-B
PROD00414,4881,409,WH-B
PROD00415,3278,359,WH-B
PROD00416,374,322,WH-C
PROD00417,4291,104,WH-A
PROD00418,4844,481,WH-B
PROD00419,2637,341,WH-A
PROD00420,1140,126,WH-B
PROD00421,1909,407,WH-C
PROD00422,266,242, wh-a 
PROD00423,1620,483,WH-C
PROD00424,1160,272,WH-B
PROD00425,3676,496,WH-C
PROD00426,253,155,WH-C
PROD00427,1269,343, wh-a 
PROD00428,4907,134,WH-B
PROD00429,2900,268,WH-B
PROD00430,3425,311, wh-a 
PROD00431,3703,464,WH-B
PROD00432,2485,292,WH-A
PROD00433,2238,97,WH-C
PROD00434,848,380,WH-B
PROD00435,2459,389,WH-B
PROD00436,3586,96, wh-a 
PROD00437,3018,396, wh-a 
PROD00438,2544,139,WH-A
PROD00439,669,25,WH-C
PROD00440,-45,182,WH-A
PROD00441,496,211,WH-B
PROD00442,103,423, wh-a 
PROD00443,4423,442,WH-B
PROD00444,4161,481, wh-a 
PROD00445,560,77,WH-B
PROD00446,4529,490, wh-a 
PROD00447,4815,296, wh-a 
PROD00448,-22,106,WH-C
PROD00449,3588,497,WH-B
PROD00450,402,129,WH-B
PROD00451,3201,141, wh-a 
PROD00452,2499,164,WH-B
PROD00453,4247,240,WH-C
PROD00454,2294,158,WH-C
PROD00455,2167,44, wh-a 
PROD00456,2045,472,WH-B
PROD00457,575,116,WH-B
PROD00458,70,280,WH-A
PROD00459,2220,225, wh-a 
PROD00460,4700,183, wh-a 
PROD00461,1999,427,WH-A
PROD00462,2072,301,WH-B
PROD00463,3141,97,WH-A
PROD00464,1720,197,WH-A
PROD00465,3230,351,WH-A
PROD00466,1606,18,WH-A
PROD00467,1650,434,WH-C
PROD00468,4737,355,WH-B
PROD00469,1610,417,WH-B
PROD00470,2857,389,WH-C
PROD00471,423,356, wh-a 
PROD00472,269,310, wh-a 
PROD00473,3385,246,WH-B
PROD00474,4745,364,WH-C
PROD00475,70,118, wh-a 
PROD00476,418,264,WH-B
PROD00477,1171,385,WH-A
PROD00478,4648,251, wh-a 
PROD00479,1425,30,WH-B
PROD00480,2457,36,WH-A
PROD00481,3078,117, wh-a 
PROD00482,3862,219,WH-C
PROD00483,3631,269,WH-A
PROD00484,2781,230,WH-C
PROD00485,2083,356,WH-B
PROD00486,2073,191,WH-C
PROD00487,347,252,WH-B
PROD00488,3678,485,WH-C
PROD00489,4820,94, wh-a 
PROD00490,3665,435,WH-B
PROD00491,104,496,WH-A
PROD00492,4784,361,WH-C
PROD00493,202,317,WH-C
PROD00494,1694,237, wh-a 
PROD00495,982,475,WH-C
PROD00496,821,227,WH-A
PROD00497,3458,81, wh-a 
PROD00498,4701,444, wh-a 
PROD00499,1332,494,WH-A
PROD00500,3709,318,WH-B
PROD00501,3803,203, wh-a 
PROD00502,4139,191, wh-a 
PROD00503,4927,129,WH-C
PROD00504,2276,426,WH-C
PROD00505,3849,128,WH-A
PROD00506,539,332, wh-a 
PROD00507,2899,204,WH-A
PROD00508,1034,203,WH-A
PROD00509,2443,366,WH-B
PROD00510,2440,451,WH-A
PROD00511,3488,378,WH-B
PROD00512,2909,407,WH-A
PROD00513,1152,412, wh-a 
PROD00514,4539,435,WH-A
PROD00515,2011,329,WH-C
PROD00516,1600,300,WH-B
PROD00517,1956,410,WH-C
PROD00518,734,255,WH-B
PROD00519,4919,256,WH-C
PROD00520,1908,32,WH-C
PROD00521,2152,457,WH-B
PROD00522,3445,263, wh-a 
PROD00523,122,297,WH-A
PROD00524,4449,480,WH-A
PROD00525,1297,409,WH-B
PROD00526,2404,445,WH-C
PROD00527,808,134,WH-C
PROD00528,4291,359,WH-C
PROD00529,780,328,WH-B
PROD00530,1789,321,WH-C
PROD00531,2001,34, wh-a 
PROD00532,727,448,WH-B
PROD00533,1503,206,WH-B
PROD00534,1653,220, wh-a 
PROD00535,1181,118,WH-B
PROD00536,115,127,WH-C
PROD00537,2210,364, wh-a 
PROD00538,2457,492,WH-B
PROD00539,4876,447,WH-B
PROD00540,2975,269, wh-a 
PROD00541,1906,294,WH-C
PROD00542,326,408,WH-B
PROD00543,1590,410,WH-A
PROD00544,2456,302,WH-C
PROD00545,1450,68,WH-C
PROD00546,2351,484, wh-a 
PROD00547,987,160,WH-B
PROD00548,1184,290,WH-C
PROD00549,4931,20, wh-a 
PROD00550,3239,283,WH-B
PROD00551,1931,425,WH-C
PROD00552,4752,105,WH-B
PROD00553,1643,453,WH-A
PROD00554,485,442,WH-C
PROD00555,4255,222,WH-B
PROD00556,1001,12,WH-B
PROD00557,358,122,WH-C
PROD00558,4306,72,WH-C
PROD00559,484,228,WH-C
PROD00560,3942,313,WH-C
PROD00561,178,380,WH-A
PROD00562,1881,479,WH-C
PROD00563,4372,129,WH-C
PROD00564,4131,489,WH-A
PROD00565,1245,375, wh-a 
PROD00566,1329,109, wh-a 
PROD00567,488,19,WH-A
PROD00568,1270,161, wh-a 
PROD00569,4621,495,WH-A
PROD00570,4249,25,WH-B
PROD00571,2438,336,WH-A
PROD00572,1325,247, wh-a 
PROD00573,495,498,WH-B
PROD00574,1312,305,WH-A
PROD00575,4593,138, wh-a 
PROD00576,3285,204,WH-B
PROD00577,7,399, wh-a 
PROD00578,2410,359,WH-B
PROD00579,1345,36,WH-B
PROD00580,3369,72, wh-a 
PROD00581,2568,41,WH-C
PROD00582,62,408,WH-C
PROD00583,3263,98,WH-C
PROD00584,4054,375,WH-B
PROD00585,1841,178, wh-a 
PROD00586,2093,69,WH-B
PROD00587,3727,376,WH-A
PROD00588,2188,86, wh-a 
PROD00589,3982,206,WH-A
PROD00590,4594,475,WH-B
PROD00591,2390,138,WH-B
PROD00592,534,99,WH-A
PROD00593,4696,181, wh-a 
PROD00594,1913,172, wh-a 
PROD00595,1719,164,WH-C
PROD00596,4711,390,WH-A
PROD00597,1297,197,WH-C
PROD00598,405,428,WH-C
PROD00599,2026,325,WH-C
PROD00600,3944,150,WH-C
PROD00601,3404,152, wh-a 
PROD00602,3627,253,WH-B
PROD00603,182,384,WH-C
PROD00604,4785,356,WH-A
PROD00605,2519,160, wh-a 
PROD00606,3245,465,WH-B
PROD00607,2535,26,WH-A
PROD00608,415,122,WH-B
PROD00609,2531,497,WH-A
PROD00610,1126,169,WH-C
PROD00611,2866,29,WH-A
PROD00612,509,99,WH-A
PROD00613,3342,185,WH-C
PROD00614,74,468,WH-C
PROD00615,419,81,WH-A
PROD00616,3132,190,WH-A
PROD00617,2006,483,WH-C
PROD00618,2205,222,WH-B
PROD00619,991,78, wh-a 
PROD00620,2428,363,WH-B
PROD00621,913,126,WH-C
PROD00622,1675,471, wh-a 
PROD00623,2666,211,WH-B
PROD00624,1395,493,WH-A
PROD00625,1905,129,WH-C
PROD00626,778,31,WH-A
PROD00627,717,300, wh-a 
PROD00628,3094,246, wh-a 
PROD00629,2679,363,WH-B
PROD00630,854,408, wh-a 
PROD00631,3184,171,WH-C
PROD00632,3170,43,WH-A
PROD00633,1853,263,WH-C
PROD00634,4997,417,WH-B
PROD00635,4687,131, wh-a 
PROD00636,4111,247, wh-a 
PROD00637,3222,10,WH-C
PROD00638,931,392,WH-B
PROD00639,1494,33,WH-B
PROD00640,3002,98, wh-a 
PROD00641,3016,456,WH-A
PROD00642,4348,334,WH-A
PROD00643,2770,222, wh-a 
PROD00644,856,239,WH-C
PROD00645,4952,467,WH-C
PROD00646,1713,488, wh-a 
PROD00647,3995,440, wh-a 
PROD00648,1927,399, wh-a 
PROD00649,2463,259, wh-a 
PROD00650,1258,319,WH-A
PROD00651,178,44, wh-a 
PROD00652,2113,46, wh-a 
PROD00653,1700,352,WH-B
PROD00654,3567,472,WH-B
PROD00655,3843,264,WH-C
PROD00656,3817,296,WH-C
PROD00657,4077,378,WH-C
PROD00658,982,204,WH-B
PROD00659,688,205, wh-a 
PROD00660,235,454, wh-a 
PROD00661,3359,344,WH-B
PROD00662,4688,154, wh-a 
PROD00663,304,233,WH-C
PROD00664,1848,282, wh-a 
PROD00665,3369,260,WH-A
PROD00666,-40,215,WH-B
PROD00667,671,373, wh-a 
PROD00668,3442,88,WH-A
PROD00669,334,119,WH-C
PROD00670,2036,181,WH-B
PROD00671,849,15,WH-C
PROD00672,2172,460,WH-C
PROD00673,1749,482,WH-C
PROD00674,3674,309,WH-C
PROD00675,2366,434,WH-C
PROD00676,3501,205, wh-a 
PROD00677,2294,68,WH-B
PROD00678,2225,291, wh-a 
PROD00679,4953,125, wh-a 
PROD00680,1355,121,WH-B
PROD00681,3731,67,WH-B
PROD00682,4349,307,WH-A
PROD00683,3615,65,WH-A
PROD00684,1605,185, wh-a 
PROD00685,2043,86,WH-C
PROD00686,4920,200,WH-A
PROD00687,2843,300, wh-a 
PROD00688,688,369, wh-a 
PROD00689,2300,401,WH-A
PROD00690,4250,56, wh-a 
PROD00691,400,227,WH-C
PROD00692,3518,151,WH-C
PROD00693,4469,424,WH-B
PROD00694,4900,382, wh-a 
PROD00695,4723,437, wh-a 
PROD00696,1400,25,WH-B
PROD00697,4150,323,WH-B
PROD00698,4159,215, wh-a 
PROD00699,2150,426,WH-B
PROD00700,661,51,WH-B
PROD00701,3434,289,WH-C
PROD00702,4849,235,WH-B
PROD00703,883,441, wh-a 
PROD00704,3120,291,WH-C
PROD00705,1147,229,WH-C
PROD00706,2621,494,WH-C
PROD00707,3805,158,WH-A
PROD00708,2417,418,WH-B
PROD00709,3744,189, wh-a 
PROD00710,3377,142,WH-A
PROD00711,4136,60,WH-C
PROD00712,922,172,WH-B
PROD00713,2590,341,WH-B
PROD00714,2828,41, wh-a 
PROD00715,4406,425, wh-a 
PROD00716,2495,70,WH-A
PROD00717,204,340,WH-C
PROD00718,2035,283,WH-A
PROD00719,3804,289,WH-A
PROD00720,1136,336, wh-a 
PROD00721,2771,116,WH-C
PROD00722,2467,21,WH-B
PROD00723,683,299,WH-B
PROD00724,3942,21,WH-C
PROD00725,1932,187,WH-A
PROD00726,3372,374,WH-C
PROD00727,1052,419,WH-C
PROD00728,2798,270,WH-A
PROD00729,100,377,WH-C
PROD00730,4087,429,WH-A
PROD00731,1102,199,WH-A
PROD00732,2279,240, wh-a 
PROD00733,1874,487,WH-C
PROD00734,1443,344,WH-B
PROD00735,3391,470,WH-A
PROD00736,2538,145,WH-C
PROD00737,2059,70,WH-A
PROD00738,4827,272,WH-A
PROD00739,2620,156,WH-A
PROD00740,1783,90, wh-a 
PROD00741,2636,204,WH-A
PROD00742,2711,146, wh-a 
PROD00743,2335,157, wh-a 
PROD00744,4021,317,WH-A
PROD00745,1937,29,WH-C
PROD00746,535,437,WH-A
PROD00747,2275,174,WH-C
PROD00748,4325,304, wh-a 
PROD00749,670,10,WH-C
PROD00750,4671,149,WH-A
PROD00751,1515,127,WH-C
PROD00752,1918,30,WH-B
PROD00753,1725,156,WH-B
PROD00754,4454,109,WH-B
PROD00755,689,472,WH-C
PROD00756,1259,168,WH-B
PROD00757,3103,165, wh-a 
PROD00758,3249,155, wh-a 
PROD00759,4280,20,WH-C
PROD00760,2931,270,WH-B
PROD00761,1235,104,WH-A
PROD00762,3895,45, wh-a 
PROD00763,835,124,WH-B
PROD00764,2705,215, wh-a 
PROD00765,2921,266, wh-a 
PROD00766,2085,48,WH-B
PROD00767,3004,233,WH-B
PROD00768,-50,191,WH-C
PROD00769,4892,147,WH-B
PROD00770,4536,423, wh-a 
PROD00771,513,474,WH-C
PROD00772,2204,466,WH-A
PROD00773,4603,321,WH-B
PROD00774,3115,451,WH-B
PROD00775,4978,486,WH-C
PROD00776,3243,398,WH-C
PROD00777,3199,198,WH-B
PROD00778,2654,58,WH-B
PROD00779,2825,129,WH-C
PROD00780,211,192,WH-A
PROD00781,2428,392,WH-A
PROD00782,204,169, wh-a 
PROD00783,1752,89,WH-A
PROD00784,122,218, wh-a 
PROD00785,3034,497,WH-C
PROD00786,74,339,WH-A
PROD00787,3076,223,WH-A
PROD00788,4517,297, wh-a 
PROD00789,1731,226,WH-A
PROD00790,3367,438,WH-A
PROD00791,2969,405,WH-B
PROD00792,124,21,WH-C
PROD00793,1440,207,WH-C
PROD00794,3996,199,WH-C
PROD00795,4820,437, wh-a 
PROD00796,2220,142,WH-B
PROD00797,1734,390,WH-B
PROD00798,477,176, wh-a 
PROD00799,982,39,WH-A
PROD00800,1356,168,WH-A
PROD00801,782,312,WH-A
PROD00802,4623,73, wh-a 
PROD00803,3423,61,WH-C
PROD00804,2359,287,WH-C
PROD00805,3345,178,WH-A
PROD00806,2832,299,WH-C
PROD00807,73,159,WH-A
PROD00808,4359,440,WH-C
PROD00809,3104,473,WH-A
PROD00810,1109,445, wh-a 
PROD00811,1180,337,WH-A
PROD00812,3774,453, wh-a 
PROD00813,3179,131, wh-a 
PROD00814,3148,12, wh-a 
PROD00815,2612,212,WH-B
PROD00816,30,177,WH-C
PROD00817,1918,348, wh-a 
PROD00818,4840,246,WH-B
PROD00819,4089,157,WH-C
PROD00820,988,381,WH-A
PROD00821,3128,243,WH-B
PROD00822,2223,329,WH-A
PROD00823,3535,21,WH-C
PROD00824,4591,202,WH-A
PROD00825,403,96,WH-B
PROD00826,2291,24, wh-a 
PROD00827,3413,81,WH-A
PROD00828,733,141,WH-C
PROD00829,896,281,WH-B
PROD00830,975,250,WH-C
PROD00831,4902,299,WH-B
PROD00832,2066,213, wh-a 
PROD00833,2195,304,WH-C
PROD00834,716,265,WH-C
PROD00835,455,360,WH-B
PROD00836,4022,324, wh-a 
PROD00837,2194,56,WH-B
PROD00838,463,481,WH-A
PROD00839,295,37,WH-C
PROD00840,4554,95,WH-C
PROD00841,3888,204, wh-a 
PROD00842,1396,354,WH-B
PROD00843,1620,251,WH-A
PROD00844,2776,479,WH-C
PROD00845,2405,309, wh-a 
PROD00846,1520,179, wh-a 
PROD00847,2028,228,WH-C
PROD00848,3677,174,WH-B
PROD00849,532,297,WH-A
PROD00850,2944,226,WH-B
PROD00851,39,492, wh-a 
PROD00852,2328,298, wh-a 
PROD00853,2929,278,WH-C
PROD00854,3855,299,WH-C
PROD00855,222,55,WH-C
PROD00856,3829,428,WH-C
PROD00857,3544,66,WH-B
PROD00858,2112,291,WH-A
PROD00859,2636,266, wh-a 
PROD00860,4066,343,WH-C
PROD00861,3130,174,WH-C
PROD00862,1707,147,WH-B
PROD00863,967,340,WH-C
PROD00864,3921,432, wh-a 
PROD00865,2497,143,WH-C
PROD00866,4026,129, wh-a 
PROD00867,763,335,WH-B
PROD00868,2239,42,WH-B
PROD00869,873,478,WH-B
PROD00870,2004,94,WH-C
PROD00871,1862,103,WH-B
PROD00872,785,378,WH-C
PROD00873,2956,459,WH-C
PROD00874,4390,209, wh-a 
PROD00875,4352,474,WH-A
PROD00876,365,253,WH-A
PROD00877,3823,367,WH-C
PROD00878,4576,29, wh-a 
PROD00879,590,473,WH-A
PROD00880,4843,345,WH-A
PROD00881,4921,111,WH-A
PROD00882,3297,479,WH-B
PROD00883,4230,286, wh-a 
PROD00884,1982,63,WH-C
PROD00885,1950,403, wh-a 
PROD00886,3306,407,WH-B
PROD00887,2282,81,WH-B
PROD00888,1789,439, wh-a 
PROD00889,3758,69,WH-C
PROD00890,2954,122,WH-B
PROD00891,819,11,WH-A
PROD00892,4102,110, wh-a 
PROD00893,1777,386,WH-A
PROD00894,1163,253,WH-B
PROD00895,327,104,WH-C
PROD00896,4764,311,WH-A
PROD00897,1324,138,WH-B
PROD00898,1341,289,WH-C
PROD00899,6,201,WH-A
PROD00900,2238,85,WH-A
PROD00901,976,98,WH-A
PROD00902,3650,293, wh-a 
PROD00903,3474,193,WH-C
PROD00904,2096,499,WH-A
PROD00905,3592,455,WH-B
PROD00906,3390,444,WH-C
PROD00907,3146,37,WH-B
PROD00908,2263,332,WH-C
PROD00909,2923,173, wh-a 
PROD00910,3307,460,WH-A
PROD00911,3388,121,WH-C
PROD00912,3216,98,WH-A
PROD00913,2272,306,WH-A
PROD00914,907,275, wh-a 
PROD00915,4345,324, wh-a 
PROD00916,1587,213,WH-B
PROD00917,3920,387, wh-a 
PROD00918,574,495,WH-A
PROD00919,4024,62,WH-C
PROD00920,182,56,WH-A
PROD00921,4330,391, wh-a 
PROD00922,3703,352,WH-B
PROD00923,3464,335,WH-B
PROD00924,1020,302,WH-A
PROD00925,4002,155, wh-a 
PROD00926,1026,168,WH-B
PROD00927,1235,325,WH-A
PROD00928,447,396, wh-a 
PROD00929,1198,41,WH-B
PROD00930,2426,384, wh-a 
PROD00931,1393,434, wh-a 
PROD00932,4125,276,WH-B
PROD00933,736,490,WH-B
PROD00934,2865,119,WH-A
PROD00935,2818,273, wh-a 
PROD00936,1948,357, wh-a 
PROD00937,3806,150,WH-A
PROD00938,1508,492, wh-a 
PROD00939,2017,63,WH-A
PROD00940,1693,233,WH-B
PROD00941,1173,59,WH-C
PROD00942,2721,298,WH-A
PROD00943,4645,374,WH-C
PROD00944,4003,133, wh-a 
PROD00945,3498,79,WH-B
PROD00946,1207,33,WH-B
PROD00947,3346,127,WH-A
PROD00948,4669,324, wh-a 
PROD00949,1591,322, wh-a 
PROD00950,2765,385,WH-A
PROD00951,2278,445, wh-a 
PROD00952,1110,75,WH-A
PROD00953,2233,185,WH-B
PROD00954,1917,450,WH-B
PROD00955,4995,141,WH-C
PROD00956,3885,385,WH-A
PROD00957,111,107,WH-C
PROD00958,4335,110,WH-A
PROD00959,219,456, wh-a 
PROD00960,4928,37,WH-A
PROD00961,3126,467,WH-A
PROD00962,1828,80,WH-C
PROD00963,1032,394, wh-a 
PROD00964,4018,432,WH-B
PROD00965,3444,209,WH-A
PROD00966,4942,322,WH-C
PROD00967,3911,252,WH-A
PROD00968,3020,281,WH-B
PROD00969,2016,27,WH-A
PROD00970,1715,168,WH-C
PROD00971,4721,237,WH-B
PROD00972,1341,246,WH-B
PROD00973,2535,313, wh-a 
PROD00974,3810,108,WH-B
PROD00975,1648,409,WH-B
PROD00976,4661,29, wh-a 
PROD00977,2721,425, wh-a 
PROD00978,1863,439,WH-C
PROD00979,4207,478, wh-a 
PROD00980,237,80, wh-a 
PROD00981,4154,451,WH-A
PROD00982,395,78,WH-C
PROD00983,3734,183,WH-B
PROD00984,4328,50,WH-B
PROD00985,4744,221,WH-C
PROD00986,2858,492,WH-A
PROD00987,3878,463,WH-B
PROD00988,2508,472, wh-a 
PROD00989,4088,328,WH-C
PROD00990,398,272,WH-A
PROD00991,2286,105,WH-B
PROD00992,38,342,WH-A
PROD00993,681,268,WH-A
PROD00994,2407,323,WH-A
PROD00995,1300,157,WH-A
PROD00996,4629,28,WH-B
PROD00997,3083,239,WH-A
PROD00998,2005,337, wh-a 
PROD00999,3391,413, wh-a 
PROD01000,1002,82,WH-C
PROD01001,2010,182,WH-B
PROD01002,-4,449,WH-A
PROD01003,2981,316,WH-B
PROD01004,3839,116, wh-a 
PROD01005,3166,402, wh-a 
PROD01006,4117,185,WH-C
PROD01007,2919,475,WH-C
PROD01008,2184,20, wh-a 
PROD01009,4902,263,WH-C
PROD01010,3270,363,WH-C
PROD01011,4157,91,WH-A
PROD01012,1594,255,WH-A
PROD01013,4653,464,WH-C
PROD01014,1605,290,WH-C
PROD01015,-40,174,WH-A
PROD01016,3384,315,WH-A
PROD01017,1586,171,WH-B
PROD01018,4073,253, wh-a 
PROD01019,1155,237,WH-A
PROD01020,1475,347,WH-C
PROD01021,545,61,WH-C
PROD01022,3796,79,WH-A
PROD01023,3424,496,WH-A
PROD01024,4840,33, wh-a 
PROD01025,4094,250,WH-B
PROD01026,883,239,WH-B
PROD01027,3997,272,WH-A
PROD01028,1744,133,WH-A
PROD01029,1325,54,WH-A
PROD01030,511,207, wh-a 
PROD01031,4306,387,WH-B
PROD01032,2164,482,WH-B
PROD01033,326,117,WH-A
PROD01034,4865,364,WH-A
PROD01035,3715,113,WH-A
PROD01036,1949,178,WH-B
PROD01037,616,274, wh-a 
PROD01038,1297,244, wh-a 
PROD01039,3605,99, wh-a 
PROD01040,1656,85,WH-B
PROD01041,2494,394,WH-B
PROD01042,3271,136,WH-C
PROD01043,2254,425,WH-A
PROD01044,3124,328,WH-C
PROD01045,4946,333,WH-B
PROD01046,2310,426,WH-A
PROD01047,1317,103,WH-A
PROD01048,1086,127, wh-a 
PROD01049,3452,472,WH-B
PROD01050,4722,259,WH-A
PROD01051,4837,357,WH-B
PROD01052,3958,150,WH-C
PROD01053,2329,449, wh-a 
PROD01054,639,396,WH-A
PROD01055,1118,272,WH-C
PROD01056,4912,265,WH-A
PROD01057,3019,282,WH-A
PROD01058,521,421,WH-B
PROD01059,4911,420,WH-A
PROD01060,1204,67, wh-a 
PROD01061,4557,461,WH-B
PROD01062,3253,56,WH-B
PROD01063,4757,201,WH-C
PROD01064,967,60,WH-C
PROD01065,3133,303, wh-a 
PROD01066,3185,59,WH-C
PROD01067,2403,321, wh-a 
PROD01068,3579,193,WH-A
PROD01069,4513,465,WH-A
PROD01070,3799,23,WH-A
PROD01071,1328,111,WH-C
PROD01072,609,378,WH-B
PROD01073,961,288, wh-a 
PROD01074,4180,236,WH-B
PROD01075,2135,445,WH-C
PROD01076,1979,19, wh-a 
PROD01077,957,59,WH-C
PROD01078,4579,476,WH-A
PROD01079,3227,396,WH-A
PROD01080,982,171,WH-C
PROD01081,-28,200,WH-A
PROD01082,4458,142,WH-C
PROD01083,3366,103,WH-B
PROD01084,1194,429, wh-a 
PROD01085,3056,406,WH-C
PROD01086,4946,84,WH-A
PROD01087,2581,85,WH-C
PROD01088,730,399,WH-B
PROD01089,963,40,WH-B
PROD01090,72,455,WH-A
PROD01091,4847,390, wh-a 
PROD01092,2095,412,WH-C
PROD01093,1647,247,WH-B
PROD01094,4484,430,WH-A
PROD01095,591,325,WH-B
PROD01096,4206,274,WH-B
PROD01097,873,150,WH-B
PROD01098,2209,380,WH-C
PROD01099,583,291,WH-A
PROD01100,2133,281, wh-a 
PROD01101,2351,205, wh-a 
PROD01102,3080,19, wh-a 
PROD01103,1734,184, wh-a 
PROD01104,1308,302,WH-B
PROD01105,1127,142,WH-A
PROD01106,1625,114, wh-a 
PROD01107,2080,443, wh-a 
PROD01108,4964,164,WH-C
PROD01109,75,277,WH-B
PROD01110,3492,71,WH-C
PROD01111,2628,300, wh-a 
PROD01112,792,155, wh-a 
PROD01113,1991,35,WH-B
PROD01114,370,23,WH-A
PROD01115,3027,362,WH-C
PROD01116,2286,186,WH-B
PROD01117,2624,313,WH-C
PROD01118,891,88,WH-A
PROD01119,1599,322,WH-B
PROD01120,1534,59,WH-B
PROD01121,2122,352, wh-a 
PROD01122,1328,297,WH-B
PROD01123,4667,117,WH-C
PROD01124,3940,296,WH-B
PROD01125,4613,16, wh-a 
PROD01126,3270,106, wh-a 
PROD01127,302,281,WH-A
PROD01128,4885,300,WH-B
PROD01129,1654,190,WH-B
PROD01130,2253,488,WH-C
PROD01131,2671,128, wh-a 
PROD01132,778,264,WH-A
PROD01133,2692,247,WH-C
PROD01134,3396,114, wh-a 
PROD01135,4099,358, wh-a 
PROD01136,3984,111, wh-a 
PROD01137,1456,493,WH-A
PROD01138,3507,291,WH-B
PROD01139,4668,75,WH-B
PROD01140,442,46, wh-a 
PROD01141,3953,164,WH-C
PROD01142,3730,77, wh-a 
PROD01143,84,88,WH-B
PROD01144,3276,180,WH-C
PROD01145,-46,331, wh-a 
PROD01146,-42,74,WH-B
PROD01147,3681,428,WH-B
PROD01148,593,338,WH-C
PROD01149,740,343,WH-C
PROD01150,4896,95,WH-C
PROD01151,2739,347,WH-C
PROD01152,521,217,WH-A
PROD01153,1731,92,WH-A
PROD01154,3217,168, wh-a 
PROD01155,3878,178,WH-B
PROD01156,2379,430,WH-B
PROD01157,472,422,WH-B
PROD01158,1349,121,WH-B
PROD01159,2640,220,WH-B
PROD01160,4869,458,WH-B
PROD01161,284,25, wh-a 
PROD01162,2944,209,WH-B
PROD01163,3380,197,WH-B
PROD01164,4393,487,WH-A
PROD01165,3168,114,WH-A
PROD01166,2008,257,WH-B
PROD01167,4641,472,WH-B
PROD01168,1039,161,WH-A
PROD01169,789,490, wh-a 
PROD01170,2088,409,WH-A
PROD01171,2411,393, wh-a 
PROD01172,2498,265, wh-a 
PROD01173,3292,279,WH-A
PROD01174,4853,388,WH-B
PROD01175,2548,153,WH-A
PROD01176,4095,301,WH-B
PROD01177,4702,452,WH-B
PROD01178,2862,304,WH-A
PROD01179,79,166,WH-C
PROD01180,3646,210,WH-C
PROD01181,4111,165,WH-A
PROD01182,4216,287,WH-B
PROD01183,2497,79,WH-C
PROD01184,50,252,WH-C
PROD01185,445,169,WH-B
PROD01186,673,148,WH-B
PROD01187,2400,455,WH-B
PROD01188,2675,282,WH-A
PROD01189,609,21,WH-C
PROD01190,1526,332,WH-B
PROD01191,1571,314, wh-a 
PROD01192,2016,290,WH-A
PROD01193,1293,259, wh-a 
PROD01194,1249,426,WH-B
PROD01195,3278,291, wh-a 
PROD01196,105,170,WH-C
PROD01197,2082,20,WH-B
PROD01198,551,217, wh-a 
PROD01199,3436,114,WH-C
PROD01200,1500,396,WH-B
PROD01201,1418,177, wh-a 
PROD01202,2142,383, wh-a 
PROD01203,1658,145,WH-A
PROD01204,504,135,WH-B
PROD01205,3735,214,WH-C
PROD01206,1206,429, wh-a 
PROD01207,1287,173,WH-C
PROD01208,608,392,WH-C
PROD01209,4413,126,WH-C
PROD01210,3763,454,WH-C
PROD01211,2626,278,WH-C
PROD01212,3232,476,WH-C
PROD01213,4133,270,WH-A
PROD01214,1799,395,WH-B
PROD01215,-10,208, wh-a 
PROD01216,2023,285,WH-A
PROD01217,2748,20,WH-C
PROD01218,1570,385,WH-C
PROD01219,4677,145,WH-B
PROD01220,4044,366,WH-C
PROD01221,2748,446,WH-C
PROD01222,2194,11,WH-A
PROD01223,4380,347,WH-B
PROD01224,179,213,WH-A
PROD01225,4814,479,WH-A
PROD01226,1893,83,WH-C
PROD01227,3798,239, wh-a 
PROD01228,4523,61,WH-A
PROD01229,3315,124,WH-A
PROD01230,3318,467,WH-B
PROD01231,3484,111,WH-A
PROD01232,4834,350, wh-a 
PROD01233,1974,108,WH-A
PROD01234,1282,216,WH-C
PROD01235,1694,338, wh-a 
PROD01236,219,145,WH-B
PROD01237,2485,282, wh-a 
PROD01238,1084,482,WH-A
PROD01239,825,41,WH-C
PROD01240,1358,125,WH-B
PROD01241,1101,433,WH-A
PROD01242,1901,156,WH-C
PROD01243,4989,168, wh-a 
PROD01244,1955,210,WH-A
PROD01245,328,74,WH-A
PROD01246,2302,79,WH-B
PROD01247,251,184, wh-a 
PROD01248,4782,406, wh-a 
PROD01249,2666,267,WH-B
PROD01250,2421,77,WH-C
PROD01251,4147,151,WH-A
PROD01252,4110,205,WH-C
PROD01253,3860,75,WH-B
PROD01254,2627,147,WH-B
PROD01255,3183,444,WH-A
PROD01256,323,167, wh-a 
PROD01257,1454,28,WH-B
PROD01258,2390,487,WH-C
PROD01259,3105,95,WH-B
PROD01260,1074,399, wh-a 
PROD01261,563,344,WH-B
PROD01262,4787,348, wh-a 
PROD01263,3600,273, wh-a 
PROD01264,1891,352,WH-C
PROD01265,3981,285, wh-a 
PROD01266,83,496,WH-C
PROD01267,3817,265,WH-B
PROD01268,698,151,WH-B
PROD01269,3821,203,WH-B
PROD01270,81,204,WH-B
PROD01271,3187,216,WH-C
PROD01272,2767,359, wh-a 
PROD01273,2966,47, wh-a 
PROD01274,4508,28,WH-A
PROD01275,1185,110,WH-A
PROD01276,4614,160,WH-B
PROD01277,4205,245,WH-C
PROD01278,128,438,WH-A
PROD01279,4053,210,WH-C
PROD01280,3990,368,WH-C
PROD01281,2504,46, wh-a 
PROD01282,1889,451,WH-C
PROD01283,4221,70,WH-B
PROD01284,3198,372,WH-A
PROD01285,78,344,WH-A
PROD01286,4155,388, wh-a 
PROD01287,2038,353,WH-B
PROD01288,339,334,WH-B
PROD01289,27,188,WH-B
PROD01290,4513,106,WH-C
PROD01291,3143,236,WH-B
PROD01292,3630,154,WH-B
PROD01293,114,369,WH-A
PROD01294,296,37,WH-A
PROD01295,718,460,WH-A
PROD01296,2493,12,WH-A
PROD01297,4246,90, wh-a 
PROD01298,1785,75, wh-a 
PROD01299,3935,447,WH-C
PROD01300,4512,457,WH-A
PROD01301,4952,153, wh-a 
PROD01302,1315,335,WH-C
PROD01303,3457,24,WH-A
PROD01304,2850,398,WH-C
PROD01305,1928,229,WH-B
PROD01306,4629,227,WH-B
PROD01307,2353,22, wh-a 
PROD01308,2091,111,WH-C
PROD01309,842,210,WH-A
PROD01310,4512,462,WH-C
PROD01311,2880,389,WH-C
PROD01312,4741,195, wh-a 
PROD01313,3221,144,WH-A
PROD01314,4210,436, wh-a 
PROD01315,3679,312, wh-a 
PROD01316,4429,460,WH-A
PROD01317,995,297,WH-A
PROD01318,4358,487,WH-A
PROD01319,1264,305,WH-A
PROD01320,4485,321, wh-a 
PROD01321,316,380,WH-A
PROD01322,1736,224,WH-A
PROD01323,2636,277, wh-a 
PROD01324,2792,327,WH-C
PROD01325,2215,473,WH-A
PROD01326,466,80, wh-a 
PROD01327,291,470, wh-a 
PROD01328,1605,159,WH-C
PROD01329,4584,285, wh-a 
PROD01330,277,132,WH-B
PROD01331,3923,270, wh-a 
PROD01332,173,114,WH-C
PROD01333,4393,301, wh-a 
PROD01334,907,162,WH-C
PROD01335,1249,65,WH-A
PROD01336,4260,34, wh-a 
PROD01337,2831,443,WH-C
PROD01338,2012,431,WH-C
PROD01339,3675,21,WH-A
PROD01340,4986,414, wh-a 
PROD01341,4986,451,WH-A
PROD01342,1248,16,WH-C
PROD01343,1097,173, wh-a 
PROD01344,1315,482,WH-C
PROD01345,1086,130,WH-B
PROD01346,1843,335,WH-B
PROD01347,2933,28,WH-C
PROD01348,3490,110,WH-C
PROD01349,208,396, wh-a 
PROD01350,10,427,WH-A
PROD01351,990,186,WH-C
PROD01352,2438,399,WH-A
PROD01353,4605,251,WH-C
PROD01354,1487,17, wh-a 
PROD01355,4206,22,WH-A
PROD01356,1408,472,WH-C
PROD01357,1036,65,WH-B
PROD01358,421,129,WH-C
PROD01359,4198,41,WH-B
PROD01360,743,296,WH-A
PROD01361,3967,46,WH-A
PROD01362,2721,442,WH-A
PROD01363,362,11,WH-B
PROD01364,1142,102, wh-a 
PROD01365,208,361,WH-B
PROD01366,4366,411, wh-a 
PROD01367,872,78,WH-A
PROD01368,2938,401,WH-A
PROD01369,585,241,WH-C
PROD01370,3794,23,WH-C
PROD01371,4520,85, wh-a 
PROD01372,472,493, wh-a 
PROD01373,1853,450,WH-B
PROD01374,906,278,WH-A
PROD01375,1133,378, wh-a 
PROD01376,4324,255,WH-A
PROD01377,4756,126, wh-a 
PROD01378,77,395,WH-A
PROD01379,2285,27,WH-B
PROD01380,3857,17,WH-C
PROD01381,3940,385, wh-a 
PROD01382,1726,166,WH-B
PROD01383,3590,202,WH-C
PROD01384,4463,234,WH-A
PROD01385,2139,81,WH-C
PROD01386,4245,250,WH-B
PROD01387,4927,286, wh-a 
PROD01388,2970,475,WH-B
PROD01389,2242,355, wh-a 
PROD01390,1742,37, wh-a 
PROD01391,4066,228,WH-B
PROD01392,4108,158,WH-C
PROD01393,409,381, wh-a 
PROD01394,2950,84,WH-C
PROD01395,933,430,WH-C
PROD01396,3764,308,WH-A
PROD01397,4503,322, wh-a 
PROD01398,4006,122,WH-B
PROD01399,4518,15,WH-C
PROD01400,234,93,WH-A
PROD01401,1515,356,WH-B
PROD01402,3409,353,WH-C
PROD01403,3231,205, wh-a 
PROD01404,2761,207,WH-A
PROD01405,4808,352,WH-A
PROD01406,4860,176,WH-C
PROD01407,4041,112,WH-B
PROD01408,3724,87,WH-C
PROD01409,4057,193,WH-C
PROD01410,3104,50, wh-a 
PROD01411,346,446,WH-B
PROD01412,3728,80,WH-C
PROD01413,302,485,WH-C
PROD01414,1450,43,WH-A
PROD01415,594,38,WH-B
PROD01416,2805,162,WH-A
PROD01417,3776,43,WH-B
PROD01418,2306,171,WH-B
PROD01419,2296,81,WH-B
PROD01420,3774,337, wh-a 
PROD01421,1907,324, wh-a 
PROD01422,997,233,WH-A
PROD01423,1185,306,WH-A
PROD01424,3714,263,WH-A
PROD01425,662,124,WH-C
PROD01426,4912,187, wh-a 
PROD01427,289,415,WH-A
PROD01428,2313,310,WH-B
PROD01429,2344,67,WH-C
PROD01430,4061,328,WH-A
PROD01431,3878,156, wh-a 
PROD01432,4396,227,WH-C
PROD01433,3086,389,WH-B
PROD01434,1521,35, wh-a 
PROD01435,3859,306,WH-B
PROD01436,2772,138,WH-A
PROD01437,1402,397,WH-C
PROD01438,1164,244,WH-C
PROD01439,4300,96,WH-A
PROD01440,1814,21,WH-B
PROD01441,2809,490,WH-C
PROD01442,2571,143,WH-C
PROD01443,1902,53,WH-B
PROD01444,2934,25,WH-C
PROD01445,92,173,WH-C
PROD01446,484,432, wh-a 
PROD01447,340,184,WH-A
PROD01448,4886,147,WH-B
PROD01449,1274,493,WH-B
PROD01450,1185,107, wh-a 
PROD01451,1132,293,WH-A
PROD01452,2683,184,WH-C
PROD01453,4456,118,WH-B
PROD01454,3497,411,WH-B
PROD01455,2309,325,WH-A
PROD01456,10,40, wh-a 
PROD01457,2972,258,WH-A
PROD01458,680,194,WH-A
PROD01459,236,387,WH-B
PROD01460,1234,147,WH-C
PROD01461,2336,357,WH-A
PROD01462,1589,137,WH-A
PROD01463,2300,38,WH-A
PROD01464,1363,423,WH-B
PROD01465,4409,223,WH-B
PROD01466,2013,317,WH-C
PROD01467,1399,457,WH-C
PROD01468,58,332, wh-a 
PROD01469,4331,358, wh-a 
PROD01470,4962,246,WH-B
PROD01471,2232,228,WH-A
PROD01472,2596,87,WH-B
PROD01473,560,16,WH-B
PROD01474,755,59,WH-C
PROD01475,3769,25,WH-B
PROD01476,2050,182, wh-a 
PROD01477,4278,92, wh-a 
PROD01478,3137,363,WH-C
PROD01479,2125,407,WH-C
PROD01480,1770,144, wh-a 
PROD01481,3834,409,WH-C
PROD01482,185,71,WH-C
PROD01483,3854,400, wh-a 
PROD01484,1498,182,WH-C
PROD01485,153,434, wh-a 
PROD01486,-14,61,WH-B
PROD01487,681,385, wh-a 
PROD01488,374,270,WH-A
PROD01489,2385,219, wh-a 
PROD01490,7,238,WH-B
PROD01491,3030,407,WH-A
PROD01492,1067,455, wh-a 
PROD01493,1598,158, wh-a 
PROD01494,2020,77,WH-A
PROD01495,767,295,WH-C
PROD01496,913,24,WH-A
PROD01497,3503,467,WH-B
PROD01498,3086,148,WH-B
PROD01499,1515,211,WH-C
PROD01500,4326,190, wh-a 
PROD01501,1553,225,WH-B
PROD01502,2999,105, wh-a 
PROD01503,175,189, wh-a 
PROD01504,3040,292, wh-a 
PROD01505,2608,308,WH-B
PROD01506,2404,125, wh-a 
PROD01507,3,431,WH-C
PROD01508,649,17,WH-B
PROD01509,4624,326,WH-A
PROD01510,261,237,WH-C
PROD01511,4660,28,WH-B
PROD01512,982,155,WH-C
PROD01513,423,476,WH-A
PROD01514,1970,193,WH-C
PROD01515,3303,110, wh-a 
PROD01516,4858,386,WH-B
PROD01517,3126,127, wh-a 
PROD01518,4655,234,WH-A
PROD01519,1692,221, wh-a 
PROD01520,1235,204,WH-C
PROD01521,152,171,WH-A
PROD01522,3870,294,WH-C
PROD01523,3569,127,WH-C
PROD01524,1918,394,WH-B
PROD01525,3088,339,WH-B
PROD01526,2463,248, wh-a 
PROD01527,1345,219, wh-a 
PROD01528,4802,308,WH-B
PROD01529,2187,202, wh-a 
PROD01530,3015,103,WH-A
PROD01531,1034,13,WH-B
PROD01532,4666,133,WH-B
PROD01533,3919,248,WH-B
PROD01534,2356,234, wh-a 
PROD01535,3523,434, wh-a 
PROD01536,1396,463, wh-a 
PROD01537,462,325,WH-C
PROD01538,233,101,WH-A
PROD01539,1303,144,WH-B
PROD01540,1446,347,WH-C
PROD01541,2815,314,WH-C
PROD01542,1636,60,WH-B
PROD01543,1505,139,WH-B
PROD01544,887,102,WH-A
PROD01545,3917,313,WH-B
PROD01546,2695,293,WH-A
PROD01547,349,135,WH-A
PROD01548,535,136, wh-a 
PROD01549,4729,347,WH-B
PROD01550,808,451, wh-a 
PROD01551,529,203,WH-A
PROD01552,352,411,WH-B
PROD01553,1988,280,WH-C
PROD01554,1342,210,WH-C
PROD01555,4480,456,WH-A
PROD01556,306,115, wh-a 
PROD01557,4586,251,WH-C
PROD01558,727,123,WH-C
PROD01559,3160,323,WH-C
PROD01560,2792,114,WH-C
PROD01561,4151,28,WH-A
PROD01562,4659,408,WH-B
PROD01563,3173,203,WH-C
PROD01564,4926,480,WH-C
PROD01565,1527,333,WH-A
PROD01566,4364,410,WH-B
PROD01567,3407,339,WH-B
PROD01568,454,13, wh-a 
PROD01569,274,240,WH-C
PROD01570,887,481,WH-A
PROD01571,2048,148,WH-C
PROD01572,437,414,WH-C
PROD01573,2773,74,WH-A
PROD01574,1513,181, wh-a 
PROD01575,4334,388,WH-B
PROD01576,3861,283,WH-C
PROD01577,3760,490,WH-A
PROD01578,2260,467,WH-C
PROD01579,2428,464,WH-B
PROD01580,2532,15,WH-C
PROD01581,755,268,WH-B
PROD01582,2338,51,WH-B
PROD01583,3042,258,WH-B
PROD01584,147,313, wh-a 
PROD01585,4936,494,WH-C
PROD01586,3177,106,WH-A
PROD01587,4701,377,WH-B
PROD01588,2045,130,WH-A
PROD01589,1624,167,WH-C
PROD01590,3254,320, wh-a 
PROD01591,2871,156,WH-B
PROD01592,3117,191,WH-B
PROD01593,2135,233,WH-C
PROD01594,197,254,WH-B
PROD01595,4994,456,WH-C
PROD01596,208,363,WH-C
PROD01597,1160,314, wh-a 
PROD01598,833,321, wh-a 
PROD01599,2383,316, wh-a 
PROD01600,1224,299,WH-A
PROD01601,2469,393,WH-A
PROD01602,4131,231,WH-C
PROD01603,3205,101, wh-a 
PROD01604,835,221,WH-A
PROD01605,3272,143,WH-B
PROD01606,2367,310, wh-a 
PROD01607,2952,298, wh-a 
PROD01608,1290,178,WH-B
PROD01609,4035,246,WH-B
PROD01610,1522,460,WH-A
PROD01611,4665,182,WH-A
PROD01612,699,369,WH-A
PROD01613,4168,104, wh-a 
PROD01614,1630,395, wh-a 
PROD01615,2123,308, wh-a 
PROD01616,2608,382,WH-B
PROD01617,3930,336,WH-C
PROD01618,3117,253,WH-B
PROD01619,-19,203,WH-C
PROD01620,4043,290,WH-C
PROD01621,819,411,WH-B
PROD01622,1404,446,WH-B
PROD01623,3500,300,WH-A
PROD01624,2822,326,WH-B
PROD01625,955,184,WH-C
PROD01626,2526,350,WH-B
PROD01627,1663,204, wh-a 
PROD01628,4792,388,WH-B
PROD01629,3505,172,WH-C
PROD01630,4134,121,WH-C
PROD01631,2397,262,WH-C
PROD01632,127,394,WH-B
PROD01633,4068,77,WH-C
PROD01634,3660,101,WH-C
PROD01635,2922,453,WH-B
PROD01636,1116,306,WH-C
PROD01637,1667,460,WH-C
PROD01638,2956,119,WH-C
PROD01639,2028,122,WH-B
PROD01640,1957,296, wh-a 
PROD01641,1416,218, wh-a 
PROD01642,1881,163,WH-B
PROD01643,824,326,WH-B
PROD01644,2330,203,WH-B
PROD01645,2829,32,WH-B
PROD01646,2909,312,WH-B
PROD01647,394,247, wh-a 
PROD01648,3529,236,WH-C
PROD01649,300,250, wh-a 
PROD01650,558,199, wh-a 
PROD01651,2747,419,WH-B
PROD01652,4313,479,WH-A
PROD01653,3484,195, wh-a 
PROD01654,602,350,WH-A
PROD01655,4003,77,WH-B
PROD01656,2231,398,WH-A
PROD01657,2866,472,WH-B
PROD01658,4281,87,WH-C
PROD01659,4426,409,WH-C
PROD01660,4808,493,WH-A
PROD01661,3152,374, wh-a 
PROD01662,2804,307,WH-C
PROD01663,110,415,WH-C
PROD01664,631,287,WH-A
PROD01665,83,136, wh-a 
PROD01666,4072,115,WH-C
PROD01667,3641,141, wh-a 
PROD01668,1772,143, wh-a 
PROD01669,579,207,WH-C
PROD01670,1553,13, wh-a 
PROD01671,2886,226,WH-C
PROD01672,4373,58,WH-C
PROD01673,2762,400,WH-C
PROD01674,4968,46,WH-A
PROD01675,1974,298,WH-C
PROD01676,3229,471, wh-a 
PROD01677,2692,135,WH-C
PROD01678,3294,40,WH-C
PROD01679,4164,16,WH-C
PROD01680,590,277, wh-a 
PROD01681,383,346,WH-B
PROD01682,1862,202, wh-a 
PROD01683,4621,327, wh-a 
PROD01684,2021,72, wh-a 
PROD01685,2412,240, wh-a 
PROD01686,2913,238,WH-A
PROD01687,2660,406,WH-A
PROD01688,4192,144,WH-A
PROD01689,2610,122,WH-B
PROD01690,1395,269,WH-C
PROD01691,3024,275,WH-B
PROD01692,532,370,WH-C
PROD01693,3698,209, wh-a 
PROD01694,2759,40,WH-A
PROD01695,2740,99,WH-A
PROD01696,2822,481,WH-B
PROD01697,4756,437,WH-B
PROD01698,4702,274,WH-A
PROD01699,4502,213,WH-B
PROD01700,4757,269,WH-A
PROD01701,3526,67,WH-C
PROD01702,2454,31,WH-C
PROD01703,3985,482,WH-C
PROD01704,2682,341,WH-A
PROD01705,841,68, wh-a 
PROD01706,4812,441,WH-A
PROD01707,310,72,WH-A
PROD01708,4150,133,WH-C
PROD01709,1354,278, wh-a 
PROD01710,341,431,WH-B
PROD01711,1732,96, wh-a 
PROD01712,3097,220,WH-A
PROD01713,2029,406,WH-B
PROD01714,1690,256, wh-a 
PROD01715,2091,471,WH-B
PROD01716,3056,223,WH-B
PROD01717,805,480,WH-C
PROD01718,4732,289,WH-C
PROD01719,4570,408,WH-C
PROD01720,4948,177,WH-C
PROD01721,3430,85,WH-C
PROD01722,4174,73,WH-A
PROD01723,2710,85,WH-B
PROD01724,444,59,WH-C
PROD01725,3581,268,WH-A
PROD01726,2621,454,WH-B
PROD01727,4021,107,WH-C
PROD01728,2828,87,WH-B
PROD01729,3318,155, wh-a 
PROD01730,2660,402,WH-B
PROD01731,2891,415,WH-A
PROD01732,3551,432,WH-A
PROD01733,4750,187,WH-A
PROD01734,3208,294, wh-a 
PROD01735,2008,461,WH-B
PROD01736,2489,100,WH-C
PROD01737,2377,157,WH-B
PROD01738,3119,149,WH-C
PROD01739,1519,225, wh-a 
PROD01740,3183,110,WH-C
PROD01741,4113,156,WH-C
PROD01742,2998,468,WH-B
PROD01743,4695,425,WH-C
PROD01744,3281,51,WH-C
PROD01745,504,435,WH-B
PROD01746,195,167, wh-a 
PROD01747,2861,453,WH-A
PROD01748,4502,139,WH-A
PROD01749,1591,342, wh-a 
PROD01750,2092,433,WH-C
PROD01751,2895,348,WH-C
PROD01752,2874,169,WH-B
PROD01753,2153,89, wh-a 
PROD01754,1933,290,WH-C
PROD01755,3765,330,WH-B
PROD01756,3756,351,WH-B
PROD01757,1592,232,WH-A
PROD01758,4730,182,WH-A
PROD01759,1285,230,WH-C
PROD01760,1611,269, wh-a 
PROD01761,2434,271, wh-a 
PROD01762,4539,207,WH-B
PROD01763,3502,271,WH-A
PROD01764,4903,292, wh-a 
PROD01765,1397,279, wh-a 
PROD01766,2059,39,WH-B
PROD01767,1978,19,WH-B
PROD01768,1295,273, wh-a 
PROD01769,2774,231,WH-C
PROD01770,2585,162, wh-a 
PROD01771,1706,333, wh-a 
PROD01772,1444,34,WH-A
PROD01773,4307,156,WH-C
PROD01774,4970,354,WH-B
PROD01775,4950,334,WH-A
PROD01776,946,464,WH-A
PROD01777,355,126,WH-B
PROD01778,839,55, wh-a 
PROD01779,2208,311,WH-A
PROD01780,4666,30, wh-a 
PROD01781,3847,425, wh-a 
PROD01782,4416,373,WH-C
PROD01783,504,307, wh-a 
PROD01784,2856,368, wh-a 
PROD01785,3283,252, wh-a 
PROD01786,4065,46,WH-C
PROD01787,1272,415,WH-C
PROD01788,2971,152,WH-C
PROD01789,3814,240,WH-B
PROD01790,685,263,WH-B
PROD01791,1648,209, wh-a 
PROD01792,3988,469,WH-B
PROD01793,3497,185, wh-a 
PROD01794,1740,288,WH-C
PROD01795,905,95,WH-C
PROD01796,344,189,WH-A
PROD01797,2698,432,WH-A
PROD01798,43,265,WH-C
PROD01799,4562,281,WH-A
PROD01800,1563,32,WH-C
PROD01801,1166,328, wh-a 
PROD01802,4437,316,WH-A
PROD01803,4543,369,WH-A
PROD01804,3081,419,WH-B
PROD01805,269,147,WH-B
PROD01806,3860,68, wh-a 
PROD01807,1987,414,WH-B
PROD01808,4686,474,WH-B
PROD01809,289,478,WH-C
PROD01810,4539,214,WH-C
PROD01811,2231,94,WH-B
PROD01812,2781,398,WH-C
PROD01813,4357,351, wh-a 
PROD01814,1222,134,WH-C
PROD01815,1908,277,WH-B
PROD01816,3933,367,WH-C
PROD01817,4486,55,WH-C
PROD01818,1384,183,WH-C
PROD01819,2071,218,WH-C
PROD01820,805,106,WH-B
PROD01821,1601,331,WH-B
PROD01822,2230,379, wh-a 
PROD01823,4286,144,WH-A
PROD01824,932,191,WH-B
PROD01825,1014,336,WH-C
PROD01826,3946,105,WH-C
PROD01827,3980,19,WH-C
PROD01828,918,424,WH-C
PROD01829,3805,142,WH-B
PROD01830,1495,377, wh-a 
PROD01831,3419,329,WH-C
PROD01832,547,409, wh-a 
PROD01833,4273,180,WH-C
PROD01834,2096,131,WH-C
PROD01835,1275,362,WH-C
PROD01836,196,357,WH-A
PROD01837,362,486,WH-B
PROD01838,1123,488,WH-C
PROD01839,1399,417,WH-A
PROD01840,3866,113,WH-A
PROD01841,2672,497,WH-B
PROD01842,3001,403, wh-a 
PROD01843,3723,343, wh-a 
PROD01844,3856,376,WH-A
PROD01845,1482,304,WH-B
PROD01846,2291,114,WH-C
PROD01847,3607,170,WH-B
PROD01848,4739,431,WH-C
PROD01849,2471,419,WH-C
PROD01850,2884,79,WH-B
PROD01851,1477,83,WH-C
PROD01852,1706,129,WH-B
PROD01853,4744,315,WH-B
PROD01854,2283,165, wh-a 
PROD01855,2964,432,WH-C
PROD01856,2877,299, wh-a 
PROD01857,3298,378,WH-C
PROD01858,2260,260,WH-B
PROD01859,2451,441,WH-A
PROD01860,1385,401,WH-C
PROD01861,2128,337, wh-a 
PROD01862,1736,340,WH-C
PROD01863,3465,495,WH-C
PROD01864,3917,164, wh-a 
PROD01865,3658,403,WH-C
PROD01866,1237,428,WH-A
PROD01867,73,134, wh-a 
PROD01868,2323,479, wh-a 
PROD01869,3490,72,WH-A
PROD01870,4096,404,WH-B
PROD01871,2786,351, wh-a 
PROD01872,4547,298, wh-a 
PROD01873,4967,144,WH-C
PROD01874,3529,381,WH-B
PROD01875,767,226,WH-B
PROD01876,1474,429, wh-a 
PROD01877,3160,26, wh-a 
PROD01878,1427,55,WH-A
PROD01879,1803,31,WH-C
PROD01880,445,199, wh-a 
PROD01881,2626,160,WH-A
PROD01882,923,364, wh-a 
PROD01883,1470,152,WH-A
PROD01884,2065,188, wh-a 
PROD01885,2547,213,WH-C
PROD01886,3720,232,WH-B
PROD01887,1851,403,WH-B
PROD01888,1069,26,WH-B
PROD01889,2834,100,WH-C
PROD01890,3186,479,WH-B
PROD01891,3425,412,WH-C
PROD01892,2567,79,WH-B
PROD01893,3954,455,WH-A
PROD01894,4295,114,WH-A
PROD01895,3264,483, wh-a 
PROD01896,4244,153, wh-a 
PROD01897,2687,358,WH-A
PROD01898,1702,40,WH-C
PROD01899,1108,399,WH-B
PROD01900,1686,343, wh-a 
PROD01901,2408,287,WH-A
PROD01902,109,20,WH-A
PROD01903,-26,294,WH-B
PROD01904,1268,485, wh-a 
PROD01905,2046,472, wh-a 
PROD01906,101,398,WH-C
PROD01907,1752,169, wh-a 
PROD01908,585,406, wh-a 
PROD01909,4946,261,WH-B
PROD01910,3933,20,WH-C
PROD01911,1334,205, wh-a 
PROD01912,945,357,WH-C
PROD01913,873,37,WH-A
PROD01914,4847,257,WH-C
PROD01915,2973,486,WH-C
PROD01916,635,224,WH-B
PROD01917,4341,118,WH-B
PROD01918,3413,64, wh-a 
PROD01919,1850,99, wh-a 
PROD01920,1371,480, wh-a 
PROD01921,1853,115,WH-B
PROD01922,2085,260,WH-A
PROD01923,1862,355, wh-a 
PROD01924,1549,30,WH-B
PROD01925,2197,229,WH-C
PROD01926,4098,165,WH-A
PROD01927,1681,162, wh-a 
PROD01928,4890,117,WH-C
PROD01929,3428,131, wh-a 
PROD01930,4734,93,WH-C
PROD01931,2833,245,WH-C
PROD01932,3284,71,WH-B
PROD01933,2305,46,WH-B
PROD01934,1940,320,WH-B
PROD01935,1416,264,WH-C
PROD01936,3347,144,WH-A
PROD01937,1964,167,WH-A
PROD01938,3886,48, wh-a 
PROD01939,4002,368, wh-a 
PROD01940,2173,356,WH-C
PROD01941,3282,257,WH-B
PROD01942,2377,480,WH-A
PROD01943,2207,330, wh-a 
PROD01944,3351,137,WH-A
PROD01945,3990,497,WH-C
PROD01946,4900,331,WH-A
PROD01947,1925,189,WH-B
PROD01948,2367,440, wh-a 
PROD01949,3586,342, wh-a 
PROD01950,3303,117,WH-A
PROD01951,1362,387,WH-C
PROD01952,908,335,WH-A
PROD01953,4689,263,WH-A
PROD01954,31,59, wh-a 
PROD01955,2460,399,WH-A
PROD01956,4250,377,WH-B
PROD01957,1476,367,WH-A
PROD01958,3144,62,WH-B
PROD01959,1150,287, wh-a 
PROD01960,2654,28,WH-B
PROD01961,4342,59,WH-B
PROD01962,465,300,WH-A
PROD01963,4687,16,WH-C
PROD01964,753,159,WH-A
PROD01965,2026,398, wh-a 
PROD01966,573,381,WH-C
PROD01967,3312,317,WH-C
PROD01968,2538,48, wh-a 
PROD01969,2163,231,WH-A
PROD01970,3124,355,WH-B
PROD01971,4770,343,WH-C
PROD01972,1806,327, wh-a 
PROD01973,2111,263,WH-A
PROD01974,351,455,WH-A
PROD01975,701,199,WH-C
PROD01976,3881,319,WH-B
PROD01977,4684,400, wh-a 
PROD01978,2265,276,WH-C
PROD01979,2128,368, wh-a 
PROD01980,1259,67,WH-A
PROD01981,1986,192,WH-B
PROD01982,657,229, wh-a 
PROD01983,4986,263, wh-a 
PROD01984,4919,332,WH-B
PROD01985,2420,404,WH-A
PROD01986,2765,355,WH-B
PROD01987,3176,368, wh-a 
PROD01988,2500,53,WH-A
PROD01989,4987,314,WH-A
PROD01990,3017,466,WH-B
PROD01991,191,300,WH-A
PROD01992,3150,248,WH-A
PROD01993,438,91, wh-a 
PROD01994,1776,196, wh-a 
PROD01995,3666,222,WH-A
PROD01996,1474,266,WH-A
PROD01997,2308,94,WH-C
PROD01998,3725,83,WH-B
PROD01999,1150,67,WH-A
PROD02000,1722,334,WH-B
PROD02001,830,476,WH-B
PROD02002,916,151,WH-B
PROD02003,498,141,WH-B
PROD02004,528,222,WH-A
PROD02005,2611,388,WH-B
PROD02006,1726,33,WH-A
PROD02007,202,228, wh-a 
PROD02008,1972,234, wh-a 
PROD02009,3442,192, wh-a 
PROD02010,987,113,WH-A
PROD02011,1853,201,WH-C
PROD02012,1985,293,WH-B
PROD02013,4162,56,WH-B
PROD02014,4297,116, wh-a 
PROD02015,1703,401,WH-A
PROD02016,1138,330, wh-a 
PROD02017,1081,354,WH-B
PROD02018,471,260,WH-B
PROD02019,1877,483,WH-A
PROD02020,756,192,WH-C
PROD02021,3965,89, wh-a 
PROD02022,2910,465, wh-a 
PROD02023,2178,390, wh-a 
PROD02024,2830,371,WH-A
PROD02025,3720,167,WH-C
PROD02026,3164,420,WH-A
PROD02027,1591,340,WH-B
PROD02028,605,61, wh-a 
PROD02029,120,195, wh-a 
PROD02030,-26,309,WH-B
PROD02031,725,311,WH-B
PROD02032,4598,396, wh-a 
PROD02033,1031,191,WH-A
PROD02034,4551,442,WH-B
PROD02035,2535,159,WH-B
PROD02036,326,189,WH-B
PROD02037,346,328,WH-A
PROD02038,816,135, wh-a 
PROD02039,2215,175,WH-B
PROD02040,3085,283,WH-C
PROD02041,3806,396,WH-B
PROD02042,4112,83,WH-C
PROD02043,561,472,WH-C
PROD02044,1783,345,WH-A
PROD02045,1618,322, wh-a 
PROD02046,102,485,WH-C
PROD02047,1030,272,WH-A
PROD02048,2980,109,WH-A
PROD02049,4181,457, wh-a 
PROD02050,2396,404,WH-B
PROD02051,4473,58, wh-a 
PROD02052,3799,398,WH-C
PROD02053,4950,139, wh-a 
PROD02054,741,417, wh-a 
PROD02055,4408,97,WH-C
PROD02056,2952,428,WH-C
PROD02057,2968,245,WH-B
PROD02058,2780,139,WH-A
PROD02059,4064,266,WH-A
PROD02060,3307,132,WH-A
PROD02061,521,81,WH-C
PROD02062,383,193,WH-C
PROD02063,2044,393,WH-B
PROD02064,997,216,WH-B
PROD02065,2162,381,WH-A
PROD02066,2572,478, wh-a 
PROD02067,3292,268,WH-B
PROD02068,3713,294,WH-A
PROD02069,514,248, wh-a 
PROD02070,4474,64, wh-a 
PROD02071,1722,204,WH-B
PROD02072,2365,55, wh-a 
PROD02073,775,211,WH-C
PROD02074,492,476,WH-C
PROD02075,3106,151,WH-C
PROD02076,2383,138,WH-A
PROD02077,-19,328,WH-C
PROD02078,3671,254,WH-B
PROD02079,2965,84,WH-C
PROD02080,3896,109,WH-B
PROD02081,2680,208, wh-a 
PROD02082,928,131, wh-a 
PROD02083,4298,370,WH-B
PROD02084,1950,434,WH-C
PROD02085,1820,129,WH-B
PROD02086,3439,405, wh-a 
PROD02087,829,198, wh-a 
PROD02088,4675,444,WH-C
PROD02089,1535,378,WH-B
PROD02090,3994,197,WH-C
PROD02091,2899,65, wh-a 
PROD02092,1597,459,WH-A
PROD02093,3320,393,WH-B
PROD02094,1422,435,WH-C
PROD02095,2714,142,WH-C
PROD02096,4843,294, wh-a 
PROD02097,3851,87,WH-C
PROD02098,4329,35, wh-a 
PROD02099,3535,319,WH-C
PROD02100,367,347,WH-A
PROD02101,869,391,WH-B
PROD02102,371,55, wh-a 
PROD02103,3582,334,WH-B
PROD02104,4895,344,WH-A
PROD02105,4623,27,WH-C
PROD02106,19,238,WH-B
PROD02107,1369,321,WH-B
PROD02108,1558,136,WH-C
PROD02109,1095,52, wh-a 
PROD02110,1651,200,WH-A
PROD02111,4586,252, wh-a 
PROD02112,3513,177,WH-B
PROD02113,2624,366,WH-B
PROD02114,54,56,WH-B
PROD02115,956,345,WH-A
PROD02116,3931,333,WH-B
PROD02117,4789,438,WH-A
PROD02118,4301,101, wh-a 
PROD02119,4034,69,WH-B
PROD02120,2334,358, wh-a 
PROD02121,2615,305, wh-a 
PROD02122,4811,23,WH-C
PROD02123,1537,306,WH-A
PROD02124,478,124, wh-a 
PROD02125,2026,36, wh-a 
PROD02126,4824,377, wh-a 
PROD02127,1568,148,WH-C
PROD02128,1276,481,WH-B
PROD02129,2039,115,WH-B
PROD02130,2935,451,WH-C
PROD02131,3308,448, wh-a 
PROD02132,2635,326, wh-a 
PROD02133,2408,447, wh-a 
PROD02134,698,31, wh-a 
PROD02135,263,329,WH-C
PROD02136,3835,298,WH-A
PROD02137,4991,217,WH-A
PROD02138,3551,266,WH-C
PROD02139,1441,92,WH-C
PROD02140,4995,222,WH-B
PROD02141,3577,372,WH-C
PROD02142,892,388,WH-B
PROD02143,1816,200,WH-A
PROD02144,3784,436,WH-B
PROD02145,3165,67,WH-B
PROD02146,3109,80, wh-a 
PROD02147,3682,218,WH-A
PROD02148,1638,385,WH-A
PROD02149,436,492,WH-C
PROD02150,3057,321,WH-B
PROD02151,2168,290, wh-a 
PROD02152,4043,64, wh-a 
PROD02153,1889,347,WH-C
PROD02154,4702,453,WH-C
PROD02155,2675,399,WH-C
PROD02156,437,357,WH-B
PROD02157,1005,221,WH-A
PROD02158,3695,410,WH-A
PROD02159,-38,110,WH-C
PROD02160,2759,316, wh-a 
PROD02161,2000,276,WH-B
PROD02162,4887,36,WH-A
PROD02163,3851,428,WH-C
PROD02164,3741,416,WH-C
PROD02165,470,220,WH-B
PROD02166,63,450,WH-B
PROD02167,4263,398, wh-a 
PROD02168,2087,491, wh-a 
PROD02169,4440,242, wh-a 
PROD02170,765,75, wh-a 
PROD02171,4585,272,WH-B
PROD02172,3968,439, wh-a 
PROD02173,4424,207,WH-A
PROD02174,473,172,WH-C
PROD02175,779,52,WH-A
PROD02176,2267,24, wh-a 
PROD02177,395,422,WH-C
PROD02178,2738,384,WH-A
PROD02179,1032,439,WH-A
PROD02180,722,137, wh-a 
PROD02181,4148,143, wh-a 
PROD02182,2153,395,WH-B
PROD02183,3690,414,WH-A
PROD02184,1114,420,WH-B
PROD02185,2059,488,WH-A
PROD02186,4058,271, wh-a 
PROD02187,2366,172,WH-C
PROD02188,4417,275,WH-A
PROD02189,3341,39,WH-C
PROD02190,2894,472,WH-A
PROD02191,3979,473,WH-B
PROD02192,2457,58,WH-C
PROD02193,330,205, wh-a 
PROD02194,4641,462,WH-B
PROD02195,4024,78,WH-A
PROD02196,4039,406, wh-a 
PROD02197,2382,307, wh-a 
PROD02198,2278,411,WH-B
PROD02199,2324,369,WH-A
PROD02200,4191,211,WH-B
PROD02201,3876,472,WH-C
PROD02202,1671,433,WH-A
PROD02203,2134,344,WH-C
PROD02204,2536,151, wh-a 
PROD02205,4150,163, wh-a 
PROD02206,3550,286,WH-C
PROD02207,1646,343,WH-C
PROD02208,2081,194, wh-a 
PROD02209,2101,468, wh-a 
PROD02210,3089,366,WH-A
PROD02211,2428,19, wh-a 
PROD02212,-2,479, wh-a 
PROD02213,224,269, wh-a 
PROD02214,4183,31, wh-a 
PROD02215,665,333,WH-A
PROD02216,4967,38, wh-a 
PROD02217,1681,447,WH-C
PROD02218,1780,311,WH-C
PROD02219,4191,154,WH-C
PROD02220,1480,359,WH-C
PROD02221,3497,47, wh-a 
PROD02222,2803,426,WH-A
PROD02223,2353,50, wh-a 
PROD02224,1156,153,WH-A
PROD02225,339,220,WH-C
PROD02226,3761,254,WH-B
PROD02227,459,94,WH-A
PROD02228,3129,441,WH-C
PROD02229,1323,288, wh-a 
PROD02230,69,167,WH-B
PROD02231,2194,289, wh-a 
PROD02232,254,179,WH-B
PROD02233,650,276,WH-A
PROD02234,171,267,WH-B
PROD02235,2642,35,WH-C
PROD02236,2083,487,WH-C
PROD02237,2178,204,WH-C
PROD02238,4499,298,WH-A
PROD02239,1616,453,WH-C
PROD02240,3844,310,WH-A
PROD02241,1971,497,WH-B
PROD02242,3859,64,WH-C
PROD02243,4367,156,WH-C
PROD02244,304,180, wh-a 
PROD02245,2356,127,WH-A
PROD02246,1870,337,WH-C
PROD02247,898,271,WH-A
PROD02248,1687,255, wh-a 
PROD02249,2820,152, wh-a 
PROD02250,1892,155,WH-C
PROD02251,76,486,WH-B
PROD02252,701,433,WH-A
PROD02253,3220,27,WH-A
PROD02254,1328,205,WH-C
PROD02255,2537,404,WH-A
PROD02256,474,452, wh-a 
PROD02257,4276,99, wh-a 
PROD02258,110,498,WH-B
PROD02259,787,366,WH-B
PROD02260,3663,404,WH-A
PROD02261,1943,315,WH-C
PROD02262,2396,484,WH-B
PROD02263,3310,206, wh-a 
PROD02264,1585,15,WH-C
PROD02265,1495,293,WH-A
PROD02266,2219,197,WH-A
PROD02267,3436,215,WH-B
PROD02268,4875,270,WH-C
PROD02269,4571,477,WH-B
PROD02270,4303,456,WH-A
PROD02271,1640,262,WH-C
PROD02272,3080,310,WH-C
PROD02273,663,338,WH-A
PROD02274,4300,209,WH-A
PROD02275,3016,27,WH-A
PROD02276,3424,369, wh-a 
PROD02277,1810,173,WH-C
PROD02278,749,425, wh-a 
PROD02279,2093,75,WH-A
PROD02280,1628,35, wh-a 
PROD02281,928,85,WH-C
PROD02282,1352,134,WH-C
PROD02283,3283,111,WH-B
PROD02284,3513,425,WH-A
PROD02285,1331,184, wh-a 
PROD02286,1746,379,WH-B
PROD02287,3800,80,WH-A
PROD02288,2089,251,WH-A
PROD02289,149,447,WH-A
PROD02290,2058,241,WH-B
PROD02291,2885,86, wh-a 
PROD02292,357,305,WH-A
PROD02293,923,346,WH-A
PROD02294,1852,216,WH-B
PROD02295,3682,400, wh-a 
PROD02296,-6,442,WH-B
PROD02297,2866,193, wh-a 
PROD02298,-25,71,WH-C
PROD02299,3374,465,WH-B
PROD02300,800,322, wh-a 
PROD02301,722,203,WH-C
PROD02302,4231,55, wh-a 
PROD02303,347,108,WH-C
PROD02304,4628,95, wh-a 
PROD02305,2830,241,WH-B
PROD02306,2493,135,WH-C
PROD02307,1923,174,WH-C
PROD02308,3171,173, wh-a 
PROD02309,4501,125, wh-a 
PROD02310,177,358, wh-a 
PROD02311,3134,162,WH-A
PROD02312,3187,128,WH-A
PROD02313,4684,492,WH-B
PROD02314,314,332,WH-C
PROD02315,4468,480,WH-C
PROD02316,4257,334, wh-a 
PROD02317,1636,124, wh-a 
PROD02318,1504,174,WH-B
PROD02319,3798,413,WH-B
PROD02320,3725,245, wh-a 
PROD02321,3887,192,WH-B
PROD02322,2991,370,WH-A
PROD02323,294,76, wh-a 
PROD02324,3479,348,WH-C
PROD02325,3067,346,WH-A
PROD02326,2340,55, wh-a 
PROD02327,2612,305, wh-a 
PROD02328,17,413,WH-C
PROD02329,1165,391,WH-A
PROD02330,4013,205, wh-a 
PROD02331,3382,66,WH-C
PROD02332,3306,369,WH-C
PROD02333,4601,150,WH-C
PROD02334,4196,258, wh-a 
PROD02335,4368,163, wh-a 
PROD02336,1050,116,WH-A
PROD02337,17,230, wh-a 
PROD02338,927,38,WH-C
PROD02339,3927,419,WH-A
PROD02340,4216,172,WH-B
PROD02341,3429,430,WH-B
PROD02342,2986,16,WH-A
PROD02343,82,366,WH-B
PROD02344,-26,73,WH-C
PROD02345,643,407,WH-C
PROD02346,2126,183,WH-A
PROD02347,2946,200,WH-A
PROD02348,1632,274,WH-B
PROD02349,3756,274,WH-B
PROD02350,3767,347,WH-C
PROD02351,1041,423,WH-B
PROD02352,3700,343, wh-a 
PROD02353,1820,365,WH-B
PROD02354,4702,133,WH-B
PROD02355,2473,226,WH-B
PROD02356,4222,63,WH-C
PROD02357,399,86,WH-C
PROD02358,4110,163,WH-A
PROD02359,4861,365,WH-B
PROD02360,2887,96,WH-C
PROD02361,4901,213,WH-C
PROD02362,1367,256,WH-B
PROD02363,393,104,WH-A
PROD02364,1193,347, wh-a 
PROD02365,4835,429, wh-a 
PROD02366,757,104,WH-A
PROD02367,589,26, wh-a 
PROD02368,1093,155, wh-a 
PROD02369,98,177,WH-A
PROD02370,2863,486,WH-C
PROD02371,4334,48,WH-B
PROD02372,3868,223,WH-A
PROD02373,3237,167,WH-B
PROD02374,4731,425,WH-B
PROD02375,1818,361, wh-a 
PROD02376,3250,40,WH-B
PROD02377,640,134,WH-A
PROD02378,4735,57, wh-a 
PROD02379,120,34,WH-C
PROD02380,2094,397,WH-B
PROD02381,548,298, wh-a 
PROD02382,1194,79,WH-C
PROD02383,462,475,WH-A
PROD02384,2137,381, wh-a 
PROD02385,1398,383,WH-C
PROD02386,2335,376,WH-C
PROD02387,4561,138,WH-A
PROD02388,294,490,WH-C
PROD02389,1618,26,WH-B
PROD02390,1285,81,WH-A
PROD02391,737,423,WH-B
PROD02392,4973,487, wh-a 
PROD02393,2567,191,WH-A
PROD02394,-39,149, wh-a 
PROD02395,1431,402,WH-C
PROD02396,4705,400, wh-a 
PROD02397,4934,299,WH-B
PROD02398,3137,143,WH-A
PROD02399,3281,219, wh-a 
PROD02400,4032,367,WH-B
PROD02401,567,13,WH-C
PROD02402,3241,138,WH-C
PROD02403,1623,243,WH-A
PROD02404,4040,305, wh-a 
PROD02405,4536,330, wh-a 
PROD02406,2948,77,WH-A
PROD02407,879,175, wh-a 
PROD02408,2793,110,WH-B
PROD02409,2831,262,WH-A
PROD02410,1962,330,WH-B
PROD02411,3139,356,WH-B
PROD02412,4089,415,WH-B
PROD02413,211,254,WH-A
PROD02414,3265,422, wh-a 
PROD02415,3174,285,WH-B
PROD02416,4026,304,WH-C
PROD02417,4856,338,WH-C
PROD02418,1314,212, wh-a 
PROD02419,1938,485,WH-B
PROD02420,547,243,WH-A
PROD02421,979,369,WH-A
PROD02422,3230,222,WH-B
PROD02423,2136,236,WH-B
PROD02424,3768,43,WH-A
PROD02425,4708,400,WH-C
PROD02426,468,352,WH-C
PROD02427,3753,492,WH-C
PROD02428,1774,124,WH-B
PROD02429,96,455,WH-B
PROD02430,3105,368,WH-B
PROD02431,3953,150,WH-C
PROD02432,186,169,WH-C
PROD02433,4873,81, wh-a 
PROD02434,1609,16,WH-A
PROD02435,3981,358,WH-A
PROD02436,4947,259,WH-A
PROD02437,811,375,WH-A
PROD02438,2947,106,WH-B
PROD02439,2743,96,WH-A
PROD02440,3836,346,WH-C
PROD02441,3914,45,WH-A
PROD02442,3458,80, wh-a 
PROD02443,4562,248,WH-C
PROD02444,150,89, wh-a 
PROD02445,2685,453,WH-A
PROD02446,4532,480,WH-B
PROD02447,4114,290,WH-B
PROD02448,3520,375, wh-a 
PROD02449,1815,175,WH-B
PROD02450,2016,273,WH-B
PROD02451,822,176, wh-a 
PROD02452,4598,23,WH-B
PROD02453,367,385,WH-A
PROD02454,4053,420,WH-A
PROD02455,1245,78,WH-C
PROD02456,3703,290,WH-B
PROD02457,3787,123, wh-a 
PROD02458,4448,48,WH-C
PROD02459,1898,430,WH-A
PROD02460,1227,45,WH-C
PROD02461,4744,487,WH-B
PROD02462,3555,329,WH-C
PROD02463,1945,59,WH-C
PROD02464,4425,452,WH-A
PROD02465,3461,338,WH-A
PROD02466,4505,67,WH-A
PROD02467,711,384,WH-B
PROD02468,1402,53,WH-A
PROD02469,3268,188, wh-a 
PROD02470,888,267,WH-A
PROD02471,3080,148,WH-B
PROD02472,204,251,WH-B
PROD02473,1537,464,WH-A
PROD02474,1313,228, wh-a 
PROD02475,3138,200,WH-A
PROD02476,3446,224, wh-a 
PROD02477,993,31,WH-C
PROD02478,2219,456,WH-B
PROD02479,1095,238,WH-A
PROD02480,573,404,WH-A
PROD02481,4030,154,WH-C
PROD02482,2302,196,WH-B
PROD02483,4976,409,WH-B
PROD02484,4651,250, wh-a 
PROD02485,2814,108,WH-A
PROD02486,2268,252, wh-a 
PROD02487,3162,146,WH-B
PROD02488,687,354,WH-C
PROD02489,3364,374,WH-B
PROD02490,135,31,WH-C
PROD02491,4078,350,WH-B
PROD02492,3236,418, wh-a 
PROD02493,372,254, wh-a 
PROD02494,1495,252,WH-C
PROD02495,3047,405,WH-A
PROD02496,3293,141,WH-A
PROD02497,399,346,WH-A
PROD02498,3496,103, wh-a 
PROD02499,1298,247,WH-C
PROD02500,3337,261,WH-A
PROD02501,4445,165,WH-C
PROD02502,554,437, wh-a 
PROD02503,544,253,WH-A
PROD02504,3100,249,WH-A
PROD02505,2072,271, wh-a 
PROD02506,1922,131,WH-B
PROD02507,4086,467,WH-B
PROD02508,3668,382,WH-B
PROD02509,1022,93,WH-C
PROD02510,644,115,WH-B
PROD02511,3745,470,WH-C
PROD02512,2254,128,WH-B
PROD02513,229,223,WH-C
PROD02514,1421,222,WH-C
PROD02515,3192,323, wh-a 
PROD02516,1796,99,WH-C
PROD02517,3732,107, wh-a 
PROD02518,497,100,WH-B
PROD02519,4257,238,WH-A
PROD02520,4743,467,WH-A
PROD02521,2521,49, wh-a 
PROD02522,645,470,WH-C
PROD02523,4081,14,WH-A
PROD02524,2267,308,WH-B
PROD02525,3574,35, wh-a 
PROD02526,4507,375,WH-A
PROD02527,4907,193,WH-B
PROD02528,2757,473,WH-B
PROD02529,2290,383,WH-C
PROD02530,3760,361,WH-C
PROD02531,739,84,WH-A
PROD02532,1091,268, wh-a 
PROD02533,1248,125,WH-A
PROD02534,165,474,WH-C
PROD02535,978,355,WH-A
PROD02536,4811,186, wh-a 
PROD02537,2633,113,WH-C
PROD02538,1820,140,WH-A
PROD02539,4777,102,WH-B
PROD02540,3728,103,WH-C
PROD02541,2931,331,WH-A
PROD02542,2293,370,WH-A
PROD02543,4126,204,WH-C
PROD02544,939,108,WH-C
PROD02545,3536,132,WH-B
PROD02546,1373,31,WH-C
PROD02547,3118,229, wh-a 
PROD02548,754,24, wh-a 
PROD02549,1653,37,WH-A
PROD02550,4695,141,WH-C
PROD02551,2764,471,WH-C
PROD02552,3565,452,WH-C
PROD02553,3663,34,WH-B
PROD02554,554,201,WH-B
PROD02555,3236,63,WH-A
PROD02556,2087,135, wh-a 
PROD02557,3779,137, wh-a 
PROD02558,3537,424,WH-B
PROD02559,4986,335, wh-a 
PROD02560,4478,75, wh-a 
PROD02561,1882,463,WH-A
PROD02562,2840,164, wh-a 
PROD02563,4290,161, wh-a 
PROD02564,1483,174,WH-A
PROD02565,2124,130,WH-B
PROD02566,-19,314,WH-A
PROD02567,449,90,WH-B
PROD02568,2918,443,WH-B
PROD02569,1814,147,WH-C
PROD02570,533,222,WH-C
PROD02571,2156,308, wh-a 
PROD02572,4626,405,WH-B
PROD02573,19,73,WH-C
PROD02574,3230,403,WH-C
PROD02575,1610,69,WH-B
PROD02576,4707,426, wh-a 
PROD02577,123,46, wh-a 
PROD02578,1901,77,WH-B
PROD02579,696,115,WH-B
PROD02580,3395,347,WH-B
PROD02581,3341,403, wh-a 
PROD02582,2288,117,WH-A
PROD02583,3947,238,WH-B
PROD02584,450,454, wh-a 
PROD02585,337,309,WH-C
PROD02586,3133,162,WH-B
PROD02587,3941,415,WH-A
PROD02588,592,15,WH-C
PROD02589,3697,331,WH-B
PROD02590,2300,402,WH-B
PROD02591,2655,203,WH-C
PROD02592,3951,122, wh-a 
PROD02593,3059,96,WH-C
PROD02594,2574,362,WH-C
PROD02595,1901,474,WH-A
PROD02596,1836,130,WH-C
PROD02597,4021,112,WH-A
PROD02598,544,253,WH-B
PROD02599,1306,106, wh-a 
PROD02600,391,414,WH-B
PROD02601,3015,438, wh-a 
PROD02602,812,304,WH-B
PROD02603,733,435,WH-C
PROD02604,4236,409,WH-C
PROD02605,895,338,WH-A
PROD02606,2411,314,WH-B
PROD02607,1970,339,WH-B
PROD02608,4373,449,WH-B
PROD02609,40,218, wh-a 
PROD02610,4943,151, wh-a 
PROD02611,4090,53,WH-B
PROD02612,1069,429, wh-a 
PROD02613,2833,158, wh-a 
PROD02614,3051,89,WH-A
PROD02615,3485,494,WH-A
PROD02616,1803,364,WH-C
PROD02617,1693,223,WH-A
PROD02618,1011,195, wh-a 
PROD02619,1383,441,WH-A
PROD02620,621,335,WH-A
PROD02621,4376,340,WH-C
PROD02622,3834,313,WH-B
PROD02623,459,159,WH-B
PROD02624,1792,254,WH-B
PROD02625,696,87,WH-B
PROD02626,172,443,WH-B
PROD02627,3550,354, wh-a 
PROD02628,2810,305,WH-B
PROD02629,1722,424, wh-a 
PROD02630,192,70, wh-a 
PROD02631,2357,410,WH-C
PROD02632,373,495,WH-A
PROD02633,2970,371, wh-a 
PROD02634,603,308,WH-A
PROD02635,4739,117, wh-a 
PROD02636,2172,43,WH-A
PROD02637,1539,489,WH-B
PROD02638,254,122,WH-C
PROD02639,466,82,WH-C
PROD02640,448,300, wh-a 
PROD02641,3039,472,WH-C
PROD02642,1185,254,WH-A
PROD02643,4931,178,WH-C
PROD02644,1388,138,WH-A
PROD02645,2444,391,WH-C
PROD02646,3018,74,WH-A
PROD02647,2063,402,WH-B
PROD02648,266,425, wh-a 
PROD02649,2691,166,WH-A
PROD02650,2223,392,WH-A
PROD02651,-26,442,WH-A
PROD02652,4685,25,WH-C
PROD02653,1092,246,WH-B
PROD02654,336,129,WH-C
PROD02655,3314,491,WH-A
PROD02656,4478,476, wh-a 
PROD02657,1117,81,WH-B
PROD02658,1330,471, wh-a 
PROD02659,2421,52,WH-B
PROD02660,4392,283,WH-C
PROD02661,2888,409, wh-a 
PROD02662,3283,255, wh-a 
PROD02663,506,258,WH-C
PROD02664,410,486, wh-a 
PROD02665,2844,98, wh-a 
PROD02666,2525,338,WH-B
PROD02667,2213,430,WH-C
PROD02668,3512,73,WH-B
PROD02669,325,413, wh-a 
PROD02670,651,48, wh-a 
PROD02671,3306,299,WH-A
PROD02672,3244,383,WH-B
PROD02673,4304,175,WH-A
PROD02674,4142,470, wh-a 
PROD02675,4793,305,WH-C
PROD02676,428,243,WH-B
PROD02677,3110,68,WH-C
PROD02678,4416,74,WH-A
PROD02679,3975,104,WH-C
PROD02680,4095,337, wh-a 
PROD02681,836,246,WH-B
PROD02682,4934,189,WH-B
PROD02683,4947,127, wh-a 
PROD02684,4944,10,WH-B
PROD02685,2730,411,WH-B
PROD02686,1631,116, wh-a 
PROD02687,2731,138, wh-a 
PROD02688,-42,179, wh-a 
PROD02689,4783,440,WH-A
PROD02690,1518,134,WH-B
PROD02691,663,311, wh-a 
PROD02692,643,309,WH-A
PROD02693,2326,175,WH-C
PROD02694,1750,24,WH-A
PROD02695,1688,414,WH-A
PROD02696,2405,285,WH-A
PROD02697,2547,285,WH-C
PROD02698,4165,49,WH-C
PROD02699,1997,299,WH-C
PROD02700,3311,279,WH-A
PROD02701,332,469,WH-C
PROD02702,2503,116,WH-A
PROD02703,4791,357, wh-a 
PROD02704,2000,216,WH-C
PROD02705,4417,173,WH-B
PROD02706,3540,216, wh-a 
PROD02707,4445,53,WH-B
PROD02708,2517,102,WH-A
PROD02709,4256,185,WH-A
PROD02710,1413,246,WH-C
PROD02711,1973,127, wh-a 
PROD02712,3927,435,WH-C
PROD02713,2037,358,WH-B
PROD02714,4613,402, wh-a 
PROD02715,4395,185,WH-C
PROD02716,217,498, wh-a 
PROD02717,315,79,WH-A
PROD02718,3421,382,WH-A
PROD02719,648,193,WH-A
PROD02720,507,56,WH-B
PROD02721,4266,403,WH-B
PROD02722,2391,455,WH-C
PROD02723,4956,177,WH-B
PROD02724,4325,483, wh-a 
PROD02725,427,25, wh-a 
PROD02726,1485,214,WH-C
PROD02727,4260,244, wh-a 
PROD02728,7,496,WH-A
PROD02729,3652,291, wh-a 
PROD02730,1212,74,WH-B
PROD02731,942,340, wh-a 
PROD02732,3986,402, wh-a 
PROD02733,4562,225,WH-A
PROD02734,1297,196, wh-a 
PROD02735,1606,177,WH-A
PROD02736,3141,42,WH-A
PROD02737,3741,247,WH-C
PROD02738,537,463,WH-B
PROD02739,4882,343, wh-a 
PROD02740,2436,151,WH-B
PROD02741,2198,462,WH-A
PROD02742,3749,130,WH-A
PROD02743,1588,462,WH-C
PROD02744,2752,254,WH-A
PROD02745,385,133,WH-A
PROD02746,4022,357,WH-A
PROD02747,4250,456, wh-a 
PROD02748,3732,279,WH-A
PROD02749,356,307,WH-A
PROD02750,3552,316, wh-a 
PROD02751,2058,146,WH-C
PROD02752,2272,372,WH-B
PROD02753,4520,137,WH-A
PROD02754,2494,48,WH-A
PROD02755,967,381,WH-C
PROD02756,2130,326,WH-B
PROD02757,4463,88, wh-a 
PROD02758,3566,35,WH-B
PROD02759,2456,200,WH-C
PROD02760,4746,101,WH-C
PROD02761,334,451,WH-C
PROD02762,1697,389,WH-C
PROD02763,2564,102, wh-a 
PROD02764,3579,250,WH-C
PROD02765,2151,345, wh-a 
PROD02766,3168,316,WH-C
PROD02767,2361,307,WH-B
PROD02768,960,417, wh-a 
PROD02769,327,110, wh-a 
PROD02770,4670,215,WH-A
PROD02771,4463,349,WH-B
PROD02772,1245,410,WH-B
PROD02773,2813,120,WH-B
PROD02774,3002,241, wh-a 
PROD02775,4766,476,WH-B
PROD02776,3794,99,WH-A
PROD02777,2072,258,WH-B
PROD02778,2007,187,WH-B
PROD02779,1620,320,WH-C
PROD02780,279,144, wh-a 
PROD02781,1018,247,WH-A
PROD02782,2263,49,WH-B
PROD02783,425,393,WH-A
PROD02784,2193,92, wh-a 
PROD02785,2300,335,WH-B
PROD02786,308,52,WH-B
PROD02787,2017,98,WH-B
PROD02788,3532,163,WH-B
PROD02789,2468,287,WH-A
PROD02790,53,100,WH-A
PROD02791,4450,77,WH-C
PROD02792,4786,212,WH-A
PROD02793,1789,26,WH-C
PROD02794,3051,20,WH-C
PROD02795,3698,265, wh-a 
PROD02796,4367,133, wh-a 
PROD02797,1933,286,WH-A
PROD02798,4472,221,WH-B
PROD02799,3110,376,WH-B
PROD02800,113,197,WH-B
PROD02801,3056,67, wh-a 
PROD02802,1521,269, wh-a 
PROD02803,1251,233, wh-a 
PROD02804,1969,359,WH-B
PROD02805,2386,425,WH-B
PROD02806,2442,166,WH-A
PROD02807,2410,312, wh-a 
PROD02808,1660,379,WH-A
PROD02809,1656,160,WH-B
PROD02810,1947,359,WH-A
PROD02811,56,198, wh-a 
PROD02812,129,275,WH-B
PROD02813,689,135, wh-a 
PROD02814,3738,173,WH-A
PROD02815,1793,111, wh-a 
PROD02816,3635,164,WH-B
PROD02817,1263,204,WH-C
PROD02818,4055,50,WH-C
PROD02819,806,60,WH-C
PROD02820,2415,26,WH-A
PROD02821,1582,384,WH-C
PROD02822,314,258,WH-A
PROD02823,2402,142,WH-B
PROD02824,397,269,WH-B
PROD02825,1871,127,WH-B
PROD02826,394,459,WH-A
PROD02827,754,336,WH-A
PROD02828,2226,387,WH-B
PROD02829,417,257,WH-A
PROD02830,3993,489,WH-A
PROD02831,3946,135, wh-a 
PROD02832,92,217,WH-B
PROD02833,4811,54,WH-C
PROD02834,3183,352, wh-a 
PROD02835,1115,99,WH-A
PROD02836,3522,173,WH-C
PROD02837,1649,251,WH-B
PROD02838,2807,13, wh-a 
PROD02839,1176,10,WH-C
PROD02840,536,176,WH-B
PROD02841,3033,495, wh-a 
PROD02842,1949,322, wh-a 
PROD02843,3869,109,WH-A
PROD02844,1750,489,WH-A
PROD02845,1886,12,WH-C
PROD02846,2644,67,WH-B
PROD02847,27,10,WH-C
PROD02848,1164,393,WH-C
PROD02849,2991,155,WH-C
PROD02850,109,287,WH-A
PROD02851,4517,123, wh-a 
PROD02852,2060,327,WH-A
PROD02853,1371,465,WH-C
PROD02854,1536,122,WH-C
PROD02855,1569,114,WH-B
PROD02856,2191,161,WH-B
PROD02857,2380,44,WH-C
PROD02858,4140,344,WH-A
PROD02859,3753,101,WH-C
PROD02860,1008,224, wh-a 
PROD02861,4390,233,WH-B
PROD02862,2433,38,WH-A
PROD02863,3450,54,WH-B
PROD02864,2587,435,WH-A
PROD02865,3563,296,WH-A
PROD02866,759,391,WH-A
PROD02867,3650,33, wh-a 
PROD02868,730,393,WH-B
PROD02869,3710,232,WH-B
PROD02870,3799,107,WH-C
PROD02871,4573,196, wh-a 
PROD02872,3131,497,WH-A
PROD02873,197,289,WH-B
PROD02874,4392,472,WH-B
PROD02875,2476,165, wh-a 
PROD02876,4130,132, wh-a 
PROD02877,2287,430, wh-a 
PROD02878,2296,222,WH-A
PROD02879,2302,484,WH-A
PROD02880,4683,261, wh-a 
PROD02881,2682,167,WH-B
PROD02882,4292,389, wh-a 
PROD02883,4701,465,WH-A
PROD02884,19,424,WH-C
PROD02885,4758,391,WH-A
PROD02886,3775,492,WH-C
PROD02887,2913,145, wh-a 
PROD02888,2048,270,WH-C
PROD02889,4541,387,WH-C
PROD02890,2426,423,WH-B
PROD02891,3254,51,WH-B
PROD02892,679,333,WH-A
PROD02893,971,451, wh-a 
PROD02894,2665,370, wh-a 
PROD02895,579,109, wh-a 
PROD02896,3509,66,WH-B
PROD02897,4702,499, wh-a 
PROD02898,1432,498,WH-B
PROD02899,3196,337,WH-C
PROD02900,1786,150,WH-B
PROD02901,2162,400,WH-B
PROD02902,3446,447,WH-B
PROD02903,2055,398,WH-B
PROD02904,3161,141,WH-B
PROD02905,535,121, wh-a 
PROD02906,1116,367,WH-C
PROD02907,4805,91,WH-B
PROD02908,2842,370,WH-C
PROD02909,276,311,WH-B
PROD02910,1489,143,WH-C
PROD02911,4991,161,WH-A
PROD02912,362,52,WH-B
PROD02913,945,445,WH-A
PROD02914,396,30, wh-a 
PROD02915,1376,125,WH-B
PROD02916,425,149,WH-B
PROD02917,1697,302,WH-A
PROD02918,1578,468,WH-C
PROD02919,2658,10,WH-C
PROD02920,4468,124,WH-A
PROD02921,1819,252,WH-A
PROD02922,861,381,WH-C
PROD02923,2186,170, wh-a 
PROD02924,2191,461,WH-B
PROD02925,4254,228,WH-C
PROD02926,4929,340, wh-a 
PROD02927,587,327,WH-B
PROD02928,4523,131, wh-a 
PROD02929,1445,439,WH-B
PROD02930,2765,422,WH-C
PROD02931,2587,255,WH-A
PROD02932,2860,25, wh-a 
PROD02933,414,487, wh-a 
PROD02934,3339,54,WH-A
PROD02935,3544,340,WH-A
PROD02936,3220,104,WH-B
PROD02937,3553,365,WH-A
PROD02938,2449,499,WH-C
PROD02939,419,142,WH-B
PROD02940,3992,319,WH-C
PROD02941,2731,123,WH-B
PROD02942,919,63, wh-a 
PROD02943,3855,166,WH-B
PROD02944,4559,458,WH-B
PROD02945,518,166,WH-A
PROD02946,1005,343,WH-C
PROD02947,4512,281,WH-C
PROD02948,2572,52,WH-A
PROD02949,424,284,WH-B
PROD02950,1788,44,WH-B
PROD02951,3262,12,WH-C
PROD02952,173,158,WH-A
PROD02953,2594,436, wh-a 
PROD02954,2778,240,WH-B
PROD02955,4908,124,WH-C
PROD02956,1702,268,WH-A
PROD02957,60,360,WH-A
PROD02958,748,410,WH-C
PROD02959,4783,400, wh-a 
PROD02960,89,274, wh-a 
PROD02961,4012,211, wh-a 
PROD02962,3160,319,WH-A
PROD02963,4659,316, wh-a 
PROD02964,4891,73,WH-C
PROD02965,3555,326, wh-a 
PROD02966,2823,455,WH-C
PROD02967,1240,58,WH-A
PROD02968,1947,321,WH-A
PROD02969,4002,482, wh-a 
PROD02970,2468,383,WH-C
PROD02971,1052,188,WH-C
PROD02972,2951,85,WH-A
PROD02973,4547,267,WH-A
PROD02974,1310,172, wh-a 
PROD02975,1324,297,WH-B
PROD02976,3868,106,WH-C
PROD02977,1259,492, wh-a 
PROD02978,305,224,WH-A
PROD02979,2124,302,WH-C
PROD02980,1307,222,WH-C
PROD02981,223,242, wh-a 
PROD02982,2301,85, wh-a 
PROD02983,1011,493,WH-B
PROD02984,211,131, wh-a 
PROD02985,1418,404, wh-a 
PROD02986,1252,448,WH-B
PROD02987,1605,413, wh-a 
PROD02988,1285,72,WH-A
PROD02989,4253,280,WH-A
PROD02990,2391,301,WH-C
PROD02991,3111,345,WH-C
PROD02992,1110,123, wh-a 
PROD02993,453,396,WH-C
PROD02994,1348,254, wh-a 
PROD02995,4678,79,WH-B
PROD02996,777,403,WH-A
PROD02997,3084,303,WH-C
PROD02998,1935,389, wh-a 
PROD02999,2792,197, wh-a 
PROD03000,4756,191,WH-B
PROD03001,986,172,WH-C
PROD03002,25,29, wh-a 
PROD03003,8,280,WH-B
PROD03004,3123,357,WH-C
PROD03005,1092,150, wh-a 
PROD03006,4090,410,WH-B
PROD03007,2974,425,WH-A
PROD03008,1634,231, wh-a 
PROD03009,1653,68,WH-C
PROD03010,949,237,WH-B
PROD03011,1271,174, wh-a 
PROD03012,509,61,WH-C
PROD03013,1279,113, wh-a 
PROD03014,4976,448,WH-B
PROD03015,3287,27,WH-A
PROD03016,933,180, wh-a 
PROD03017,2524,243,WH-C
PROD03018,3207,407,WH-A
PROD03019,3625,24,WH-A
PROD03020,3428,66, wh-a 
PROD03021,428,65,WH-B
PROD03022,2888,230,WH-B
PROD03023,1336,431,WH-B
PROD03024,4055,255,WH-B
PROD03025,3751,143,WH-B
PROD03026,2585,268,WH-C
PROD03027,4107,250, wh-a 
PROD03028,-49,498,WH-B
PROD03029,2885,369,WH-C
PROD03030,2348,101,WH-A
PROD03031,1548,266,WH-C
PROD03032,932,257,WH-C
PROD03033,4242,84, wh-a 
PROD03034,4671,454,WH-C
PROD03035,2790,407, wh-a 
PROD03036,4638,381,WH-B
PROD03037,1657,235,WH-A
PROD03038,3423,13,WH-A
PROD03039,3729,361,WH-A
PROD03040,4478,347,WH-B
PROD03041,3598,250,WH-A
PROD03042,3338,134,WH-C
PROD03043,553,311,WH-A
PROD03044,2282,52,WH-A
PROD03045,2354,153, wh-a 
PROD03046,4286,352,WH-C
PROD03047,1489,121,WH-A
PROD03048,4191,410, wh-a 
PROD03049,1463,347,WH-C
PROD03050,1035,381,WH-A
PROD03051,946,426,WH-A
PROD03052,1030,135,WH-C
PROD03053,1716,471, wh-a 
PROD03054,3497,352, wh-a 
PROD03055,1135,485,WH-C
PROD03056,3506,231,WH-A
PROD03057,1352,238, wh-a 
PROD03058,2025,43, wh-a 
PROD03059,636,38,WH-A
PROD03060,740,173,WH-C
PROD03061,4645,48,WH-C
PROD03062,2380,457,WH-C
PROD03063,929,96, wh-a 
PROD03064,1215,370,WH-C
PROD03065,1687,337,WH-C
PROD03066,927,67,WH-B
PROD03067,2715,388,WH-B
PROD03068,2789,301, wh-a 
PROD03069,769,414,WH-B
PROD03070,1561,302,WH-B
PROD03071,99,430,WH-A
PROD03072,3690,101,WH-A
PROD03073,3127,164,WH-B
PROD03074,594,430,WH-A
PROD03075,1862,344,WH-A
PROD03076,1374,94,WH-B
PROD03077,4699,203,WH-B
PROD03078,3702,199, wh-a 
PROD03079,-15,35,WH-C
PROD03080,4471,332,WH-A
PROD03081,600,173,WH-C
PROD03082,2307,464,WH-B
PROD03083,3019,346,WH-C
PROD03084,1273,434,WH-A
PROD03085,268,441, wh-a 
PROD03086,700,485, wh-a 
PROD03087,3893,322, wh-a 
PROD03088,3209,121,WH-A
PROD03089,2316,294,WH-B
PROD03090,4319,161,WH-A
PROD03091,397,59,WH-A
PROD03092,331,388,WH-C
PROD03093,1158,429,WH-B
PROD03094,1824,213,WH-C
PROD03095,3343,383,WH-C
PROD03096,1060,161, wh-a 
PROD03097,321,108, wh-a 
PROD03098,1196,390,WH-C
PROD03099,267,289, wh-a 
PROD03100,4951,101,WH-A
PROD03101,2989,429,WH-A
PROD03102,1888,175,WH-C
PROD03103,3932,38, wh-a 
PROD03104,662,486,WH-A
PROD03105,1132,130,WH-A
PROD03106,3038,319, wh-a 
PROD03107,4958,494,WH-A
PROD03108,4606,249, wh-a 
PROD03109,1741,74, wh-a 
PROD03110,4429,188,WH-B
PROD03111,4084,11,WH-B
PROD03112,1735,188,WH-A
PROD03113,2151,462, wh-a 
PROD03114,735,226,WH-A
PROD03115,4313,237,WH-A
PROD03116,1577,197,WH-A
PROD03117,2502,446,WH-C
PROD03118,3380,174,WH-C
PROD03119,853,311,WH-C
PROD03120,2320,262,WH-B
PROD03121,2031,109,WH-A
PROD03122,2375,226,WH-A
PROD03123,1753,370, wh-a 
PROD03124,3525,154,WH-B
PROD03125,1397,462,WH-A
PROD03126,2127,324, wh-a 
PROD03127,1614,35,WH-B
PROD03128,2901,324, wh-a 
PROD03129,2881,257,WH-C
PROD03130,976,224, wh-a 
PROD03131,3018,132, wh-a 
PROD03132,808,261, wh-a 
PROD03133,4729,280, wh-a 
PROD03134,4588,130, wh-a 
PROD03135,4311,220, wh-a 
PROD03136,3331,487, wh-a 
PROD03137,775,286,WH-C
PROD03138,830,359,WH-C
PROD03139,3686,284,WH-A
PROD03140,4135,221, wh-a 
PROD03141,2967,455,WH-A
PROD03142,247,275,WH-C
PROD03143,2686,207, wh-a 
PROD03144,3152,392,WH-A
PROD03145,2629,220,WH-B
PROD03146,3151,454,WH-B
PROD03147,3147,158,WH-B
PROD03148,4478,416,WH-C
PROD03149,2687,157, wh-a 
PROD03150,1303,256, wh-a 
PROD03151,4648,273,WH-B
PROD03152,1651,82,WH-C
PROD03153,-12,403, wh-a 
PROD03154,2587,197,WH-B
PROD03155,3175,372,WH-A
PROD03156,1464,460,WH-A
PROD03157,229,226,WH-B
PROD03158,828,499,WH-B
PROD03159,947,97, wh-a 
PROD03160,3884,319,WH-A
PROD03161,258,300,WH-A
PROD03162,2412,95,WH-C
PROD03163,1498,277, wh-a 
PROD03164,1367,473,WH-C
PROD03165,198,21,WH-B
PROD03166,4096,380,WH-A
PROD03167,465,294, wh-a 
PROD03168,36,79,WH-A
PROD03169,1729,72,WH-B
PROD03170,3416,372,WH-B
PROD03171,3792,13,WH-A
PROD03172,3368,462, wh-a 
PROD03173,3235,297, wh-a 
PROD03174,3174,77,WH-A
PROD03175,1421,43,WH-B
PROD03176,1552,239,WH-A
PROD03177,1948,318,WH-B
PROD03178,631,78,WH-A
PROD03179,3176,161,WH-C
PROD03180,3008,94,WH-C
PROD03181,4223,52,WH-A
PROD03182,1803,46,WH-A
PROD03183,1619,477,WH-A
PROD03184,1051,196,WH-A
PROD03185,906,485,WH-A
PROD03186,1853,164,WH-C
PROD03187,1397,17,WH-A
PROD03188,2423,245,WH-A
PROD03189,3753,311,WH-B
PROD03190,2046,382,WH-A
PROD03191,3270,60,WH-C
PROD03192,2795,36,WH-A
PROD03193,2949,229,WH-C
PROD03194,657,227,WH-C
PROD03195,3739,115, wh-a 
PROD03196,162,173, wh-a 
PROD03197,2944,247, wh-a 
PROD03198,1431,351, wh-a 
PROD03199,4318,475,WH-A
PROD03200,2007,257,WH-A
PROD03201,303,13, wh-a 
PROD03202,2159,73,WH-A
PROD03203,3852,461, wh-a 
PROD03204,209,70, wh-a 
PROD03205,4517,223,WH-B
PROD03206,2666,83,WH-B
PROD03207,1806,480, wh-a 
PROD03208,4819,125,WH-A
PROD03209,4211,232, wh-a 
PROD03210,3317,257,WH-A
PROD03211,819,368,WH-A
PROD03212,262,119, wh-a 
PROD03213,3500,42,WH-A
PROD03214,4173,278,WH-A
PROD03215,1445,342, wh-a 
PROD03216,1892,344, wh-a 
PROD03217,2818,306,WH-B
PROD03218,2294,285, wh-a 
PROD03219,2929,492,WH-C
PROD03220,2922,207,WH-B
PROD03221,853,426,WH-C
PROD03222,4727,362,WH-C
PROD03223,865,157,WH-B
PROD03224,4842,169, wh-a 
PROD03225,4852,147,WH-C
PROD03226,651,349,WH-B
PROD03227,3454,276, wh-a 
PROD03228,3193,493,WH-C
PROD03229,3189,103,WH-C
PROD03230,338,123,WH-C
PROD03231,3495,292, wh-a 
PROD03232,599,463,WH-C
PROD03233,4331,293,WH-A
PROD03234,4304,287,WH-C
PROD03235,228,131,WH-A
PROD03236,1446,401,WH-B
PROD03237,68,346, wh-a 
PROD03238,2367,359,WH-A
PROD03239,3897,191, wh-a 
PROD03240,3680,383,WH-B
PROD03241,-27,435, wh-a 
PROD03242,2310,488,WH-B
PROD03243,466,168,WH-B
PROD03244,1717,408, wh-a 
PROD03245,462,174,WH-C
PROD03246,2916,225,WH-A
PROD03247,4220,310,WH-C
PROD03248,3219,225,WH-A
PROD03249,3940,394,WH-B
PROD03250,1205,175,WH-A
PROD03251,439,466, wh-a 
PROD03252,1487,175,WH-A
PROD03253,2844,26,WH-B
PROD03254,3031,215,WH-B
PROD03255,2389,442, wh-a 
PROD03256,4869,278, wh-a 
PROD03257,3055,385, wh-a 
PROD03258,4162,136,WH-B
PROD03259,2342,185,WH-A
PROD03260,1471,37,WH-A
PROD03261,4808,398,WH-C
PROD03262,4819,197,WH-C
PROD03263,2808,421,WH-A
PROD03264,2548,246,WH-A
PROD03265,3338,353,WH-B
PROD03266,2035,212, wh-a 
PROD03267,3545,458,WH-C
PROD03268,3572,186,WH-A
PROD03269,136,223,WH-C
PROD03270,1967,354,WH-C
PROD03271,1255,96,WH-B
PROD03272,339,445, wh-a 
PROD03273,4763,108,WH-A
PROD03274,3455,168, wh-a 
PROD03275,3529,113,WH-A
PROD03276,460,484, wh-a 
PROD03277,4787,241,WH-C
PROD03278,743,243,WH-A
PROD03279,4093,117, wh-a 
PROD03280,533,412,WH-C
PROD03281,3726,109, wh-a 
PROD03282,3583,406,WH-C
PROD03283,345,267,WH-C
PROD03284,362,478, wh-a 
PROD03285,392,402,WH-C
PROD03286,1754,46,WH-B
PROD03287,4131,54, wh-a 
PROD03288,4542,124,WH-C
PROD03289,665,269,WH-B
PROD03290,3194,137,WH-C
PROD03291,2125,254,WH-C
PROD03292,234,459, wh-a 
PROD03293,1533,401,WH-B
PROD03294,3035,44,WH-C
PROD03295,1006,32,WH-B
PROD03296,2126,58,WH-A
PROD03297,2228,218,WH-B
PROD03298,2182,67, wh-a 
PROD03299,3933,169,WH-A
PROD03300,4278,24,WH-B
PROD03301,4115,139,WH-C
PROD03302,3557,427,WH-A
PROD03303,177,481,WH-B
PROD03304,575,339,WH-B
PROD03305,3260,55, wh-a 
PROD03306,2197,305, wh-a 
PROD03307,913,452,WH-C
PROD03308,415,397, wh-a 
PROD03309,1720,487,WH-C
PROD03310,1610,178,WH-C
PROD03311,258,24,WH-A
PROD03312,4972,322, wh-a 
PROD03313,1170,351,WH-C
PROD03314,3457,303,WH-C
PROD03315,1122,165,WH-C
PROD03316,2047,445,WH-C
PROD03317,340,402,WH-B
PROD03318,2045,92,WH-B
PROD03319,1043,287,WH-A
PROD03320,1241,418, wh-a 
PROD03321,4555,386,WH-C
PROD03322,1567,418,WH-B
PROD03323,942,141,WH-B
PROD03324,4221,407,WH-C
PROD03325,1739,262, wh-a 
PROD03326,1749,490,WH-C
PROD03327,4806,178,WH-C
PROD03328,2914,265,WH-B
PROD03329,4032,238,WH-A
PROD03330,1246,436,WH-A
PROD03331,3394,138,WH-A
PROD03332,2044,413,WH-A
PROD03333,4437,161, wh-a 
PROD03334,4315,384,WH-B
PROD03335,2399,31,WH-B
PROD03336,1248,124,WH-C
PROD03337,2258,333,WH-C
PROD03338,4109,433, wh-a 
PROD03339,4241,197,WH-A
PROD03340,1424,290, wh-a 
PROD03341,2667,299,WH-C
PROD03342,3617,220,WH-A
PROD03343,4481,225,WH-A
PROD03344,4416,121,WH-C
PROD03345,968,244,WH-A
PROD03346,936,406,WH-B
PROD03347,-36,73,WH-A
PROD03348,3422,80, wh-a 
PROD03349,38,478,WH-A
PROD03350,2288,357,WH-A
PROD03351,2,141,WH-B
PROD03352,1117,161,WH-A
PROD03353,984,38,WH-C
PROD03354,1366,291,WH-A
PROD03355,811,431,WH-A
PROD03356,4442,277,WH-B
PROD03357,2958,269, wh-a 
PROD03358,2832,216,WH-B
PROD03359,4508,173,WH-C
PROD03360,3850,490, wh-a 
PROD03361,835,187,WH-C
PROD03362,131,275,WH-A
PROD03363,3236,219,WH-B
PROD03364,1831,182, wh-a 
PROD03365,371,272,WH-A
PROD03366,1712,74,WH-A
PROD03367,569,296, wh-a 
PROD03368,4796,425,WH-A
PROD03369,877,309, wh-a 
PROD03370,4667,43, wh-a 
PROD03371,4452,87,WH-B
PROD03372,4410,121, wh-a 
PROD03373,2262,292,WH-C
PROD03374,2694,177,WH-C
PROD03375,1,304,WH-C
PROD03376,2137,121,WH-B
PROD03377,4485,188, wh-a 
PROD03378,1760,301,WH-B
PROD03379,3371,444, wh-a 
PROD03380,1346,42,WH-B
PROD03381,763,266,WH-A
PROD03382,3459,149,WH-C
PROD03383,4647,100, wh-a 
PROD03384,1384,134,WH-C
PROD03385,17,411,WH-A
PROD03386,2511,152,WH-A
PROD03387,2528,290, wh-a 
PROD03388,4675,345,WH-C
PROD03389,2125,488,WH-B
PROD03390,3593,11,WH-B
PROD03391,2782,157,WH-B
PROD03392,3314,467,WH-B
PROD03393,1585,119,WH-C
PROD03394,1513,384,WH-A
PROD03395,3913,397,WH-C
PROD03396,4614,55,WH-C
PROD03397,4362,359,WH-A
PROD03398,708,28,WH-B
PROD03399,3683,267,WH-C
PROD03400,98,343,WH-B
PROD03401,3609,201,WH-A
PROD03402,2600,395,WH-B
PROD03403,1199,246,WH-A
PROD03404,1454,205,WH-A
PROD03405,4106,176,WH-B
PROD03406,3481,464,WH-C
PROD03407,4389,362, wh-a 
PROD03408,2426,264,WH-C
PROD03409,3034,388,WH-C
PROD03410,1755,456,WH-A
PROD03411,2221,420,WH-B
PROD03412,1698,202,WH-B
PROD03413,3256,38, wh-a 
PROD03414,1589,221,WH-A
PROD03415,4359,450, wh-a 
PROD03416,3311,451, wh-a 
PROD03417,1030,462,WH-A
PROD03418,4780,224,WH-C
PROD03419,2248,408, wh-a 
PROD03420,3519,66,WH-B
PROD03421,1143,208,WH-C
PROD03422,2696,183,WH-C
PROD03423,2197,457,WH-B
PROD03424,2321,155, wh-a 
PROD03425,4351,170,WH-B
PROD03426,2108,64, wh-a 
PROD03427,4043,58,WH-B
PROD03428,777,181,WH-B
PROD03429,1283,191,WH-C
PROD03430,4475,50,WH-B
PROD03431,-24,193,WH-B
PROD03432,858,277, wh-a 
PROD03433,4977,143,WH-C
PROD03434,4424,175,WH-B
PROD03435,2944,276,WH-C
PROD03436,4237,408,WH-C
PROD03437,2912,453,WH-A
PROD03438,1156,403,WH-B
PROD03439,582,451,WH-B
PROD03440,584,302,WH-B
PROD03441,1118,11,WH-A
PROD03442,1316,134, wh-a 
PROD03443,2655,283,WH-B
PROD03444,1918,252,WH-B
PROD03445,1291,345,WH-A
PROD03446,4940,191,WH-C
PROD03447,4388,113,WH-B
PROD03448,1655,228,WH-B
PROD03449,610,71, wh-a 
PROD03450,3135,372,WH-A
PROD03451,4953,394, wh-a 
PROD03452,2538,273, wh-a 
PROD03453,3404,277, wh-a 
PROD03454,4039,387,WH-C
PROD03455,2466,21,WH-C
PROD03456,2709,323,WH-B
PROD03457,4704,30,WH-A
PROD03458,3827,270,WH-C
PROD03459,1375,213,WH-C
PROD03460,4040,387,WH-C
PROD03461,3823,335,WH-B
PROD03462,4559,56,WH-C
PROD03463,2821,31, wh-a 
PROD03464,2803,37, wh-a 
PROD03465,2721,472,WH-A
PROD03466,506,268,WH-A
PROD03467,3097,377,WH-C
PROD03468,1863,275, wh-a 
PROD03469,1699,261,WH-C
PROD03470,2788,469,WH-B
PROD03471,3022,137, wh-a 
PROD03472,4258,28,WH-B
PROD03473,1767,11,WH-A
PROD03474,2014,289, wh-a 
PROD03475,259,125,WH-A
PROD03476,3375,398, wh-a 
PROD03477,2860,429,WH-B
PROD03478,3354,387, wh-a 
PROD03479,3519,51, wh-a 
PROD03480,2930,224,WH-A
PROD03481,789,404,WH-B
PROD03482,2483,420,WH-B
PROD03483,3172,148,WH-B
PROD03484,2580,177,WH-C
PROD03485,4369,65,WH-C
PROD03486,4364,293,WH-B
PROD03487,786,283,WH-A
PROD03488,2413,294, wh-a 
PROD03489,3723,410,WH-A
PROD03490,4122,431,WH-B
PROD03491,1091,236, wh-a 
PROD03492,1711,347,WH-A
PROD03493,1167,247,WH-C
PROD03494,3835,370,WH-B
PROD03495,2290,260, wh-a 
PROD03496,4072,397,WH-A
PROD03497,2537,422,WH-B
PROD03498,1551,255, wh-a 
PROD03499,2136,247,WH-B
PROD03500,1580,463,WH-A
PROD03501,4445,408,WH-B
PROD03502,1581,136,WH-C
PROD03503,2945,385,WH-B
PROD03504,2029,127, wh-a 
PROD03505,816,352, wh-a 
PROD03506,4276,168, wh-a 
PROD03507,2792,495,WH-A
PROD03508,3049,404,WH-C
PROD03509,1223,102, wh-a 
PROD03510,3003,80,WH-C
PROD03511,275,200,WH-A
PROD03512,2772,464,WH-B
PROD03513,1339,257,WH-A
PROD03514,569,441,WH-B
PROD03515,751,218,WH-B
PROD03516,4725,67,WH-A
PROD03517,2303,417,WH-A
PROD03518,2435,319,WH-B
PROD03519,4005,29, wh-a 
PROD03520,758,457,WH-A
PROD03521,2854,221,WH-B
PROD03522,339,62, wh-a 
PROD03523,1638,362,WH-C
PROD03524,2242,116, wh-a 
PROD03525,1910,15,WH-A
PROD03526,767,423,WH-C
PROD03527,3068,88,WH-A
PROD03528,2984,293, wh-a 
PROD03529,2253,60,WH-C
PROD03530,2077,497,WH-C
PROD03531,4147,462,WH-B
PROD03532,4254,41,WH-C
PROD03533,3208,146,WH-B
PROD03534,1600,407,WH-B
PROD03535,521,372,WH-A
PROD03536,1291,283,WH-A
PROD03537,1043,102, wh-a 
PROD03538,3025,322,WH-A
PROD03539,4503,467, wh-a 
PROD03540,3316,235,WH-C
PROD03541,901,315, wh-a 
PROD03542,3928,466,WH-A
PROD03543,4204,248,WH-B
PROD03544,2301,48,WH-B
PROD03545,696,316,WH-B
PROD03546,1387,148, wh-a 
PROD03547,2532,391, wh-a 
PROD03548,3680,406,WH-B
PROD03549,3593,26, wh-a 
PROD03550,3031,96,WH-B
PROD03551,1345,142, wh-a 
PROD03552,3865,454,WH-A
PROD03553,1897,209,WH-B
PROD03554,686,200, wh-a 
PROD03555,2165,466,WH-A
PROD03556,446,482,WH-A
PROD03557,3788,249, wh-a 
PROD03558,417,309,WH-C
PROD03559,4035,226, wh-a 
PROD03560,2766,136,WH-A
PROD03561,2923,145,WH-B
PROD03562,162,285,WH-B
PROD03563,1557,115, wh-a 
PROD03564,4467,30,WH-B
PROD03565,532,246,WH-A
PROD03566,872,437,WH-B
PROD03567,4062,47,WH-C
PROD03568,4562,68,WH-B
PROD03569,2698,331,WH-C
PROD03570,1111,358,WH-C
PROD03571,3796,431, wh-a 
PROD03572,3164,340,WH-A
PROD03573,2104,498,WH-A
PROD03574,1706,420,WH-B
PROD03575,1957,483,WH-A
PROD03576,71,220,WH-C
PROD03577,832,202,WH-B
PROD03578,4065,377,WH-B
PROD03579,2023,361, wh-a 
PROD03580,2614,198,WH-C
PROD03581,1638,465, wh-a 
PROD03582,296,356,WH-C
PROD03583,3303,75,WH-C
PROD03584,1079,308, wh-a 
PROD03585,2039,145,WH-B
PROD03586,4695,391,WH-A
PROD03587,3047,454, wh-a 
PROD03588,290,459, wh-a 
PROD03589,1626,495,WH-A
PROD03590,242,170, wh-a 
PROD03591,273,67,WH-B
PROD03592,3019,66,WH-A
PROD03593,4548,125,WH-A
PROD03594,682,58,WH-C
PROD03595,2476,54, wh-a 
PROD03596,4309,472,WH-C
PROD03597,1971,362,WH-B
PROD03598,1461,279,WH-B
PROD03599,-34,236,WH-B
PROD03600,3740,371,WH-A
PROD03601,4660,164,WH-C
PROD03602,3814,305,WH-A
PROD03603,2048,274,WH-B
PROD03604,1320,35,WH-A
PROD03605,3744,71,WH-A
PROD03606,4693,20, wh-a 
PROD03607,973,385, wh-a 
PROD03608,3767,119,WH-C
PROD03609,4902,469,WH-C
PROD03610,44,206,WH-C
PROD03611,514,241,WH-A
PROD03612,839,98,WH-C
PROD03613,1491,419, wh-a 
PROD03614,1215,38,WH-A
PROD03615,2630,11,WH-C
PROD03616,2399,425,WH-A
PROD03617,216,344, wh-a 
PROD03618,3369,147,WH-B
PROD03619,1574,140,WH-A
PROD03620,24,62, wh-a 
PROD03621,2420,193,WH-A
PROD03622,461,37,WH-B
PROD03623,1189,317, wh-a 
PROD03624,1930,58, wh-a 
PROD03625,1114,147, wh-a 
PROD03626,1805,394,WH-B
PROD03627,1711,492,WH-C
PROD03628,2555,92,WH-B
PROD03629,1579,24, wh-a 
PROD03630,1002,327,WH-C
PROD03631,3909,102,WH-A
PROD03632,525,410,WH-B
PROD03633,264,209, wh-a 
PROD03634,2781,461, wh-a 
PROD03635,423,77,WH-A
PROD03636,3326,451,WH-C
PROD03637,2437,167, wh-a 
PROD03638,3554,275,WH-B
PROD03639,3722,47,WH-B
PROD03640,1930,152, wh-a 
PROD03641,4438,214,WH-B
PROD03642,1049,245,WH-C
PROD03643,4760,488, wh-a 
PROD03644,3827,274,WH-A
PROD03645,3723,13, wh-a 
PROD03646,577,478, wh-a 
PROD03647,2975,441,WH-C
PROD03648,1231,476,WH-B
PROD03649,4709,340,WH-C
PROD03650,4678,113,WH-C
PROD03651,4916,69,WH-B
PROD03652,617,134,WH-A
PROD03653,4838,474, wh-a 
PROD03654,4527,88, wh-a 
PROD03655,1255,201,WH-B
PROD03656,253,278, wh-a 
PROD03657,458,93,WH-B
PROD03658,3465,393,WH-B
PROD03659,925,385, wh-a 
PROD03660,2040,97,WH-B
PROD03661,1993,457,WH-C
PROD03662,4982,334,WH-C
PROD03663,3010,230,WH-C
PROD03664,1320,237,WH-A
PROD03665,3807,248, wh-a 
PROD03666,167,80,WH-A
PROD03667,3448,368,WH-A
PROD03668,3303,483,WH-C
PROD03669,4534,426, wh-a 
PROD03670,890,480,WH-A
PROD03671,1488,70,WH-C
PROD03672,2262,67,WH-A
PROD03673,4258,443,WH-A
PROD03674,4120,177,WH-B
PROD03675,3370,173,WH-B
PROD03676,4773,472,WH-A
PROD03677,4913,422, wh-a 
PROD03678,2413,388,WH-B
PROD03679,1083,200,WH-B
PROD03680,2182,111,WH-B
PROD03681,660,450, wh-a 
PROD03682,720,183,WH-A
PROD03683,338,238, wh-a 
PROD03684,3016,49,WH-B
PROD03685,1694,158,WH-B
PROD03686,4225,124,WH-A
PROD03687,1492,188, wh-a 
PROD03688,4744,61,WH-A
PROD03689,1497,329,WH-C
PROD03690,-9,88, wh-a 
PROD03691,3450,315,WH-C
PROD03692,1812,393, wh-a 
PROD03693,4596,82,WH-C
PROD03694,304,362,WH-C
PROD03695,1623,18,WH-A
PROD03696,2053,211,WH-B
PROD03697,1009,97,WH-A
PROD03698,1192,177, wh-a 
PROD03699,1152,265,WH-C
PROD03700,1019,112,WH-B
PROD03701,4963,412,WH-A
PROD03702,2518,311, wh-a 
PROD03703,4049,50,WH-B
PROD03704,100,85,WH-B
PROD03705,1995,87,WH-C
PROD03706,1353,317,WH-A
PROD03707,2910,122,WH-B
PROD03708,3088,83,WH-A
PROD03709,1515,15,WH-A
PROD03710,4027,427, wh-a 
PROD03711,1023,109, wh-a 
PROD03712,3743,312, wh-a 
PROD03713,654,45, wh-a 
PROD03714,1788,138,WH-B
PROD03715,2959,96,WH-C
PROD03716,1556,257, wh-a 
PROD03717,3781,88,WH-C
PROD03718,717,127,WH-C
PROD03719,3169,195,WH-B
PROD03720,3923,94,WH-B
PROD03721,297,439,WH-A
PROD03722,1655,189, wh-a 
PROD03723,4360,84,WH-C
PROD03724,2337,26,WH-C
PROD03725,1649,479,WH-C
PROD03726,1616,396,WH-C
PROD03727,3426,434, wh-a 
PROD03728,4032,374,WH-C
PROD03729,2225,468, wh-a 
PROD03730,2091,107, wh-a 
PROD03731,2378,90,WH-C
PROD03732,1214,110,WH-C
PROD03733,4376,215, wh-a 
PROD03734,2721,52, wh-a 
PROD03735,2088,392,WH-A
PROD03736,813,330,WH-A
PROD03737,3334,289,WH-C
PROD03738,1310,354, wh-a 
PROD03739,3726,39,WH-C
PROD03740,4076,88,WH-C
PROD03741,28,376,WH-A
PROD03742,18,82,WH-A
PROD03743,1188,462,WH-C
PROD03744,2773,383, wh-a 
PROD03745,4606,491,WH-B
PROD03746,2160,383,WH-A
PROD03747,3088,248,WH-A
PROD03748,125,148,WH-A
PROD03749,447,35,WH-A
PROD03750,2825,120,WH-C
PROD03751,331,136, wh-a 
PROD03752,1055,116, wh-a 
PROD03753,1920,328,WH-A
PROD03754,1057,209, wh-a 
PROD03755,2877,127,WH-A
PROD03756,3217,203,WH-C
PROD03757,1920,146,WH-C
PROD03758,4850,439,WH-B
PROD03759,338,470,WH-B
PROD03760,1025,492, wh-a 
PROD03761,1398,427,WH-B
PROD03762,1710,451,WH-A
PROD03763,834,79,WH-A
PROD03764,1967,284,WH-A
PROD03765,4749,134,WH-B
PROD03766,3604,181,WH-A
PROD03767,4220,251,WH-C
PROD03768,742,192,WH-C
PROD03769,2001,413,WH-A
PROD03770,1289,368,WH-A
PROD03771,1548,407, wh-a 
PROD03772,616,237,WH-B
PROD03773,1568,162,WH-B
PROD03774,412,426,WH-C
PROD03775,2036,215,WH-B
PROD03776,80,378,WH-A
PROD03777,508,490,WH-B
PROD03778,1016,410, wh-a 
PROD03779,2072,114, wh-a 
PROD03780,4086,417,WH-C
PROD03781,4882,232,WH-B
PROD03782,2217,225,WH-A
PROD03783,1401,120,WH-C
PROD03784,1951,201,WH-A
PROD03785,2444,120,WH-C
PROD03786,3475,160,WH-A
PROD03787,3262,110,WH-C
PROD03788,3668,332,WH-C
PROD03789,2081,455,WH-C
PROD03790,2527,302,WH-B
PROD03791,4422,389,WH-C
PROD03792,3057,161,WH-A
PROD03793,3081,148,WH-A
PROD03794,174,375, wh-a 
PROD03795,335,62,WH-C
PROD03796,60,335,WH-A
PROD03797,2454,156,WH-C
PROD03798,3652,171, wh-a 
PROD03799,1243,223,WH-C
PROD03800,1504,133,WH-B
PROD03801,967,330,WH-C
PROD03802,1490,50,WH-C
PROD03803,4035,408,WH-B
PROD03804,2237,359,WH-B
PROD03805,916,365,WH-A
PROD03806,2858,378,WH-B
PROD03807,3146,408,WH-A
PROD03808,-15,171,WH-C
PROD03809,2324,384, wh-a 
PROD03810,1353,178,WH-C
PROD03811,3027,33,WH-B
PROD03812,-11,22,WH-A
PROD03813,1893,194, wh-a 
PROD03814,1459,273,WH-A
PROD03815,2113,157, wh-a 
PROD03816,3912,156,WH-B
PROD03817,1450,393,WH-C
PROD03818,1208,412,WH-C
PROD03819,258,223,WH-C
PROD03820,3052,142, wh-a 
PROD03821,2609,328,WH-A
PROD03822,1616,32, wh-a 
PROD03823,3076,217,WH-C
PROD03824,3852,172, wh-a 
PROD03825,1658,283,WH-C
PROD03826,2142,15,WH-A
PROD03827,281,339,WH-C
PROD03828,2880,409, wh-a 
PROD03829,4458,496,WH-C
PROD03830,1711,114, wh-a 
PROD03831,1305,184,WH-C
PROD03832,1311,226, wh-a 
PROD03833,1060,200,WH-A
PROD03834,1158,355,WH-C
PROD03835,113,329,WH-A
PROD03836,1701,200, wh-a 
PROD03837,3,98,WH-B
PROD03838,1602,487,WH-A
PROD03839,1322,15,WH-C
PROD03840,4079,464,WH-C
PROD03841,3231,409,WH-C
PROD03842,2316,343,WH-A
PROD03843,4337,385,WH-A
PROD03844,381,89,WH-A
PROD03845,2237,287,WH-A
PROD03846,3862,128,WH-A
PROD03847,2642,32,WH-A
PROD03848,780,14, wh-a 
PROD03849,-9,422, wh-a 
PROD03850,609,99,WH-C
PROD03851,4721,493,WH-C
PROD03852,1271,196, wh-a 
PROD03853,1539,430,WH-B
PROD03854,4635,377,WH-C
PROD03855,2439,398,WH-C
PROD03856,1818,173,WH-B
PROD03857,3377,89,WH-B
PROD03858,3495,312,WH-A
PROD03859,983,183,WH-C
PROD03860,3235,340,WH-C
PROD03861,3281,159,WH-B
PROD03862,595,274,WH-B
PROD03863,591,252,WH-B
PROD03864,2912,454,WH-B
PROD03865,2192,276, wh-a 
PROD03866,3724,185,WH-B
PROD03867,2036,355,WH-B
PROD03868,4517,243,WH-B
PROD03869,3202,73,WH-B
PROD03870,3688,162,WH-B
PROD03871,3092,44,WH-A
PROD03872,4276,491, wh-a 
PROD03873,767,424,WH-C
PROD03874,375,31, wh-a 
PROD03875,4472,315,WH-C
PROD03876,-16,55, wh-a 
PROD03877,4033,490,WH-A
PROD03878,4900,453,WH-B
PROD03879,1945,219,WH-C
PROD03880,1289,177,WH-B
PROD03881,3563,96,WH-C
PROD03882,2240,69,WH-C
PROD03883,3550,314,WH-C
PROD03884,4301,72,WH-B
PROD03885,3138,442,WH-B
PROD03886,42,486, wh-a 
PROD03887,2174,472, wh-a 
PROD03888,3119,60,WH-B
PROD03889,4769,99,WH-B
PROD03890,2004,331,WH-A
PROD03891,3403,454,WH-C
PROD03892,4208,466,WH-B
PROD03893,4395,53, wh-a 
PROD03894,172,245, wh-a 
PROD03895,2591,107,WH-A
PROD03896,2435,26,WH-B
PROD03897,4228,415,WH-B
PROD03898,2860,142,WH-A
PROD03899,1059,76,WH-B
PROD03900,742,442, wh-a 
PROD03901,2053,399,WH-B
PROD03902,1699,251, wh-a 
PROD03903,1778,136,WH-B
PROD03904,2346,53,WH-B
PROD03905,2310,350, wh-a 
PROD03906,301,229, wh-a 
PROD03907,4962,348, wh-a 
PROD03908,1150,122,WH-C
PROD03909,1325,301,WH-C
PROD03910,4544,190,WH-B
PROD03911,1372,378, wh-a 
PROD03912,2463,305, wh-a 
PROD03913,3197,291,WH-C
PROD03914,2421,411, wh-a 
PROD03915,2043,101,WH-C
PROD03916,3432,442, wh-a 
PROD03917,3043,273,WH-C
PROD03918,4149,276,WH-A
PROD03919,1795,248,WH-C
PROD03920,4376,293,WH-C
PROD03921,1256,16, wh-a 
PROD03922,668,451, wh-a 
PROD03923,3399,243,WH-A
PROD03924,1344,197, wh-a 
PROD03925,4372,84,WH-A
PROD03926,4369,92,WH-B
PROD03927,767,197, wh-a 
PROD03928,4130,188,WH-B
PROD03929,3256,408,WH-C
PROD03930,3877,475,WH-B
PROD03931,3425,87,WH-B
PROD03932,3283,294,WH-C
PROD03933,2850,306,WH-A
PROD03934,2765,300,WH-B
PROD03935,3190,165,WH-A
PROD03936,3466,425, wh-a 
PROD03937,3282,66,WH-A
PROD03938,622,105,WH-A
PROD03939,748,250,WH-B
PROD03940,959,209,WH-C
PROD03941,4667,149,WH-B
PROD03942,2851,223,WH-C
PROD03943,4468,334,WH-C
PROD03944,4100,349, wh-a 
PROD03945,3803,110, wh-a 
PROD03946,2104,59,WH-A
PROD03947,563,415,WH-C
PROD03948,3977,147,WH-B
PROD03949,1164,470,WH-C
PROD03950,1075,130,WH-C
PROD03951,2879,382,WH-B
PROD03952,706,63, wh-a 
PROD03953,3314,25,WH-C
PROD03954,3826,390,WH-A
PROD03955,841,137, wh-a 
PROD03956,3020,206,WH-C
PROD03957,2268,317,WH-A
PROD03958,4641,400,WH-B
PROD03959,167,214, wh-a 
PROD03960,3690,306,WH-C
PROD03961,357,313,WH-B
PROD03962,1230,434,WH-B
PROD03963,109,171,WH-A
PROD03964,4748,14, wh-a 
PROD03965,353,234, wh-a 
PROD03966,3759,226,WH-B
PROD03967,2455,403,WH-A
PROD03968,2802,159,WH-A
PROD03969,667,293,WH-B
PROD03970,2729,292, wh-a 
PROD03971,3025,393,WH-B
PROD03972,1402,177, wh-a 
PROD03973,499,282,WH-A
PROD03974,4324,157,WH-B
PROD03975,2378,120,WH-C
PROD03976,2487,40,WH-B
PROD03977,2450,381,WH-C
PROD03978,854,211,WH-B
PROD03979,2115,367,WH-C
PROD03980,615,71, wh-a 
PROD03981,1413,170,WH-B
PROD03982,3033,32,WH-C
PROD03983,429,329, wh-a 
PROD03984,2137,158,WH-A
PROD03985,90,20,WH-C
PROD03986,2588,200,WH-A
PROD03987,3319,228,WH-A
PROD03988,2612,446,WH-B
PROD03989,130,377, wh-a 
PROD03990,4289,63,WH-B
PROD03991,1663,98,WH-B
PROD03992,4528,493,WH-B
PROD03993,1706,128,WH-A
PROD03994,3367,42, wh-a 
PROD03995,859,249, wh-a 
PROD03996,1890,331,WH-B
PROD03997,2368,410,WH-B
PROD03998,3071,255, wh-a 
PROD03999,2428,144,WH-A
PROD04000,11,260,WH-B
PROD04001,1324,321,WH-C
PROD04002,2534,315,WH-C
PROD04003,3753,357,WH-B
PROD04004,2590,130,WH-A
PROD04005,2894,293,WH-C
PROD04006,4576,127, wh-a 
PROD04007,169,216,WH-A
PROD04008,4417,95,WH-C
PROD04009,2705,43,WH-A
PROD04010,3740,312,WH-C
PROD04011,4547,81,WH-B
PROD04012,4485,123,WH-B
PROD04013,4438,121,WH-A
PROD04014,3968,104,WH-B
PROD04015,561,44,WH-C
PROD04016,2298,394, wh-a 
PROD04017,3566,118,WH-C
PROD04018,3810,357,WH-B
PROD04019,8,240, wh-a 
PROD04020,3882,170, wh-a 
PROD04021,967,232,WH-C
PROD04022,3975,349, wh-a 
PROD04023,1514,419,WH-A
PROD04024,3663,466,WH-C
PROD04025,3838,325,WH-B
PROD04026,3475,209,WH-A
PROD04027,2083,447,WH-C
PROD04028,1076,406,WH-C
PROD04029,3183,352,WH-B
PROD04030,667,425,WH-A
PROD04031,4077,224,WH-C
PROD04032,2024,386,WH-A
PROD04033,3284,328, wh-a 
PROD04034,1353,277,WH-A
PROD04035,619,274,WH-B
PROD04036,4460,44,WH-C
PROD04037,2656,398,WH-A
PROD04038,2234,429,WH-B
PROD04039,464,111,WH-B
PROD04040,980,351,WH-A
PROD04041,2166,480,WH-C
PROD04042,22,267, wh-a 
PROD04043,2717,289,WH-A
PROD04044,3145,234,WH-A
PROD04045,2233,394, wh-a 
PROD04046,1623,252,WH-A
PROD04047,2537,134,WH-A
PROD04048,4801,488,WH-C
PROD04049,140,49,WH-C
PROD04050,2463,282,WH-B
PROD04051,4561,27,WH-A
PROD04052,4997,338,WH-C
PROD04053,1705,432,WH-A
PROD04054,263,201,WH-C
PROD04055,2518,203,WH-B
PROD04056,4186,303,WH-B
PROD04057,48,224,WH-C
PROD04058,309,485,WH-A
PROD04059,2175,355,WH-C
PROD04060,448,272, wh-a 
PROD04061,2133,461, wh-a 
PROD04062,4766,233,WH-A
PROD04063,4116,100,WH-C
PROD04064,4507,71,WH-C
PROD04065,1518,66,WH-A
PROD04066,1691,134,WH-A
PROD04067,1660,115, wh-a 
PROD04068,998,432, wh-a 
PROD04069,4166,491, wh-a 
PROD04070,4688,442,WH-C
PROD04071,356,416,WH-C
PROD04072,4256,74, wh-a 
PROD04073,377,333, wh-a 
PROD04074,590,148, wh-a 
PROD04075,2331,230,WH-A
PROD04076,21,153, wh-a 
PROD04077,1380,342,WH-A
PROD04078,364,248,WH-C
PROD04079,3206,306,WH-A
PROD04080,400,379,WH-A
PROD04081,550,409,WH-C
PROD04082,1118,291,WH-C
PROD04083,933,397,WH-A
PROD04084,149,140,WH-A
PROD04085,4742,250,WH-A
PROD04086,1200,86,WH-A
PROD04087,465,22,WH-B
PROD04088,4114,351, wh-a 
PROD04089,2166,54,WH-C
PROD04090,2483,392, wh-a 
PROD04091,2476,117,WH-A
PROD04092,1074,133,WH-C
PROD04093,33,441,WH-A
PROD04094,4524,166,WH-A
PROD04095,183,244,WH-C
PROD04096,1851,480, wh-a 
PROD04097,1311,148,WH-C
PROD04098,4174,79,WH-B
PROD04099,4695,471,WH-A
PROD04100,528,10,WH-A
PROD04101,878,156,WH-C
PROD04102,652,85,WH-A
PROD04103,3291,219,WH-C
PROD04104,2842,401, wh-a 
PROD04105,2627,62, wh-a 
PROD04106,4819,459,WH-B
PROD04107,1663,404,WH-B
PROD04108,4523,192,WH-A
PROD04109,2935,311, wh-a 
PROD04110,1734,395,WH-B
PROD04111,2421,399,WH-A
PROD04112,2720,321,WH-B
PROD04113,1258,36,WH-C
PROD04114,1777,360,WH-B
PROD04115,949,426,WH-B
PROD04116,2354,376,WH-A
PROD04117,2941,80, wh-a 
PROD04118,2324,354, wh-a 
PROD04119,4162,79,WH-C
PROD04120,3586,45,WH-A
PROD04121,3747,257,WH-A
PROD04122,4580,263,WH-C
PROD04123,3086,366,WH-C
PROD04124,2900,34, wh-a 
PROD04125,4464,462,WH-C
PROD04126,398,258, wh-a 
PROD04127,523,373,WH-A
PROD04128,934,103,WH-B
PROD04129,277,440,WH-A
PROD04130,4881,59,WH-C
PROD04131,-1,87,WH-A
PROD04132,4660,338,WH-C
PROD04133,1298,404,WH-B
PROD04134,3713,23,WH-B
PROD04135,394,145,WH-B
PROD04136,852,98,WH-A
PROD04137,2132,335,WH-B
PROD04138,3424,262,WH-B
PROD04139,2126,166,WH-B
PROD04140,3376,381, wh-a 
PROD04141,3841,373,WH-B
PROD04142,4988,59, wh-a 
PROD04143,2213,417,WH-B
PROD04144,1060,125, wh-a 
PROD04145,3871,128,WH-B
PROD04146,470,110,WH-A
PROD04147,3360,145,WH-C
PROD04148,1878,162, wh-a 
PROD04149,2403,104,WH-A
PROD04150,253,375,WH-A
PROD04151,2046,48, wh-a 
PROD04152,4500,236,WH-A
PROD04153,1070,388, wh-a 
PROD04154,3308,229,WH-C
PROD04155,4140,219,WH-C
PROD04156,4381,163,WH-C
PROD04157,4272,492,WH-A
PROD04158,4246,353, wh-a 
PROD04159,998,138,WH-A
PROD04160,4925,159,WH-C
PROD04161,3546,357,WH-C
PROD04162,2966,121,WH-C
PROD04163,982,45,WH-C
PROD04164,4240,413,WH-A
PROD04165,2925,497,WH-C
PROD04166,2824,483,WH-A
PROD04167,3608,434,WH-A
PROD04168,3424,25, wh-a 
PROD04169,2317,106,WH-A
PROD04170,4534,467,WH-A
PROD04171,3658,482,WH-B
PROD04172,4955,171,WH-A
PROD04173,3605,276,WH-A
PROD04174,2980,103,WH-C
PROD04175,406,172,WH-C
PROD04176,1431,69,WH-A
PROD04177,813,94,WH-C
PROD04178,2586,425,WH-C
PROD04179,2732,284,WH-A
PROD04180,177,340, wh-a 
PROD04181,3104,61,WH-C
PROD04182,1348,362,WH-C
PROD04183,1530,132,WH-A
PROD04184,2858,278,WH-A
PROD04185,4828,163,WH-A
PROD04186,1473,287, wh-a 
PROD04187,4880,161,WH-B
PROD04188,754,391,WH-A
PROD04189,4362,130,WH-B
PROD04190,3475,153,WH-C
PROD04191,75,77,WH-C
PROD04192,4383,256,WH-B
PROD04193,862,179,WH-B
PROD04194,468,449,WH-A
PROD04195,0,218,WH-B
PROD04196,351,52,WH-B
PROD04197,1429,459, wh-a 
PROD04198,3569,335,WH-A
PROD04199,3315,486, wh-a 
PROD04200,2026,450,WH-B
PROD04201,836,348, wh-a 
PROD04202,3523,204,WH-A
PROD04203,3780,480,WH-C
PROD04204,1459,398,WH-B
PROD04205,1651,158,WH-A
PROD04206,3933,342,WH-C
PROD04207,255,11,WH-B
PROD04208,4357,449,WH-C
PROD04209,2167,340, wh-a 
PROD04210,692,359,WH-B
PROD04211,1624,187,WH-C
PROD04212,2322,288,WH-C
PROD04213,4272,102, wh-a 
PROD04214,363,251, wh-a 
PROD04215,3162,247,WH-C
PROD04216,1707,25, wh-a 
PROD04217,3858,70, wh-a 
PROD04218,4075,433,WH-C
PROD04219,3396,386,WH-C
PROD04220,1616,391, wh-a 
PROD04221,718,241,WH-A
PROD04222,3658,91, wh-a 
PROD04223,2925,294,WH-A
PROD04224,1134,313,WH-C
PROD04225,4016,472,WH-B
PROD04226,2316,418,WH-C
PROD04227,3460,399,WH-C
PROD04228,224,232,WH-B
PROD04229,2555,491,WH-A
PROD04230,704,252,WH-A
PROD04231,4558,63,WH-C
PROD04232,1009,482, wh-a 
PROD04233,460,34,WH-B
PROD04234,2155,175, wh-a 
PROD04235,2192,305, wh-a 
PROD04236,243,254,WH-A
PROD04237,3696,17,WH-A
PROD04238,4692,489,WH-C
PROD04239,492,310,WH-B
PROD04240,427,302,WH-C
PROD04241,3375,427,WH-B
PROD04242,2999,316,WH-C
PROD04243,2329,207,WH-B
PROD04244,1439,162, wh-a 
PROD04245,1878,49,WH-A
PROD04246,816,240,WH-B
PROD04247,2187,231,WH-B
PROD04248,2406,312,WH-C
PROD04249,1432,446,WH-A
PROD04250,1434,52,WH-A
PROD04251,4951,91,WH-A
PROD04252,1491,312,WH-B
PROD04253,1474,50,WH-C
PROD04254,-25,69,WH-C
PROD04255,303,432, wh-a 
PROD04256,269,316,WH-B
PROD04257,501,440,WH-A
PROD04258,1192,147,WH-A
PROD04259,4939,486,WH-C
PROD04260,1526,214,WH-B
PROD04261,4722,285, wh-a 
PROD04262,2319,165, wh-a 
PROD04263,2300,228,WH-A
PROD04264,800,53, wh-a 
PROD04265,4443,59,WH-A
PROD04266,396,458,WH-C
PROD04267,1396,245,WH-A
PROD04268,276,180,WH-A
PROD04269,1532,158, wh-a 
PROD04270,2704,473, wh-a 
PROD04271,2979,73,WH-A
PROD04272,4361,165,WH-B
PROD04273,573,176, wh-a 
PROD04274,422,77,WH-B
PROD04275,2757,327,WH-A
PROD04276,3273,342,WH-A
PROD04277,3339,96, wh-a 
PROD04278,2213,419, wh-a 
PROD04279,3028,118,WH-A
PROD04280,4145,24,WH-B
PROD04281,458,12,WH-A
PROD04282,3997,217, wh-a 
PROD04283,4197,172,WH-C
PROD04284,1602,232,WH-A
PROD04285,3356,114,WH-B
PROD04286,4232,455,WH-A
PROD04287,2278,450,WH-B
PROD04288,437,465, wh-a 
PROD04289,3211,360,WH-A
PROD04290,1041,439,WH-C
PROD04291,3692,357, wh-a 
PROD04292,671,399, wh-a 
PROD04293,1057,229,WH-A
PROD04294,3076,10,WH-A
PROD04295,3468,146,WH-C
PROD04296,2200,54,WH-B
PROD04297,2667,37,WH-C
PROD04298,1558,124,WH-C
PROD04299,365,315, wh-a 
PROD04300,4455,67,WH-A
PROD04301,2533,325,WH-C
PROD04302,1118,434,WH-C
PROD04303,594,197,WH-C
PROD04304,2380,18, wh-a 
PROD04305,2840,74, wh-a 
PROD04306,4617,344, wh-a 
PROD04307,892,228,WH-C
PROD04308,1387,37,WH-A
PROD04309,3753,370, wh-a 
PROD04310,1229,99, wh-a 
PROD04311,1458,303,WH-A
PROD04312,2226,415,WH-C
PROD04313,3733,260,WH-C
PROD04314,4325,385,WH-B
PROD04315,1019,429,WH-B
PROD04316,3341,219, wh-a 
PROD04317,800,348,WH-B
PROD04318,1926,435, wh-a 
PROD04319,4456,363,WH-B
PROD04320,169,108, wh-a 
PROD04321,2245,91,WH-B
PROD04322,1598,221, wh-a 
PROD04323,2350,470,WH-C
PROD04324,4698,118, wh-a 
PROD04325,2396,331,WH-C
PROD04326,3649,367, wh-a 
PROD04327,3671,32,WH-A
PROD04328,3410,152, wh-a 
PROD04329,1086,347,WH-A
PROD04330,3594,61,WH-B
PROD04331,1401,411,WH-B
PROD04332,3883,352,WH-B
PROD04333,281,349,WH-A
PROD04334,3750,74, wh-a 
PROD04335,3261,157,WH-A
PROD04336,2981,407, wh-a 
PROD04337,3806,461,WH-A
PROD04338,1516,176, wh-a 
PROD04339,1052,24,WH-A
PROD04340,2080,18,WH-C
PROD04341,3416,337,WH-A
PROD04342,3057,44,WH-A
PROD04343,128,338, wh-a 
PROD04344,2144,171, wh-a 
PROD04345,2983,42,WH-B
PROD04346,944,316,WH-C
PROD04347,4320,339,WH-A
PROD04348,2537,64,WH-B
PROD04349,4285,462,WH-A
PROD04350,2471,450, wh-a 
PROD04351,4314,97,WH-A
PROD04352,471,486,WH-B
PROD04353,4436,123,WH-A
PROD04354,2788,69,WH-A
PROD04355,2032,92,WH-B
PROD04356,1819,56,WH-B
PROD04357,1889,142, wh-a 
PROD04358,4230,45, wh-a 
PROD04359,2465,84,WH-C
PROD04360,4631,387,WH-C
PROD04361,3581,166,WH-A
PROD04362,854,226,WH-C
PROD04363,3245,290,WH-A
PROD04364,3311,165,WH-A
PROD04365,2676,319,WH-C
PROD04366,700,153, wh-a 
PROD04367,51,150,WH-C
PROD04368,4461,92,WH-B
PROD04369,1505,69, wh-a 
PROD04370,2355,207,WH-B
PROD04371,3012,35,WH-C
PROD04372,3214,153,WH-A
PROD04373,4760,13,WH-A
PROD04374,4641,139,WH-C
PROD04375,2234,293,WH-B
PROD04376,2596,203,WH-C
PROD04377,2424,413, wh-a 
PROD04378,3475,266,WH-B
PROD04379,2385,324,WH-C
PROD04380,4712,142,WH-C
PROD04381,3180,27,WH-B
PROD04382,71,220, wh-a 
PROD04383,4112,143,WH-A
PROD04384,737,364,WH-A
PROD04385,4585,186,WH-A
PROD04386,3460,363,WH-A
PROD04387,605,174, wh-a 
PROD04388,3018,423,WH-B
PROD04389,729,358,WH-C
PROD04390,4845,292,WH-B
PROD04391,3276,285,WH-C
PROD04392,4035,264,WH-A
PROD04393,2101,377,WH-B
PROD04394,4794,300, wh-a 
PROD04395,1366,392,WH-C
PROD04396,4524,488,WH-B
PROD04397,8,338,WH-B
PROD04398,3741,423,WH-C
PROD04399,2059,351,WH-A
PROD04400,1551,314,WH-C
PROD04401,3652,277,WH-A
PROD04402,475,134,WH-A
PROD04403,1912,133,WH-C
PROD04404,831,497, wh-a 
PROD04405,4177,15,WH-C
PROD04406,4260,16,WH-A
PROD04407,3814,368,WH-B
PROD04408,1393,74, wh-a 
PROD04409,3333,131,WH-A
PROD04410,2684,95, wh-a 
PROD04411,4882,459,WH-A
PROD04412,1104,88,WH-B
PROD04413,4433,203,WH-A
PROD04414,1303,355,WH-B
PROD04415,431,187, wh-a 
PROD04416,948,286,WH-C
PROD04417,1967,25,WH-B
PROD04418,2971,124,WH-A
PROD04419,2398,313,WH-C
PROD04420,1741,19,WH-B
PROD04421,4775,302,WH-C
PROD04422,4667,446, wh-a 
PROD04423,465,388, wh-a 
PROD04424,4264,12, wh-a 
PROD04425,2538,495,WH-A
PROD04426,2325,416,WH-A
PROD04427,4370,143,WH-B
PROD04428,3842,131,WH-C
PROD04429,2964,175,WH-A
PROD04430,3503,433,WH-A
PROD04431,2552,101, wh-a 
PROD04432,2820,106, wh-a 
PROD04433,3486,290,WH-C
PROD04434,3720,261,WH-C
PROD04435,2508,172,WH-A
PROD04436,4300,32,WH-C
PROD04437,3532,489,WH-B
PROD04438,3640,483,WH-A
PROD04439,3625,467, wh-a 
PROD04440,2669,476,WH-A
PROD04441,2431,332,WH-C
PROD04442,4893,35,WH-B
PROD04443,3594,267,WH-A
PROD04444,1911,398,WH-B
PROD04445,1845,307,WH-B
PROD04446,2903,172, wh-a 
PROD04447,1509,136,WH-B
PROD04448,2813,44,WH-C
PROD04449,351,28,WH-B
PROD04450,2372,286,WH-C
PROD04451,4803,154, wh-a 
PROD04452,2886,471,WH-C
PROD04453,3083,395,WH-A
PROD04454,3435,101, wh-a 
PROD04455,4351,457,WH-B
PROD04456,4969,314,WH-B
PROD04457,238,78,WH-C
PROD04458,840,491,WH-B
PROD04459,4432,396,WH-C
PROD04460,1757,114,WH-C
PROD04461,1753,33,WH-A
PROD04462,3248,433,WH-C
PROD04463,3593,356,WH-C
PROD04464,2671,483,WH-A
PROD04465,2087,53, wh-a 
PROD04466,4132,372,WH-C
PROD04467,756,306,WH-A
PROD04468,826,359,WH-A
PROD04469,4614,128,WH-B
PROD04470,2224,39,WH-B
PROD04471,707,30,WH-B
PROD04472,3369,464,WH-B
PROD04473,793,57, wh-a 
PROD04474,4947,496,WH-C
PROD04475,3952,25, wh-a 
PROD04476,4375,425, wh-a 
PROD04477,3774,476,WH-B
PROD04478,800,107, wh-a 
PROD04479,738,37, wh-a 
PROD04480,4343,94,WH-C
PROD04481,4337,339,WH-B
PROD04482,3949,56,WH-B
PROD04483,1646,15, wh-a 
PROD04484,307,372, wh-a 
PROD04485,1084,409, wh-a 
PROD04486,2960,235,WH-B
PROD04487,3387,323,WH-B
PROD04488,1371,222,WH-C
PROD04489,337,389, wh-a 
PROD04490,4810,215,WH-C
PROD04491,2937,364,WH-A
PROD04492,-47,378,WH-B
PROD04493,2505,315,WH-B
PROD04494,2060,488,WH-B
PROD04495,4329,460, wh-a 
PROD04496,3773,341, wh-a 
PROD04497,4371,350, wh-a 
PROD04498,1073,126, wh-a 
PROD04499,1729,478,WH-A
PROD04500,3546,135,WH-A
PROD04501,1245,367,WH-A
PROD04502,2275,459, wh-a 
PROD04503,215,208, wh-a 
PROD04504,2434,205, wh-a 
PROD04505,2484,134,WH-A
PROD04506,4217,357,WH-A
PROD04507,1179,128,WH-C
PROD04508,2494,439, wh-a 
PROD04509,198,424, wh-a 
PROD04510,3191,263,WH-B
PROD04511,1231,161,WH-A
PROD04512,3931,160,WH-C
PROD04513,2173,398,WH-A
PROD04514,4956,132,WH-C
PROD04515,307,302,WH-A
PROD04516,908,114, wh-a 
PROD04517,3050,213,WH-C
PROD04518,4378,429, wh-a 
PROD04519,3872,258,WH-B
PROD04520,3310,70, wh-a 
PROD04521,1118,48, wh-a 
PROD04522,2887,12,WH-B
PROD04523,3858,17, wh-a 
PROD04524,3836,188, wh-a 
PROD04525,3491,132, wh-a 
PROD04526,1256,74,WH-A
PROD04527,3151,127, wh-a 
PROD04528,1722,117,WH-C
PROD04529,99,51, wh-a 
PROD04530,2319,184,WH-A
PROD04531,3300,315,WH-B
PROD04532,2229,457,WH-C
PROD04533,4515,57,WH-A
PROD04534,1103,318,WH-B
PROD04535,3721,226,WH-C
PROD04536,4009,41,WH-A
PROD04537,2950,140,WH-C
PROD04538,4403,63,WH-C
PROD04539,4274,246,WH-C
PROD04540,233,305, wh-a 
PROD04541,342,440, wh-a 
PROD04542,4941,34,WH-B
PROD04543,4221,266,WH-B
PROD04544,1943,83,WH-C
PROD04545,442,243, wh-a 
PROD04546,3140,194,WH-C
PROD04547,-15,271,WH-A
PROD04548,826,77,WH-C
PROD04549,298,118,WH-A
PROD04550,2426,284,WH-C
PROD04551,4036,20,WH-B
PROD04552,3817,349,WH-A
PROD04553,3471,310, wh-a 
PROD04554,4844,192,WH-B
PROD04555,4154,96,WH-A
PROD04556,493,35, wh-a 
PROD04557,3239,233,WH-B
PROD04558,1244,75,WH-C
PROD04559,3466,320,WH-B
PROD04560,215,257,WH-A
PROD04561,3962,198,WH-B
PROD04562,1658,47,WH-C
PROD04563,3967,403,WH-B
PROD04564,1273,480,WH-C
PROD04565,3321,65,WH-A
PROD04566,1999,23, wh-a 
PROD04567,2298,65,WH-A
PROD04568,2867,292,WH-B
PROD04569,-1,376,WH-B
PROD04570,3793,325,WH-A
PROD04571,1461,191,WH-A
PROD04572,3119,241, wh-a 
PROD04573,172,121,WH-C
PROD04574,153,97, wh-a 
PROD04575,4904,176, wh-a 
PROD04576,2472,56,WH-B
PROD04577,86,344,WH-B
PROD04578,4572,21,WH-A
PROD04579,2341,72,WH-C
PROD04580,928,16,WH-A
PROD04581,534,210,WH-A
PROD04582,171,445, wh-a 
PROD04583,2380,481,WH-B
PROD04584,4504,126,WH-A
PROD04585,2013,424,WH-A
PROD04586,138,247,WH-B
PROD04587,1250,191,WH-C
PROD04588,542,201,WH-A
PROD04589,2891,138,WH-C
PROD04590,2677,376,WH-A
PROD04591,2660,483,WH-B
PROD04592,2501,452,WH-A
PROD04593,4893,39,WH-A
PROD04594,2003,490, wh-a 
PROD04595,4237,324,WH-B
PROD04596,1346,285, wh-a 
PROD04597,241,491,WH-C
PROD04598,2233,383,WH-A
PROD04599,1044,339,WH-A
PROD04600,62,133,WH-C
PROD04601,2672,376,WH-C
PROD04602,2512,167,WH-A
PROD04603,1612,73,WH-A
PROD04604,1132,192, wh-a 
PROD04605,553,462,WH-C
PROD04606,4774,120,WH-A
PROD04607,3465,477,WH-C
PROD04608,4402,388,WH-B
PROD04609,768,359,WH-B
PROD04610,938,95,WH-B
PROD04611,961,439, wh-a 
PROD04612,4437,435,WH-A
PROD04613,4259,321,WH-A
PROD04614,1723,243, wh-a 
PROD04615,435,276, wh-a 
PROD04616,3288,73,WH-B
PROD04617,1742,333,WH-A
PROD04618,1834,329,WH-B
PROD04619,1110,275,WH-A
PROD04620,3467,119,WH-A
PROD04621,3154,339,WH-A
PROD04622,3211,454,WH-B
PROD04623,2874,161,WH-C
PROD04624,2896,450,WH-C
PROD04625,2321,458,WH-C
PROD04626,2903,128,WH-C
PROD04627,3090,363,WH-C
PROD04628,1626,131,WH-C
PROD04629,1552,60, wh-a 
PROD04630,348,32,WH-B
PROD04631,4054,463, wh-a 
PROD04632,2896,365,WH-A
PROD04633,4355,88,WH-A
PROD04634,235,252,WH-A
PROD04635,789,488,WH-C
PROD04636,4592,157,WH-C
PROD04637,3914,48,WH-C
PROD04638,-9,215,WH-C
PROD04639,4679,79,WH-B
PROD04640,488,183,WH-C
PROD04641,2413,132,WH-B
PROD04642,2076,430, wh-a 
PROD04643,1183,117,WH-C
PROD04644,2345,106, wh-a 
PROD04645,1661,385,WH-C
PROD04646,831,229,WH-B
PROD04647,2358,32, wh-a 
PROD04648,742,316,WH-B
PROD04649,4772,358,WH-A
PROD04650,2109,185, wh-a 
PROD04651,4766,173,WH-A
PROD04652,885,149,WH-A
PROD04653,2572,427, wh-a 
PROD04654,2760,180,WH-A
PROD04655,4521,152, wh-a 
PROD04656,4310,236, wh-a 
PROD04657,856,156,WH-C
PROD04658,4904,319, wh-a 
PROD04659,2391,61,WH-C
PROD04660,1138,224,WH-A
PROD04661,1921,284,WH-B
PROD04662,3964,329,WH-B
PROD04663,432,76,WH-C
PROD04664,777,41, wh-a 
PROD04665,34,496,WH-A
PROD04666,2169,452,WH-B
PROD04667,2619,480,WH-A
PROD04668,3598,349,WH-B
PROD04669,4288,233, wh-a 
PROD04670,1741,172,WH-C
PROD04671,2327,65,WH-C
PROD04672,1396,88, wh-a 
PROD04673,1230,220, wh-a 
PROD04674,3718,264,WH-B
PROD04675,2376,140, wh-a 
PROD04676,1000,231,WH-C
PROD04677,1026,79,WH-C
PROD04678,4986,16,WH-B
PROD04679,1967,287,WH-A
PROD04680,3191,74,WH-B
PROD04681,3526,89,WH-B
PROD04682,1462,87, wh-a 
PROD04683,1466,222,WH-B
PROD04684,776,487, wh-a 
PROD04685,2965,20, wh-a 
PROD04686,3194,459,WH-C
PROD04687,4831,247,WH-C
PROD04688,3437,380, wh-a 
PROD04689,4087,39,WH-A
PROD04690,228,63,WH-B
PROD04691,3896,200,WH-C
PROD04692,1860,360, wh-a 
PROD04693,3994,410,WH-A
PROD04694,4990,91, wh-a 
PROD04695,2254,303, wh-a 
PROD04696,2705,56,WH-B
PROD04697,4753,453,WH-B
PROD04698,2465,442,WH-B
PROD04699,1754,26, wh-a 
PROD04700,817,451,WH-B
PROD04701,3429,189,WH-C
PROD04702,1609,215, wh-a 
PROD04703,2617,32,WH-B
PROD04704,3585,191, wh-a 
PROD04705,3768,45,WH-C
PROD04706,17,173, wh-a 
PROD04707,3845,92,WH-C
PROD04708,22,459,WH-B
PROD04709,1546,287,WH-C
PROD04710,2985,480, wh-a 
PROD04711,4211,452,WH-A
PROD04712,931,481, wh-a 
PROD04713,2866,275, wh-a 
PROD04714,2939,73,WH-C
PROD04715,2627,464,WH-C
PROD04716,4843,198, wh-a 
PROD04717,3519,216,WH-A
PROD04718,3426,466,WH-A
PROD04719,4441,166,WH-C
PROD04720,4148,382, wh-a 
PROD04721,3057,382,WH-B
PROD04722,4377,447,WH-B
PROD04723,4647,255,WH-B
PROD04724,2385,61,WH-A
PROD04725,71,487,WH-C
PROD04726,1091,162,WH-C
PROD04727,2799,454, wh-a 
PROD04728,1363,246,WH-B
PROD04729,2576,154,WH-B
PROD04730,2640,163, wh-a 
PROD04731,3361,399,WH-B
PROD04732,1439,174,WH-A
PROD04733,2045,152,WH-A
PROD04734,2513,39, wh-a 
PROD04735,3616,164,WH-C
PROD04736,3922,463,WH-A
PROD04737,3622,59, wh-a 
PROD04738,2343,456,WH-B
PROD04739,979,375,WH-B
PROD04740,4138,150,WH-A
PROD04741,2241,128,WH-A
PROD04742,3879,375, wh-a 
PROD04743,506,210,WH-C
PROD04744,311,452,WH-C
PROD04745,54,159, wh-a 
PROD04746,2196,297,WH-B
PROD04747,1991,36,WH-A
PROD04748,4173,237,WH-C
PROD04749,3521,63, wh-a 
PROD04750,699,379, wh-a 
PROD04751,1461,328,WH-C
PROD04752,3697,193,WH-C
PROD04753,2487,335, wh-a 
PROD04754,1296,121, wh-a 
PROD04755,3847,391, wh-a 
PROD04756,515,134,WH-C
PROD04757,1467,275,WH-B
PROD04758,2949,125,WH-C
PROD04759,4701,255,WH-B
PROD04760,4583,461,WH-A
PROD04761,1275,250,WH-A
PROD04762,2341,387,WH-B
PROD04763,4683,115, wh-a 
PROD04764,1763,450,WH-A
PROD04765,629,230,WH-B
PROD04766,2409,207, wh-a 
PROD04767,4646,319,WH-A
PROD04768,3602,425, wh-a 
PROD04769,3468,73, wh-a 
PROD04770,2163,104, wh-a 
PROD04771,1964,70,WH-A
PROD04772,2024,110,WH-A
PROD04773,2704,12,WH-C
PROD04774,4346,268, wh-a 
PROD04775,2097,481, wh-a 
PROD04776,1256,182, wh-a 
PROD04777,1588,44,WH-C
PROD04778,4847,335,WH-A
PROD04779,878,254,WH-C
PROD04780,3332,363,WH-A
PROD04781,2658,71,WH-A
PROD04782,4824,229,WH-B
PROD04783,1264,128,WH-C
PROD04784,2044,141,WH-B
PROD04785,3466,252,WH-A
PROD04786,1483,441,WH-C
PROD04787,3450,358,WH-C
PROD04788,2077,85,WH-C
PROD04789,4819,137,WH-A
PROD04790,3100,195, wh-a 
PROD04791,133,197, wh-a 
PROD04792,464,443, wh-a 
PROD04793,555,444, wh-a 
PROD04794,4804,495,WH-C
PROD04795,1332,112,WH-C
PROD04796,920,429,WH-A
PROD04797,2037,225,WH-B
PROD04798,2760,186, wh-a 
PROD04799,1768,346,WH-A
PROD04800,3795,123,WH-B
PROD04801,2213,180,WH-A
PROD04802,4485,234, wh-a 
PROD04803,2407,446,WH-B
PROD04804,1836,431,WH-C
PROD04805,1468,279,WH-C
PROD04806,4388,408, wh-a 
PROD04807,4141,379, wh-a 
PROD04808,2887,216,WH-A
PROD04809,2313,455, wh-a 
PROD04810,3849,284,WH-C
PROD04811,169,30, wh-a 
PROD04812,4119,281,WH-A
PROD04813,558,470,WH-B
PROD04814,917,360,WH-C
PROD04815,869,250,WH-A
PROD04816,4665,56, wh-a 
PROD04817,861,317,WH-B
PROD04818,4531,426, wh-a 
PROD04819,848,219, wh-a 
PROD04820,1248,306, wh-a 
PROD04821,503,216, wh-a 
PROD04822,4029,227,WH-C
PROD04823,3051,14,WH-A
PROD04824,1869,40,WH-A
PROD04825,3599,421,WH-C
PROD04826,3936,71, wh-a 
PROD04827,4755,182, wh-a 
PROD04828,1850,42, wh-a 
PROD04829,1013,162,WH-B
PROD04830,4822,122, wh-a 
PROD04831,2494,208,WH-C
PROD04832,-43,79,WH-C
PROD04833,3542,196,WH-A
PROD04834,4732,333,WH-B
PROD04835,1310,153,WH-A
PROD04836,2783,290,WH-A
PROD04837,4773,112,WH-B
PROD04838,2478,109, wh-a 
PROD04839,2314,404,WH-C
PROD04840,4878,113,WH-A
PROD04841,2216,205,WH-A
PROD04842,401,115,WH-A
PROD04843,2634,453,WH-B
PROD04844,4285,435,WH-B
PROD04845,3770,451,WH-B
PROD04846,2818,485,WH-B
PROD04847,1920,411,WH-A
PROD04848,2234,456, wh-a 
PROD04849,4243,352, wh-a 
PROD04850,1024,419,WH-B
PROD04851,1148,433,WH-B
PROD04852,254,314, wh-a 
PROD04853,1252,285,WH-A
PROD04854,917,229,WH-C
PROD04855,4898,219, wh-a 
PROD04856,1854,353, wh-a 
PROD04857,2757,391,WH-A
PROD04858,2845,87,WH-C
PROD04859,3981,53, wh-a 
PROD04860,1512,393,WH-C
PROD04861,1690,361, wh-a 
PROD04862,482,181,WH-B
PROD04863,254,303, wh-a 
PROD04864,1623,46, wh-a 
PROD04865,420,287,WH-C
PROD04866,4065,295, wh-a 
PROD04867,4958,283,WH-C
PROD04868,2952,107,WH-C
PROD04869,4709,16,WH-A
PROD04870,4273,169, wh-a 
PROD04871,4110,221, wh-a 
PROD04872,3772,145,WH-C
PROD04873,815,82,WH-B
PROD04874,1554,348,WH-B
PROD04875,1794,13,WH-B
PROD04876,4186,446, wh-a 
PROD04877,673,268,WH-C
PROD04878,2593,440,WH-B
PROD04879,4885,384,WH-A
PROD04880,170,441,WH-C
PROD04881,4067,355, wh-a 
PROD04882,3704,90,WH-C
PROD04883,3757,186, wh-a 
PROD04884,2262,451, wh-a 
PROD04885,3639,157, wh-a 
PROD04886,1509,45,WH-A
PROD04887,4965,210, wh-a 
PROD04888,1391,348,WH-B
PROD04889,1615,273,WH-A
PROD04890,2162,205,WH-B
PROD04891,2159,222,WH-A
PROD04892,3475,93, wh-a 
PROD04893,100,108, wh-a 
PROD04894,3052,192,WH-A
PROD04895,3446,96,WH-A
PROD04896,581,258,WH-A
PROD04897,114,345,WH-C
PROD04898,1538,262,WH-A
PROD04899,51,204, wh-a 
PROD04900,48,408,WH-C
PROD04901,537,486,WH-A
PROD04902,3846,378,WH-C
PROD04903,2800,265, wh-a 
PROD04904,4159,371,WH-B
PROD04905,1030,241,WH-C
PROD04906,902,55, wh-a 
PROD04907,3396,136, wh-a 
PROD04908,1837,271, wh-a 
PROD04909,2300,39,WH-C
PROD04910,3701,471,WH-C
PROD04911,2465,491,WH-C
PROD04912,4160,150,WH-C
PROD04913,637,388,WH-A
PROD04914,1448,174,WH-A
PROD04915,600,84,WH-B
PROD04916,4025,289,WH-C
PROD04917,1301,266, wh-a 
PROD04918,4966,101,WH-B
PROD04919,763,110, wh-a 
PROD04920,4079,192, wh-a 
PROD04921,3178,317,WH-B
PROD04922,690,59,WH-A
PROD04923,210,180,WH-B
PROD04924,1414,413,WH-B
PROD04925,4763,44, wh-a 
PROD04926,3797,230,WH-A
PROD04927,2442,83,WH-C
PROD04928,292,81,WH-B
PROD04929,1259,123,WH-A
PROD04930,2323,90,WH-B
PROD04931,4272,488,WH-C
PROD04932,1205,34,WH-C
PROD04933,3271,183,WH-B
PROD04934,3800,302,WH-C
PROD04935,3344,41,WH-A
PROD04936,4726,17,WH-A
PROD04937,1457,394,WH-C
PROD04938,3732,43, wh-a 
PROD04939,300,465, wh-a 
PROD04940,985,360,WH-A
PROD04941,1989,98,WH-C
PROD04942,795,248, wh-a 
PROD04943,346,303, wh-a 
PROD04944,4847,316,WH-C
PROD04945,4146,335,WH-B
PROD04946,2671,411, wh-a 
PROD04947,4158,238,WH-C
PROD04948,3855,12,WH-B
PROD04949,3627,83, wh-a 
PROD04950,4934,22,WH-B
PROD04951,3259,378, wh-a 
PROD04952,1815,70,WH-A
PROD04953,862,367,WH-C
PROD04954,4282,96,WH-C
PROD04955,2146,183,WH-A
PROD04956,2571,161,WH-B
PROD04957,3780,265, wh-a 
PROD04958,2552,153,WH-B
PROD04959,2148,288,WH-B
PROD04960,4751,181,WH-A
PROD04961,973,244, wh-a 
PROD04962,4337,351, wh-a 
PROD04963,2657,56,WH-B
PROD04964,1904,227,WH-C
PROD04965,1924,339, wh-a 
PROD04966,2873,457,WH-A
PROD04967,2330,211, wh-a 
PROD04968,3353,252,WH-B
PROD04969,2705,281,WH-C
PROD04970,278,92,WH-A
PROD04971,1625,284,WH-B
PROD04972,3570,113,WH-A
PROD04973,4161,248,WH-A
PROD04974,2891,419,WH-C
PROD04975,287,383,WH-C
PROD04976,1545,350,WH-C
PROD04977,1103,289,WH-C
PROD04978,3920,366, wh-a 
PROD04979,2944,478,WH-A
PROD04980,95,293,WH-C
PROD04981,970,127,WH-A
PROD04982,2785,311,WH-B
PROD04983,2779,166, wh-a 
PROD04984,1713,255,WH-A
PROD04985,3906,456,WH-C
PROD04986,692,280,WH-A
PROD04987,758,64,WH-B
PROD04988,2748,374,WH-B
PROD04989,4983,344,WH-C
PROD04990,3561,91,WH-A
PROD04991,4008,495,WH-A
PROD04992,2780,494, wh-a 
PROD04993,2126,24,WH-C
PROD04994,3053,115, wh-a 
PROD04995,3104,163,WH-B
PROD04996,3825,45,WH-A
PROD04997,747,470, wh-a 
PROD04998,2707,344, wh-a 
PROD04999,1500,117,WH-B
PROD05000,4364,117,WH-B
