ProductID,ProductName,Category,SubCategory,Brand,UnitPrice,UnitCost
PROD00001,Apple Printer,Office Equipment,Scanner,Sony,136001.7,65408.39
PROD00002,Asus Keyboard,Accessories,Keyboard,Apple,83265.84,35054.82
PROD00003,Dell Scanner,Office Equipment,Printer,HP,129820.31,64733.12
PROD00004,Logitech Audio,Electronics,Mobile,Sony,123944.71,88624.32
PROD00005,Dell Networking,Office Equipment,Networking,Apple,147194.53,99284.85
PROD00006,Logitech Printer,Office Equipment,Scanner,Samsung,85165.15,6123.81
PROD00007,Sony Computers,Electronics,Audio,Epson,86817.38,57564.82
PROD00008,Samsung Storage,Accessories,Keyboard,Apple,98296.09,10122.55
PROD00009,Epson Keyboard,Accessories,Keyboard,Dell,73285.88,42253.33
PROD00010,Samsung Mouse,Accessories,Keyboard,Logitech,68951.86,72400.55
PROD00011,Epson Printer,Office Equipment,Scanner,Asus,141742.86,44300.49
PROD00012,Sony Scanner,Office Equipment,Scanner,Canon,88267.28,33979.54
PROD00013,Asus Computers,Electronics,Mobile,Asus,132804.76,93146.6
PROD00014,Asus Scanner,Office Equipment,Networking,Asus,129841.27,69363.02
PROD00015,HP Keyboard,Accessories,Keyboard,Apple,31317.62,30046.39
PROD00016,HP Computers,Electronics,Audio,HP,131537.33,68793.38
PROD00017,Logitech Mobile,Electronics,Mobile,Asus,2532.86,84002.58
PROD00018,Apple Storage,Accessories,Storage,Lenovo,63196.5,40839.05
PROD00019,Dell Keyboard,Accessories,Keyboard,Canon,52428.25,4666.2
PROD00020,Asus Keyboard,Accessories,Storage,Sony,26483.57,45360.39
PROD00021,Apple Printer,Office Equipment,Scanner,Lenovo,90006.32,64749.18
PROD00022,HP Mouse,Accessories,Keyboard,Lenovo,115925.25,80631.52
PROD00023,Asus Computers,Electronics,Audio,Samsung,65034.9,73499.38
PROD00024,Asus Scanner,Office Equipment,Scanner,Lenovo,96278.52,86312.01
PROD00025,Canon Audio,Electronics,Audio,Asus,20181.34,88208.71
PROD00026,Lenovo Mouse,Accessories,Mouse,Samsung,71286.73,54716.33
PROD00027,Canon Computers,Electronics,Computers,Epson,79860.26,95978.6
PROD00028,Canon Computers,Electronics,Audio,Lenovo,93132.85,71989.3
PROD00029,Dell Scanner,Office Equipment,Networking,Samsung,141088.27,21645.07
PROD00030,Samsung Mouse,Accessories,Storage,Lenovo,44051.79,8549.2
PROD00031,Epson Scanner,Office Equipment,Networking,Lenovo,82173.23,72983.42
PROD00032,Apple Audio,Electronics,Mobile,Asus,65067.89,26205.73
PROD00033,HP Printer,Office Equipment,Networking,HP,41795.81,76188.28
PROD00034,Samsung Printer,Office Equipment,Printer,Lenovo,44666.03,47338.77
PROD00035,HP Networking,Office Equipment,Printer,Lenovo,31564.74,47665.22
PROD00036,Asus Mobile,Electronics,Mobile,Canon,14334.83,61236.87
PROD00037,Samsung Computers,Electronics,Mobile,Epson,14053.4,65387.18
PROD00038,Canon Keyboard,Accessories,Storage,HP,12340.54,15513.49
PROD00039,Samsung Storage,Accessories,Keyboard,Canon,41593.18,42579.54
PROD00040,Sony Audio,Electronics,Audio,Lenovo,93202.23,93017.66
PROD00041,Samsung Scanner,Office Equipment,Scanner,Apple,9068.28,76146.17
PROD00042,Asus Mobile,Electronics,Audio,Epson,104482.81,78990.39
PROD00043,Logitech Audio,Electronics,Computers,Canon,94108.79,73109.03
PROD00044,Lenovo Mobile,Electronics,Audio,HP,123303.84,45557.49
PROD00045,Lenovo Storage,Accessories,Mouse,Sony,108607.07,29325.24
PROD00046,Sony Computers,Electronics,Computers,Logitech,21572.95,63393.12
PROD00047,Epson Keyboard,Accessories,Keyboard,Canon,145352.14,45882.04
PROD00048,Lenovo Storage,Accessories,Keyboard,Epson,59904.41,25914.4
PROD00049,Logitech Keyboard,Accessories,Mouse,Canon,128304.33,66088.33
PROD00050,Dell Networking,Office Equipment,Printer,Apple,42803.81,93103.07
PROD00051,Sony Storage,Accessories,Storage,Samsung,102494.08,56283.81
PROD00052,Dell Printer,Office Equipment,Scanner,Epson,49628.7,85407.96
PROD00053,Asus Audio,Electronics,Computers,Apple,109337.44,30984.99
PROD00054,Sony Mobile,Electronics,Audio,Dell,23965.31,15286.06
PROD00055,Dell Keyboard,Accessories,Keyboard,Logitech,36440.81,12334.4
PROD00056,Samsung Keyboard,Accessories,Mouse,Lenovo,144169.66,89195.13
PROD00057,Canon Storage,Accessories,Keyboard,Canon,121168.9,1344.19
PROD00058,HP Keyboard,Accessories,Mouse,HP,65141.23,62479.12
PROD00059,Dell Mouse,Accessories,Mouse,Logitech,12305.9,52264.97
PROD00060,Apple Scanner,Office Equipment,Printer,Lenovo,17636.23,88979.42
PROD00061,Asus Mouse,Accessories,Keyboard,Lenovo,102799.12,87934.54
PROD00062,Logitech Mouse,Accessories,Keyboard,Asus,9712.44,30800.04
PROD00063,Asus Storage,Accessories,Storage,HP,19058.84,69560.03
PROD00064,Epson Keyboard,Accessories,Keyboard,Epson,38304.74,55001.08
PROD00065,Epson Printer,Office Equipment,Networking,Canon,12525.55,25800.57
PROD00066,Logitech Scanner,Office Equipment,Scanner,HP,54166.66,60324.23
PROD00067,Sony Keyboard,Accessories,Storage,Apple,10329.31,38922.44
PROD00068,Apple Networking,Office Equipment,Printer,Dell,93307.53,17970.56
PROD00069,Samsung Storage,Accessories,Mouse,Lenovo,127051.89,8812.83
PROD00070,Epson Audio,Electronics,Computers,Lenovo,107179.82,56584.6
PROD00071,Logitech Keyboard,Accessories,Mouse,Epson,10864.48,80114.49
PROD00072,Lenovo Computers,Electronics,Mobile,Dell,145883.84,96655.49
PROD00073,Apple Mobile,Electronics,Audio,Dell,6257.64,89195.05
PROD00074,Canon Networking,Office Equipment,Printer,Sony,64932.4,35267.9
PROD00075,Samsung Mouse,Accessories,Keyboard,HP,104496.47,92194.02
PROD00076,HP Keyboard,Accessories,Mouse,Samsung,73224.38,85756.77
PROD00077,Epson Printer,Office Equipment,Printer,Canon,37926.19,22594.99
PROD00078,HP Scanner,Office Equipment,Scanner,Epson,101978.66,21991.36
PROD00079,Apple Printer,Office Equipment,Scanner,Logitech,120121.15,57501.35
PROD00080,Dell Printer,Office Equipment,Printer,Asus,135288.65,30506.03
PROD00081,Logitech Storage,Accessories,Keyboard,Dell,92495.22,9194.55
PROD00082,Apple Mobile,Electronics,Computers,Sony,35149.82,31115.25
PROD00083,Sony Scanner,Office Equipment,Printer,Epson,93179.18,96779.18
PROD00084,Samsung Audio,Electronics,Mobile,Asus,66886.12,43052.6
PROD00085,HP Networking,Office Equipment,Printer,Sony,142923.09,46471.68
PROD00086,Canon Mobile,Electronics,Mobile,Asus,52937.53,99726.83
PROD00087,HP Scanner,Office Equipment,Printer,Canon,71464.22,44715.3
PROD00088,Epson Audio,Electronics,Computers,Samsung,124461.01,23817.63
PROD00089,Logitech Mouse,Accessories,Keyboard,Canon,34013.8,20704.87
PROD00090,Logitech Mobile,Electronics,Mobile,Canon,70180.21,77563.86
PROD00091,HP Computers,Electronics,Audio,Canon,127285.92,36793.98
PROD00092,Sony Scanner,Office Equipment,Scanner,HP,19164.75,46886.76
PROD00093,Samsung Scanner,Office Equipment,Networking,Dell,38401.9,93344.09
PROD00094,Apple Networking,Office Equipment,Printer,HP,76958.56,66315.96
PROD00095,Asus Mouse,Accessories,Keyboard,HP,100408.14,40186.41
PROD00096,Logitech Scanner,Office Equipment,Printer,Asus,79717.78,87384.51
PROD00097,Logitech Mouse,Accessories,Storage,Logitech,137303.59,90984.94
PROD00098,Sony Printer,Office Equipment,Printer,Samsung,74762.23,60220.82
PROD00099,Sony Networking,Office Equipment,Networking,HP,56240.14,96391.61
PROD00100,HP Keyboard,Accessories,Storage,Asus,76192.38,32315.94
PROD00101,Samsung Keyboard,Accessories,Storage,Asus,68432.97,37783.88
PROD00102,HP Networking,Office Equipment,Networking,Logitech,90450.44,98176.83
PROD00103,Epson Computers,Electronics,Mobile,Canon,91595.3,71652.35
PROD00104,Dell Keyboard,Accessories,Storage,Epson,125309.51,66488.37
PROD00105,Samsung Scanner,Office Equipment,Printer,Epson,53790.1,34326.44
PROD00106,Canon Mobile,Electronics,Mobile,Samsung,27377.67,9318.66
PROD00107,Lenovo Audio,Electronics,Computers,HP,9265.4,53862.39
PROD00108,Logitech Scanner,Office Equipment,Networking,Samsung,99665.53,33270.86
PROD00109,Samsung Computers,Electronics,Computers,HP,118270.75,90522.55
PROD00110,Lenovo Networking,Office Equipment,Printer,Logitech,78450.49,90878.71
PROD00111,Logitech Mobile,Electronics,Computers,Dell,20729.46,87972.95
PROD00112,Apple Scanner,Office Equipment,Networking,Logitech,37149.88,49880.36
PROD00113,Sony Keyboard,Accessories,Storage,Lenovo,53639.27,68760.71
PROD00114,Logitech Networking,Office Equipment,Scanner,HP,117938.06,10132.51
PROD00115,Lenovo Mouse,Accessories,Storage,Apple,61173.93,39235.87
PROD00116,Epson Mouse,Accessories,Keyboard,Apple,128912.3,98348.18
PROD00117,HP Printer,Office Equipment,Scanner,Samsung,85399.15,99741.6
PROD00118,Epson Storage,Accessories,Storage,Sony,75729.31,63151.62
PROD00119,Logitech Networking,Office Equipment,Scanner,Samsung,61311.64,75372.46
PROD00120,Canon Audio,Electronics,Computers,HP,32867.41,48382.08
PROD00121,Logitech Mouse,Accessories,Storage,Epson,127941.15,32464.94
PROD00122,Canon Mouse,Accessories,Storage,Epson,9319.37,23760.42
PROD00123,Epson Networking,Office Equipment,Printer,Logitech,54836.0,95158.43
PROD00124,Logitech Storage,Accessories,Mouse,Lenovo,33209.21,32343.06
PROD00125,Sony Keyboard,Accessories,Storage,Lenovo,5043.81,14576.5
PROD00126,Apple Audio,Electronics,Mobile,HP,3011.48,47750.01
PROD00127,Samsung Audio,Electronics,Mobile,Apple,9569.36,24068.26
PROD00128,Lenovo Mobile,Electronics,Audio,Asus,22922.95,22822.52
PROD00129,Apple Audio,Electronics,Computers,Logitech,74950.28,26390.46
PROD00130,Dell Audio,Electronics,Computers,Dell,67436.31,80369.91
PROD00131,Apple Audio,Electronics,Audio,Canon,46037.46,7013.51
PROD00132,Samsung Networking,Office Equipment,Networking,Apple,69243.64,2179.71
PROD00133,Lenovo Keyboard,Accessories,Mouse,Logitech,57199.92,43472.94
PROD00134,Epson Storage,Accessories,Mouse,Asus,56249.98,81061.39
PROD00135,Asus Networking,Office Equipment,Printer,Lenovo,132306.34,72636.73
PROD00136,Lenovo Storage,Accessories,Mouse,Canon,21639.56,79177.37
PROD00137,Dell Storage,Accessories,Mouse,Asus,70784.21,85641.0
PROD00138,Asus Storage,Accessories,Storage,Canon,136470.79,57314.0
PROD00139,HP Keyboard,Accessories,Mouse,Lenovo,147064.33,85340.82
PROD00140,Asus Scanner,Office Equipment,Printer,Apple,92388.45,9970.5
PROD00141,Samsung Scanner,Office Equipment,Scanner,Logitech,61096.48,34359.73
PROD00142,Epson Scanner,Office Equipment,Networking,Dell,46238.43,44890.51
PROD00143,Epson Mobile,Electronics,Computers,Lenovo,17557.37,4245.09
PROD00144,HP Scanner,Office Equipment,Scanner,Logitech,739.63,42774.83
PROD00145,Logitech Storage,Accessories,Keyboard,Epson,16951.98,72396.48
PROD00146,Logitech Networking,Office Equipment,Printer,Logitech,15295.63,98312.16
PROD00147,Apple Audio,Electronics,Computers,Canon,129370.18,45673.0
PROD00148,Logitech Printer,Office Equipment,Networking,Asus,122198.03,11870.45
PROD00149,Dell Mobile,Electronics,Mobile,Dell,55526.69,6434.67
PROD00150,Samsung Scanner,Office Equipment,Networking,Lenovo,71662.42,91768.23
PROD00151,Dell Keyboard,Accessories,Storage,Lenovo,37538.9,24638.28
PROD00152,Lenovo Audio,Electronics,Mobile,Apple,41500.2,96640.72
PROD00153,Epson Networking,Office Equipment,Networking,Dell,147864.4,43373.4
PROD00154,Dell Storage,Accessories,Storage,Dell,66178.58,36657.98
PROD00155,Samsung Mouse,Accessories,Keyboard,Epson,90803.14,22614.08
PROD00156,Epson Scanner,Office Equipment,Scanner,Epson,58950.7,60185.26
PROD00157,HP Mobile,Electronics,Audio,Canon,72639.45,58378.85
PROD00158,Lenovo Scanner,Office Equipment,Networking,Sony,50866.0,61402.66
PROD00159,Lenovo Networking,Office Equipment,Printer,Lenovo,51852.44,31299.88
PROD00160,Lenovo Audio,Electronics,Computers,Asus,77229.86,29186.31
PROD00161,Logitech Audio,Electronics,Mobile,Sony,146818.07,25811.0
PROD00162,Logitech Keyboard,Accessories,Mouse,Logitech,99144.89,81229.03
PROD00163,Asus Mobile,Electronics,Audio,Samsung,64229.9,45225.36
PROD00164,Canon Storage,Accessories,Storage,Epson,82783.83,23087.98
PROD00165,Lenovo Mobile,Electronics,Computers,Samsung,133608.64,56503.94
PROD00166,Samsung Mouse,Accessories,Keyboard,Sony,17340.94,30199.93
PROD00167,Sony Scanner,Office Equipment,Networking,Sony,38346.46,65987.09
PROD00168,Dell Networking,Office Equipment,Networking,Samsung,110204.76,61598.14
PROD00169,Canon Printer,Office Equipment,Networking,Logitech,96159.51,48033.36
PROD00170,Canon Keyboard,Accessories,Storage,Sony,61377.04,70746.92
PROD00171,Dell Scanner,Office Equipment,Networking,HP,85433.05,5377.82
PROD00172,Epson Scanner,Office Equipment,Networking,Asus,84354.84,79281.7
PROD00173,Epson Storage,Accessories,Keyboard,Logitech,122663.93,88212.48
PROD00174,Asus Audio,Electronics,Computers,Lenovo,133097.65,59968.29
PROD00175,Asus Mouse,Accessories,Storage,Dell,17618.19,46303.47
PROD00176,Sony Keyboard,Accessories,Storage,Lenovo,74470.15,22762.3
PROD00177,Sony Storage,Accessories,Keyboard,Epson,69093.25,16688.8
PROD00178,Dell Storage,Accessories,Storage,Asus,104502.86,77657.11
PROD00179,Lenovo Keyboard,Accessories,Keyboard,Asus,13660.07,52693.7
PROD00180,Lenovo Mouse,Accessories,Mouse,Logitech,68864.27,51349.81
PROD00181,Sony Audio,Electronics,Mobile,Canon,100595.81,83850.89
PROD00182,Asus Scanner,Office Equipment,Networking,Lenovo,5951.13,38083.62
PROD00183,Apple Storage,Accessories,Storage,Dell,143413.13,42631.09
PROD00184,Apple Mouse,Accessories,Mouse,Asus,12939.41,31761.5
PROD00185,Dell Mobile,Electronics,Computers,HP,113130.88,61805.44
PROD00186,Dell Mouse,Accessories,Storage,Dell,120148.76,59261.57
PROD00187,Logitech Mouse,Accessories,Storage,Dell,26639.63,47309.92
PROD00188,Lenovo Audio,Electronics,Mobile,Epson,95966.04,97900.84
PROD00189,HP Scanner,Office Equipment,Printer,Dell,31067.38,7873.89
PROD00190,Asus Networking,Office Equipment,Networking,Sony,69931.42,13034.46
PROD00191,Apple Scanner,Office Equipment,Networking,Samsung,15116.25,21575.3
PROD00192,Lenovo Keyboard,Accessories,Storage,Lenovo,113477.49,76587.85
PROD00193,Epson Mobile,Electronics,Computers,Sony,147032.17,49522.28
PROD00194,HP Computers,Electronics,Audio,Asus,28649.11,68680.4
PROD00195,Apple Networking,Office Equipment,Printer,Dell,47669.89,69817.03
PROD00196,Apple Mouse,Accessories,Mouse,Canon,28795.07,11942.38
PROD00197,Canon Printer,Office Equipment,Networking,Dell,10554.25,59473.02
PROD00198,HP Audio,Electronics,Computers,Samsung,135238.09,61713.96
PROD00199,Logitech Mobile,Electronics,Audio,Apple,95077.04,43354.96
PROD00200,Epson Keyboard,Accessories,Keyboard,HP,106595.56,41772.74
PROD00201,Apple Storage,Accessories,Mouse,Logitech,64532.09,37987.44
PROD00202,Samsung Storage,Accessories,Keyboard,Epson,97134.8,67010.47
PROD00203,Canon Computers,Electronics,Mobile,Apple,114021.85,67529.77
PROD00204,Dell Mouse,Accessories,Storage,Canon,127550.02,6525.14
PROD00205,Lenovo Scanner,Office Equipment,Networking,Samsung,147094.31,27732.21
PROD00206,Epson Keyboard,Accessories,Mouse,Dell,73655.14,77676.33
PROD00207,Epson Storage,Accessories,Mouse,Dell,13893.86,69750.0
PROD00208,Epson Keyboard,Accessories,Mouse,Canon,62538.28,36270.07
PROD00209,HP Computers,Electronics,Audio,Logitech,114764.89,94054.35
PROD00210,Epson Mouse,Accessories,Mouse,Asus,27981.28,34214.59
PROD00211,Lenovo Keyboard,Accessories,Keyboard,Apple,44821.07,93413.25
PROD00212,Lenovo Storage,Accessories,Keyboard,Sony,105411.81,94285.56
PROD00213,Samsung Audio,Electronics,Audio,Samsung,139441.21,21198.16
PROD00214,Logitech Computers,Electronics,Mobile,HP,144003.03,13281.66
PROD00215,Canon Printer,Office Equipment,Networking,Asus,104824.62,51467.4
PROD00216,Epson Networking,Office Equipment,Printer,HP,104349.09,99395.61
PROD00217,Apple Audio,Electronics,Computers,Dell,83940.26,77097.36
PROD00218,Sony Printer,Office Equipment,Networking,Samsung,17068.79,65162.65
PROD00219,Samsung Scanner,Office Equipment,Printer,Epson,55473.85,87867.36
PROD00220,Samsung Mouse,Accessories,Storage,Asus,71159.77,13132.35
PROD00221,Lenovo Storage,Accessories,Keyboard,Asus,122002.83,58446.74
PROD00222,Apple Networking,Office Equipment,Printer,Samsung,117556.05,89645.4
PROD00223,Canon Mobile,Electronics,Mobile,Epson,31123.24,53861.61
PROD00224,Lenovo Printer,Office Equipment,Printer,Canon,131651.23,17599.0
PROD00225,Samsung Networking,Office Equipment,Printer,HP,42826.79,7492.79
PROD00226,Lenovo Keyboard,Accessories,Mouse,Canon,6262.55,95085.21
PROD00227,Samsung Networking,Office Equipment,Scanner,Sony,119988.02,99387.83
PROD00228,Asus Keyboard,Accessories,Storage,Samsung,20689.57,47058.51
PROD00229,Samsung Audio,Electronics,Audio,Apple,47434.88,43627.86
PROD00230,Epson Mouse,Accessories,Keyboard,Epson,110044.05,28307.21
PROD00231,Apple Mobile,Electronics,Audio,Samsung,1606.66,29228.67
PROD00232,Apple Audio,Electronics,Computers,Lenovo,101584.57,15942.23
PROD00233,HP Computers,Electronics,Computers,Epson,62902.39,23658.26
PROD00234,Asus Scanner,Office Equipment,Networking,Sony,19184.97,3544.41
PROD00235,HP Computers,Electronics,Mobile,Lenovo,1757.55,21425.53
PROD00236,Apple Storage,Accessories,Storage,Logitech,139323.13,24697.87
PROD00237,Dell Scanner,Office Equipment,Networking,Canon,74830.48,32187.65
PROD00238,Samsung Audio,Electronics,Computers,Samsung,114451.46,76486.62
PROD00239,Samsung Networking,Office Equipment,Printer,Dell,46349.36,84643.03
PROD00240,Samsung Scanner,Office Equipment,Networking,HP,68530.31,86810.89
PROD00241,Logitech Printer,Office Equipment,Networking,Sony,71265.92,7449.85
PROD00242,Asus Keyboard,Accessories,Keyboard,Apple,33574.44,27549.85
PROD00243,Logitech Audio,Electronics,Computers,Logitech,7956.68,75898.25
PROD00244,Epson Mouse,Accessories,Storage,Lenovo,92719.5,34163.56
PROD00245,Canon Audio,Electronics,Computers,Sony,68958.72,35703.56
PROD00246,Epson Scanner,Office Equipment,Printer,Asus,16405.89,39202.57
PROD00247,Apple Storage,Accessories,Storage,Samsung,55313.06,25249.42
PROD00248,Lenovo Scanner,Office Equipment,Printer,Logitech,79190.97,97984.23
PROD00249,Samsung Printer,Office Equipment,Networking,Logitech,140722.44,63742.43
PROD00250,Samsung Storage,Accessories,Mouse,Apple,36977.96,13019.72
PROD00251,Logitech Mouse,Accessories,Keyboard,Epson,146803.29,62862.88
PROD00252,Canon Mobile,Electronics,Audio,Dell,75373.93,97802.24
PROD00253,Apple Scanner,Office Equipment,Scanner,Canon,6831.79,22846.82
PROD00254,Asus Keyboard,Accessories,Storage,HP,58888.25,94512.58
PROD00255,Dell Mouse,Accessories,Storage,HP,43072.82,26373.51
PROD00256,Samsung Audio,Electronics,Mobile,Sony,58594.82,54311.38
PROD00257,Sony Mouse,Accessories,Keyboard,Epson,104614.07,63273.38
PROD00258,Epson Scanner,Office Equipment,Printer,Apple,20424.45,54889.79
PROD00259,Lenovo Printer,Office Equipment,Printer,HP,110734.35,55485.8
PROD00260,Canon Networking,Office Equipment,Printer,Sony,73067.26,20240.9
PROD00261,Dell Networking,Office Equipment,Networking,Apple,80831.3,56416.67
PROD00262,HP Keyboard,Accessories,Storage,Lenovo,148676.43,87428.68
PROD00263,Sony Audio,Electronics,Mobile,Lenovo,89705.15,30679.5
PROD00264,HP Mobile,Electronics,Computers,Dell,129064.7,52428.02
PROD00265,HP Mobile,Electronics,Audio,Logitech,39380.33,41970.79
PROD00266,Sony Storage,Accessories,Mouse,Samsung,67897.46,76493.39
PROD00267,Apple Scanner,Office Equipment,Printer,Apple,29665.67,13043.65
PROD00268,Sony Computers,Electronics,Computers,Sony,57761.39,88956.23
PROD00269,Asus Mouse,Accessories,Keyboard,Lenovo,74599.97,73333.66
PROD00270,Asus Storage,Accessories,Keyboard,Samsung,65279.11,91204.03
PROD00271,Asus Computers,Electronics,Computers,Apple,39319.96,93286.43
PROD00272,Samsung Networking,Office Equipment,Networking,Sony,65873.64,96009.2
PROD00273,Samsung Networking,Office Equipment,Printer,Asus,143366.92,37930.81
PROD00274,Samsung Keyboard,Accessories,Keyboard,Epson,32440.67,49814.97
PROD00275,Samsung Scanner,Office Equipment,Printer,Samsung,108825.34,67626.0
PROD00276,Lenovo Mouse,Accessories,Mouse,Epson,138035.38,17477.67
PROD00277,Asus Keyboard,Accessories,Mouse,Logitech,74752.5,49039.22
PROD00278,Canon Audio,Electronics,Computers,HP,60356.92,11879.27
PROD00279,Apple Keyboard,Accessories,Keyboard,Epson,90614.53,89943.88
PROD00280,Logitech Scanner,Office Equipment,Printer,HP,69134.52,20199.68
PROD00281,Logitech Audio,Electronics,Mobile,Dell,93337.75,42609.08
PROD00282,Apple Networking,Office Equipment,Scanner,HP,47133.6,58982.75
PROD00283,Dell Scanner,Office Equipment,Printer,Sony,78121.7,59302.66
PROD00284,Dell Keyboard,Accessories,Storage,HP,38361.22,62739.39
PROD00285,Sony Computers,Electronics,Computers,Epson,27638.03,19301.4
PROD00286,HP Printer,Office Equipment,Networking,Dell,128689.6,22031.06
PROD00287,Sony Keyboard,Accessories,Storage,Samsung,30311.48,80725.72
PROD00288,HP Networking,Office Equipment,Scanner,Dell,92703.38,59782.08
PROD00289,Sony Audio,Electronics,Audio,Sony,45910.96,80323.51
PROD00290,Lenovo Keyboard,Accessories,Storage,Apple,124512.86,85613.02
PROD00291,Asus Printer,Office Equipment,Networking,Samsung,139151.11,72050.71
PROD00292,HP Networking,Office Equipment,Networking,Sony,68074.8,64791.15
PROD00293,Logitech Scanner,Office Equipment,Networking,HP,70771.71,33972.58
PROD00294,Lenovo Networking,Office Equipment,Scanner,Sony,92000.49,56188.52
PROD00295,Apple Mobile,Electronics,Computers,Canon,103170.87,43580.42
PROD00296,Samsung Keyboard,Accessories,Keyboard,Sony,3646.46,74306.76
PROD00297,HP Mobile,Electronics,Audio,Epson,7069.55,96184.65
PROD00298,Epson Printer,Office Equipment,Networking,Sony,135061.73,73601.75
PROD00299,Canon Mobile,Electronics,Audio,Dell,72646.29,51390.15
PROD00300,Asus Storage,Accessories,Mouse,Canon,10409.58,43531.59
PROD00301,Epson Networking,Office Equipment,Printer,Logitech,66705.59,6354.81
PROD00302,Apple Keyboard,Accessories,Mouse,Canon,28348.55,89523.97
PROD00303,Canon Scanner,Office Equipment,Scanner,Canon,129269.01,81280.38
PROD00304,Samsung Networking,Office Equipment,Scanner,Asus,5068.13,90387.57
PROD00305,Sony Computers,Electronics,Audio,Logitech,45486.6,5783.09
PROD00306,Dell Computers,Electronics,Computers,Canon,10428.6,36574.8
PROD00307,Canon Mobile,Electronics,Computers,Canon,75725.28,55808.48
PROD00308,Epson Computers,Electronics,Mobile,Dell,97439.63,55002.2
PROD00309,Dell Mobile,Electronics,Computers,Asus,87054.74,55635.22
PROD00310,Logitech Scanner,Office Equipment,Networking,Asus,135282.08,17998.73
PROD00311,Lenovo Mouse,Accessories,Mouse,Dell,110631.47,90108.95
PROD00312,Asus Mouse,Accessories,Mouse,Canon,10610.16,62360.23
PROD00313,Samsung Keyboard,Accessories,Keyboard,Samsung,56063.49,98518.41
PROD00314,Canon Audio,Electronics,Audio,Lenovo,63014.6,42752.82
PROD00315,Samsung Scanner,Office Equipment,Networking,Logitech,116196.38,40339.7
PROD00316,Apple Mobile,Electronics,Mobile,Epson,115103.75,65917.76
PROD00317,Logitech Scanner,Office Equipment,Scanner,Sony,122578.1,8474.12
PROD00318,Sony Printer,Office Equipment,Printer,Samsung,48566.35,23305.72
PROD00319,Epson Audio,Electronics,Mobile,Canon,120573.91,39788.1
PROD00320,Logitech Networking,Office Equipment,Printer,Logitech,81665.34,59944.88
PROD00321,Apple Printer,Office Equipment,Printer,Logitech,106638.29,14994.94
PROD00322,Apple Storage,Accessories,Storage,Sony,50336.25,26697.82
PROD00323,Lenovo Computers,Electronics,Audio,Dell,51816.14,2102.95
PROD00324,Samsung Storage,Accessories,Mouse,Samsung,66247.35,53332.53
PROD00325,Canon Mouse,Accessories,Keyboard,Lenovo,149439.27,17990.27
PROD00326,Asus Mouse,Accessories,Mouse,Epson,119741.14,22880.95
PROD00327,Sony Scanner,Office Equipment,Networking,Sony,126644.83,88058.22
PROD00328,Lenovo Audio,Electronics,Mobile,Sony,71923.64,79472.92
PROD00329,Apple Audio,Electronics,Audio,Canon,2674.81,95233.56
PROD00330,Logitech Keyboard,Accessories,Mouse,Apple,148543.73,21132.65
PROD00331,Dell Scanner,Office Equipment,Networking,Canon,62869.78,54179.0
PROD00332,Canon Storage,Accessories,Storage,Apple,31718.47,22749.24
PROD00333,Sony Networking,Office Equipment,Printer,Sony,84528.31,5291.09
PROD00334,Asus Mouse,Accessories,Storage,Lenovo,18948.68,11021.98
PROD00335,HP Networking,Office Equipment,Networking,HP,9661.76,85007.94
PROD00336,Epson Audio,Electronics,Mobile,Samsung,116618.16,55651.07
PROD00337,Apple Scanner,Office Equipment,Printer,Epson,68579.41,22470.23
PROD00338,Canon Mouse,Accessories,Storage,Samsung,107401.85,12482.37
PROD00339,Samsung Mobile,Electronics,Computers,Apple,5828.92,21430.11
PROD00340,HP Computers,Electronics,Audio,Apple,48419.29,18631.87
PROD00341,Canon Mouse,Accessories,Storage,Lenovo,146960.32,67898.81
PROD00342,Dell Mouse,Accessories,Keyboard,Dell,82701.32,89216.14
PROD00343,Epson Printer,Office Equipment,Networking,Apple,108143.96,12021.14
PROD00344,Epson Mouse,Accessories,Mouse,HP,131334.69,97690.52
PROD00345,Apple Mobile,Electronics,Mobile,Samsung,85427.85,15130.08
PROD00346,Epson Audio,Electronics,Audio,Asus,110212.91,42731.99
PROD00347,Epson Keyboard,Accessories,Keyboard,Sony,148051.05,96414.92
PROD00348,Apple Keyboard,Accessories,Mouse,Sony,47431.95,61294.94
PROD00349,Epson Mouse,Accessories,Keyboard,Apple,55034.53,73914.66
PROD00350,Epson Storage,Accessories,Keyboard,Samsung,50779.59,6212.55
PROD00351,Epson Printer,Office Equipment,Networking,HP,114082.85,11627.0
PROD00352,Asus Computers,Electronics,Computers,Logitech,63668.18,62694.76
PROD00353,HP Networking,Office Equipment,Printer,Lenovo,90144.69,91904.01
PROD00354,Apple Audio,Electronics,Audio,Logitech,129177.32,67333.51
PROD00355,Lenovo Storage,Accessories,Storage,Canon,118337.1,45278.74
PROD00356,Canon Computers,Electronics,Computers,Sony,117635.89,4989.57
PROD00357,Lenovo Audio,Electronics,Audio,HP,99619.9,73811.06
PROD00358,Sony Audio,Electronics,Computers,Lenovo,85036.87,46252.61
PROD00359,Sony Storage,Accessories,Keyboard,Apple,108463.19,40821.84
PROD00360,Logitech Storage,Accessories,Mouse,Asus,28381.52,65439.47
PROD00361,Asus Mobile,Electronics,Audio,Lenovo,125487.49,89133.08
PROD00362,Canon Scanner,Office Equipment,Printer,Epson,64439.33,29844.99
PROD00363,Epson Storage,Accessories,Mouse,Logitech,149673.7,85451.43
PROD00364,Epson Mobile,Electronics,Mobile,Sony,129856.01,27327.74
PROD00365,Dell Networking,Office Equipment,Networking,Lenovo,148341.5,84251.15
PROD00366,Canon Printer,Office Equipment,Networking,Epson,54532.04,4176.89
PROD00367,Lenovo Printer,Office Equipment,Scanner,Logitech,81497.56,66980.3
PROD00368,Lenovo Networking,Office Equipment,Printer,HP,82832.84,84665.95
PROD00369,Canon Storage,Accessories,Storage,Canon,144156.78,78772.14
PROD00370,Dell Audio,Electronics,Computers,Asus,121231.79,16668.3
PROD00371,Apple Printer,Office Equipment,Scanner,Samsung,86178.04,71856.81
PROD00372,HP Mouse,Accessories,Storage,Canon,89762.87,73217.56
PROD00373,Logitech Mouse,Accessories,Keyboard,Lenovo,77234.07,31564.06
PROD00374,HP Mobile,Electronics,Computers,Epson,49965.26,11698.09
PROD00375,Logitech Scanner,Office Equipment,Networking,Apple,124008.07,42535.75
PROD00376,Asus Computers,Electronics,Audio,Apple,60872.8,38170.58
PROD00377,Logitech Keyboard,Accessories,Storage,Epson,73137.97,88910.55
PROD00378,HP Audio,Electronics,Audio,Apple,9834.85,24267.02
PROD00379,Lenovo Mouse,Accessories,Keyboard,Samsung,127127.54,96241.15
PROD00380,HP Printer,Office Equipment,Printer,Epson,83869.27,95529.14
PROD00381,HP Mobile,Electronics,Mobile,Logitech,24128.49,81627.0
PROD00382,Samsung Audio,Electronics,Mobile,Samsung,13423.62,90339.34
PROD00383,Dell Scanner,Office Equipment,Networking,Sony,127185.6,85804.23
PROD00384,Asus Keyboard,Accessories,Keyboard,Canon,27979.91,38297.41
PROD00385,Asus Printer,Office Equipment,Scanner,Logitech,110738.28,18265.41
PROD00386,Canon Networking,Office Equipment,Printer,Canon,117354.04,56586.94
PROD00387,Apple Computers,Electronics,Audio,Epson,93659.34,97178.84
PROD00388,Dell Keyboard,Accessories,Storage,Apple,142592.52,15828.73
PROD00389,Apple Scanner,Office Equipment,Scanner,Asus,133488.47,66768.03
PROD00390,Logitech Computers,Electronics,Computers,Canon,3276.21,28883.16
PROD00391,Samsung Printer,Office Equipment,Scanner,Epson,124427.26,37020.2
PROD00392,Logitech Printer,Office Equipment,Printer,Logitech,68038.9,44661.5
PROD00393,Canon Keyboard,Accessories,Keyboard,Canon,59576.88,78015.22
PROD00394,Apple Storage,Accessories,Mouse,HP,49622.52,51290.69
PROD00395,Epson Storage,Accessories,Storage,Logitech,44695.02,74839.7
PROD00396,Samsung Printer,Office Equipment,Networking,Sony,76847.58,41444.16
PROD00397,Logitech Scanner,Office Equipment,Scanner,HP,144000.27,6274.98
PROD00398,Asus Keyboard,Accessories,Mouse,Lenovo,142535.93,17542.41
PROD00399,Asus Mobile,Electronics,Mobile,Lenovo,94929.43,19658.54
PROD00400,Samsung Computers,Electronics,Mobile,HP,25779.91,48459.58
PROD00401,Logitech Keyboard,Accessories,Mouse,Epson,132342.23,61380.47
PROD00402,Sony Networking,Office Equipment,Scanner,HP,88696.48,70192.3
PROD00403,Epson Storage,Accessories,Keyboard,Logitech,23356.63,49090.55
PROD00404,Epson Scanner,Office Equipment,Networking,Samsung,56280.09,46663.46
PROD00405,Lenovo Mouse,Accessories,Mouse,Samsung,149094.07,13697.57
PROD00406,Sony Storage,Accessories,Mouse,Samsung,60315.85,65876.34
PROD00407,HP Mouse,Accessories,Storage,Sony,121230.68,15224.05
PROD00408,Dell Printer,Office Equipment,Networking,Epson,22396.56,62999.07
PROD00409,Lenovo Storage,Accessories,Storage,Canon,101002.74,92468.59
PROD00410,Samsung Mobile,Electronics,Audio,Epson,87343.58,86416.53
PROD00411,Apple Mobile,Electronics,Computers,HP,101128.19,63118.22
PROD00412,Dell Scanner,Office Equipment,Printer,Epson,31790.83,19551.31
PROD00413,Lenovo Printer,Office Equipment,Scanner,Apple,100245.79,77300.36
PROD00414,HP Networking,Office Equipment,Printer,Dell,52637.3,72153.04
PROD00415,Sony Printer,Office Equipment,Printer,Samsung,133587.74,37031.79
PROD00416,Logitech Audio,Electronics,Audio,Asus,54638.29,45408.46
PROD00417,Asus Networking,Office Equipment,Printer,Epson,50353.26,66672.46
PROD00418,Dell Keyboard,Accessories,Storage,Lenovo,11142.2,56753.9
PROD00419,Sony Networking,Office Equipment,Scanner,Samsung,123818.98,1529.3
PROD00420,Apple Mobile,Electronics,Audio,Sony,2075.94,74894.87
PROD00421,Epson Storage,Accessories,Storage,HP,129254.7,90515.64
PROD00422,Asus Audio,Electronics,Audio,Lenovo,137571.93,9907.93
PROD00423,Canon Scanner,Office Equipment,Scanner,Apple,95481.09,8520.74
PROD00424,Logitech Printer,Office Equipment,Networking,Sony,9295.75,74053.74
PROD00425,Asus Networking,Office Equipment,Networking,Asus,36023.28,67000.22
PROD00426,Dell Mouse,Accessories,Keyboard,Dell,75333.34,77274.99
PROD00427,HP Scanner,Office Equipment,Networking,Asus,94366.65,17701.18
PROD00428,Logitech Keyboard,Accessories,Keyboard,HP,2822.39,79971.67
PROD00429,Epson Printer,Office Equipment,Printer,Canon,86171.72,58224.2
PROD00430,HP Mobile,Electronics,Computers,Asus,48141.3,92786.11
PROD00431,Apple Keyboard,Accessories,Storage,Logitech,32008.21,64152.05
PROD00432,Canon Keyboard,Accessories,Keyboard,Sony,49230.69,62962.54
PROD00433,Lenovo Storage,Accessories,Keyboard,Epson,20064.71,68727.92
PROD00434,Apple Audio,Electronics,Audio,Canon,140513.23,96510.64
PROD00435,Lenovo Computers,Electronics,Computers,Logitech,110691.28,3197.43
PROD00436,Canon Mobile,Electronics,Computers,Samsung,10559.17,25072.88
PROD00437,Dell Scanner,Office Equipment,Scanner,Samsung,108929.57,95728.82
PROD00438,Sony Audio,Electronics,Audio,Samsung,106492.91,35312.38
PROD00439,Canon Audio,Electronics,Audio,Asus,135024.68,35212.74
PROD00440,Lenovo Mobile,Electronics,Mobile,Canon,103243.39,73048.6
PROD00441,Epson Mobile,Electronics,Mobile,Lenovo,123422.03,1437.48
PROD00442,Asus Keyboard,Accessories,Storage,Canon,147350.17,82899.7
PROD00443,Samsung Mouse,Accessories,Mouse,Sony,80935.82,44206.92
PROD00444,Epson Keyboard,Accessories,Storage,Sony,46833.78,51120.74
PROD00445,Logitech Keyboard,Accessories,Storage,HP,102545.75,93170.26
PROD00446,HP Computers,Electronics,Mobile,HP,115862.29,50965.43
PROD00447,Asus Mobile,Electronics,Computers,Asus,128760.62,38892.71
PROD00448,HP Mobile,Electronics,Computers,Apple,37500.26,46814.3
PROD00449,Dell Mobile,Electronics,Computers,Canon,45918.29,28369.78
PROD00450,Lenovo Scanner,Office Equipment,Scanner,Epson,28617.03,44408.82
PROD00451,Apple Audio,Electronics,Audio,Lenovo,31361.69,76821.55
PROD00452,Asus Mouse,Accessories,Keyboard,Apple,63474.51,13428.84
PROD00453,Canon Printer,Office Equipment,Networking,Asus,7034.27,87499.37
PROD00454,Apple Printer,Office Equipment,Networking,Dell,85390.18,61617.76
PROD00455,Sony Storage,Accessories,Keyboard,Dell,92976.01,29037.2
PROD00456,Lenovo Mobile,Electronics,Computers,Dell,32946.36,99254.26
PROD00457,Asus Networking,Office Equipment,Printer,Logitech,104498.53,31999.66
PROD00458,Sony Keyboard,Accessories,Mouse,Epson,54993.04,90926.93
PROD00459,Dell Audio,Electronics,Mobile,Apple,74411.27,11947.02
PROD00460,HP Mouse,Accessories,Storage,Asus,116659.96,11663.64
PROD00461,Canon Mobile,Electronics,Mobile,Logitech,123083.58,3977.89
PROD00462,Sony Scanner,Office Equipment,Networking,Dell,126967.7,77296.52
PROD00463,Asus Keyboard,Accessories,Keyboard,Asus,110211.17,73037.34
PROD00464,Apple Mobile,Electronics,Mobile,Epson,40601.92,88872.34
PROD00465,Canon Printer,Office Equipment,Scanner,Asus,102017.57,70800.57
PROD00466,Samsung Printer,Office Equipment,Scanner,Epson,119211.1,6039.41
PROD00467,Sony Computers,Electronics,Computers,Asus,113569.38,66410.58
PROD00468,Dell Scanner,Office Equipment,Printer,Epson,16506.09,50145.82
PROD00469,Samsung Audio,Electronics,Audio,Epson,44426.68,64865.45
PROD00470,HP Networking,Office Equipment,Printer,Sony,64854.7,56038.51
PROD00471,Apple Mobile,Electronics,Audio,Sony,85502.7,45300.26
PROD00472,Dell Audio,Electronics,Mobile,Sony,112756.43,87062.61
PROD00473,Epson Keyboard,Accessories,Mouse,Lenovo,118982.07,71356.54
PROD00474,Lenovo Printer,Office Equipment,Networking,Sony,131136.52,19229.2
PROD00475,Logitech Mouse,Accessories,Mouse,Sony,142174.64,24064.06
PROD00476,Lenovo Networking,Office Equipment,Printer,Asus,25989.22,78731.02
PROD00477,HP Scanner,Office Equipment,Scanner,Samsung,16279.53,97657.07
PROD00478,Dell Keyboard,Accessories,Keyboard,Sony,115597.74,51237.58
PROD00479,Samsung Mouse,Accessories,Keyboard,Asus,96162.1,67392.84
PROD00480,Samsung Mobile,Electronics,Computers,Canon,25495.03,74343.53
PROD00481,Sony Audio,Electronics,Computers,Canon,39257.04,2711.26
PROD00482,Asus Mobile,Electronics,Audio,Canon,148779.55,94595.6
PROD00483,Dell Computers,Electronics,Audio,Canon,119429.41,82910.42
PROD00484,Sony Audio,Electronics,Audio,Epson,121776.06,69241.34
PROD00485,Logitech Computers,Electronics,Mobile,Asus,111205.53,97370.47
PROD00486,Logitech Audio,Electronics,Audio,Epson,27869.43,72505.58
PROD00487,Apple Audio,Electronics,Audio,Sony,112790.4,15829.82
PROD00488,HP Mouse,Accessories,Mouse,Dell,6671.89,11547.48
PROD00489,Asus Mouse,Accessories,Mouse,Logitech,92276.64,3884.49
PROD00490,Epson Printer,Office Equipment,Networking,Logitech,63417.37,46364.5
PROD00491,Epson Audio,Electronics,Audio,Asus,116883.5,35985.93
PROD00492,Lenovo Storage,Accessories,Keyboard,Lenovo,125655.03,40855.54
PROD00493,Sony Mobile,Electronics,Mobile,Samsung,43460.34,16963.46
PROD00494,Asus Storage,Accessories,Mouse,Logitech,90634.45,36508.17
PROD00495,HP Storage,Accessories,Mouse,Apple,12923.68,72379.69
PROD00496,Dell Audio,Electronics,Mobile,Samsung,113129.25,84384.35
PROD00497,HP Scanner,Office Equipment,Printer,Lenovo,38892.85,935.42
PROD00498,Epson Computers,Electronics,Audio,Logitech,13435.43,91284.77
PROD00499,Canon Mouse,Accessories,Storage,Dell,41606.12,19349.58
PROD00500,Dell Networking,Office Equipment,Networking,Sony,149422.33,24414.07
PROD00501,Logitech Mobile,Electronics,Audio,Lenovo,37558.69,81748.02
PROD00502,Canon Mouse,Accessories,Storage,Lenovo,17370.32,99302.0
PROD00503,Logitech Scanner,Office Equipment,Printer,Logitech,26503.42,16892.91
PROD00504,Apple Audio,Electronics,Audio,Epson,8972.21,3118.95
PROD00505,Samsung Mobile,Electronics,Mobile,HP,141476.55,34130.47
PROD00506,Samsung Mouse,Accessories,Mouse,Asus,43575.38,96440.99
PROD00507,Canon Mouse,Accessories,Mouse,Logitech,126838.89,91065.77
PROD00508,Sony Scanner,Office Equipment,Scanner,Sony,18923.53,90916.68
PROD00509,Asus Audio,Electronics,Audio,Epson,2389.59,58399.64
PROD00510,Logitech Networking,Office Equipment,Scanner,HP,123528.79,60825.38
PROD00511,Asus Keyboard,Accessories,Storage,HP,125976.67,79308.54
PROD00512,Lenovo Mobile,Electronics,Audio,Apple,87629.94,2947.07
PROD00513,Apple Scanner,Office Equipment,Printer,Dell,77829.39,65171.73
PROD00514,Epson Scanner,Office Equipment,Networking,Dell,55888.64,49128.28
PROD00515,Canon Computers,Electronics,Mobile,Epson,125092.33,48235.68
PROD00516,Canon Audio,Electronics,Audio,HP,103362.4,62229.82
PROD00517,Logitech Storage,Accessories,Keyboard,HP,85165.56,29745.79
PROD00518,Apple Audio,Electronics,Computers,Epson,99553.57,71508.36
PROD00519,HP Keyboard,Accessories,Keyboard,Epson,81978.15,49498.37
PROD00520,Logitech Scanner,Office Equipment,Printer,HP,139740.6,77916.39
PROD00521,Sony Computers,Electronics,Mobile,Lenovo,67813.08,88381.56
PROD00522,Lenovo Printer,Office Equipment,Scanner,Epson,40349.47,52456.53
PROD00523,HP Mobile,Electronics,Mobile,Samsung,81397.71,3329.78
PROD00524,Logitech Scanner,Office Equipment,Networking,Samsung,43590.13,55137.28
PROD00525,Samsung Mouse,Accessories,Storage,Samsung,146816.25,58396.06
PROD00526,Asus Computers,Electronics,Audio,Sony,46752.95,7966.86
PROD00527,Lenovo Scanner,Office Equipment,Printer,Sony,33677.01,44544.04
PROD00528,Epson Mouse,Accessories,Keyboard,HP,123383.07,34781.78
PROD00529,Dell Computers,Electronics,Computers,Apple,142083.2,35621.91
PROD00530,HP Computers,Electronics,Computers,Logitech,149465.72,86261.2
PROD00531,Dell Networking,Office Equipment,Printer,Logitech,57768.25,37677.36
PROD00532,Apple Audio,Electronics,Mobile,Asus,63248.73,12612.02
PROD00533,Asus Printer,Office Equipment,Printer,Asus,14944.28,42792.85
PROD00534,Lenovo Printer,Office Equipment,Scanner,Canon,17448.96,91814.92
PROD00535,Lenovo Mobile,Electronics,Computers,Dell,117407.97,5792.96
PROD00536,Dell Networking,Office Equipment,Networking,Logitech,118669.46,54179.67
PROD00537,Logitech Keyboard,Accessories,Storage,Epson,143911.35,49464.36
PROD00538,Apple Audio,Electronics,Mobile,Canon,145183.14,81488.2
PROD00539,Apple Mobile,Electronics,Computers,Lenovo,3173.17,96752.43
PROD00540,Canon Storage,Accessories,Mouse,Dell,10828.93,23841.4
PROD00541,Epson Mobile,Electronics,Mobile,Apple,95834.8,89624.94
PROD00542,Dell Audio,Electronics,Mobile,HP,10602.37,32027.43
PROD00543,Sony Mobile,Electronics,Audio,Samsung,64450.33,1830.02
PROD00544,Samsung Networking,Office Equipment,Printer,Sony,11705.89,29509.64
PROD00545,Dell Computers,Electronics,Mobile,Canon,124791.83,41173.8
PROD00546,Canon Storage,Accessories,Storage,Apple,139506.86,89937.69
PROD00547,Dell Networking,Office Equipment,Networking,Asus,99695.98,83265.37
PROD00548,Dell Mouse,Accessories,Keyboard,Sony,99027.75,33227.93
PROD00549,Lenovo Mouse,Accessories,Keyboard,Logitech,16615.13,52622.06
PROD00550,Canon Printer,Office Equipment,Printer,Logitech,26236.83,59529.51
PROD00551,Samsung Audio,Electronics,Mobile,Asus,122531.54,7805.54
PROD00552,Asus Mobile,Electronics,Computers,Epson,81631.08,88203.33
PROD00553,HP Keyboard,Accessories,Keyboard,Asus,99589.46,92304.48
PROD00554,Logitech Printer,Office Equipment,Scanner,Dell,40620.79,72183.66
PROD00555,HP Computers,Electronics,Audio,Dell,35912.22,85427.95
PROD00556,Samsung Keyboard,Accessories,Keyboard,Lenovo,138449.97,29915.37
PROD00557,Logitech Audio,Electronics,Mobile,Asus,52555.15,85555.1
PROD00558,Samsung Scanner,Office Equipment,Printer,Logitech,65647.9,42969.44
PROD00559,Dell Scanner,Office Equipment,Scanner,Canon,119498.91,75846.61
PROD00560,Samsung Audio,Electronics,Audio,Sony,86291.14,16790.49
PROD00561,Samsung Mouse,Accessories,Mouse,HP,77665.87,8643.83
PROD00562,Samsung Keyboard,Accessories,Keyboard,Lenovo,140343.76,61421.75
PROD00563,Canon Computers,Electronics,Computers,Asus,8559.82,83419.76
PROD00564,Lenovo Networking,Office Equipment,Scanner,Apple,91665.79,30498.85
PROD00565,Dell Mobile,Electronics,Mobile,Dell,43977.27,35786.03
PROD00566,Dell Scanner,Office Equipment,Printer,Apple,7360.1,51721.75
PROD00567,Samsung Scanner,Office Equipment,Scanner,Apple,69219.04,15829.86
PROD00568,Canon Mobile,Electronics,Mobile,Epson,91189.54,9668.66
PROD00569,Samsung Scanner,Office Equipment,Printer,Canon,105009.61,97311.29
PROD00570,Sony Computers,Electronics,Computers,Asus,44135.25,63257.27
PROD00571,Lenovo Keyboard,Accessories,Storage,Lenovo,93999.73,29238.57
PROD00572,Logitech Keyboard,Accessories,Keyboard,Canon,125047.79,76406.17
PROD00573,Canon Audio,Electronics,Mobile,Canon,132981.22,4396.59
PROD00574,HP Networking,Office Equipment,Printer,Sony,136255.22,56116.54
PROD00575,Apple Storage,Accessories,Keyboard,Asus,69175.09,96950.34
PROD00576,Sony Scanner,Office Equipment,Scanner,Samsung,8657.6,87449.09
PROD00577,Epson Networking,Office Equipment,Printer,Canon,92130.73,9392.56
PROD00578,Lenovo Audio,Electronics,Computers,HP,92621.87,20975.91
PROD00579,Canon Keyboard,Accessories,Keyboard,Dell,82826.69,87164.47
PROD00580,Sony Storage,Accessories,Keyboard,Epson,53880.63,86883.29
PROD00581,Samsung Printer,Office Equipment,Networking,Dell,12118.55,95125.15
PROD00582,Apple Mobile,Electronics,Audio,Epson,74558.32,67751.17
PROD00583,Asus Networking,Office Equipment,Networking,Lenovo,85368.45,10953.38
PROD00584,Logitech Computers,Electronics,Mobile,Canon,135760.52,74242.52
PROD00585,Samsung Keyboard,Accessories,Keyboard,Logitech,77646.65,72802.93
PROD00586,HP Networking,Office Equipment,Printer,Canon,66531.09,73398.8
PROD00587,Canon Audio,Electronics,Computers,Asus,137793.16,36609.58
PROD00588,Samsung Audio,Electronics,Audio,Logitech,15341.95,37400.84
PROD00589,HP Computers,Electronics,Mobile,HP,79107.45,78514.75
PROD00590,Sony Scanner,Office Equipment,Networking,Sony,31246.66,66157.8
PROD00591,Apple Computers,Electronics,Mobile,Lenovo,61068.74,51731.87
PROD00592,Lenovo Keyboard,Accessories,Keyboard,Apple,141967.86,8685.03
PROD00593,Asus Mobile,Electronics,Audio,Samsung,149442.85,53105.54
PROD00594,Asus Mouse,Accessories,Mouse,Canon,15119.5,36809.85
PROD00595,Lenovo Mouse,Accessories,Storage,Apple,45401.96,69535.75
PROD00596,Asus Keyboard,Accessories,Storage,Apple,35509.39,78598.49
PROD00597,Apple Audio,Electronics,Mobile,HP,16522.05,41341.23
PROD00598,Samsung Mobile,Electronics,Audio,Logitech,103254.03,93246.16
PROD00599,Samsung Mouse,Accessories,Storage,Asus,149941.09,7125.74
PROD00600,Epson Storage,Accessories,Mouse,Sony,11610.19,99913.21
PROD00601,Asus Mobile,Electronics,Mobile,Samsung,81829.9,84777.2
PROD00602,Samsung Audio,Electronics,Audio,Sony,6262.06,7505.21
PROD00603,Epson Storage,Accessories,Storage,Sony,75727.1,52008.62
PROD00604,HP Printer,Office Equipment,Scanner,Dell,35908.67,82802.74
PROD00605,Epson Storage,Accessories,Keyboard,HP,2923.18,28183.89
PROD00606,Epson Networking,Office Equipment,Printer,Epson,28173.07,38380.91
PROD00607,Canon Printer,Office Equipment,Scanner,Sony,65938.97,30009.57
PROD00608,Sony Keyboard,Accessories,Storage,Canon,8846.62,36939.74
PROD00609,Asus Keyboard,Accessories,Mouse,Apple,57774.19,22566.01
PROD00610,Dell Storage,Accessories,Storage,Dell,146673.82,14995.89
PROD00611,HP Keyboard,Accessories,Storage,Samsung,124723.8,84093.2
PROD00612,Samsung Audio,Electronics,Computers,Epson,16498.5,54092.48
PROD00613,Apple Computers,Electronics,Audio,Lenovo,50806.99,59086.04
PROD00614,Canon Printer,Office Equipment,Printer,Asus,49004.42,86777.44
PROD00615,Sony Scanner,Office Equipment,Networking,Canon,148256.16,17011.26
PROD00616,HP Networking,Office Equipment,Printer,HP,67722.46,28488.91
PROD00617,Asus Computers,Electronics,Mobile,Canon,74882.1,12849.44
PROD00618,Epson Storage,Accessories,Mouse,Apple,22440.04,25724.25
PROD00619,Samsung Mobile,Electronics,Audio,HP,8814.86,60321.34
PROD00620,Dell Mouse,Accessories,Storage,Sony,109324.64,98756.61
PROD00621,Samsung Printer,Office Equipment,Printer,Samsung,29678.23,19189.3
PROD00622,Samsung Keyboard,Accessories,Keyboard,Apple,26291.52,60338.31
PROD00623,Apple Mouse,Accessories,Storage,Samsung,138472.13,34164.58
PROD00624,Dell Scanner,Office Equipment,Scanner,Dell,24149.14,47508.1
PROD00625,Lenovo Printer,Office Equipment,Printer,Apple,91304.21,30493.3
PROD00626,Dell Computers,Electronics,Mobile,HP,63819.62,74277.84
PROD00627,Epson Computers,Electronics,Mobile,Samsung,44850.7,8699.94
PROD00628,Dell Scanner,Office Equipment,Printer,Lenovo,12406.13,99235.78
PROD00629,Canon Keyboard,Accessories,Storage,Asus,67632.01,47594.74
PROD00630,Logitech Audio,Electronics,Computers,Asus,110592.62,48163.28
PROD00631,Apple Audio,Electronics,Mobile,Sony,133026.18,49869.54
PROD00632,Epson Printer,Office Equipment,Networking,Logitech,39757.33,82865.56
PROD00633,Apple Mobile,Electronics,Audio,Asus,144380.79,77602.62
PROD00634,Lenovo Mouse,Accessories,Keyboard,Lenovo,14239.77,45289.67
PROD00635,HP Computers,Electronics,Computers,Samsung,133313.21,80593.12
PROD00636,Sony Storage,Accessories,Keyboard,Lenovo,25174.41,54031.51
PROD00637,Sony Mobile,Electronics,Audio,Epson,87212.66,72467.23
PROD00638,HP Mobile,Electronics,Computers,Sony,65142.1,34498.29
PROD00639,Samsung Audio,Electronics,Mobile,Canon,105000.52,64584.49
PROD00640,Samsung Printer,Office Equipment,Scanner,HP,7509.88,68707.89
PROD00641,Epson Mouse,Accessories,Storage,Lenovo,145300.2,71412.91
PROD00642,Logitech Printer,Office Equipment,Printer,Asus,106966.64,52910.32
PROD00643,Apple Printer,Office Equipment,Networking,Apple,35041.51,57570.34
PROD00644,Canon Mobile,Electronics,Audio,Canon,41689.6,60385.01
PROD00645,Canon Computers,Electronics,Mobile,Logitech,15789.71,97657.95
PROD00646,Canon Mouse,Accessories,Mouse,Sony,89189.74,64518.32
PROD00647,HP Keyboard,Accessories,Mouse,HP,81015.56,1668.3
PROD00648,Samsung Audio,Electronics,Computers,Canon,7269.28,27481.97
PROD00649,Samsung Printer,Office Equipment,Scanner,Logitech,109923.67,58797.3
PROD00650,Apple Computers,Electronics,Mobile,Asus,122164.58,70563.69
PROD00651,Asus Mouse,Accessories,Storage,Asus,123477.59,19282.72
PROD00652,Sony Audio,Electronics,Audio,Asus,27658.26,8223.3
PROD00653,Lenovo Mobile,Electronics,Audio,HP,73382.48,14646.84
PROD00654,Canon Computers,Electronics,Computers,HP,52806.88,52984.35
PROD00655,Apple Storage,Accessories,Storage,HP,75282.97,33624.46
PROD00656,Canon Keyboard,Accessories,Storage,Lenovo,57957.18,13463.73
PROD00657,Canon Computers,Electronics,Computers,Lenovo,80067.29,85162.43
PROD00658,Samsung Networking,Office Equipment,Scanner,Dell,9535.4,76765.39
PROD00659,Dell Storage,Accessories,Storage,Lenovo,131684.11,96087.41
PROD00660,Lenovo Networking,Office Equipment,Printer,Epson,19798.05,45906.63
PROD00661,Sony Mobile,Electronics,Mobile,Dell,7345.86,11833.69
PROD00662,Epson Mobile,Electronics,Mobile,Apple,31879.42,24206.33
PROD00663,Logitech Audio,Electronics,Audio,Logitech,71576.4,60434.43
PROD00664,Asus Computers,Electronics,Computers,HP,2306.06,87158.03
PROD00665,Logitech Mouse,Accessories,Mouse,Epson,11975.33,43078.55
PROD00666,Apple Scanner,Office Equipment,Printer,Apple,106755.12,76096.05
PROD00667,Apple Scanner,Office Equipment,Scanner,Samsung,53441.26,19769.45
PROD00668,HP Mobile,Electronics,Audio,Apple,26735.97,65842.78
PROD00669,Logitech Audio,Electronics,Computers,Sony,132144.93,42426.64
PROD00670,Samsung Mobile,Electronics,Computers,Samsung,53436.47,10927.03
PROD00671,Sony Scanner,Office Equipment,Printer,HP,82502.36,37192.81
PROD00672,HP Printer,Office Equipment,Printer,Sony,61643.04,83978.81
PROD00673,Samsung Mouse,Accessories,Storage,Asus,72474.38,97738.97
PROD00674,HP Scanner,Office Equipment,Networking,Apple,51051.2,77118.81
PROD00675,Asus Keyboard,Accessories,Mouse,Sony,22580.81,28431.78
PROD00676,HP Computers,Electronics,Computers,Dell,76522.7,63682.71
PROD00677,Canon Keyboard,Accessories,Keyboard,Lenovo,46946.5,15058.24
PROD00678,Samsung Printer,Office Equipment,Printer,Sony,94244.9,61681.21
PROD00679,Dell Mobile,Electronics,Mobile,Dell,127075.73,84329.75
PROD00680,Sony Audio,Electronics,Mobile,Samsung,54897.52,42813.01
PROD00681,Epson Printer,Office Equipment,Printer,Asus,49572.84,94345.78
PROD00682,Epson Mobile,Electronics,Computers,Apple,59382.67,28305.99
PROD00683,Asus Printer,Office Equipment,Scanner,HP,106359.8,4037.39
PROD00684,Apple Audio,Electronics,Mobile,Asus,68634.86,93631.06
PROD00685,Asus Computers,Electronics,Computers,Epson,129032.32,28501.32
PROD00686,Lenovo Computers,Electronics,Computers,Samsung,143451.02,16750.3
PROD00687,Canon Mobile,Electronics,Audio,Apple,14697.52,2807.63
PROD00688,Apple Storage,Accessories,Keyboard,Asus,115585.28,90317.31
PROD00689,Epson Printer,Office Equipment,Networking,Dell,66693.6,4353.56
PROD00690,Sony Keyboard,Accessories,Storage,Lenovo,125033.88,83685.0
PROD00691,Sony Computers,Electronics,Mobile,Apple,96603.96,94291.39
PROD00692,Dell Mobile,Electronics,Computers,Asus,61491.3,73106.3
PROD00693,Canon Audio,Electronics,Audio,Lenovo,96613.51,52618.5
PROD00694,Apple Keyboard,Accessories,Storage,Lenovo,47467.93,17922.24
PROD00695,Lenovo Printer,Office Equipment,Printer,HP,45190.83,77111.67
PROD00696,Dell Scanner,Office Equipment,Networking,Logitech,72260.71,70711.04
PROD00697,Epson Audio,Electronics,Mobile,Canon,48722.79,66913.5
PROD00698,Samsung Mouse,Accessories,Keyboard,Apple,64918.4,30160.61
PROD00699,Logitech Mouse,Accessories,Storage,Samsung,18210.66,26408.23
PROD00700,Epson Printer,Office Equipment,Networking,Asus,79457.02,93906.04
PROD00701,Samsung Audio,Electronics,Mobile,Samsung,82581.63,345.37
PROD00702,HP Keyboard,Accessories,Storage,Dell,25969.62,32774.38
PROD00703,Lenovo Audio,Electronics,Audio,Samsung,48728.34,96870.78
PROD00704,Sony Audio,Electronics,Mobile,Logitech,16560.99,2953.48
PROD00705,Sony Computers,Electronics,Mobile,Asus,2657.15,73204.17
PROD00706,Dell Networking,Office Equipment,Networking,Epson,118325.18,97473.06
PROD00707,Lenovo Mouse,Accessories,Mouse,Samsung,108170.17,47214.14
PROD00708,Logitech Mouse,Accessories,Keyboard,Samsung,91488.95,93385.8
PROD00709,Asus Printer,Office Equipment,Printer,Epson,52887.31,36462.09
PROD00710,Apple Scanner,Office Equipment,Printer,Samsung,114296.53,59265.19
PROD00711,Asus Networking,Office Equipment,Networking,Asus,131176.24,95015.83
PROD00712,Apple Storage,Accessories,Mouse,Logitech,76805.84,74684.67
PROD00713,Lenovo Keyboard,Accessories,Keyboard,HP,3474.66,87358.19
PROD00714,Dell Scanner,Office Equipment,Scanner,Asus,116174.29,14811.31
PROD00715,Epson Networking,Office Equipment,Networking,Samsung,753.47,11280.59
PROD00716,Sony Mobile,Electronics,Audio,Epson,140284.74,834.33
PROD00717,Sony Scanner,Office Equipment,Networking,Dell,72716.24,66270.48
PROD00718,HP Storage,Accessories,Storage,Apple,117341.63,31597.13
PROD00719,Dell Printer,Office Equipment,Printer,Logitech,10014.52,55048.1
PROD00720,Sony Networking,Office Equipment,Networking,Epson,117426.15,14206.93
PROD00721,Samsung Computers,Electronics,Mobile,Logitech,68064.97,32726.05
PROD00722,Logitech Scanner,Office Equipment,Scanner,Samsung,125872.04,74501.6
PROD00723,Sony Printer,Office Equipment,Printer,Epson,121523.81,48656.38
PROD00724,Logitech Audio,Electronics,Audio,Sony,94055.86,96619.69
PROD00725,Sony Scanner,Office Equipment,Scanner,Dell,97945.74,86905.38
PROD00726,Asus Storage,Accessories,Keyboard,Apple,107604.55,49938.97
PROD00727,Sony Scanner,Office Equipment,Scanner,Samsung,48713.49,53246.58
PROD00728,Logitech Printer,Office Equipment,Scanner,Apple,62103.99,41544.25
PROD00729,Asus Storage,Accessories,Keyboard,Canon,9830.71,83458.57
PROD00730,Lenovo Computers,Electronics,Audio,Asus,131567.65,76680.09
PROD00731,Apple Computers,Electronics,Computers,Canon,32311.69,29780.9
PROD00732,Lenovo Storage,Accessories,Mouse,Samsung,60871.26,10125.82
PROD00733,Apple Mouse,Accessories,Mouse,Sony,13190.52,5925.43
PROD00734,Samsung Printer,Office Equipment,Networking,Apple,102957.29,36259.12
PROD00735,Canon Computers,Electronics,Audio,Lenovo,141880.47,66383.92
PROD00736,Logitech Mouse,Accessories,Mouse,Sony,133718.89,56278.75
PROD00737,Sony Printer,Office Equipment,Printer,Apple,79969.9,17894.55
PROD00738,Lenovo Mouse,Accessories,Mouse,Logitech,12916.5,33957.36
PROD00739,Epson Mouse,Accessories,Mouse,Canon,140167.78,80628.23
PROD00740,HP Storage,Accessories,Mouse,Asus,24110.02,95661.07
PROD00741,Sony Keyboard,Accessories,Storage,Canon,46298.37,22408.18
PROD00742,Epson Scanner,Office Equipment,Scanner,Lenovo,46731.88,76021.02
PROD00743,Sony Printer,Office Equipment,Printer,HP,72730.5,2294.67
PROD00744,Sony Scanner,Office Equipment,Scanner,Logitech,62549.41,78998.71
PROD00745,Sony Printer,Office Equipment,Printer,Sony,149167.25,29605.81
PROD00746,Canon Scanner,Office Equipment,Scanner,Sony,45795.59,75757.68
PROD00747,HP Mobile,Electronics,Computers,HP,78449.57,1788.02
PROD00748,Logitech Audio,Electronics,Audio,Logitech,9817.59,2750.43
PROD00749,Apple Mobile,Electronics,Mobile,HP,144435.91,91340.47
PROD00750,HP Scanner,Office Equipment,Printer,Lenovo,104825.22,84218.37
PROD00751,Sony Audio,Electronics,Audio,Dell,117037.43,78957.37
PROD00752,Asus Keyboard,Accessories,Storage,Logitech,40402.95,15140.53
PROD00753,Epson Computers,Electronics,Mobile,HP,73874.78,66939.09
PROD00754,HP Printer,Office Equipment,Printer,Sony,131589.74,57183.67
PROD00755,Samsung Mobile,Electronics,Mobile,Samsung,52365.6,46575.95
PROD00756,Logitech Computers,Electronics,Mobile,Epson,61062.52,57422.77
PROD00757,Canon Computers,Electronics,Mobile,Canon,30988.4,87035.08
PROD00758,Samsung Scanner,Office Equipment,Printer,Logitech,43310.41,6658.47
PROD00759,Logitech Keyboard,Accessories,Mouse,Apple,35263.83,77210.78
PROD00760,Sony Mouse,Accessories,Storage,Samsung,131655.58,65520.72
PROD00761,Asus Printer,Office Equipment,Networking,HP,90369.49,4625.12
PROD00762,Dell Audio,Electronics,Audio,Lenovo,8698.4,93414.67
PROD00763,Apple Mobile,Electronics,Computers,Samsung,127691.01,38864.7
PROD00764,Asus Scanner,Office Equipment,Scanner,Samsung,135627.99,37258.75
PROD00765,Canon Mouse,Accessories,Keyboard,Apple,146687.08,44840.59
PROD00766,Dell Computers,Electronics,Mobile,Samsung,60629.95,97833.08
PROD00767,HP Networking,Office Equipment,Printer,Lenovo,3131.33,70248.02
PROD00768,Epson Mobile,Electronics,Computers,Asus,115024.28,26995.07
PROD00769,Lenovo Storage,Accessories,Mouse,Apple,132227.02,38963.06
PROD00770,Apple Storage,Accessories,Mouse,HP,49956.65,74038.64
PROD00771,Sony Storage,Accessories,Keyboard,Samsung,10988.82,30482.57
PROD00772,Canon Networking,Office Equipment,Scanner,HP,58659.38,90933.83
PROD00773,Sony Storage,Accessories,Keyboard,Logitech,69614.59,56142.56
PROD00774,Sony Printer,Office Equipment,Networking,Samsung,31372.06,11472.04
PROD00775,Dell Keyboard,Accessories,Storage,Canon,129328.07,68293.85
PROD00776,Canon Audio,Electronics,Audio,Dell,112090.69,37345.49
PROD00777,Asus Mouse,Accessories,Storage,Logitech,53391.05,7340.17
PROD00778,Dell Storage,Accessories,Storage,Samsung,130111.75,3314.87
PROD00779,Apple Mouse,Accessories,Mouse,HP,83209.93,26619.12
PROD00780,Apple Storage,Accessories,Keyboard,Lenovo,17750.2,63397.37
PROD00781,Asus Storage,Accessories,Mouse,HP,77848.22,95545.52
PROD00782,Epson Networking,Office Equipment,Networking,Lenovo,81721.41,80771.23
PROD00783,Dell Storage,Accessories,Keyboard,Epson,24841.01,48909.17
PROD00784,Dell Computers,Electronics,Mobile,Canon,32541.73,23062.01
PROD00785,HP Storage,Accessories,Storage,Apple,77581.68,29338.78
PROD00786,HP Networking,Office Equipment,Printer,Apple,53972.1,96155.49
PROD00787,Sony Scanner,Office Equipment,Networking,Epson,41934.04,34607.15
PROD00788,Dell Mobile,Electronics,Computers,Canon,20494.13,77714.67
PROD00789,Canon Computers,Electronics,Computers,Lenovo,2227.94,11827.2
PROD00790,Logitech Audio,Electronics,Audio,Sony,42012.17,17952.53
PROD00791,Sony Keyboard,Accessories,Storage,Canon,51434.99,58634.79
PROD00792,Sony Mobile,Electronics,Mobile,Dell,75887.68,41933.77
PROD00793,Logitech Mobile,Electronics,Mobile,Apple,91279.59,70131.09
PROD00794,Lenovo Scanner,Office Equipment,Scanner,Canon,63415.7,44473.04
PROD00795,Samsung Printer,Office Equipment,Scanner,Samsung,117822.85,74830.72
PROD00796,HP Printer,Office Equipment,Printer,HP,80214.41,28713.07
PROD00797,Canon Storage,Accessories,Keyboard,HP,122652.05,67269.04
PROD00798,Sony Scanner,Office Equipment,Networking,Logitech,35514.52,33747.16
PROD00799,HP Audio,Electronics,Mobile,Asus,36342.99,29888.36
PROD00800,Apple Keyboard,Accessories,Keyboard,Apple,114483.87,59167.71
PROD00801,Sony Computers,Electronics,Mobile,HP,11275.49,1188.82
PROD00802,Apple Storage,Accessories,Keyboard,Sony,57417.4,79984.89
PROD00803,Canon Networking,Office Equipment,Scanner,Lenovo,90573.94,9579.83
PROD00804,Samsung Networking,Office Equipment,Networking,Lenovo,113631.91,51841.14
PROD00805,Apple Audio,Electronics,Computers,Apple,67097.63,38547.28
PROD00806,HP Mobile,Electronics,Audio,HP,15041.85,7884.22
PROD00807,Asus Mobile,Electronics,Audio,Logitech,17489.69,74909.24
PROD00808,Sony Keyboard,Accessories,Storage,Samsung,75875.1,35257.03
PROD00809,Asus Mouse,Accessories,Mouse,Samsung,7375.91,90711.08
PROD00810,Sony Keyboard,Accessories,Mouse,Lenovo,32257.65,86245.23
PROD00811,Sony Keyboard,Accessories,Keyboard,Lenovo,83754.36,18295.66
PROD00812,Dell Scanner,Office Equipment,Scanner,HP,63697.14,90615.28
PROD00813,Logitech Mobile,Electronics,Audio,Logitech,6547.73,83181.55
PROD00814,Sony Storage,Accessories,Mouse,Asus,122511.57,82577.42
PROD00815,Canon Networking,Office Equipment,Printer,HP,89078.83,17379.57
PROD00816,Asus Mouse,Accessories,Keyboard,Samsung,94428.68,9763.81
PROD00817,Logitech Audio,Electronics,Computers,Canon,75140.43,98301.2
PROD00818,Epson Audio,Electronics,Computers,Asus,40398.99,82560.43
PROD00819,Dell Computers,Electronics,Mobile,Dell,28103.16,14920.35
PROD00820,Sony Computers,Electronics,Computers,Samsung,116397.61,65585.95
PROD00821,Asus Keyboard,Accessories,Keyboard,Asus,108648.82,96531.7
PROD00822,Epson Audio,Electronics,Audio,Samsung,119279.65,93154.69
PROD00823,Canon Keyboard,Accessories,Keyboard,Samsung,21331.6,75734.15
PROD00824,Apple Mobile,Electronics,Audio,Logitech,27602.67,88497.73
PROD00825,Lenovo Computers,Electronics,Computers,Epson,126697.65,91583.61
PROD00826,Canon Keyboard,Accessories,Storage,Sony,95424.26,58588.27
PROD00827,Canon Networking,Office Equipment,Printer,Samsung,52862.64,12176.66
PROD00828,Sony Mobile,Electronics,Audio,Epson,98229.46,38224.61
PROD00829,Sony Mouse,Accessories,Mouse,Apple,42003.51,95133.06
PROD00830,Canon Scanner,Office Equipment,Scanner,Sony,46329.55,15031.97
PROD00831,Lenovo Storage,Accessories,Storage,Epson,118531.71,71352.93
PROD00832,Sony Storage,Accessories,Keyboard,Apple,122786.17,60505.57
PROD00833,Samsung Mouse,Accessories,Storage,Logitech,59526.06,18361.49
PROD00834,Epson Scanner,Office Equipment,Networking,HP,137843.13,1619.18
PROD00835,Epson Scanner,Office Equipment,Scanner,Logitech,79270.97,84270.29
PROD00836,Canon Computers,Electronics,Audio,Epson,132325.97,932.52
PROD00837,HP Scanner,Office Equipment,Scanner,HP,45643.36,69410.58
PROD00838,Canon Keyboard,Accessories,Keyboard,Logitech,135167.53,65187.57
PROD00839,Logitech Scanner,Office Equipment,Networking,Logitech,114563.01,87528.2
PROD00840,Apple Audio,Electronics,Computers,Dell,59587.02,2505.47
PROD00841,Logitech Audio,Electronics,Audio,Asus,136002.58,6677.52
PROD00842,Samsung Storage,Accessories,Keyboard,Logitech,149454.25,35811.17
PROD00843,Apple Printer,Office Equipment,Printer,Lenovo,79861.61,39244.95
PROD00844,Apple Scanner,Office Equipment,Scanner,Asus,35952.68,44400.47
PROD00845,HP Scanner,Office Equipment,Networking,Asus,22187.33,5036.22
PROD00846,Sony Printer,Office Equipment,Printer,HP,5528.97,47927.75
PROD00847,Epson Mouse,Accessories,Mouse,Samsung,85485.28,13471.52
PROD00848,Sony Mobile,Electronics,Computers,Samsung,111097.54,30840.56
PROD00849,Asus Mobile,Electronics,Computers,Samsung,100606.86,98525.17
PROD00850,HP Mouse,Accessories,Storage,HP,64493.7,3096.09
PROD00851,Epson Mouse,Accessories,Keyboard,Sony,58548.0,17799.42
PROD00852,Asus Networking,Office Equipment,Networking,Samsung,87506.83,61820.26
PROD00853,Apple Mobile,Electronics,Computers,Apple,2002.69,62976.27
PROD00854,Canon Scanner,Office Equipment,Printer,Epson,19634.33,6530.72
PROD00855,Apple Computers,Electronics,Mobile,Canon,135358.33,33612.55
PROD00856,HP Scanner,Office Equipment,Networking,Canon,138074.2,63640.29
PROD00857,Lenovo Mobile,Electronics,Mobile,HP,45710.03,3671.36
PROD00858,Logitech Keyboard,Accessories,Mouse,Apple,83976.8,22455.15
PROD00859,HP Networking,Office Equipment,Networking,Sony,79199.69,97457.81
PROD00860,Sony Computers,Electronics,Audio,Apple,98760.06,12266.41
PROD00861,Lenovo Audio,Electronics,Computers,Canon,39543.82,62857.55
PROD00862,Dell Storage,Accessories,Mouse,Apple,101658.77,97646.03
PROD00863,Logitech Mouse,Accessories,Keyboard,HP,148175.07,17042.87
PROD00864,Epson Networking,Office Equipment,Scanner,Samsung,100113.95,79568.93
PROD00865,Lenovo Networking,Office Equipment,Networking,HP,24696.05,53889.13
PROD00866,Asus Mouse,Accessories,Keyboard,Epson,97826.92,28298.89
PROD00867,Logitech Keyboard,Accessories,Keyboard,Logitech,25335.69,87878.88
PROD00868,Canon Audio,Electronics,Audio,Epson,100501.72,79805.16
PROD00869,Dell Keyboard,Accessories,Keyboard,Logitech,3493.98,23741.15
PROD00870,Apple Audio,Electronics,Audio,Lenovo,137768.64,14353.99
PROD00871,Asus Printer,Office Equipment,Printer,Epson,57860.54,43158.72
PROD00872,Canon Printer,Office Equipment,Networking,Sony,26479.87,70280.47
PROD00873,Asus Networking,Office Equipment,Scanner,Lenovo,136809.57,75299.38
PROD00874,Asus Computers,Electronics,Mobile,Apple,86429.98,10224.04
PROD00875,Canon Computers,Electronics,Mobile,Samsung,99243.17,14657.57
PROD00876,Apple Mouse,Accessories,Keyboard,Apple,76331.56,4434.33
PROD00877,Sony Mobile,Electronics,Audio,Epson,1912.75,26169.04
PROD00878,Dell Audio,Electronics,Computers,Sony,66561.77,61665.1
PROD00879,Lenovo Storage,Accessories,Keyboard,Apple,48018.09,11073.78
PROD00880,Dell Networking,Office Equipment,Scanner,Samsung,61567.27,36733.87
PROD00881,HP Printer,Office Equipment,Scanner,Dell,36102.73,87825.48
PROD00882,Lenovo Computers,Electronics,Computers,Sony,54732.43,81581.19
PROD00883,Canon Scanner,Office Equipment,Scanner,Sony,89344.44,88039.43
PROD00884,Canon Mobile,Electronics,Computers,Samsung,89022.63,64359.09
PROD00885,HP Storage,Accessories,Keyboard,Canon,107844.0,46165.5
PROD00886,HP Mobile,Electronics,Computers,Lenovo,123131.11,4913.93
PROD00887,Asus Scanner,Office Equipment,Networking,Asus,51335.94,21101.8
PROD00888,Sony Mobile,Electronics,Audio,Lenovo,60265.73,41929.19
PROD00889,Canon Mouse,Accessories,Storage,Logitech,8718.8,48389.63
PROD00890,Apple Storage,Accessories,Keyboard,Canon,29737.73,4021.77
PROD00891,Asus Storage,Accessories,Storage,Sony,124794.76,67215.98
PROD00892,Sony Mouse,Accessories,Keyboard,Logitech,104565.45,56657.45
PROD00893,Asus Keyboard,Accessories,Keyboard,HP,102084.27,26219.37
PROD00894,Sony Networking,Office Equipment,Networking,Epson,72224.98,55190.44
PROD00895,Lenovo Printer,Office Equipment,Printer,Samsung,28339.56,82251.67
PROD00896,Epson Storage,Accessories,Keyboard,Dell,95872.31,34876.98
PROD00897,Apple Mobile,Electronics,Mobile,Sony,15549.57,19891.98
PROD00898,Lenovo Computers,Electronics,Audio,Sony,139973.12,19786.23
PROD00899,Dell Mobile,Electronics,Mobile,Logitech,143352.1,94174.32
PROD00900,Logitech Audio,Electronics,Audio,Lenovo,106946.68,88546.45
PROD00901,Epson Mobile,Electronics,Computers,Dell,41670.28,17960.27
PROD00902,Apple Networking,Office Equipment,Printer,Sony,48474.47,8118.24
PROD00903,Samsung Storage,Accessories,Storage,Sony,85194.72,66501.56
PROD00904,Dell Storage,Accessories,Storage,Samsung,4941.99,39947.98
PROD00905,Logitech Audio,Electronics,Mobile,Asus,72282.23,10977.64
PROD00906,Canon Networking,Office Equipment,Scanner,Canon,128799.26,42152.65
PROD00907,Epson Keyboard,Accessories,Storage,Dell,115278.78,39291.02
PROD00908,Sony Mouse,Accessories,Storage,Canon,100349.13,18471.98
PROD00909,Samsung Mouse,Accessories,Storage,Epson,137619.03,87350.28
PROD00910,Sony Storage,Accessories,Storage,Samsung,29585.3,99703.61
PROD00911,Epson Keyboard,Accessories,Storage,Sony,99825.36,93752.47
PROD00912,Canon Computers,Electronics,Computers,Sony,104903.63,64233.75
PROD00913,Dell Computers,Electronics,Audio,Sony,20195.78,63673.02
PROD00914,Canon Mobile,Electronics,Audio,Samsung,71684.33,37750.68
PROD00915,Canon Keyboard,Accessories,Storage,HP,72773.67,75744.24
PROD00916,Sony Computers,Electronics,Mobile,Sony,112994.69,19206.32
PROD00917,Lenovo Networking,Office Equipment,Printer,Apple,114694.22,54437.83
PROD00918,Sony Storage,Accessories,Keyboard,Asus,125514.29,93812.63
PROD00919,Canon Keyboard,Accessories,Keyboard,Asus,114596.82,82097.44
PROD00920,Lenovo Networking,Office Equipment,Networking,Asus,19729.05,4213.16
PROD00921,HP Storage,Accessories,Keyboard,Sony,92304.13,46953.02
PROD00922,Logitech Scanner,Office Equipment,Scanner,Lenovo,42749.56,71525.77
PROD00923,Dell Printer,Office Equipment,Networking,HP,107376.79,7006.23
PROD00924,Sony Mobile,Electronics,Mobile,Epson,107888.78,90820.55
PROD00925,Apple Printer,Office Equipment,Scanner,Asus,109905.45,55201.14
PROD00926,Canon Mouse,Accessories,Mouse,Apple,75833.85,82729.3
PROD00927,Canon Mouse,Accessories,Storage,Canon,3831.11,28087.19
PROD00928,Logitech Printer,Office Equipment,Printer,Asus,9631.13,98025.22
PROD00929,Canon Networking,Office Equipment,Scanner,Apple,35638.76,9844.4
PROD00930,Epson Scanner,Office Equipment,Printer,Logitech,67587.24,26065.16
PROD00931,Apple Scanner,Office Equipment,Scanner,Lenovo,72573.57,74464.24
PROD00932,Dell Audio,Electronics,Mobile,Canon,138657.4,8628.56
PROD00933,Canon Mouse,Accessories,Keyboard,Asus,120322.61,9194.68
PROD00934,Dell Mouse,Accessories,Keyboard,Canon,80586.13,48155.73
PROD00935,Dell Networking,Office Equipment,Printer,Lenovo,50734.43,4208.19
PROD00936,Asus Keyboard,Accessories,Storage,Epson,92992.47,36113.17
PROD00937,Dell Storage,Accessories,Storage,Sony,56133.37,3401.89
PROD00938,Asus Networking,Office Equipment,Printer,Sony,75687.65,59639.78
PROD00939,Canon Printer,Office Equipment,Printer,Samsung,79124.82,52551.13
PROD00940,HP Mobile,Electronics,Mobile,Lenovo,30653.77,41313.27
PROD00941,Lenovo Scanner,Office Equipment,Networking,Samsung,114551.31,79294.15
PROD00942,Apple Networking,Office Equipment,Scanner,Sony,87322.54,98885.89
PROD00943,Apple Audio,Electronics,Computers,Lenovo,58737.98,60191.2
PROD00944,Epson Keyboard,Accessories,Storage,Logitech,7514.24,22651.98
PROD00945,Sony Audio,Electronics,Computers,Logitech,149409.81,63777.6
PROD00946,Lenovo Mouse,Accessories,Keyboard,Apple,105341.11,9607.57
PROD00947,HP Networking,Office Equipment,Printer,Logitech,56845.91,36752.21
PROD00948,Dell Keyboard,Accessories,Storage,Canon,95077.84,46437.75
PROD00949,Apple Computers,Electronics,Mobile,HP,41124.98,47890.87
PROD00950,Apple Scanner,Office Equipment,Networking,Samsung,46247.92,18573.56
PROD00951,Asus Keyboard,Accessories,Storage,Apple,117885.43,76931.41
PROD00952,Sony Storage,Accessories,Keyboard,Canon,56115.2,29770.83
PROD00953,Samsung Networking,Office Equipment,Scanner,HP,146207.09,83875.64
PROD00954,Samsung Audio,Electronics,Computers,Lenovo,134757.81,96775.85
PROD00955,Sony Mobile,Electronics,Audio,Sony,92434.19,94145.25
PROD00956,Dell Keyboard,Accessories,Keyboard,Lenovo,24959.28,97898.41
PROD00957,HP Storage,Accessories,Mouse,Sony,17618.29,80556.03
PROD00958,Canon Audio,Electronics,Mobile,Canon,146245.11,49197.8
PROD00959,Canon Mouse,Accessories,Keyboard,Epson,147828.67,38525.04
PROD00960,Apple Scanner,Office Equipment,Printer,Sony,147223.97,2189.76
PROD00961,Lenovo Computers,Electronics,Mobile,Lenovo,20376.75,26071.52
PROD00962,Dell Printer,Office Equipment,Scanner,Apple,117028.3,20509.04
PROD00963,Lenovo Storage,Accessories,Storage,Samsung,78483.69,68107.62
PROD00964,Logitech Computers,Electronics,Computers,HP,149615.01,80639.64
PROD00965,Dell Printer,Office Equipment,Networking,Asus,24197.48,31497.43
PROD00966,HP Mobile,Electronics,Mobile,Logitech,59435.17,34473.45
PROD00967,Asus Mobile,Electronics,Mobile,Logitech,133306.83,63051.31
PROD00968,Lenovo Printer,Office Equipment,Printer,Samsung,50931.54,40422.46
PROD00969,Logitech Networking,Office Equipment,Scanner,Sony,147510.45,9689.14
PROD00970,Logitech Audio,Electronics,Mobile,Canon,131357.74,56895.07
PROD00971,Lenovo Mouse,Accessories,Keyboard,Samsung,11352.04,26181.07
PROD00972,HP Computers,Electronics,Mobile,Canon,15496.92,40361.39
PROD00973,Canon Mobile,Electronics,Audio,Asus,126608.43,86610.89
PROD00974,Epson Printer,Office Equipment,Networking,Apple,2486.13,19046.32
PROD00975,Dell Keyboard,Accessories,Storage,Asus,142561.07,32879.13
PROD00976,Lenovo Scanner,Office Equipment,Printer,Apple,116221.65,52725.39
PROD00977,Samsung Scanner,Office Equipment,Networking,Epson,101683.44,18650.91
PROD00978,Apple Audio,Electronics,Computers,Samsung,84817.97,75942.43
PROD00979,Logitech Networking,Office Equipment,Scanner,Lenovo,92039.77,99345.35
PROD00980,Dell Computers,Electronics,Audio,Logitech,24218.0,62455.43
PROD00981,HP Networking,Office Equipment,Networking,Canon,14332.8,54294.39
PROD00982,Canon Computers,Electronics,Computers,Asus,5509.4,17261.05
PROD00983,HP Computers,Electronics,Audio,Lenovo,91341.8,30260.82
PROD00984,Lenovo Scanner,Office Equipment,Scanner,Canon,109568.34,55137.95
PROD00985,Canon Networking,Office Equipment,Networking,Lenovo,27733.89,32923.86
PROD00986,Dell Printer,Office Equipment,Scanner,Dell,30352.12,4301.58
PROD00987,Dell Networking,Office Equipment,Printer,Dell,71050.13,91519.72
PROD00988,Samsung Scanner,Office Equipment,Scanner,Lenovo,113618.72,33540.78
PROD00989,Apple Networking,Office Equipment,Networking,Apple,12411.61,6033.74
PROD00990,Lenovo Audio,Electronics,Computers,Dell,139645.59,53259.13
PROD00991,HP Printer,Office Equipment,Scanner,Asus,76074.73,72613.3
PROD00992,Logitech Mobile,Electronics,Audio,Apple,23754.75,39985.61
PROD00993,Samsung Keyboard,Accessories,Storage,Dell,25497.44,9515.93
PROD00994,Asus Networking,Office Equipment,Networking,Dell,108371.76,38878.06
PROD00995,Logitech Scanner,Office Equipment,Printer,Lenovo,130947.15,18514.88
PROD00996,Apple Storage,Accessories,Storage,Asus,21499.89,7358.63
PROD00997,Logitech Mouse,Accessories,Storage,Sony,53428.18,14876.06
PROD00998,Dell Scanner,Office Equipment,Networking,Dell,36191.82,98871.18
PROD00999,Dell Audio,Electronics,Computers,Logitech,105720.68,46156.65
PROD01000,Canon Keyboard,Accessories,Mouse,Sony,40402.54,98529.12
PROD01001,Logitech Keyboard,Accessories,Mouse,HP,40726.72,52679.91
PROD01002,Dell Keyboard,Accessories,Mouse,Lenovo,103244.3,33519.85
PROD01003,Samsung Keyboard,Accessories,Mouse,Dell,58672.47,30513.6
PROD01004,Dell Keyboard,Accessories,Keyboard,Logitech,80222.77,53826.41
PROD01005,Asus Audio,Electronics,Computers,Apple,30788.57,55699.79
PROD01006,Epson Networking,Office Equipment,Networking,Dell,109303.96,54844.19
PROD01007,Epson Mouse,Accessories,Mouse,Asus,138948.08,99107.07
PROD01008,Sony Mouse,Accessories,Keyboard,Samsung,134417.89,76956.98
PROD01009,Canon Audio,Electronics,Computers,Apple,90372.93,53006.18
PROD01010,Lenovo Mobile,Electronics,Audio,Epson,83163.2,28004.67
PROD01011,HP Scanner,Office Equipment,Printer,Asus,148024.63,19943.09
PROD01012,Apple Computers,Electronics,Computers,Dell,136900.98,14013.39
PROD01013,Samsung Mobile,Electronics,Audio,Asus,76385.91,59329.9
PROD01014,Apple Scanner,Office Equipment,Scanner,Samsung,44252.49,55225.41
PROD01015,Logitech Storage,Accessories,Mouse,Dell,86239.37,39167.18
PROD01016,Asus Scanner,Office Equipment,Printer,Sony,72350.92,89970.65
PROD01017,Samsung Audio,Electronics,Audio,Asus,19026.75,75127.47
PROD01018,Samsung Computers,Electronics,Mobile,HP,69456.24,42332.02
PROD01019,Dell Scanner,Office Equipment,Printer,HP,117578.52,92530.64
PROD01020,Samsung Networking,Office Equipment,Scanner,HP,83095.42,31034.57
PROD01021,Lenovo Keyboard,Accessories,Storage,Asus,20305.61,38903.57
PROD01022,Asus Networking,Office Equipment,Scanner,Logitech,100918.56,22180.59
PROD01023,Lenovo Networking,Office Equipment,Scanner,Logitech,141983.2,17849.94
PROD01024,Logitech Mouse,Accessories,Keyboard,Asus,103456.73,81484.12
PROD01025,Lenovo Keyboard,Accessories,Storage,Samsung,77174.89,50740.71
PROD01026,Lenovo Computers,Electronics,Computers,Apple,131973.45,50775.95
PROD01027,Apple Mobile,Electronics,Computers,Logitech,4782.93,13449.65
PROD01028,HP Networking,Office Equipment,Networking,Apple,88931.9,35638.14
PROD01029,Logitech Printer,Office Equipment,Scanner,Logitech,146146.23,56708.86
PROD01030,HP Scanner,Office Equipment,Printer,Epson,135198.52,53134.81
PROD01031,Sony Keyboard,Accessories,Mouse,Samsung,70937.16,73058.73
PROD01032,Samsung Printer,Office Equipment,Networking,Dell,119145.38,41089.31
PROD01033,HP Computers,Electronics,Mobile,Apple,44992.86,65831.99
PROD01034,Asus Printer,Office Equipment,Networking,Lenovo,102740.71,97604.57
PROD01035,Samsung Mobile,Electronics,Computers,Asus,50528.77,19418.87
PROD01036,Epson Storage,Accessories,Mouse,Sony,72740.56,97382.49
PROD01037,Asus Mouse,Accessories,Mouse,Samsung,71070.5,26533.84
PROD01038,Canon Keyboard,Accessories,Storage,HP,44723.9,71029.01
PROD01039,Sony Printer,Office Equipment,Networking,Logitech,67952.9,64600.12
PROD01040,Lenovo Storage,Accessories,Storage,Asus,147679.04,64947.89
PROD01041,HP Scanner,Office Equipment,Networking,Lenovo,121689.73,95862.67
PROD01042,Canon Mobile,Electronics,Mobile,Sony,38608.18,83988.7
PROD01043,Dell Printer,Office Equipment,Printer,Epson,8989.85,85507.71
PROD01044,Canon Storage,Accessories,Keyboard,Lenovo,93504.35,76746.25
PROD01045,Samsung Computers,Electronics,Mobile,Samsung,15923.1,89974.79
PROD01046,Sony Networking,Office Equipment,Printer,Apple,74035.96,555.81
PROD01047,Asus Computers,Electronics,Mobile,Apple,146301.75,24934.6
PROD01048,Asus Scanner,Office Equipment,Scanner,Canon,75240.21,78746.82
PROD01049,Logitech Computers,Electronics,Audio,Epson,9480.5,28123.29
PROD01050,Epson Printer,Office Equipment,Networking,Canon,92420.85,68575.94
PROD01051,HP Storage,Accessories,Keyboard,Epson,117647.56,46334.59
PROD01052,Sony Keyboard,Accessories,Mouse,Sony,38018.56,80846.6
PROD01053,Apple Audio,Electronics,Audio,Apple,123287.77,4663.41
PROD01054,Logitech Mobile,Electronics,Computers,Asus,133846.07,76756.46
PROD01055,Canon Computers,Electronics,Audio,Canon,49586.83,62192.84
PROD01056,Asus Audio,Electronics,Computers,Samsung,2532.41,3896.42
PROD01057,Samsung Printer,Office Equipment,Scanner,Dell,26112.51,18000.6
PROD01058,Dell Mouse,Accessories,Mouse,Lenovo,113605.12,87174.73
PROD01059,Logitech Networking,Office Equipment,Scanner,Apple,21050.82,98358.22
PROD01060,Dell Computers,Electronics,Mobile,Dell,132726.55,42624.29
PROD01061,Samsung Printer,Office Equipment,Scanner,Sony,15566.56,84046.64
PROD01062,Apple Audio,Electronics,Audio,Canon,120997.59,70963.18
PROD01063,HP Printer,Office Equipment,Printer,HP,102731.09,12376.25
PROD01064,Apple Scanner,Office Equipment,Networking,Apple,14824.54,14596.23
PROD01065,Lenovo Mobile,Electronics,Computers,Asus,107025.84,30435.56
PROD01066,Sony Scanner,Office Equipment,Networking,Asus,27686.62,69568.55
PROD01067,HP Storage,Accessories,Keyboard,Samsung,61209.91,73759.65
PROD01068,Apple Audio,Electronics,Audio,HP,57494.51,35721.55
PROD01069,Logitech Storage,Accessories,Keyboard,Epson,67921.07,16940.28
PROD01070,HP Storage,Accessories,Storage,Canon,41274.07,94675.86
PROD01071,Samsung Audio,Electronics,Computers,Sony,134674.32,56254.44
PROD01072,Samsung Mouse,Accessories,Keyboard,Canon,117963.15,67449.92
PROD01073,Dell Storage,Accessories,Storage,Logitech,16837.52,9510.62
PROD01074,Dell Computers,Electronics,Mobile,Logitech,136832.65,52986.97
PROD01075,Sony Keyboard,Accessories,Keyboard,Lenovo,78605.46,88663.56
PROD01076,Epson Computers,Electronics,Audio,Apple,28729.25,49148.76
PROD01077,Apple Networking,Office Equipment,Printer,Logitech,115682.58,34465.86
PROD01078,Apple Keyboard,Accessories,Mouse,Canon,135630.22,84188.39
PROD01079,Epson Mouse,Accessories,Mouse,Apple,54330.64,9568.66
PROD01080,Dell Computers,Electronics,Audio,HP,110370.77,60822.21
PROD01081,Asus Keyboard,Accessories,Storage,Dell,17530.32,50216.88
PROD01082,Logitech Mobile,Electronics,Mobile,Sony,132624.78,15144.84
PROD01083,HP Printer,Office Equipment,Scanner,Samsung,130978.24,32691.94
PROD01084,Dell Keyboard,Accessories,Storage,Dell,117379.21,89441.26
PROD01085,Lenovo Audio,Electronics,Computers,Asus,99999.86,86253.84
PROD01086,Apple Scanner,Office Equipment,Printer,Apple,109985.67,30590.57
PROD01087,Samsung Computers,Electronics,Computers,HP,44379.42,42789.88
PROD01088,Epson Computers,Electronics,Mobile,Epson,23085.27,61015.46
PROD01089,Asus Mouse,Accessories,Storage,HP,132643.13,74036.64
PROD01090,Sony Audio,Electronics,Mobile,Apple,39982.54,47814.62
PROD01091,Asus Mobile,Electronics,Audio,Apple,35967.74,9323.16
PROD01092,Lenovo Computers,Electronics,Audio,Canon,82202.36,52699.48
PROD01093,Canon Networking,Office Equipment,Printer,Canon,61744.93,48265.91
PROD01094,Dell Mouse,Accessories,Storage,Samsung,81074.98,92933.33
PROD01095,HP Scanner,Office Equipment,Networking,Apple,127538.23,48683.41
PROD01096,Lenovo Storage,Accessories,Keyboard,Apple,66057.93,81048.11
PROD01097,HP Mobile,Electronics,Computers,Sony,114829.77,36089.86
PROD01098,Asus Printer,Office Equipment,Scanner,Lenovo,105803.72,73374.43
PROD01099,Lenovo Mobile,Electronics,Computers,Apple,86846.7,46648.56
PROD01100,Lenovo Keyboard,Accessories,Keyboard,Canon,112302.95,48528.44
PROD01101,Lenovo Printer,Office Equipment,Networking,Lenovo,33565.46,46003.95
PROD01102,Apple Scanner,Office Equipment,Printer,Sony,5190.47,56573.51
PROD01103,Lenovo Printer,Office Equipment,Scanner,Sony,149648.35,49621.06
PROD01104,Asus Printer,Office Equipment,Scanner,Samsung,70060.89,54834.64
PROD01105,Apple Keyboard,Accessories,Storage,Sony,89088.07,8505.86
PROD01106,Sony Mobile,Electronics,Mobile,Dell,40003.98,48774.79
PROD01107,Logitech Printer,Office Equipment,Printer,Logitech,90428.22,5765.8
PROD01108,HP Mouse,Accessories,Storage,Sony,3634.87,77937.72
PROD01109,Dell Mobile,Electronics,Mobile,Dell,25769.48,58634.45
PROD01110,Lenovo Keyboard,Accessories,Storage,Sony,99179.88,15772.74
PROD01111,Dell Storage,Accessories,Mouse,Epson,90638.73,32054.0
PROD01112,Asus Audio,Electronics,Mobile,Logitech,129586.69,30387.45
PROD01113,Apple Audio,Electronics,Audio,Asus,123471.78,31874.62
PROD01114,Dell Audio,Electronics,Computers,Samsung,148416.79,77593.06
PROD01115,Lenovo Printer,Office Equipment,Scanner,Sony,60930.74,71492.5
PROD01116,Sony Storage,Accessories,Keyboard,Sony,139470.83,63168.89
PROD01117,Samsung Networking,Office Equipment,Printer,Epson,47912.34,27136.57
PROD01118,Epson Audio,Electronics,Audio,Apple,28723.22,12878.49
PROD01119,Canon Printer,Office Equipment,Printer,HP,111894.86,46697.36
PROD01120,Samsung Keyboard,Accessories,Storage,Dell,140564.52,62058.97
PROD01121,Asus Scanner,Office Equipment,Scanner,Dell,39154.31,21856.48
PROD01122,Samsung Audio,Electronics,Audio,Epson,85590.02,21408.66
PROD01123,Canon Computers,Electronics,Mobile,HP,7323.63,57955.24
PROD01124,Sony Storage,Accessories,Mouse,Apple,11378.6,38923.58
PROD01125,Epson Printer,Office Equipment,Printer,Apple,54515.85,19625.14
PROD01126,Dell Mouse,Accessories,Keyboard,Sony,121694.6,34586.33
PROD01127,Canon Mobile,Electronics,Mobile,Samsung,84840.22,57046.16
PROD01128,Dell Mouse,Accessories,Keyboard,Canon,132535.77,76455.14
PROD01129,Lenovo Networking,Office Equipment,Networking,Logitech,115944.84,1763.75
PROD01130,HP Computers,Electronics,Audio,Samsung,131549.59,91000.27
PROD01131,Apple Storage,Accessories,Storage,Apple,122747.26,7187.28
PROD01132,Dell Mouse,Accessories,Keyboard,Asus,25821.5,40136.49
PROD01133,Logitech Keyboard,Accessories,Keyboard,Apple,82998.91,4249.25
PROD01134,Sony Scanner,Office Equipment,Networking,Sony,111511.05,24164.41
PROD01135,Canon Audio,Electronics,Audio,Sony,137306.27,96841.38
PROD01136,Lenovo Audio,Electronics,Audio,Apple,24273.9,19723.44
PROD01137,Asus Storage,Accessories,Keyboard,Samsung,65515.11,16080.76
PROD01138,Dell Printer,Office Equipment,Scanner,Lenovo,5940.1,16733.83
PROD01139,Logitech Printer,Office Equipment,Networking,Samsung,116967.33,77228.91
PROD01140,Canon Mouse,Accessories,Mouse,Lenovo,39312.93,40672.53
PROD01141,Apple Mouse,Accessories,Keyboard,Apple,9601.99,47616.31
PROD01142,Samsung Computers,Electronics,Audio,Sony,37357.78,13279.22
PROD01143,Canon Scanner,Office Equipment,Scanner,Canon,90698.16,78985.76
PROD01144,HP Networking,Office Equipment,Scanner,Logitech,4833.0,13383.78
PROD01145,Samsung Mobile,Electronics,Audio,Sony,6857.1,53789.15
PROD01146,Asus Keyboard,Accessories,Keyboard,Lenovo,141993.53,91307.49
PROD01147,Sony Networking,Office Equipment,Printer,Epson,103150.48,74908.85
PROD01148,Lenovo Scanner,Office Equipment,Printer,Samsung,143405.2,45433.11
PROD01149,Lenovo Audio,Electronics,Computers,Canon,133595.11,77223.5
PROD01150,Dell Scanner,Office Equipment,Networking,Canon,3206.83,26796.74
PROD01151,Logitech Storage,Accessories,Keyboard,Samsung,133356.83,68603.97
PROD01152,Samsung Mobile,Electronics,Audio,Lenovo,79710.58,67098.85
PROD01153,Logitech Networking,Office Equipment,Printer,Logitech,26124.57,70518.88
PROD01154,Sony Storage,Accessories,Mouse,HP,24904.67,66656.36
PROD01155,Dell Audio,Electronics,Computers,Epson,130634.11,51763.3
PROD01156,Asus Computers,Electronics,Mobile,Sony,139048.94,32121.65
PROD01157,Apple Computers,Electronics,Computers,HP,72900.95,95980.7
PROD01158,Asus Printer,Office Equipment,Scanner,Epson,142328.19,23043.82
PROD01159,Epson Networking,Office Equipment,Networking,HP,80599.23,84746.26
PROD01160,Logitech Keyboard,Accessories,Keyboard,Canon,142766.68,95848.63
PROD01161,Dell Computers,Electronics,Mobile,Sony,69938.55,62029.34
PROD01162,HP Mouse,Accessories,Keyboard,Canon,128612.25,24227.39
PROD01163,Epson Mobile,Electronics,Audio,Canon,107175.9,75908.97
PROD01164,Apple Scanner,Office Equipment,Networking,Canon,76659.84,41330.48
PROD01165,Dell Computers,Electronics,Mobile,Lenovo,149210.41,96053.44
PROD01166,Apple Scanner,Office Equipment,Printer,Dell,63840.75,19463.38
PROD01167,Logitech Storage,Accessories,Mouse,Asus,8989.95,27152.09
PROD01168,Samsung Keyboard,Accessories,Mouse,Lenovo,70622.89,32602.71
PROD01169,Sony Networking,Office Equipment,Scanner,Logitech,131540.47,14853.77
PROD01170,HP Audio,Electronics,Computers,Epson,80702.21,85964.21
PROD01171,Apple Mouse,Accessories,Keyboard,Canon,104461.87,21866.9
PROD01172,Dell Printer,Office Equipment,Scanner,Apple,118297.09,64561.54
PROD01173,Canon Scanner,Office Equipment,Printer,Dell,33310.27,16036.88
PROD01174,Canon Scanner,Office Equipment,Printer,HP,27489.97,27044.52
PROD01175,Dell Mobile,Electronics,Mobile,Samsung,33753.98,38218.76
PROD01176,Lenovo Printer,Office Equipment,Networking,Dell,114115.29,11476.87
PROD01177,Apple Mouse,Accessories,Keyboard,Epson,46078.77,60478.6
PROD01178,Logitech Mobile,Electronics,Computers,HP,23882.43,66751.62
PROD01179,HP Scanner,Office Equipment,Printer,Dell,140798.32,64723.49
PROD01180,Samsung Scanner,Office Equipment,Networking,Logitech,38517.81,74685.46
PROD01181,Logitech Mobile,Electronics,Audio,Lenovo,5732.53,68556.52
PROD01182,Lenovo Computers,Electronics,Computers,Samsung,12617.75,71181.67
PROD01183,Epson Keyboard,Accessories,Mouse,Asus,48964.26,13036.27
PROD01184,Apple Audio,Electronics,Mobile,Lenovo,62431.55,5294.87
PROD01185,Dell Mouse,Accessories,Storage,Samsung,70849.47,69760.92
PROD01186,Logitech Storage,Accessories,Mouse,HP,96986.77,54247.14
PROD01187,Canon Keyboard,Accessories,Storage,Canon,121021.76,20370.34
PROD01188,Apple Networking,Office Equipment,Printer,Samsung,83113.26,64344.41
PROD01189,Sony Mouse,Accessories,Storage,Dell,50167.01,86404.38
PROD01190,Samsung Scanner,Office Equipment,Networking,Logitech,6072.95,62729.37
PROD01191,Samsung Mouse,Accessories,Mouse,Logitech,147680.99,33499.06
PROD01192,Dell Printer,Office Equipment,Printer,Dell,134560.06,455.04
PROD01193,Canon Mouse,Accessories,Keyboard,Lenovo,41219.29,33018.72
PROD01194,Samsung Storage,Accessories,Keyboard,Canon,47822.98,38644.98
PROD01195,Dell Keyboard,Accessories,Mouse,Asus,140624.57,42435.49
PROD01196,Asus Storage,Accessories,Mouse,Asus,51737.27,83930.55
PROD01197,Lenovo Keyboard,Accessories,Keyboard,Lenovo,133850.85,53022.4
PROD01198,Sony Networking,Office Equipment,Networking,Asus,120662.73,45202.44
PROD01199,Asus Storage,Accessories,Storage,Lenovo,79877.7,12993.21
PROD01200,Apple Audio,Electronics,Computers,Asus,9970.36,85824.27
PROD01201,Logitech Computers,Electronics,Mobile,Apple,121029.43,98899.8
PROD01202,Epson Scanner,Office Equipment,Scanner,Canon,121394.63,94213.67
PROD01203,Apple Computers,Electronics,Audio,HP,39446.24,75136.69
PROD01204,Dell Scanner,Office Equipment,Printer,Logitech,49215.12,71648.97
PROD01205,Sony Mouse,Accessories,Keyboard,Dell,29427.98,780.51
PROD01206,Apple Audio,Electronics,Computers,Asus,41311.66,66034.41
PROD01207,Samsung Audio,Electronics,Computers,Canon,60791.13,15903.71
PROD01208,Logitech Networking,Office Equipment,Scanner,Apple,39029.33,8998.42
PROD01209,HP Computers,Electronics,Mobile,Apple,145583.77,38668.24
PROD01210,HP Scanner,Office Equipment,Scanner,Apple,97839.85,15657.96
PROD01211,Samsung Audio,Electronics,Mobile,Epson,122237.19,52066.47
PROD01212,Dell Audio,Electronics,Computers,Canon,12961.48,46329.14
PROD01213,Apple Printer,Office Equipment,Printer,Sony,23055.84,80129.3
PROD01214,Logitech Audio,Electronics,Mobile,Sony,149223.95,6186.17
PROD01215,Logitech Printer,Office Equipment,Networking,Apple,60437.2,11375.83
PROD01216,Dell Computers,Electronics,Mobile,Sony,44227.16,65424.15
PROD01217,Apple Keyboard,Accessories,Mouse,Apple,106159.34,89881.72
PROD01218,HP Networking,Office Equipment,Networking,Lenovo,51021.33,38205.09
PROD01219,Sony Computers,Electronics,Audio,Sony,127318.25,54202.76
PROD01220,Dell Networking,Office Equipment,Printer,Asus,63930.31,24743.61
PROD01221,Dell Audio,Electronics,Mobile,Asus,34865.59,39694.1
PROD01222,Epson Networking,Office Equipment,Scanner,Logitech,58104.05,69997.59
PROD01223,Epson Computers,Electronics,Mobile,HP,97464.75,45368.39
PROD01224,Lenovo Storage,Accessories,Mouse,Asus,64830.95,13768.09
PROD01225,Lenovo Scanner,Office Equipment,Scanner,HP,111796.82,63613.92
PROD01226,Apple Audio,Electronics,Audio,Lenovo,142545.21,45351.96
PROD01227,Logitech Printer,Office Equipment,Networking,Apple,83561.34,47912.9
PROD01228,Samsung Storage,Accessories,Storage,Logitech,15015.66,71397.86
PROD01229,Lenovo Computers,Electronics,Computers,Samsung,13327.09,6526.89
PROD01230,Lenovo Networking,Office Equipment,Printer,Apple,72514.93,13603.94
PROD01231,Dell Mouse,Accessories,Keyboard,Lenovo,55016.76,78085.5
PROD01232,Samsung Audio,Electronics,Audio,Asus,78931.59,79095.29
PROD01233,HP Computers,Electronics,Computers,HP,114847.43,71846.7
PROD01234,Samsung Mobile,Electronics,Computers,Logitech,25098.84,90181.88
PROD01235,Sony Mobile,Electronics,Computers,Lenovo,136982.69,86126.42
PROD01236,Apple Networking,Office Equipment,Printer,Asus,135515.86,22978.41
PROD01237,Asus Networking,Office Equipment,Networking,Dell,48864.5,85313.34
PROD01238,Apple Audio,Electronics,Mobile,Epson,47661.87,91742.05
PROD01239,Apple Computers,Electronics,Audio,Apple,103637.92,66253.06
PROD01240,Dell Scanner,Office Equipment,Printer,Dell,61293.58,16096.69
PROD01241,Epson Mobile,Electronics,Audio,Apple,131621.76,84298.25
PROD01242,HP Keyboard,Accessories,Storage,Epson,100261.73,87880.96
PROD01243,Sony Mouse,Accessories,Keyboard,Canon,105037.38,77459.12
PROD01244,Dell Computers,Electronics,Computers,Dell,104958.08,97541.23
PROD01245,Epson Printer,Office Equipment,Printer,HP,41284.67,92504.75
PROD01246,Epson Mouse,Accessories,Storage,Canon,108203.89,41907.82
PROD01247,Epson Mobile,Electronics,Audio,Lenovo,136160.84,12273.56
PROD01248,Epson Keyboard,Accessories,Keyboard,Lenovo,95815.06,53157.35
PROD01249,Dell Mouse,Accessories,Storage,Dell,60365.75,44132.91
PROD01250,Asus Mobile,Electronics,Audio,Epson,56940.78,54631.52
PROD01251,Dell Printer,Office Equipment,Scanner,Apple,83288.48,21220.29
PROD01252,Dell Mobile,Electronics,Mobile,Canon,58072.34,28055.37
PROD01253,Lenovo Mobile,Electronics,Audio,Asus,83016.46,11232.7
PROD01254,Logitech Storage,Accessories,Keyboard,Lenovo,83550.49,76032.48
PROD01255,Asus Computers,Electronics,Computers,Samsung,136274.28,46158.12
PROD01256,Asus Keyboard,Accessories,Storage,Asus,107988.55,56314.59
PROD01257,Lenovo Audio,Electronics,Computers,HP,28034.57,54140.4
PROD01258,HP Networking,Office Equipment,Printer,Canon,68686.27,91796.79
PROD01259,Sony Storage,Accessories,Storage,Canon,85252.66,59158.51
PROD01260,Dell Networking,Office Equipment,Printer,Logitech,38116.1,46763.49
PROD01261,Lenovo Mouse,Accessories,Keyboard,Apple,114129.46,9338.95
PROD01262,HP Mobile,Electronics,Mobile,Dell,139259.76,82432.02
PROD01263,HP Computers,Electronics,Audio,Logitech,27265.0,57790.74
PROD01264,Dell Scanner,Office Equipment,Scanner,Lenovo,149295.59,24538.32
PROD01265,HP Printer,Office Equipment,Printer,Sony,93790.22,76546.75
PROD01266,Asus Mobile,Electronics,Mobile,Logitech,112092.51,83508.74
PROD01267,Epson Computers,Electronics,Audio,Lenovo,124080.95,23944.29
PROD01268,Dell Keyboard,Accessories,Keyboard,Sony,118991.08,91733.58
PROD01269,Lenovo Printer,Office Equipment,Scanner,Asus,113684.21,66823.45
PROD01270,Lenovo Computers,Electronics,Mobile,Asus,84735.34,22679.07
PROD01271,Apple Computers,Electronics,Audio,Lenovo,41245.77,47028.71
PROD01272,Epson Mouse,Accessories,Keyboard,Asus,31312.66,73616.72
PROD01273,Sony Audio,Electronics,Mobile,Samsung,75772.79,35126.18
PROD01274,Logitech Keyboard,Accessories,Mouse,Dell,127332.25,79369.21
PROD01275,Apple Scanner,Office Equipment,Networking,Sony,37078.26,12313.22
PROD01276,Logitech Audio,Electronics,Mobile,Logitech,86229.37,31698.9
PROD01277,HP Scanner,Office Equipment,Printer,Dell,89695.36,27128.08
PROD01278,Canon Keyboard,Accessories,Keyboard,Lenovo,59210.38,76295.45
PROD01279,Logitech Computers,Electronics,Mobile,Lenovo,138971.01,44636.36
PROD01280,Dell Scanner,Office Equipment,Scanner,Sony,107850.72,88722.19
PROD01281,Epson Audio,Electronics,Computers,Logitech,102400.86,86415.59
PROD01282,Dell Networking,Office Equipment,Printer,Asus,147114.19,62213.56
PROD01283,Sony Networking,Office Equipment,Scanner,Logitech,141207.19,6620.47
PROD01284,Apple Mobile,Electronics,Audio,Logitech,17216.33,45209.56
PROD01285,Logitech Audio,Electronics,Computers,Logitech,98586.53,32692.44
PROD01286,Epson Keyboard,Accessories,Mouse,Dell,81980.44,23026.82
PROD01287,Sony Keyboard,Accessories,Mouse,Canon,27161.36,74737.67
PROD01288,Canon Storage,Accessories,Storage,Sony,6890.47,95048.73
PROD01289,Samsung Audio,Electronics,Computers,HP,119863.4,56051.57
PROD01290,Logitech Keyboard,Accessories,Keyboard,Canon,132874.21,6302.25
PROD01291,HP Audio,Electronics,Audio,Logitech,78956.21,78155.93
PROD01292,Canon Mouse,Accessories,Keyboard,Epson,75235.46,98718.64
PROD01293,Lenovo Mouse,Accessories,Mouse,Sony,88128.37,72527.14
PROD01294,HP Mobile,Electronics,Mobile,Asus,104391.63,99189.78
PROD01295,Logitech Computers,Electronics,Audio,Samsung,31120.0,76059.81
PROD01296,Epson Computers,Electronics,Mobile,Epson,45456.71,54016.01
PROD01297,Asus Keyboard,Accessories,Keyboard,Samsung,63382.47,43669.33
PROD01298,Asus Computers,Electronics,Computers,Samsung,138709.39,53417.81
PROD01299,Dell Scanner,Office Equipment,Scanner,Logitech,19271.58,9841.89
PROD01300,Canon Mobile,Electronics,Audio,Canon,44076.15,32587.34
PROD01301,HP Mouse,Accessories,Mouse,Apple,147088.18,95543.36
PROD01302,Samsung Scanner,Office Equipment,Printer,Epson,9928.67,99251.26
PROD01303,Canon Storage,Accessories,Storage,Apple,59282.83,76580.25
PROD01304,Epson Networking,Office Equipment,Scanner,Canon,67801.1,5822.67
PROD01305,Apple Printer,Office Equipment,Networking,Dell,45161.82,55677.83
PROD01306,Sony Storage,Accessories,Storage,HP,2219.92,39783.57
PROD01307,Epson Mobile,Electronics,Computers,Dell,122396.82,64095.38
PROD01308,Lenovo Audio,Electronics,Audio,Apple,20467.08,36560.6
PROD01309,HP Scanner,Office Equipment,Scanner,Sony,111610.04,96202.76
PROD01310,HP Storage,Accessories,Keyboard,Canon,92429.26,24430.76
PROD01311,Samsung Computers,Electronics,Audio,Canon,114309.45,59760.63
PROD01312,Samsung Printer,Office Equipment,Printer,Dell,84422.06,82463.71
PROD01313,Sony Scanner,Office Equipment,Printer,Asus,116768.58,90147.8
PROD01314,Sony Storage,Accessories,Keyboard,Samsung,138156.97,28417.43
PROD01315,Logitech Mobile,Electronics,Audio,Apple,31273.86,59302.1
PROD01316,Asus Scanner,Office Equipment,Printer,Lenovo,104271.78,42929.22
PROD01317,Samsung Printer,Office Equipment,Networking,Asus,65535.66,83979.95
PROD01318,Apple Audio,Electronics,Mobile,HP,94160.34,80998.69
PROD01319,Lenovo Mobile,Electronics,Audio,Apple,93875.28,93528.43
PROD01320,Asus Scanner,Office Equipment,Networking,Sony,78193.11,76581.6
PROD01321,Epson Storage,Accessories,Storage,Samsung,23550.49,90232.62
PROD01322,Epson Mobile,Electronics,Audio,Logitech,130322.39,39734.1
PROD01323,Asus Storage,Accessories,Mouse,Logitech,36168.15,8256.99
PROD01324,Logitech Storage,Accessories,Storage,Apple,65964.79,58987.77
PROD01325,Asus Keyboard,Accessories,Keyboard,Dell,15395.46,88554.63
PROD01326,Asus Computers,Electronics,Mobile,Canon,38686.31,62072.98
PROD01327,HP Networking,Office Equipment,Networking,Apple,107198.25,53756.1
PROD01328,Canon Computers,Electronics,Audio,Apple,65139.01,41591.81
PROD01329,Asus Networking,Office Equipment,Printer,Epson,882.13,41344.25
PROD01330,Dell Printer,Office Equipment,Networking,Asus,45828.69,69938.97
PROD01331,Canon Storage,Accessories,Mouse,Sony,7834.59,56614.59
PROD01332,Samsung Scanner,Office Equipment,Networking,Sony,130392.89,99423.78
PROD01333,Dell Printer,Office Equipment,Printer,Canon,114113.73,76836.68
PROD01334,Asus Mobile,Electronics,Mobile,Samsung,127030.98,31556.13
PROD01335,Logitech Networking,Office Equipment,Scanner,Epson,4723.7,56614.39
PROD01336,Lenovo Networking,Office Equipment,Networking,Sony,37153.78,54440.61
PROD01337,Lenovo Printer,Office Equipment,Scanner,Asus,78595.96,89943.17
PROD01338,Samsung Keyboard,Accessories,Keyboard,Logitech,126385.91,97409.47
PROD01339,Asus Networking,Office Equipment,Scanner,Apple,76565.99,46881.91
PROD01340,Canon Mouse,Accessories,Storage,Apple,122988.16,32348.43
PROD01341,Asus Storage,Accessories,Mouse,Dell,20990.98,99813.01
PROD01342,Lenovo Networking,Office Equipment,Printer,Dell,113810.26,25987.73
PROD01343,Logitech Audio,Electronics,Audio,Apple,147311.45,87233.31
PROD01344,Lenovo Keyboard,Accessories,Storage,Dell,10895.61,92605.1
PROD01345,Logitech Storage,Accessories,Keyboard,Samsung,51654.95,55401.11
PROD01346,Apple Mobile,Electronics,Audio,Sony,13512.72,1027.37
PROD01347,HP Mouse,Accessories,Storage,Dell,72240.62,48847.97
PROD01348,Logitech Keyboard,Accessories,Keyboard,Apple,52897.27,60188.63
PROD01349,Logitech Networking,Office Equipment,Printer,Asus,17565.6,91674.86
PROD01350,Lenovo Audio,Electronics,Computers,Asus,58302.42,85149.51
PROD01351,Samsung Printer,Office Equipment,Printer,Epson,145334.49,71639.8
PROD01352,Dell Mouse,Accessories,Storage,Samsung,98723.49,93651.94
PROD01353,Asus Printer,Office Equipment,Networking,Lenovo,48561.18,18874.87
PROD01354,Sony Keyboard,Accessories,Storage,HP,43211.37,70682.97
PROD01355,Lenovo Scanner,Office Equipment,Scanner,Apple,62060.75,19184.36
PROD01356,Lenovo Printer,Office Equipment,Networking,Dell,101466.7,89520.31
PROD01357,Apple Storage,Accessories,Keyboard,Epson,13240.2,77488.72
PROD01358,Sony Mouse,Accessories,Keyboard,Canon,27990.7,72784.54
PROD01359,HP Keyboard,Accessories,Mouse,Epson,71378.7,75202.03
PROD01360,Asus Keyboard,Accessories,Mouse,Samsung,130936.57,15825.48
PROD01361,Apple Storage,Accessories,Mouse,Epson,51645.35,97872.23
PROD01362,Sony Mobile,Electronics,Computers,Dell,5193.95,46512.8
PROD01363,Logitech Scanner,Office Equipment,Scanner,HP,148905.65,45116.65
PROD01364,Logitech Scanner,Office Equipment,Printer,Samsung,140622.11,59698.81
PROD01365,Lenovo Mouse,Accessories,Storage,Apple,49035.96,70858.99
PROD01366,Lenovo Storage,Accessories,Keyboard,Dell,99482.82,62474.93
PROD01367,Dell Printer,Office Equipment,Scanner,Sony,6549.6,959.21
PROD01368,Epson Audio,Electronics,Mobile,Dell,26521.27,9990.76
PROD01369,Canon Mouse,Accessories,Storage,Apple,54295.6,36808.95
PROD01370,Samsung Scanner,Office Equipment,Printer,Epson,38113.9,15464.0
PROD01371,Apple Mouse,Accessories,Keyboard,Lenovo,55707.53,85407.09
PROD01372,Sony Networking,Office Equipment,Networking,Logitech,96046.86,12051.33
PROD01373,HP Networking,Office Equipment,Scanner,Epson,28649.93,79438.51
PROD01374,Dell Mobile,Electronics,Mobile,Sony,77162.9,88073.03
PROD01375,Apple Scanner,Office Equipment,Scanner,Apple,147204.05,27676.43
PROD01376,Epson Computers,Electronics,Mobile,Logitech,5203.52,74697.33
PROD01377,Epson Mobile,Electronics,Computers,Apple,96067.85,61095.57
PROD01378,Logitech Networking,Office Equipment,Networking,Epson,71880.83,55189.72
PROD01379,Apple Mobile,Electronics,Computers,Apple,124905.52,48525.79
PROD01380,Samsung Mouse,Accessories,Keyboard,Logitech,31119.59,15270.28
PROD01381,Epson Computers,Electronics,Mobile,Dell,47315.43,78551.79
PROD01382,Dell Mouse,Accessories,Keyboard,Asus,146299.7,93306.16
PROD01383,Logitech Scanner,Office Equipment,Networking,HP,100847.59,93163.54
PROD01384,Sony Networking,Office Equipment,Printer,Logitech,132991.49,49549.01
PROD01385,Dell Networking,Office Equipment,Scanner,Lenovo,9326.05,90341.59
PROD01386,Apple Scanner,Office Equipment,Scanner,Lenovo,105194.28,36434.58
PROD01387,Sony Mobile,Electronics,Audio,HP,123092.76,9986.55
PROD01388,Sony Mouse,Accessories,Keyboard,Dell,43361.09,32730.19
PROD01389,Samsung Printer,Office Equipment,Networking,HP,64125.55,5049.99
PROD01390,Logitech Printer,Office Equipment,Printer,Logitech,35734.48,26870.15
PROD01391,Logitech Computers,Electronics,Mobile,Sony,50613.93,70021.97
PROD01392,Dell Computers,Electronics,Audio,Apple,67127.34,78223.79
PROD01393,Asus Mouse,Accessories,Storage,Dell,121757.17,57971.62
PROD01394,Samsung Keyboard,Accessories,Storage,Logitech,51856.86,32051.38
PROD01395,Sony Storage,Accessories,Mouse,Logitech,9268.68,9111.93
PROD01396,Apple Mobile,Electronics,Mobile,Samsung,98934.94,90943.42
PROD01397,Sony Printer,Office Equipment,Scanner,Canon,125582.25,13465.42
PROD01398,Dell Scanner,Office Equipment,Printer,Asus,35031.71,93324.47
PROD01399,Epson Audio,Electronics,Mobile,Asus,85273.93,67419.76
PROD01400,Sony Audio,Electronics,Audio,Samsung,75347.57,9000.92
PROD01401,Logitech Printer,Office Equipment,Networking,Dell,43504.26,97561.37
PROD01402,Canon Audio,Electronics,Mobile,Logitech,101522.58,9389.96
PROD01403,Canon Audio,Electronics,Computers,Epson,61063.06,23063.24
PROD01404,Apple Networking,Office Equipment,Scanner,Epson,105744.76,58079.79
PROD01405,Apple Scanner,Office Equipment,Networking,Sony,16706.38,52872.17
PROD01406,Canon Keyboard,Accessories,Keyboard,Asus,76634.47,48544.01
PROD01407,Asus Scanner,Office Equipment,Printer,Asus,29422.54,69019.27
PROD01408,Samsung Keyboard,Accessories,Storage,Canon,49773.88,8540.53
PROD01409,Epson Mouse,Accessories,Mouse,Lenovo,95759.2,54787.01
PROD01410,Logitech Keyboard,Accessories,Storage,Samsung,17330.96,95310.25
PROD01411,Samsung Scanner,Office Equipment,Printer,Samsung,40962.72,63417.12
PROD01412,Epson Storage,Accessories,Mouse,Asus,143423.09,12811.61
PROD01413,Asus Keyboard,Accessories,Keyboard,HP,135708.23,79141.3
PROD01414,Canon Audio,Electronics,Mobile,Logitech,83741.4,23081.92
PROD01415,Asus Networking,Office Equipment,Scanner,Sony,14950.42,27355.79
PROD01416,Samsung Mobile,Electronics,Audio,HP,77129.31,81015.57
PROD01417,Asus Computers,Electronics,Computers,Asus,62957.3,77661.6
PROD01418,HP Mobile,Electronics,Computers,Canon,52065.21,15072.29
PROD01419,Dell Storage,Accessories,Mouse,Dell,56360.08,52837.47
PROD01420,Canon Scanner,Office Equipment,Printer,Dell,18699.5,54587.9
PROD01421,Canon Storage,Accessories,Storage,Asus,140728.7,17880.53
PROD01422,Logitech Computers,Electronics,Computers,HP,112500.98,36390.02
PROD01423,Canon Audio,Electronics,Computers,Sony,76716.13,59059.8
PROD01424,Asus Mobile,Electronics,Computers,Samsung,123303.4,53400.43
PROD01425,Lenovo Scanner,Office Equipment,Networking,Apple,30946.07,60290.54
PROD01426,Samsung Storage,Accessories,Keyboard,Apple,29375.52,8886.98
PROD01427,Lenovo Audio,Electronics,Mobile,Samsung,13729.34,43260.36
PROD01428,Samsung Audio,Electronics,Mobile,Epson,64597.66,8338.49
PROD01429,Canon Mouse,Accessories,Mouse,Logitech,38337.38,25438.08
PROD01430,Logitech Mobile,Electronics,Computers,Apple,104538.83,35177.65
PROD01431,Epson Networking,Office Equipment,Scanner,Samsung,147582.67,96605.0
PROD01432,Sony Audio,Electronics,Audio,Canon,89070.26,9768.16
PROD01433,Samsung Printer,Office Equipment,Printer,Dell,43773.14,90125.95
PROD01434,Sony Storage,Accessories,Storage,Logitech,99457.24,64278.96
PROD01435,Apple Audio,Electronics,Audio,Samsung,47426.28,7859.34
PROD01436,Sony Mouse,Accessories,Mouse,Dell,90402.5,26473.69
PROD01437,Logitech Computers,Electronics,Computers,Epson,38472.78,82678.59
PROD01438,Apple Scanner,Office Equipment,Networking,Apple,43195.63,63966.6
PROD01439,Apple Computers,Electronics,Audio,HP,122823.32,88846.87
PROD01440,Asus Storage,Accessories,Keyboard,Logitech,112353.57,34498.09
PROD01441,Asus Storage,Accessories,Keyboard,Epson,137344.52,68371.27
PROD01442,Apple Scanner,Office Equipment,Printer,Sony,32297.13,75064.74
PROD01443,HP Storage,Accessories,Storage,Apple,138986.79,40670.6
PROD01444,Dell Keyboard,Accessories,Keyboard,Sony,37674.63,3060.59
PROD01445,Samsung Keyboard,Accessories,Storage,Logitech,17727.0,95806.65
PROD01446,Epson Audio,Electronics,Computers,Canon,49843.28,15865.68
PROD01447,Lenovo Printer,Office Equipment,Printer,HP,130583.57,54023.53
PROD01448,Asus Storage,Accessories,Mouse,Dell,76969.66,78205.18
PROD01449,Dell Keyboard,Accessories,Keyboard,Dell,28862.55,41449.21
PROD01450,Dell Mouse,Accessories,Storage,Apple,52726.7,32151.1
PROD01451,Epson Mouse,Accessories,Storage,Apple,147585.67,19040.68
PROD01452,Apple Computers,Electronics,Computers,HP,52479.99,30578.29
PROD01453,Dell Mobile,Electronics,Audio,Epson,14736.73,89349.36
PROD01454,Dell Mouse,Accessories,Storage,Sony,132143.42,13282.02
PROD01455,Samsung Audio,Electronics,Mobile,Canon,8697.4,81918.63
PROD01456,Asus Printer,Office Equipment,Printer,Samsung,61262.44,13774.87
PROD01457,Lenovo Mobile,Electronics,Mobile,Canon,46320.77,58230.51
PROD01458,Epson Storage,Accessories,Keyboard,Logitech,19856.9,3953.55
PROD01459,Apple Computers,Electronics,Audio,HP,66932.9,56700.14
PROD01460,Canon Storage,Accessories,Storage,Logitech,101280.02,24029.55
PROD01461,Canon Scanner,Office Equipment,Scanner,Asus,100023.09,9290.53
PROD01462,Sony Mouse,Accessories,Keyboard,Sony,118203.16,51717.72
PROD01463,Dell Computers,Electronics,Computers,Asus,84838.9,92045.51
PROD01464,Lenovo Computers,Electronics,Mobile,Dell,128074.11,83115.47
PROD01465,Dell Computers,Electronics,Computers,Apple,1243.99,69074.47
PROD01466,Canon Audio,Electronics,Audio,HP,2710.59,7970.42
PROD01467,Dell Networking,Office Equipment,Printer,Epson,108582.06,62540.18
PROD01468,HP Mouse,Accessories,Keyboard,Apple,50404.99,26580.92
PROD01469,Canon Audio,Electronics,Mobile,Lenovo,30532.48,90577.67
PROD01470,Canon Scanner,Office Equipment,Printer,Canon,111983.49,36374.67
PROD01471,Apple Computers,Electronics,Mobile,Epson,46064.79,19748.81
PROD01472,Epson Keyboard,Accessories,Storage,Samsung,40761.7,48941.23
PROD01473,Logitech Mouse,Accessories,Mouse,Logitech,94133.94,67319.96
PROD01474,Lenovo Mobile,Electronics,Mobile,Canon,131761.04,73395.37
PROD01475,Sony Mobile,Electronics,Audio,Logitech,60843.52,6581.18
PROD01476,Canon Storage,Accessories,Keyboard,Lenovo,77635.93,49908.57
PROD01477,Sony Mobile,Electronics,Audio,Apple,10312.45,19811.41
PROD01478,Samsung Mobile,Electronics,Mobile,Logitech,97793.33,37829.82
PROD01479,HP Networking,Office Equipment,Networking,Samsung,22508.31,55010.67
PROD01480,Lenovo Printer,Office Equipment,Printer,Asus,136551.29,2676.18
PROD01481,Samsung Audio,Electronics,Computers,Lenovo,20244.81,50537.36
PROD01482,Apple Printer,Office Equipment,Printer,Epson,117726.06,65610.24
PROD01483,Asus Mobile,Electronics,Audio,Sony,108818.44,39164.92
PROD01484,Logitech Networking,Office Equipment,Networking,Dell,49246.23,80557.59
PROD01485,Canon Mobile,Electronics,Audio,Lenovo,149692.06,91536.92
PROD01486,Lenovo Mobile,Electronics,Computers,Apple,70681.62,45475.83
PROD01487,Logitech Networking,Office Equipment,Scanner,Logitech,39611.32,12354.19
PROD01488,Canon Mouse,Accessories,Mouse,Asus,104377.83,19443.52
PROD01489,Logitech Computers,Electronics,Computers,Apple,78495.0,91182.43
PROD01490,Logitech Scanner,Office Equipment,Networking,Dell,48590.94,36892.18
PROD01491,Apple Keyboard,Accessories,Keyboard,Dell,27743.16,19781.59
PROD01492,HP Storage,Accessories,Storage,HP,130189.01,68451.37
PROD01493,Logitech Audio,Electronics,Mobile,Logitech,1801.33,81201.4
PROD01494,Sony Mouse,Accessories,Mouse,Canon,140042.07,92157.33
PROD01495,Logitech Audio,Electronics,Computers,HP,26084.58,19173.52
PROD01496,Asus Mobile,Electronics,Mobile,Lenovo,46741.01,48471.96
PROD01497,Epson Mobile,Electronics,Audio,Apple,3790.59,38013.1
PROD01498,Epson Storage,Accessories,Mouse,HP,125340.32,15147.58
PROD01499,Logitech Scanner,Office Equipment,Networking,HP,141030.07,10773.48
PROD01500,Canon Mobile,Electronics,Computers,Sony,123558.6,85523.07
PROD01501,Apple Computers,Electronics,Mobile,Apple,6330.64,16639.26
PROD01502,Sony Scanner,Office Equipment,Networking,Logitech,98433.89,11172.24
PROD01503,Canon Printer,Office Equipment,Printer,Dell,6133.48,14143.0
PROD01504,Epson Keyboard,Accessories,Keyboard,Dell,45719.38,28640.0
PROD01505,Canon Computers,Electronics,Computers,Logitech,95308.34,1776.46
PROD01506,Samsung Printer,Office Equipment,Scanner,Logitech,81318.35,16708.59
PROD01507,HP Scanner,Office Equipment,Networking,Sony,91522.4,77553.28
PROD01508,Apple Keyboard,Accessories,Storage,Dell,147461.63,6350.8
PROD01509,Dell Scanner,Office Equipment,Printer,Logitech,32123.98,89807.47
PROD01510,Dell Storage,Accessories,Mouse,HP,88562.11,24814.7
PROD01511,Dell Networking,Office Equipment,Networking,Lenovo,6015.39,69088.86
PROD01512,Lenovo Printer,Office Equipment,Printer,Epson,52469.33,65624.08
PROD01513,Sony Mouse,Accessories,Keyboard,Asus,128884.85,84522.85
PROD01514,Sony Scanner,Office Equipment,Scanner,HP,90337.81,46431.38
PROD01515,Sony Audio,Electronics,Audio,Epson,24426.88,74940.12
PROD01516,HP Scanner,Office Equipment,Printer,Lenovo,149021.56,66245.71
PROD01517,Epson Networking,Office Equipment,Scanner,Samsung,51968.5,17995.73
PROD01518,Apple Audio,Electronics,Audio,Dell,12803.01,17893.12
PROD01519,Lenovo Computers,Electronics,Mobile,Canon,72296.72,51292.69
PROD01520,Asus Storage,Accessories,Keyboard,Lenovo,81724.63,65962.16
PROD01521,Canon Networking,Office Equipment,Networking,Apple,130299.37,41204.87
PROD01522,Sony Audio,Electronics,Computers,Dell,43627.77,80350.92
PROD01523,Epson Audio,Electronics,Computers,Canon,144799.55,84300.28
PROD01524,Samsung Storage,Accessories,Mouse,Asus,149068.49,92372.42
PROD01525,Lenovo Mouse,Accessories,Storage,Logitech,75752.16,90096.87
PROD01526,Epson Mobile,Electronics,Mobile,Lenovo,83126.67,81294.34
PROD01527,Sony Computers,Electronics,Mobile,Samsung,68712.13,42350.32
PROD01528,HP Networking,Office Equipment,Scanner,Sony,35466.79,66847.21
PROD01529,Samsung Audio,Electronics,Audio,Canon,88146.32,45766.57
PROD01530,Canon Scanner,Office Equipment,Networking,Canon,100558.83,86883.71
PROD01531,HP Mouse,Accessories,Mouse,Epson,6141.09,1584.78
PROD01532,Canon Keyboard,Accessories,Keyboard,Dell,37093.31,96525.06
PROD01533,Canon Keyboard,Accessories,Keyboard,Samsung,148713.88,57562.52
PROD01534,Apple Computers,Electronics,Computers,Asus,99692.91,89789.66
PROD01535,Apple Mobile,Electronics,Mobile,HP,22069.15,85249.38
PROD01536,Sony Printer,Office Equipment,Printer,Samsung,137196.59,81891.88
PROD01537,Lenovo Networking,Office Equipment,Printer,Apple,26384.69,39778.53
PROD01538,Apple Computers,Electronics,Mobile,Asus,103240.91,45337.49
PROD01539,Samsung Mobile,Electronics,Audio,Epson,19851.03,90938.76
PROD01540,Asus Storage,Accessories,Mouse,Samsung,89717.83,32046.87
PROD01541,Epson Audio,Electronics,Mobile,Apple,33687.05,47555.96
PROD01542,Sony Networking,Office Equipment,Scanner,Sony,77988.57,33427.3
PROD01543,Lenovo Networking,Office Equipment,Printer,Sony,59682.12,27587.71
PROD01544,Epson Printer,Office Equipment,Networking,Epson,117906.66,65332.54
PROD01545,Apple Computers,Electronics,Mobile,Sony,100914.22,1771.99
PROD01546,Lenovo Computers,Electronics,Mobile,Sony,14503.48,93673.29
PROD01547,Apple Mobile,Electronics,Computers,Epson,7923.68,74239.05
PROD01548,Logitech Mouse,Accessories,Mouse,Samsung,85828.68,94316.22
PROD01549,Canon Mobile,Electronics,Audio,Lenovo,136651.33,5487.55
PROD01550,Epson Computers,Electronics,Computers,HP,119215.02,97657.41
PROD01551,Sony Mouse,Accessories,Storage,Dell,139438.54,35514.93
PROD01552,Logitech Mobile,Electronics,Mobile,Logitech,75628.35,28395.3
PROD01553,Apple Printer,Office Equipment,Printer,Samsung,147718.02,9193.23
PROD01554,Asus Printer,Office Equipment,Networking,Dell,37760.56,69743.97
PROD01555,Epson Audio,Electronics,Audio,Lenovo,35619.32,85470.59
PROD01556,Epson Mouse,Accessories,Mouse,Apple,113133.08,32711.95
PROD01557,Lenovo Storage,Accessories,Mouse,Lenovo,53834.32,92037.65
PROD01558,Sony Mouse,Accessories,Mouse,Lenovo,133047.25,47441.93
PROD01559,Asus Computers,Electronics,Computers,Canon,128652.49,18341.2
PROD01560,Dell Keyboard,Accessories,Storage,Canon,79624.28,96015.32
PROD01561,Epson Keyboard,Accessories,Storage,Canon,121769.64,58400.59
PROD01562,Logitech Storage,Accessories,Mouse,Canon,35087.76,60081.62
PROD01563,Epson Scanner,Office Equipment,Networking,Apple,91308.77,64547.27
PROD01564,Logitech Networking,Office Equipment,Networking,Dell,94630.93,36504.34
PROD01565,Logitech Computers,Electronics,Mobile,Canon,93342.63,57359.11
PROD01566,Lenovo Computers,Electronics,Mobile,Asus,1196.85,69339.96
PROD01567,Lenovo Networking,Office Equipment,Scanner,HP,94950.88,36171.98
PROD01568,Sony Audio,Electronics,Computers,Dell,143953.35,74077.88
PROD01569,Apple Audio,Electronics,Audio,Epson,81562.57,40386.32
PROD01570,Canon Mobile,Electronics,Audio,Apple,100101.3,2327.02
PROD01571,Sony Mouse,Accessories,Mouse,Logitech,109495.77,40234.35
PROD01572,Apple Mouse,Accessories,Keyboard,Samsung,2173.73,86573.11
PROD01573,Apple Audio,Electronics,Mobile,Apple,9451.08,71667.93
PROD01574,HP Mouse,Accessories,Keyboard,Apple,1268.06,41514.71
PROD01575,Apple Scanner,Office Equipment,Scanner,Asus,32173.56,17954.97
PROD01576,Asus Storage,Accessories,Mouse,Epson,124529.01,49726.8
PROD01577,Epson Keyboard,Accessories,Keyboard,Lenovo,99367.82,8212.42
PROD01578,Lenovo Mouse,Accessories,Storage,HP,34705.42,68143.64
PROD01579,Canon Audio,Electronics,Computers,Dell,839.37,15326.05
PROD01580,Canon Keyboard,Accessories,Keyboard,Epson,16080.71,58444.94
PROD01581,Sony Mouse,Accessories,Storage,Epson,30672.68,41056.08
PROD01582,HP Mobile,Electronics,Computers,Apple,12385.4,33155.53
PROD01583,Canon Scanner,Office Equipment,Networking,Sony,121037.03,70970.9
PROD01584,Epson Printer,Office Equipment,Printer,HP,47699.9,1608.12
PROD01585,Asus Printer,Office Equipment,Printer,Sony,71745.9,27048.2
PROD01586,Sony Networking,Office Equipment,Networking,Dell,27001.16,96793.91
PROD01587,Asus Computers,Electronics,Computers,Asus,13701.22,99115.87
PROD01588,Asus Scanner,Office Equipment,Scanner,Asus,54367.62,99867.3
PROD01589,HP Storage,Accessories,Storage,Epson,66690.26,24103.16
PROD01590,Logitech Computers,Electronics,Computers,Lenovo,18373.01,55096.93
PROD01591,Samsung Audio,Electronics,Computers,Logitech,129682.53,36256.6
PROD01592,Sony Printer,Office Equipment,Networking,Samsung,84564.71,13771.26
PROD01593,Dell Storage,Accessories,Mouse,Canon,135610.76,64491.02
PROD01594,Sony Networking,Office Equipment,Printer,Sony,54170.0,95012.58
PROD01595,Dell Printer,Office Equipment,Scanner,Canon,26909.01,1080.58
PROD01596,Asus Audio,Electronics,Audio,Epson,9307.68,6583.23
PROD01597,Logitech Audio,Electronics,Computers,Dell,62900.86,70246.94
PROD01598,Epson Computers,Electronics,Mobile,Asus,87084.18,44784.59
PROD01599,Apple Keyboard,Accessories,Mouse,Epson,80724.67,46620.79
PROD01600,Samsung Computers,Electronics,Audio,Samsung,78963.74,74263.73
PROD01601,Logitech Mouse,Accessories,Keyboard,Lenovo,24845.82,63999.13
PROD01602,Sony Mouse,Accessories,Keyboard,Asus,50157.73,29909.34
PROD01603,HP Storage,Accessories,Storage,Lenovo,149576.57,71088.0
PROD01604,Lenovo Networking,Office Equipment,Scanner,Samsung,111663.26,33137.12
PROD01605,Sony Keyboard,Accessories,Mouse,Canon,17143.98,33288.9
PROD01606,Sony Scanner,Office Equipment,Printer,Lenovo,62606.02,11786.22
PROD01607,Dell Scanner,Office Equipment,Networking,Samsung,80991.01,7041.09
PROD01608,HP Scanner,Office Equipment,Printer,Logitech,93308.3,12478.25
PROD01609,Epson Storage,Accessories,Keyboard,Canon,40335.4,91983.15
PROD01610,Lenovo Mobile,Electronics,Mobile,Logitech,134909.97,14828.49
PROD01611,Lenovo Mouse,Accessories,Storage,Dell,24596.89,28798.49
PROD01612,Apple Printer,Office Equipment,Scanner,Lenovo,112979.92,27488.58
PROD01613,Apple Keyboard,Accessories,Mouse,Samsung,99684.24,28653.11
PROD01614,Canon Scanner,Office Equipment,Networking,Asus,97872.35,7766.31
PROD01615,Asus Audio,Electronics,Audio,HP,39565.67,34612.16
PROD01616,HP Storage,Accessories,Keyboard,Canon,85118.52,28016.18
PROD01617,Sony Storage,Accessories,Storage,Lenovo,125050.27,65133.05
PROD01618,Lenovo Mouse,Accessories,Storage,Canon,132282.86,2243.96
PROD01619,Asus Keyboard,Accessories,Storage,Canon,124747.4,96528.13
PROD01620,Apple Networking,Office Equipment,Scanner,Asus,144127.51,30187.07
PROD01621,Epson Networking,Office Equipment,Printer,Dell,10855.42,79040.95
PROD01622,HP Mouse,Accessories,Keyboard,Sony,43890.04,35020.25
PROD01623,HP Mouse,Accessories,Storage,Asus,45033.0,61951.41
PROD01624,Samsung Storage,Accessories,Mouse,Samsung,100972.46,35285.74
PROD01625,HP Scanner,Office Equipment,Scanner,Sony,20206.58,54130.37
PROD01626,Lenovo Keyboard,Accessories,Mouse,Dell,113423.3,92836.52
PROD01627,Samsung Networking,Office Equipment,Scanner,Asus,5117.92,49414.09
PROD01628,Samsung Computers,Electronics,Mobile,Dell,62151.34,29252.29
PROD01629,Sony Mobile,Electronics,Mobile,Lenovo,21303.76,65561.64
PROD01630,Epson Scanner,Office Equipment,Networking,Canon,117365.17,85124.33
PROD01631,Epson Printer,Office Equipment,Networking,Asus,21518.99,8154.52
PROD01632,Canon Storage,Accessories,Keyboard,HP,46854.53,9729.53
PROD01633,Asus Mouse,Accessories,Storage,Apple,25074.6,21395.4
PROD01634,Samsung Audio,Electronics,Audio,HP,52742.02,57546.13
PROD01635,Apple Mobile,Electronics,Mobile,Epson,124160.59,716.42
PROD01636,Asus Storage,Accessories,Mouse,Asus,46737.61,6251.08
PROD01637,Dell Storage,Accessories,Mouse,Apple,51861.13,88290.12
PROD01638,Asus Scanner,Office Equipment,Printer,HP,16292.85,74535.11
PROD01639,Canon Scanner,Office Equipment,Printer,Asus,142968.11,59616.7
PROD01640,Samsung Networking,Office Equipment,Printer,Epson,9508.54,98627.19
PROD01641,Asus Storage,Accessories,Mouse,Apple,130871.72,76394.16
PROD01642,Lenovo Mobile,Electronics,Computers,Sony,131111.21,42209.72
PROD01643,Dell Audio,Electronics,Audio,Logitech,124831.83,11818.02
PROD01644,Dell Mouse,Accessories,Storage,Asus,97845.39,67665.24
PROD01645,Logitech Mobile,Electronics,Mobile,Epson,118863.39,68245.67
PROD01646,Dell Mouse,Accessories,Mouse,Canon,110259.2,58304.91
PROD01647,Samsung Storage,Accessories,Storage,Sony,80337.76,10203.56
PROD01648,Dell Networking,Office Equipment,Networking,Epson,93171.41,19183.86
PROD01649,Samsung Audio,Electronics,Audio,Canon,130032.75,96303.78
PROD01650,HP Audio,Electronics,Mobile,Logitech,137638.77,42904.11
PROD01651,Samsung Mouse,Accessories,Mouse,Lenovo,10257.24,77880.38
PROD01652,Canon Audio,Electronics,Computers,Samsung,52889.47,52805.02
PROD01653,Sony Storage,Accessories,Keyboard,Samsung,34862.93,18369.87
PROD01654,Lenovo Printer,Office Equipment,Scanner,Samsung,83441.89,20792.28
PROD01655,Apple Mobile,Electronics,Audio,Sony,49302.9,52350.94
PROD01656,Dell Mobile,Electronics,Audio,Dell,73230.37,70987.44
PROD01657,HP Mobile,Electronics,Audio,Epson,49432.79,3007.47
PROD01658,Logitech Mobile,Electronics,Computers,Epson,28794.65,34515.73
PROD01659,Samsung Mobile,Electronics,Computers,Asus,118326.39,7504.53
PROD01660,Apple Mouse,Accessories,Mouse,Dell,149790.54,57349.88
PROD01661,Apple Mouse,Accessories,Keyboard,Canon,123889.77,15635.08
PROD01662,Asus Computers,Electronics,Computers,Sony,98062.59,58636.92
PROD01663,Samsung Keyboard,Accessories,Keyboard,Canon,131554.64,59434.41
PROD01664,Apple Printer,Office Equipment,Networking,HP,148365.39,3011.55
PROD01665,Logitech Mouse,Accessories,Keyboard,Asus,70928.68,90604.99
PROD01666,Samsung Storage,Accessories,Storage,Sony,50673.14,77762.18
PROD01667,Asus Computers,Electronics,Audio,Sony,24518.49,62847.03
PROD01668,Dell Audio,Electronics,Mobile,Sony,21257.56,33566.99
PROD01669,HP Mobile,Electronics,Computers,Sony,11945.86,8538.04
PROD01670,Sony Printer,Office Equipment,Scanner,Apple,58574.32,38955.57
PROD01671,Samsung Scanner,Office Equipment,Scanner,Samsung,18459.6,67083.13
PROD01672,Dell Mobile,Electronics,Computers,Sony,11281.41,90316.22
PROD01673,Dell Networking,Office Equipment,Networking,Apple,19457.49,36208.25
PROD01674,Canon Computers,Electronics,Mobile,HP,111734.13,64798.57
PROD01675,Samsung Storage,Accessories,Mouse,Dell,122007.37,20759.28
PROD01676,Epson Mobile,Electronics,Computers,Lenovo,8821.6,90215.15
PROD01677,Logitech Computers,Electronics,Computers,Canon,4263.06,73929.09
PROD01678,Sony Keyboard,Accessories,Keyboard,Samsung,114376.34,23989.17
PROD01679,Logitech Audio,Electronics,Computers,Asus,9172.71,37553.6
PROD01680,Sony Mobile,Electronics,Mobile,Samsung,31005.26,76258.91
PROD01681,Samsung Computers,Electronics,Computers,Lenovo,2006.37,61896.16
PROD01682,HP Mouse,Accessories,Storage,Lenovo,134830.29,77840.91
PROD01683,Canon Mobile,Electronics,Audio,HP,38517.76,59983.54
PROD01684,Sony Printer,Office Equipment,Networking,Epson,124072.47,47583.21
PROD01685,Samsung Networking,Office Equipment,Printer,Asus,99592.54,34062.51
PROD01686,Apple Keyboard,Accessories,Mouse,Epson,20871.07,699.55
PROD01687,Sony Scanner,Office Equipment,Networking,Logitech,139523.29,83527.86
PROD01688,Lenovo Mobile,Electronics,Computers,Dell,104566.71,70439.97
PROD01689,Apple Computers,Electronics,Mobile,HP,24349.45,12646.34
PROD01690,Canon Keyboard,Accessories,Storage,Canon,34793.07,85732.88
PROD01691,Apple Scanner,Office Equipment,Scanner,Logitech,124266.35,48012.25
PROD01692,Lenovo Storage,Accessories,Mouse,Sony,19644.0,65745.61
PROD01693,Sony Storage,Accessories,Keyboard,Apple,78832.83,98974.91
PROD01694,Asus Storage,Accessories,Mouse,Dell,114353.45,23060.4
PROD01695,Sony Scanner,Office Equipment,Networking,Sony,88832.97,20718.44
PROD01696,Sony Scanner,Office Equipment,Printer,Dell,102089.17,10478.43
PROD01697,Logitech Audio,Electronics,Mobile,Sony,2577.01,69780.63
PROD01698,Lenovo Mobile,Electronics,Audio,HP,121325.24,57884.29
PROD01699,Asus Printer,Office Equipment,Printer,Logitech,142317.89,34040.47
PROD01700,Lenovo Audio,Electronics,Mobile,Sony,75676.08,83616.64
PROD01701,Samsung Networking,Office Equipment,Networking,Samsung,47283.93,49633.17
PROD01702,Samsung Scanner,Office Equipment,Printer,Logitech,122686.47,70850.45
PROD01703,Dell Keyboard,Accessories,Keyboard,Sony,141849.87,74748.29
PROD01704,Sony Audio,Electronics,Computers,Lenovo,48106.47,66397.69
PROD01705,Apple Scanner,Office Equipment,Scanner,Canon,51325.89,55146.02
PROD01706,Dell Printer,Office Equipment,Printer,Epson,26334.15,53984.46
PROD01707,Logitech Storage,Accessories,Storage,Lenovo,33615.6,84308.61
PROD01708,HP Computers,Electronics,Computers,Sony,133652.3,16291.35
PROD01709,Logitech Storage,Accessories,Storage,Sony,16531.32,85398.36
PROD01710,Dell Audio,Electronics,Mobile,HP,99906.07,89519.64
PROD01711,HP Computers,Electronics,Audio,HP,68769.08,36354.78
PROD01712,Sony Printer,Office Equipment,Scanner,HP,113373.57,36652.18
PROD01713,Apple Scanner,Office Equipment,Scanner,Apple,83588.15,76386.99
PROD01714,HP Printer,Office Equipment,Scanner,Epson,129597.76,1649.49
PROD01715,Dell Keyboard,Accessories,Keyboard,Apple,132430.65,50499.33
PROD01716,Samsung Storage,Accessories,Keyboard,Apple,27916.89,3517.39
PROD01717,Asus Printer,Office Equipment,Printer,Canon,54797.99,48583.39
PROD01718,Samsung Audio,Electronics,Mobile,Logitech,96655.79,39276.91
PROD01719,Canon Printer,Office Equipment,Networking,Asus,15253.23,83980.58
PROD01720,Sony Mobile,Electronics,Audio,Sony,113085.79,45604.56
PROD01721,Epson Mobile,Electronics,Mobile,Sony,118415.72,33503.1
PROD01722,Sony Storage,Accessories,Keyboard,Dell,45449.94,54571.75
PROD01723,Samsung Printer,Office Equipment,Scanner,Dell,48671.69,60987.02
PROD01724,Sony Networking,Office Equipment,Networking,HP,85792.58,96292.79
PROD01725,Lenovo Audio,Electronics,Computers,HP,100272.26,24775.5
PROD01726,Epson Storage,Accessories,Storage,Apple,37686.03,51078.1
PROD01727,Samsung Scanner,Office Equipment,Scanner,Apple,71460.73,32048.79
PROD01728,Logitech Mouse,Accessories,Mouse,HP,21596.63,34300.7
PROD01729,Epson Mouse,Accessories,Keyboard,Sony,72529.25,33841.12
PROD01730,Logitech Mouse,Accessories,Storage,Lenovo,19132.02,44050.81
PROD01731,Sony Keyboard,Accessories,Keyboard,Sony,89978.34,93143.64
PROD01732,Asus Computers,Electronics,Mobile,Logitech,91890.9,31186.56
PROD01733,HP Mouse,Accessories,Storage,Canon,81890.82,26969.61
PROD01734,Asus Mobile,Electronics,Computers,Lenovo,69243.8,14659.41
PROD01735,Epson Printer,Office Equipment,Printer,Epson,148226.8,40740.55
PROD01736,Apple Scanner,Office Equipment,Printer,Sony,59806.42,52030.91
PROD01737,Asus Mobile,Electronics,Computers,Samsung,9660.76,32406.35
PROD01738,Sony Mobile,Electronics,Audio,Lenovo,91948.61,39149.79
PROD01739,Sony Storage,Accessories,Keyboard,Lenovo,121862.6,82395.64
PROD01740,Samsung Computers,Electronics,Computers,Lenovo,118192.52,89257.07
PROD01741,Lenovo Keyboard,Accessories,Storage,Sony,143643.18,31673.79
PROD01742,Asus Audio,Electronics,Computers,Samsung,137195.88,90671.7
PROD01743,Lenovo Printer,Office Equipment,Scanner,Dell,43296.18,91118.29
PROD01744,Sony Storage,Accessories,Keyboard,Lenovo,138836.29,28882.0
PROD01745,Sony Keyboard,Accessories,Keyboard,Samsung,112101.25,43750.35
PROD01746,Dell Computers,Electronics,Mobile,Canon,36968.34,76880.45
PROD01747,Apple Networking,Office Equipment,Scanner,Canon,114203.43,80291.42
PROD01748,Lenovo Printer,Office Equipment,Scanner,Lenovo,142594.14,9211.4
PROD01749,Apple Scanner,Office Equipment,Printer,Lenovo,26302.77,78515.08
PROD01750,Canon Scanner,Office Equipment,Printer,Lenovo,126634.05,64213.78
PROD01751,Lenovo Mobile,Electronics,Audio,Dell,136460.48,10982.05
PROD01752,Canon Audio,Electronics,Audio,Canon,89093.66,25901.1
PROD01753,HP Audio,Electronics,Computers,Dell,71328.15,73424.67
PROD01754,Canon Storage,Accessories,Storage,Lenovo,8770.89,58738.66
PROD01755,Canon Keyboard,Accessories,Mouse,Logitech,50323.85,57000.46
PROD01756,Apple Computers,Electronics,Computers,Apple,121982.0,81070.09
PROD01757,Asus Computers,Electronics,Computers,Asus,129218.24,50973.7
PROD01758,Asus Storage,Accessories,Mouse,Epson,80994.59,31897.52
PROD01759,Asus Keyboard,Accessories,Storage,Apple,111679.91,85487.04
PROD01760,Apple Storage,Accessories,Storage,Epson,129147.74,91331.35
PROD01761,Dell Mobile,Electronics,Audio,HP,76406.31,77028.52
PROD01762,Apple Mobile,Electronics,Computers,HP,83534.75,85150.45
PROD01763,Samsung Storage,Accessories,Keyboard,Lenovo,114391.1,41996.01
PROD01764,Asus Keyboard,Accessories,Storage,Samsung,137662.79,36002.09
PROD01765,HP Storage,Accessories,Storage,Canon,46640.96,7957.21
PROD01766,Dell Computers,Electronics,Computers,Samsung,29556.24,91852.2
PROD01767,HP Mouse,Accessories,Keyboard,Canon,43232.33,61528.72
PROD01768,Asus Storage,Accessories,Keyboard,Logitech,39182.83,53588.98
PROD01769,Lenovo Storage,Accessories,Keyboard,Epson,101273.1,49334.45
PROD01770,Sony Computers,Electronics,Mobile,Sony,3944.86,26788.41
PROD01771,Epson Mouse,Accessories,Keyboard,Logitech,38880.71,38209.13
PROD01772,Apple Keyboard,Accessories,Keyboard,Samsung,131546.52,29906.55
PROD01773,Logitech Networking,Office Equipment,Printer,Lenovo,42727.72,49565.53
PROD01774,Logitech Printer,Office Equipment,Scanner,Lenovo,64939.11,96134.91
PROD01775,Lenovo Keyboard,Accessories,Storage,Sony,90949.45,64843.65
PROD01776,HP Storage,Accessories,Keyboard,Lenovo,101610.37,90357.36
PROD01777,Apple Mouse,Accessories,Mouse,Canon,81357.25,91987.84
PROD01778,Dell Scanner,Office Equipment,Networking,HP,23179.56,7056.28
PROD01779,HP Computers,Electronics,Mobile,Asus,147043.26,42116.92
PROD01780,Logitech Storage,Accessories,Storage,Asus,104056.48,33678.95
PROD01781,Epson Keyboard,Accessories,Mouse,HP,8978.18,75608.75
PROD01782,Asus Audio,Electronics,Computers,Samsung,66805.74,61653.25
PROD01783,Lenovo Printer,Office Equipment,Printer,Logitech,121876.59,3532.81
PROD01784,Epson Mobile,Electronics,Audio,Samsung,84551.17,16129.62
PROD01785,HP Networking,Office Equipment,Scanner,Apple,59371.32,94763.51
PROD01786,Lenovo Mouse,Accessories,Keyboard,Canon,82827.56,84808.12
PROD01787,HP Mouse,Accessories,Mouse,Apple,52570.22,74814.69
PROD01788,Samsung Mouse,Accessories,Mouse,Sony,5603.72,43537.27
PROD01789,Dell Mobile,Electronics,Audio,Sony,16757.25,67594.47
PROD01790,Apple Printer,Office Equipment,Printer,Sony,95163.31,1029.88
PROD01791,Epson Computers,Electronics,Mobile,Samsung,97692.79,11327.89
PROD01792,Asus Printer,Office Equipment,Networking,Lenovo,139245.93,16011.8
PROD01793,Logitech Audio,Electronics,Audio,Logitech,126552.83,4171.4
PROD01794,Lenovo Audio,Electronics,Computers,Lenovo,51255.67,72912.61
PROD01795,HP Printer,Office Equipment,Printer,Epson,100142.19,70475.31
PROD01796,Lenovo Audio,Electronics,Audio,Samsung,145457.39,5054.28
PROD01797,Logitech Audio,Electronics,Audio,Canon,146819.57,10147.39
PROD01798,Logitech Computers,Electronics,Computers,Samsung,114773.12,71218.56
PROD01799,Samsung Mouse,Accessories,Mouse,HP,90092.99,24114.33
PROD01800,Canon Storage,Accessories,Mouse,HP,133626.34,17979.5
PROD01801,Epson Keyboard,Accessories,Storage,Apple,132877.58,18696.2
PROD01802,Dell Networking,Office Equipment,Scanner,Epson,143016.66,58964.24
PROD01803,Samsung Scanner,Office Equipment,Printer,Epson,113303.47,49260.22
PROD01804,Logitech Computers,Electronics,Audio,Samsung,75508.25,38555.19
PROD01805,Logitech Scanner,Office Equipment,Networking,Lenovo,2195.34,4400.52
PROD01806,Lenovo Keyboard,Accessories,Mouse,Apple,21504.4,69910.73
PROD01807,Asus Storage,Accessories,Keyboard,Samsung,81660.65,66343.78
PROD01808,Logitech Mobile,Electronics,Computers,Epson,7313.46,74995.33
PROD01809,Logitech Audio,Electronics,Audio,Sony,72454.45,38000.39
PROD01810,Canon Printer,Office Equipment,Printer,Sony,146563.73,67456.76
PROD01811,Canon Audio,Electronics,Mobile,Apple,94895.15,10560.74
PROD01812,Epson Computers,Electronics,Mobile,Epson,35772.86,85849.03
PROD01813,Canon Audio,Electronics,Computers,Lenovo,16705.77,14245.62
PROD01814,Dell Networking,Office Equipment,Networking,Logitech,12587.75,17872.42
PROD01815,Samsung Mouse,Accessories,Storage,Dell,69856.19,64182.05
PROD01816,Asus Audio,Electronics,Mobile,HP,139984.24,11624.8
PROD01817,Logitech Networking,Office Equipment,Printer,Asus,648.58,68818.34
PROD01818,Samsung Storage,Accessories,Keyboard,Sony,99641.6,9464.01
PROD01819,HP Networking,Office Equipment,Printer,Sony,14821.69,29027.88
PROD01820,HP Mouse,Accessories,Mouse,Asus,40694.59,39481.29
PROD01821,Canon Networking,Office Equipment,Scanner,Epson,48829.87,3963.43
PROD01822,Sony Printer,Office Equipment,Networking,Canon,16509.1,47268.96
PROD01823,Sony Computers,Electronics,Mobile,Sony,27311.37,22807.27
PROD01824,Dell Computers,Electronics,Audio,Dell,37419.8,63085.84
PROD01825,Lenovo Networking,Office Equipment,Networking,Apple,12178.66,4082.9
PROD01826,HP Mouse,Accessories,Storage,Sony,3286.88,58864.23
PROD01827,Logitech Networking,Office Equipment,Networking,Samsung,72308.96,39269.66
PROD01828,Samsung Mouse,Accessories,Storage,Dell,56898.24,89267.48
PROD01829,Epson Scanner,Office Equipment,Printer,Dell,92130.36,54844.45
PROD01830,Canon Mouse,Accessories,Storage,Lenovo,147147.56,89155.7
PROD01831,Canon Audio,Electronics,Audio,HP,88539.04,57536.49
PROD01832,Lenovo Mouse,Accessories,Mouse,Samsung,90164.24,72377.48
PROD01833,HP Audio,Electronics,Computers,Sony,105571.29,19638.69
PROD01834,Epson Keyboard,Accessories,Mouse,Epson,136954.75,58398.72
PROD01835,Lenovo Networking,Office Equipment,Scanner,Samsung,8968.87,96255.85
PROD01836,Logitech Audio,Electronics,Mobile,Apple,26500.69,92686.28
PROD01837,Samsung Keyboard,Accessories,Mouse,Canon,71375.82,19545.14
PROD01838,Asus Printer,Office Equipment,Networking,Asus,140314.81,31236.72
PROD01839,Asus Networking,Office Equipment,Printer,Epson,127461.79,41345.11
PROD01840,Apple Mouse,Accessories,Keyboard,Sony,80751.01,55988.45
PROD01841,Samsung Printer,Office Equipment,Scanner,Logitech,126289.07,53943.33
PROD01842,Apple Keyboard,Accessories,Mouse,Lenovo,51360.79,39128.16
PROD01843,HP Printer,Office Equipment,Networking,Apple,143922.76,25158.18
PROD01844,Logitech Networking,Office Equipment,Scanner,Apple,68221.84,69047.86
PROD01845,Lenovo Computers,Electronics,Audio,Asus,80618.2,11416.57
PROD01846,Asus Printer,Office Equipment,Printer,Lenovo,103843.22,59170.8
PROD01847,Sony Networking,Office Equipment,Scanner,Asus,117130.34,2262.04
PROD01848,Epson Networking,Office Equipment,Scanner,Dell,116227.8,42175.55
PROD01849,Samsung Printer,Office Equipment,Printer,Samsung,81591.09,40865.21
PROD01850,HP Audio,Electronics,Audio,Lenovo,118925.97,33587.75
PROD01851,Epson Mobile,Electronics,Mobile,Apple,12182.54,59932.97
PROD01852,Asus Scanner,Office Equipment,Printer,HP,79084.76,32245.11
PROD01853,Epson Scanner,Office Equipment,Networking,Sony,111245.59,8050.0
PROD01854,Canon Computers,Electronics,Mobile,Epson,46248.37,95920.92
PROD01855,Logitech Mobile,Electronics,Audio,Logitech,79940.68,22815.03
PROD01856,Dell Storage,Accessories,Storage,Apple,124768.53,5174.12
PROD01857,Epson Scanner,Office Equipment,Scanner,Asus,52737.84,30239.33
PROD01858,Sony Keyboard,Accessories,Keyboard,Samsung,94837.48,20889.2
PROD01859,Dell Storage,Accessories,Storage,Sony,15510.25,9121.28
PROD01860,Lenovo Keyboard,Accessories,Keyboard,Epson,139767.89,20728.3
PROD01861,Sony Computers,Electronics,Mobile,HP,142137.35,31189.8
PROD01862,Epson Computers,Electronics,Audio,Epson,145534.91,99330.05
PROD01863,Apple Mouse,Accessories,Storage,Dell,123872.69,3694.94
PROD01864,Epson Keyboard,Accessories,Mouse,Logitech,111584.44,25112.87
PROD01865,Epson Scanner,Office Equipment,Networking,Asus,61531.23,94628.28
PROD01866,Asus Networking,Office Equipment,Printer,Canon,24276.41,59813.82
PROD01867,HP Keyboard,Accessories,Mouse,Samsung,94766.71,82573.11
PROD01868,Epson Printer,Office Equipment,Printer,Epson,97933.33,84645.94
PROD01869,HP Keyboard,Accessories,Keyboard,Canon,69681.14,20934.17
PROD01870,Logitech Scanner,Office Equipment,Networking,Logitech,122196.84,67370.46
PROD01871,Dell Networking,Office Equipment,Networking,Logitech,122691.27,72403.72
PROD01872,Sony Mouse,Accessories,Mouse,Samsung,131723.97,87457.61
PROD01873,Sony Networking,Office Equipment,Printer,HP,148511.1,69302.2
PROD01874,Epson Printer,Office Equipment,Scanner,HP,102337.12,84779.14
PROD01875,Epson Networking,Office Equipment,Scanner,Dell,130760.19,90886.48
PROD01876,Asus Scanner,Office Equipment,Scanner,HP,117545.31,42037.29
PROD01877,HP Computers,Electronics,Audio,Apple,94197.73,82197.43
PROD01878,Epson Audio,Electronics,Mobile,HP,42078.76,62725.69
PROD01879,Asus Storage,Accessories,Mouse,Logitech,99811.65,64542.52
PROD01880,HP Computers,Electronics,Mobile,Samsung,65900.22,62301.72
PROD01881,Logitech Mobile,Electronics,Computers,Asus,75676.56,28321.9
PROD01882,Sony Audio,Electronics,Mobile,Canon,93514.73,11478.78
PROD01883,Apple Keyboard,Accessories,Storage,Epson,22572.99,76063.75
PROD01884,HP Mobile,Electronics,Computers,Apple,140819.64,24558.55
PROD01885,Logitech Storage,Accessories,Storage,HP,53815.89,32297.96
PROD01886,Samsung Mouse,Accessories,Storage,Epson,7884.12,95755.07
PROD01887,Canon Mouse,Accessories,Mouse,Logitech,46986.97,67352.38
PROD01888,Asus Storage,Accessories,Mouse,Samsung,34131.32,45752.83
PROD01889,Sony Storage,Accessories,Storage,Asus,26557.55,21244.0
PROD01890,HP Keyboard,Accessories,Storage,Lenovo,141781.28,81329.1
PROD01891,Sony Computers,Electronics,Mobile,Samsung,69765.01,80383.74
PROD01892,Logitech Mobile,Electronics,Audio,Logitech,18137.0,51590.23
PROD01893,Epson Printer,Office Equipment,Scanner,HP,109644.15,12654.9
PROD01894,Asus Mobile,Electronics,Computers,Dell,79637.85,28262.62
PROD01895,Dell Keyboard,Accessories,Keyboard,Samsung,30063.9,75103.76
PROD01896,Apple Audio,Electronics,Mobile,Logitech,115549.8,51590.67
PROD01897,Apple Mobile,Electronics,Computers,Apple,149888.79,48253.23
PROD01898,Epson Computers,Electronics,Mobile,Logitech,5392.97,74840.74
PROD01899,Asus Storage,Accessories,Keyboard,Canon,51482.84,55087.11
PROD01900,Epson Storage,Accessories,Storage,Samsung,120780.86,24587.16
PROD01901,Asus Mouse,Accessories,Keyboard,Sony,147123.81,56217.84
PROD01902,Epson Keyboard,Accessories,Mouse,Apple,92130.37,81136.49
PROD01903,Sony Keyboard,Accessories,Storage,Epson,9538.98,46700.4
PROD01904,Lenovo Scanner,Office Equipment,Scanner,Sony,140304.81,5264.82
PROD01905,Apple Audio,Electronics,Computers,Sony,18469.03,23635.62
PROD01906,Canon Scanner,Office Equipment,Printer,Dell,96996.94,90440.19
PROD01907,Asus Networking,Office Equipment,Networking,HP,66127.84,98534.48
PROD01908,Sony Networking,Office Equipment,Printer,Asus,24801.98,49006.08
PROD01909,Dell Storage,Accessories,Keyboard,HP,47925.13,71256.0
PROD01910,HP Keyboard,Accessories,Mouse,HP,78570.25,53743.5
PROD01911,Lenovo Networking,Office Equipment,Networking,HP,125344.37,78489.42
PROD01912,Dell Mouse,Accessories,Mouse,Apple,96905.77,50023.88
PROD01913,HP Mobile,Electronics,Mobile,Epson,71717.44,76823.54
PROD01914,Asus Printer,Office Equipment,Printer,HP,12336.31,40890.22
PROD01915,HP Audio,Electronics,Mobile,Dell,28216.2,22307.5
PROD01916,Dell Audio,Electronics,Computers,HP,100774.4,1947.88
PROD01917,HP Audio,Electronics,Computers,Samsung,84005.73,28164.97
PROD01918,Apple Keyboard,Accessories,Keyboard,Asus,96373.19,75695.21
PROD01919,Lenovo Printer,Office Equipment,Networking,Lenovo,23429.57,64426.49
PROD01920,Epson Mouse,Accessories,Storage,Samsung,70281.32,2910.14
PROD01921,Logitech Computers,Electronics,Mobile,Apple,105975.84,98140.26
PROD01922,Samsung Mobile,Electronics,Mobile,Apple,33113.09,46565.41
PROD01923,Asus Computers,Electronics,Mobile,Samsung,144540.31,80589.35
PROD01924,Asus Printer,Office Equipment,Scanner,Epson,132426.92,1390.61
PROD01925,Samsung Storage,Accessories,Keyboard,Lenovo,124005.77,3715.42
PROD01926,Lenovo Storage,Accessories,Mouse,HP,147781.28,79946.71
PROD01927,Apple Storage,Accessories,Storage,Asus,92697.38,87533.97
PROD01928,HP Computers,Electronics,Computers,Samsung,68162.19,35259.44
PROD01929,Apple Networking,Office Equipment,Printer,Dell,91028.98,304.68
PROD01930,HP Printer,Office Equipment,Printer,Asus,126928.84,68493.14
PROD01931,Logitech Audio,Electronics,Audio,Canon,116865.43,21909.61
PROD01932,Lenovo Printer,Office Equipment,Networking,Epson,141363.52,10741.01
PROD01933,Logitech Networking,Office Equipment,Printer,Apple,135935.37,5293.44
PROD01934,Epson Computers,Electronics,Computers,Asus,82922.61,3454.62
PROD01935,Sony Audio,Electronics,Audio,Logitech,142185.87,36188.27
PROD01936,Lenovo Mobile,Electronics,Mobile,HP,40599.01,14779.75
PROD01937,Sony Mouse,Accessories,Mouse,Dell,146703.65,72811.59
PROD01938,Asus Scanner,Office Equipment,Scanner,Apple,53943.03,93300.36
PROD01939,HP Keyboard,Accessories,Storage,Lenovo,30208.24,60661.76
PROD01940,Lenovo Audio,Electronics,Computers,Epson,122003.36,98009.29
PROD01941,Epson Audio,Electronics,Computers,Dell,46462.65,1630.85
PROD01942,Dell Mobile,Electronics,Computers,Asus,115812.69,73058.23
PROD01943,Epson Mouse,Accessories,Mouse,Asus,33425.11,17731.55
PROD01944,Logitech Audio,Electronics,Mobile,Epson,10741.07,35784.07
PROD01945,Logitech Mobile,Electronics,Mobile,Dell,134251.38,15895.04
PROD01946,Sony Printer,Office Equipment,Scanner,Logitech,86899.69,46586.0
PROD01947,Logitech Mouse,Accessories,Mouse,HP,65701.84,76581.04
PROD01948,Apple Computers,Electronics,Mobile,Epson,108353.12,55708.19
PROD01949,Lenovo Audio,Electronics,Audio,Canon,81177.58,44696.36
PROD01950,Epson Audio,Electronics,Mobile,Asus,123906.44,78157.08
PROD01951,Lenovo Mouse,Accessories,Keyboard,Dell,17740.86,79413.96
PROD01952,Dell Scanner,Office Equipment,Scanner,Samsung,81447.74,74418.04
PROD01953,Dell Keyboard,Accessories,Mouse,HP,17703.2,65509.63
PROD01954,Epson Computers,Electronics,Audio,Sony,139446.57,47445.91
PROD01955,Logitech Printer,Office Equipment,Scanner,Dell,71125.42,47813.3
PROD01956,Asus Computers,Electronics,Mobile,Samsung,13680.2,64798.31
PROD01957,Asus Computers,Electronics,Computers,Canon,125226.17,80034.85
PROD01958,Canon Networking,Office Equipment,Scanner,Asus,54606.7,98119.21
PROD01959,Samsung Printer,Office Equipment,Networking,Asus,88098.47,48746.77
PROD01960,Canon Audio,Electronics,Audio,Apple,82888.37,74212.26
PROD01961,Epson Mouse,Accessories,Mouse,Samsung,107246.28,73049.87
PROD01962,Dell Printer,Office Equipment,Networking,Samsung,25113.3,10115.36
PROD01963,Dell Mouse,Accessories,Storage,Samsung,131305.24,32272.48
PROD01964,Asus Networking,Office Equipment,Networking,Canon,110568.87,94900.56
PROD01965,HP Audio,Electronics,Computers,Logitech,118830.88,14473.58
PROD01966,Apple Mobile,Electronics,Computers,Epson,6217.63,56147.15
PROD01967,Asus Audio,Electronics,Computers,Dell,117536.83,4220.57
PROD01968,Dell Mouse,Accessories,Keyboard,Dell,42016.37,39133.52
PROD01969,Samsung Networking,Office Equipment,Networking,Dell,91032.44,97700.05
PROD01970,Epson Scanner,Office Equipment,Networking,Logitech,28349.39,17661.77
PROD01971,Asus Mobile,Electronics,Computers,Samsung,72052.99,74294.14
PROD01972,Canon Audio,Electronics,Computers,Apple,69345.59,93391.07
PROD01973,Apple Keyboard,Accessories,Storage,Dell,122861.76,13599.29
PROD01974,Asus Audio,Electronics,Mobile,Logitech,92413.57,68272.74
PROD01975,Samsung Storage,Accessories,Mouse,Sony,85628.21,44566.73
PROD01976,HP Mouse,Accessories,Keyboard,Lenovo,122207.29,32737.96
PROD01977,Logitech Scanner,Office Equipment,Networking,Asus,136071.4,85705.63
PROD01978,Asus Audio,Electronics,Mobile,Dell,75621.31,25149.69
PROD01979,Asus Computers,Electronics,Computers,Sony,72914.85,20982.36
PROD01980,Epson Mouse,Accessories,Storage,Asus,28189.45,15916.23
PROD01981,Canon Printer,Office Equipment,Printer,Logitech,70609.47,16695.66
PROD01982,Lenovo Keyboard,Accessories,Storage,Lenovo,136876.55,48727.02
PROD01983,Lenovo Scanner,Office Equipment,Printer,Epson,10229.23,43967.61
PROD01984,Samsung Computers,Electronics,Computers,Epson,105992.12,19162.9
PROD01985,Asus Storage,Accessories,Mouse,Asus,64764.55,24228.43
PROD01986,Dell Mouse,Accessories,Storage,Asus,22263.19,11514.52
PROD01987,Samsung Printer,Office Equipment,Networking,Apple,48202.34,85755.23
PROD01988,Sony Computers,Electronics,Computers,Apple,75272.17,80676.91
PROD01989,Dell Keyboard,Accessories,Storage,Lenovo,125391.58,82418.23
PROD01990,Lenovo Mobile,Electronics,Computers,Apple,7530.91,40627.9
PROD01991,Samsung Mouse,Accessories,Storage,Lenovo,36604.07,90751.9
PROD01992,Samsung Mobile,Electronics,Mobile,Lenovo,6371.21,16108.08
PROD01993,Samsung Storage,Accessories,Mouse,HP,85131.89,15300.77
PROD01994,Epson Storage,Accessories,Keyboard,Epson,70646.38,74504.67
PROD01995,Canon Computers,Electronics,Computers,HP,26145.31,5654.64
PROD01996,Epson Networking,Office Equipment,Networking,Sony,67716.51,51296.76
PROD01997,HP Scanner,Office Equipment,Networking,Canon,121475.64,58148.67
PROD01998,HP Mobile,Electronics,Computers,Apple,143936.35,43277.56
PROD01999,Sony Scanner,Office Equipment,Printer,Samsung,123561.91,78638.37
PROD02000,HP Mouse,Accessories,Mouse,HP,38192.86,71875.94
PROD02001,Sony Scanner,Office Equipment,Networking,Logitech,139126.66,35998.59
PROD02002,Canon Scanner,Office Equipment,Scanner,Sony,95141.59,13670.1
PROD02003,Epson Networking,Office Equipment,Networking,Sony,1120.28,26494.14
PROD02004,Canon Audio,Electronics,Computers,Epson,80269.71,35369.59
PROD02005,Sony Scanner,Office Equipment,Printer,Epson,138205.37,47893.3
PROD02006,Epson Mouse,Accessories,Keyboard,HP,94255.65,53387.05
PROD02007,Sony Audio,Electronics,Audio,Dell,98095.81,35185.26
PROD02008,Canon Networking,Office Equipment,Networking,Epson,29410.91,74076.23
PROD02009,Dell Mobile,Electronics,Computers,Logitech,54777.75,10716.82
PROD02010,HP Storage,Accessories,Storage,Lenovo,60121.26,92313.22
PROD02011,Sony Mobile,Electronics,Audio,Canon,19672.23,6429.65
PROD02012,Lenovo Computers,Electronics,Mobile,Samsung,91084.98,68138.7
PROD02013,Epson Computers,Electronics,Audio,Lenovo,122637.1,92143.64
PROD02014,Logitech Storage,Accessories,Keyboard,Sony,67458.71,14733.47
PROD02015,Asus Audio,Electronics,Audio,HP,3488.68,16464.82
PROD02016,HP Computers,Electronics,Audio,Samsung,28976.75,54989.72
PROD02017,Epson Networking,Office Equipment,Printer,Asus,44148.51,54725.49
PROD02018,Apple Networking,Office Equipment,Networking,Logitech,123143.5,16910.67
PROD02019,Logitech Mouse,Accessories,Keyboard,Canon,76255.12,88021.99
PROD02020,Sony Audio,Electronics,Audio,Samsung,10823.65,28106.29
PROD02021,Samsung Mouse,Accessories,Keyboard,Sony,138633.23,33297.33
PROD02022,Logitech Audio,Electronics,Mobile,Logitech,92298.53,55497.1
PROD02023,HP Audio,Electronics,Computers,Sony,130179.83,39657.35
PROD02024,Apple Scanner,Office Equipment,Printer,Logitech,97303.21,98289.75
PROD02025,Apple Scanner,Office Equipment,Scanner,Epson,93772.63,34920.65
PROD02026,Canon Mobile,Electronics,Audio,Asus,146745.91,99173.06
PROD02027,Lenovo Storage,Accessories,Storage,Samsung,24122.36,44627.5
PROD02028,HP Computers,Electronics,Audio,Dell,107114.65,19094.63
PROD02029,Epson Storage,Accessories,Mouse,Epson,105590.38,90077.81
PROD02030,Asus Audio,Electronics,Computers,Asus,109962.09,27576.61
PROD02031,Lenovo Networking,Office Equipment,Networking,Lenovo,18957.36,24831.67
PROD02032,Lenovo Keyboard,Accessories,Mouse,HP,66311.35,88092.15
PROD02033,Apple Computers,Electronics,Computers,Apple,142586.55,60848.24
PROD02034,Canon Printer,Office Equipment,Networking,Asus,35141.72,96871.6
PROD02035,Dell Scanner,Office Equipment,Scanner,Asus,35844.49,28925.8
PROD02036,HP Printer,Office Equipment,Printer,HP,70373.69,34510.64
PROD02037,Asus Printer,Office Equipment,Networking,Logitech,79504.08,58040.51
PROD02038,Logitech Audio,Electronics,Computers,Logitech,50316.44,65219.43
PROD02039,HP Audio,Electronics,Audio,Epson,37566.89,82990.95
PROD02040,Dell Scanner,Office Equipment,Scanner,Canon,109792.2,6371.35
PROD02041,Logitech Printer,Office Equipment,Scanner,Asus,66323.92,54516.58
PROD02042,Samsung Audio,Electronics,Mobile,Canon,67958.57,9648.57
PROD02043,HP Computers,Electronics,Mobile,HP,67983.76,3223.77
PROD02044,Canon Keyboard,Accessories,Storage,Epson,130797.45,47934.59
PROD02045,Asus Audio,Electronics,Mobile,Dell,83147.95,2737.32
PROD02046,Lenovo Computers,Electronics,Audio,Canon,141885.92,71173.76
PROD02047,Sony Mouse,Accessories,Keyboard,Asus,24089.21,96936.16
PROD02048,Apple Audio,Electronics,Computers,Samsung,23439.13,29356.41
PROD02049,Asus Storage,Accessories,Keyboard,Samsung,138308.87,18391.54
PROD02050,Epson Storage,Accessories,Mouse,Logitech,16769.24,3087.16
PROD02051,Dell Audio,Electronics,Computers,Apple,8424.2,88552.54
PROD02052,HP Keyboard,Accessories,Storage,Dell,52388.95,39804.55
PROD02053,Canon Computers,Electronics,Audio,Apple,28283.33,73255.84
PROD02054,Logitech Mouse,Accessories,Storage,HP,24824.79,58309.62
PROD02055,Logitech Computers,Electronics,Mobile,Lenovo,118578.08,34463.15
PROD02056,Samsung Computers,Electronics,Computers,Samsung,68278.27,17102.94
PROD02057,Logitech Audio,Electronics,Computers,HP,102248.1,54793.12
PROD02058,HP Networking,Office Equipment,Scanner,Apple,136120.56,70969.16
PROD02059,Lenovo Keyboard,Accessories,Mouse,Dell,122898.97,41591.67
PROD02060,Logitech Printer,Office Equipment,Networking,Asus,133819.05,99898.62
PROD02061,Epson Printer,Office Equipment,Printer,Asus,73064.84,13229.58
PROD02062,Epson Audio,Electronics,Mobile,Sony,81211.16,92847.26
PROD02063,Logitech Scanner,Office Equipment,Printer,Dell,118632.87,2220.24
PROD02064,Samsung Audio,Electronics,Audio,Canon,87081.05,26347.3
PROD02065,Sony Audio,Electronics,Computers,Canon,11605.42,29596.35
PROD02066,Lenovo Networking,Office Equipment,Scanner,HP,130642.92,39317.35
PROD02067,Canon Storage,Accessories,Keyboard,Asus,148254.83,53984.95
PROD02068,Logitech Mouse,Accessories,Mouse,Sony,101181.43,17090.33
PROD02069,Epson Storage,Accessories,Mouse,Dell,139742.36,57153.74
PROD02070,Canon Printer,Office Equipment,Networking,Samsung,43681.75,24959.41
PROD02071,Asus Mouse,Accessories,Storage,Apple,70243.79,22307.77
PROD02072,Samsung Storage,Accessories,Storage,Lenovo,52839.55,96936.8
PROD02073,Asus Audio,Electronics,Audio,Dell,43752.84,46264.45
PROD02074,Samsung Storage,Accessories,Mouse,Epson,24891.11,78927.73
PROD02075,Logitech Mouse,Accessories,Keyboard,Dell,104931.12,91924.34
PROD02076,Canon Mobile,Electronics,Computers,Sony,114660.16,65288.99
PROD02077,Samsung Networking,Office Equipment,Scanner,Lenovo,13957.5,52034.71
PROD02078,Logitech Scanner,Office Equipment,Networking,Samsung,41095.05,23416.6
PROD02079,Epson Mouse,Accessories,Keyboard,Lenovo,70401.06,50661.17
PROD02080,Asus Networking,Office Equipment,Networking,Asus,33462.6,7242.53
PROD02081,HP Printer,Office Equipment,Printer,HP,92840.12,61469.65
PROD02082,Canon Scanner,Office Equipment,Networking,Apple,29486.64,62228.98
PROD02083,Asus Computers,Electronics,Computers,Samsung,104185.34,98874.27
PROD02084,Sony Storage,Accessories,Storage,Apple,61624.63,79047.09
PROD02085,Dell Printer,Office Equipment,Networking,Apple,34991.97,21682.7
PROD02086,Apple Printer,Office Equipment,Networking,Apple,24954.49,11986.94
PROD02087,Lenovo Mouse,Accessories,Mouse,Asus,68349.44,41401.56
PROD02088,Canon Printer,Office Equipment,Networking,HP,107652.26,40607.12
PROD02089,Canon Keyboard,Accessories,Keyboard,Samsung,27154.74,71421.79
PROD02090,Apple Printer,Office Equipment,Printer,Samsung,48211.1,32320.32
PROD02091,Asus Networking,Office Equipment,Printer,Samsung,7313.83,71984.66
PROD02092,Asus Computers,Electronics,Computers,HP,55761.84,44130.2
PROD02093,Samsung Mobile,Electronics,Computers,Lenovo,4294.5,96204.18
PROD02094,Asus Keyboard,Accessories,Mouse,Epson,36793.44,57884.67
PROD02095,Canon Mouse,Accessories,Mouse,Asus,62933.85,37820.82
PROD02096,Apple Printer,Office Equipment,Scanner,Samsung,125732.95,81530.93
PROD02097,Apple Audio,Electronics,Computers,Apple,47199.51,67505.67
PROD02098,Samsung Audio,Electronics,Computers,Epson,121313.25,87669.72
PROD02099,Epson Networking,Office Equipment,Scanner,HP,85359.51,25687.09
PROD02100,Samsung Storage,Accessories,Keyboard,Epson,94906.78,7296.96
PROD02101,Samsung Storage,Accessories,Storage,Sony,90730.19,70983.44
PROD02102,Asus Scanner,Office Equipment,Printer,Dell,34903.22,11036.94
PROD02103,Logitech Printer,Office Equipment,Networking,Sony,11983.19,427.81
PROD02104,HP Mobile,Electronics,Mobile,Logitech,55067.52,17661.77
PROD02105,Samsung Computers,Electronics,Audio,Samsung,102440.14,50752.58
PROD02106,Canon Scanner,Office Equipment,Networking,Canon,36010.17,36107.08
PROD02107,Samsung Computers,Electronics,Audio,Apple,140719.66,71741.73
PROD02108,Epson Mouse,Accessories,Storage,Dell,75457.6,41773.1
PROD02109,Asus Scanner,Office Equipment,Printer,Apple,145504.07,39438.96
PROD02110,Canon Printer,Office Equipment,Printer,Apple,26571.53,19290.21
PROD02111,Epson Audio,Electronics,Audio,Samsung,105126.11,11853.26
PROD02112,HP Audio,Electronics,Computers,Samsung,64794.86,11358.2
PROD02113,Epson Computers,Electronics,Audio,Lenovo,16548.11,8366.21
PROD02114,Logitech Mobile,Electronics,Computers,HP,129943.78,21388.22
PROD02115,Sony Networking,Office Equipment,Scanner,Samsung,42174.14,62462.83
PROD02116,Logitech Computers,Electronics,Mobile,Apple,40529.65,51162.8
PROD02117,Asus Scanner,Office Equipment,Networking,Asus,56205.92,4557.84
PROD02118,Lenovo Printer,Office Equipment,Networking,Canon,139317.05,67193.02
PROD02119,Lenovo Networking,Office Equipment,Printer,Epson,22757.18,90374.02
PROD02120,Logitech Networking,Office Equipment,Scanner,Apple,121101.24,33527.21
PROD02121,Samsung Keyboard,Accessories,Mouse,Apple,49968.28,32234.19
PROD02122,Sony Networking,Office Equipment,Networking,Asus,94313.79,9753.64
PROD02123,Logitech Audio,Electronics,Computers,Dell,17277.48,80904.44
PROD02124,HP Scanner,Office Equipment,Scanner,Asus,145129.37,67459.16
PROD02125,Dell Keyboard,Accessories,Storage,Asus,133629.42,27363.9
PROD02126,Asus Scanner,Office Equipment,Scanner,Apple,105892.3,1891.88
PROD02127,Sony Storage,Accessories,Mouse,Canon,20634.01,27203.28
PROD02128,Lenovo Audio,Electronics,Mobile,Apple,83335.85,63895.39
PROD02129,Dell Computers,Electronics,Mobile,Samsung,80769.45,17402.79
PROD02130,Lenovo Networking,Office Equipment,Networking,Samsung,15964.32,81513.38
PROD02131,Samsung Mobile,Electronics,Mobile,Logitech,35181.03,40861.58
PROD02132,Lenovo Mobile,Electronics,Computers,Samsung,139481.31,99645.3
PROD02133,Samsung Storage,Accessories,Mouse,Dell,26031.06,43153.06
PROD02134,Dell Mobile,Electronics,Audio,Dell,46349.97,8748.1
PROD02135,Logitech Mouse,Accessories,Storage,HP,146185.93,30125.86
PROD02136,Logitech Audio,Electronics,Audio,Asus,94459.82,75210.66
PROD02137,Lenovo Networking,Office Equipment,Networking,Dell,45960.98,83920.13
PROD02138,Logitech Storage,Accessories,Keyboard,Asus,5930.34,59983.96
PROD02139,Asus Scanner,Office Equipment,Printer,Canon,98121.24,95981.04
PROD02140,Samsung Keyboard,Accessories,Keyboard,Logitech,113938.53,4248.93
PROD02141,Epson Keyboard,Accessories,Storage,Sony,56401.29,35073.48
PROD02142,HP Networking,Office Equipment,Printer,Logitech,74280.69,80508.37
PROD02143,Sony Printer,Office Equipment,Printer,Apple,100334.09,20529.72
PROD02144,Canon Mouse,Accessories,Mouse,Logitech,33256.38,881.66
PROD02145,Samsung Networking,Office Equipment,Networking,Apple,147351.64,16360.88
PROD02146,Logitech Audio,Electronics,Mobile,Samsung,67847.88,66503.59
PROD02147,Logitech Audio,Electronics,Audio,Apple,90840.62,4614.44
PROD02148,Samsung Storage,Accessories,Mouse,HP,10789.74,15091.92
PROD02149,HP Networking,Office Equipment,Scanner,Canon,92704.03,57337.22
PROD02150,Canon Mobile,Electronics,Computers,HP,20933.09,18770.54
PROD02151,HP Printer,Office Equipment,Printer,Dell,101417.98,68877.29
PROD02152,Epson Scanner,Office Equipment,Scanner,Canon,84628.22,3182.7
PROD02153,Canon Scanner,Office Equipment,Printer,HP,53534.42,72527.43
PROD02154,HP Mobile,Electronics,Audio,Canon,45198.6,95941.41
PROD02155,Epson Storage,Accessories,Storage,Canon,62245.9,87129.47
PROD02156,Canon Networking,Office Equipment,Printer,Asus,29226.69,48475.33
PROD02157,Apple Networking,Office Equipment,Scanner,Canon,44935.88,56568.55
PROD02158,Logitech Audio,Electronics,Computers,Sony,102222.98,45798.28
PROD02159,Sony Printer,Office Equipment,Scanner,HP,31043.21,44574.62
PROD02160,Lenovo Printer,Office Equipment,Networking,HP,40145.89,87777.69
PROD02161,Epson Keyboard,Accessories,Keyboard,HP,61378.35,71267.8
PROD02162,Canon Mouse,Accessories,Mouse,Dell,141657.39,26066.07
PROD02163,Apple Audio,Electronics,Audio,Asus,92831.32,58963.05
PROD02164,Apple Mouse,Accessories,Keyboard,Epson,47486.38,9825.06
PROD02165,Samsung Mobile,Electronics,Computers,Epson,39760.18,21932.74
PROD02166,Epson Keyboard,Accessories,Mouse,HP,64556.46,10926.81
PROD02167,Epson Storage,Accessories,Keyboard,Dell,113265.81,10943.7
PROD02168,Asus Printer,Office Equipment,Printer,Sony,3678.02,10336.15
PROD02169,Dell Scanner,Office Equipment,Networking,Epson,6674.61,96566.91
PROD02170,Epson Scanner,Office Equipment,Networking,Logitech,69586.28,2618.83
PROD02171,Samsung Computers,Electronics,Mobile,Logitech,93479.23,86144.7
PROD02172,Sony Keyboard,Accessories,Mouse,HP,23160.7,67144.04
PROD02173,Dell Networking,Office Equipment,Networking,Sony,21859.29,34039.29
PROD02174,HP Networking,Office Equipment,Scanner,Canon,49975.22,78936.13
PROD02175,Canon Audio,Electronics,Mobile,Lenovo,12455.93,65266.13
PROD02176,HP Computers,Electronics,Computers,Lenovo,133210.85,83110.01
PROD02177,Logitech Computers,Electronics,Audio,Dell,93458.77,69616.83
PROD02178,Epson Audio,Electronics,Computers,Dell,130784.05,73070.3
PROD02179,Dell Mobile,Electronics,Mobile,HP,68061.7,87253.73
PROD02180,Canon Audio,Electronics,Computers,Canon,127937.68,2711.22
PROD02181,Samsung Storage,Accessories,Keyboard,Apple,43552.53,82583.58
PROD02182,Canon Printer,Office Equipment,Scanner,Canon,148275.83,73315.2
PROD02183,Epson Keyboard,Accessories,Storage,Dell,139121.91,55867.55
PROD02184,Asus Scanner,Office Equipment,Networking,Dell,135264.01,91822.6
PROD02185,Lenovo Printer,Office Equipment,Scanner,Epson,41079.49,52572.92
PROD02186,Dell Keyboard,Accessories,Keyboard,Epson,3203.92,77159.28
PROD02187,Logitech Networking,Office Equipment,Networking,Logitech,68347.54,62368.2
PROD02188,Canon Scanner,Office Equipment,Networking,Lenovo,33797.77,14487.97
PROD02189,Logitech Keyboard,Accessories,Mouse,Apple,137184.99,4527.7
PROD02190,Logitech Mobile,Electronics,Audio,Apple,100598.7,6988.19
PROD02191,Epson Networking,Office Equipment,Networking,Epson,120371.06,20984.54
PROD02192,Apple Networking,Office Equipment,Networking,Lenovo,135664.15,79037.14
PROD02193,Epson Computers,Electronics,Computers,HP,144982.83,10811.38
PROD02194,Logitech Mouse,Accessories,Keyboard,Asus,52754.47,2551.18
PROD02195,Dell Keyboard,Accessories,Mouse,Lenovo,135806.88,58215.2
PROD02196,Canon Keyboard,Accessories,Keyboard,Asus,63044.42,90761.83
PROD02197,Samsung Mouse,Accessories,Mouse,Dell,138507.6,78769.87
PROD02198,Canon Storage,Accessories,Mouse,Apple,53434.37,5587.28
PROD02199,Epson Computers,Electronics,Audio,Dell,93296.88,52335.76
PROD02200,Epson Printer,Office Equipment,Printer,Logitech,105804.14,76095.68
PROD02201,Lenovo Networking,Office Equipment,Networking,Sony,114540.84,27990.63
PROD02202,Logitech Printer,Office Equipment,Networking,Epson,37444.7,53733.06
PROD02203,Canon Scanner,Office Equipment,Printer,HP,68058.83,5626.03
PROD02204,Epson Audio,Electronics,Audio,HP,23896.25,67558.47
PROD02205,Apple Keyboard,Accessories,Keyboard,Lenovo,117907.78,17734.85
PROD02206,Samsung Mobile,Electronics,Mobile,HP,39565.97,45358.61
PROD02207,Apple Audio,Electronics,Computers,Dell,66492.36,68436.34
PROD02208,Dell Scanner,Office Equipment,Networking,Epson,66509.02,72658.21
PROD02209,Dell Mouse,Accessories,Keyboard,Samsung,29215.17,2483.69
PROD02210,Logitech Mobile,Electronics,Audio,Epson,15451.46,90519.05
PROD02211,Asus Mobile,Electronics,Computers,Apple,104311.34,84799.55
PROD02212,HP Printer,Office Equipment,Networking,Apple,147090.2,32090.05
PROD02213,Dell Mouse,Accessories,Keyboard,Sony,14720.23,7578.07
PROD02214,Lenovo Storage,Accessories,Mouse,Logitech,124674.5,20732.29
PROD02215,Apple Mobile,Electronics,Audio,Samsung,11976.96,35855.57
PROD02216,Sony Storage,Accessories,Storage,HP,9188.85,80696.56
PROD02217,Sony Computers,Electronics,Computers,Sony,120717.79,17660.11
PROD02218,Samsung Storage,Accessories,Storage,HP,92533.01,8837.84
PROD02219,Asus Computers,Electronics,Computers,HP,21338.24,35295.09
PROD02220,Asus Mobile,Electronics,Mobile,HP,11190.02,84537.46
PROD02221,Logitech Scanner,Office Equipment,Printer,Dell,85755.95,53897.93
PROD02222,Samsung Mouse,Accessories,Keyboard,Logitech,125783.5,26909.47
PROD02223,HP Storage,Accessories,Storage,Dell,86384.63,73113.56
PROD02224,Logitech Mobile,Electronics,Audio,Dell,63531.04,97557.39
PROD02225,Sony Scanner,Office Equipment,Printer,Logitech,6346.71,10200.56
PROD02226,Logitech Mobile,Electronics,Audio,Apple,55988.61,63845.01
PROD02227,Logitech Mobile,Electronics,Computers,Apple,86667.98,53853.76
PROD02228,Dell Storage,Accessories,Keyboard,Asus,45830.76,52155.39
PROD02229,Samsung Audio,Electronics,Computers,Asus,9081.62,74229.02
PROD02230,Logitech Scanner,Office Equipment,Scanner,Canon,96471.15,33538.42
PROD02231,Logitech Storage,Accessories,Keyboard,HP,66563.54,99171.81
PROD02232,Logitech Scanner,Office Equipment,Scanner,Dell,39029.69,14892.87
PROD02233,Canon Mouse,Accessories,Mouse,Canon,135463.62,99228.47
PROD02234,Logitech Audio,Electronics,Computers,Epson,72661.49,52078.58
PROD02235,Apple Computers,Electronics,Mobile,Apple,49661.53,58593.74
PROD02236,Dell Storage,Accessories,Keyboard,Asus,87403.22,70622.93
PROD02237,Logitech Printer,Office Equipment,Printer,Lenovo,103475.8,11312.27
PROD02238,Samsung Mobile,Electronics,Audio,Epson,139469.71,63683.75
PROD02239,Logitech Mobile,Electronics,Audio,Canon,81538.83,51341.75
PROD02240,Dell Networking,Office Equipment,Printer,Asus,136411.04,17744.82
PROD02241,Apple Networking,Office Equipment,Printer,Canon,59825.69,39703.99
PROD02242,Sony Mobile,Electronics,Mobile,Samsung,26522.57,64143.78
PROD02243,Lenovo Printer,Office Equipment,Printer,Canon,126543.43,20404.39
PROD02244,HP Mouse,Accessories,Mouse,Epson,139923.17,41623.22
PROD02245,Asus Mobile,Electronics,Mobile,Dell,86258.03,21277.79
PROD02246,Apple Computers,Electronics,Mobile,Asus,87857.75,82664.16
PROD02247,Logitech Mouse,Accessories,Keyboard,Logitech,22545.81,8643.01
PROD02248,Apple Networking,Office Equipment,Networking,Asus,96221.94,73180.08
PROD02249,Sony Printer,Office Equipment,Scanner,Asus,109693.54,33130.53
PROD02250,Logitech Printer,Office Equipment,Networking,Logitech,16766.94,65511.2
PROD02251,Asus Scanner,Office Equipment,Printer,Samsung,97370.67,40320.17
PROD02252,Dell Computers,Electronics,Computers,Sony,64366.73,99803.25
PROD02253,Lenovo Mobile,Electronics,Audio,Dell,67937.87,82136.83
PROD02254,HP Mobile,Electronics,Computers,Sony,83141.68,53924.83
PROD02255,Samsung Mobile,Electronics,Computers,Logitech,34046.66,70678.61
PROD02256,Epson Printer,Office Equipment,Networking,Logitech,95387.63,1396.9
PROD02257,Samsung Computers,Electronics,Mobile,Samsung,35011.69,73859.73
PROD02258,Apple Storage,Accessories,Storage,Asus,44746.02,20462.16
PROD02259,Dell Printer,Office Equipment,Scanner,Asus,95362.58,60961.74
PROD02260,Asus Printer,Office Equipment,Printer,Apple,107170.15,78633.98
PROD02261,Apple Computers,Electronics,Mobile,Dell,64198.05,60733.81
PROD02262,Samsung Audio,Electronics,Audio,Asus,119931.66,14064.35
PROD02263,Lenovo Mouse,Accessories,Mouse,Apple,30595.29,77315.73
PROD02264,Epson Networking,Office Equipment,Scanner,Epson,89752.86,32463.97
PROD02265,Samsung Networking,Office Equipment,Scanner,Apple,2396.1,65028.6
PROD02266,Lenovo Printer,Office Equipment,Printer,Apple,36831.03,89664.63
PROD02267,Dell Keyboard,Accessories,Keyboard,HP,34109.0,80791.7
PROD02268,Dell Mobile,Electronics,Audio,Logitech,1586.88,5342.75
PROD02269,Epson Printer,Office Equipment,Printer,Asus,38105.77,21552.17
PROD02270,Asus Printer,Office Equipment,Printer,Apple,40110.28,18171.01
PROD02271,Epson Storage,Accessories,Mouse,Canon,66382.87,50027.5
PROD02272,Epson Computers,Electronics,Mobile,Apple,82321.7,79675.77
PROD02273,HP Scanner,Office Equipment,Printer,Canon,99518.54,75533.95
PROD02274,HP Mobile,Electronics,Audio,Asus,100644.48,47432.43
PROD02275,Canon Printer,Office Equipment,Scanner,Samsung,76743.28,47799.67
PROD02276,Sony Computers,Electronics,Audio,Dell,128823.99,90593.84
PROD02277,Canon Audio,Electronics,Mobile,Epson,110058.59,29440.22
PROD02278,Canon Networking,Office Equipment,Printer,Samsung,110569.86,84805.79
PROD02279,Asus Mouse,Accessories,Keyboard,Logitech,54304.91,36493.51
PROD02280,Apple Mobile,Electronics,Mobile,Samsung,87962.77,34986.91
PROD02281,Dell Scanner,Office Equipment,Printer,Asus,21628.38,67125.11
PROD02282,Canon Scanner,Office Equipment,Scanner,Dell,113989.45,28990.24
PROD02283,Canon Audio,Electronics,Computers,Lenovo,118606.2,75447.75
PROD02284,Logitech Audio,Electronics,Mobile,Canon,61667.58,3906.63
PROD02285,Canon Mobile,Electronics,Audio,Logitech,62590.42,91848.63
PROD02286,Epson Mouse,Accessories,Keyboard,Dell,40334.39,77571.07
PROD02287,Asus Audio,Electronics,Computers,Epson,110332.79,37935.93
PROD02288,Lenovo Printer,Office Equipment,Scanner,Asus,47508.77,11875.38
PROD02289,Sony Audio,Electronics,Mobile,Canon,58160.98,46576.05
PROD02290,Lenovo Audio,Electronics,Mobile,Samsung,16551.66,98002.64
PROD02291,Dell Networking,Office Equipment,Networking,Logitech,1129.21,20649.42
PROD02292,HP Scanner,Office Equipment,Scanner,Dell,94974.81,31348.43
PROD02293,Logitech Mobile,Electronics,Mobile,Sony,124161.76,84694.72
PROD02294,Epson Networking,Office Equipment,Scanner,Dell,49162.59,48517.18
PROD02295,Lenovo Storage,Accessories,Keyboard,Apple,9855.46,80632.19
PROD02296,Epson Printer,Office Equipment,Printer,Asus,60041.92,54041.36
PROD02297,Samsung Scanner,Office Equipment,Networking,Samsung,146326.27,11173.46
PROD02298,Logitech Audio,Electronics,Mobile,Sony,74612.9,34558.64
PROD02299,Dell Scanner,Office Equipment,Scanner,Sony,122520.4,6610.23
PROD02300,Lenovo Mouse,Accessories,Mouse,HP,72703.94,66652.43
PROD02301,HP Printer,Office Equipment,Networking,Lenovo,88610.23,42355.59
PROD02302,Apple Storage,Accessories,Storage,Logitech,8050.62,35830.56
PROD02303,Lenovo Mouse,Accessories,Keyboard,Dell,27376.45,92996.98
PROD02304,Sony Audio,Electronics,Mobile,Dell,98358.98,2875.0
PROD02305,Samsung Scanner,Office Equipment,Printer,Samsung,90046.42,72386.76
PROD02306,Canon Mobile,Electronics,Audio,Samsung,7387.36,27501.09
PROD02307,Logitech Printer,Office Equipment,Scanner,Dell,117601.9,73756.48
PROD02308,Lenovo Computers,Electronics,Mobile,Lenovo,149799.14,49597.82
PROD02309,HP Mobile,Electronics,Computers,Lenovo,17119.4,35035.51
PROD02310,Asus Storage,Accessories,Keyboard,Samsung,119260.42,2374.46
PROD02311,Samsung Storage,Accessories,Keyboard,Apple,29711.65,1389.15
PROD02312,Canon Scanner,Office Equipment,Networking,Logitech,21269.82,59293.77
PROD02313,Canon Keyboard,Accessories,Keyboard,Asus,137914.18,32861.98
PROD02314,Canon Storage,Accessories,Mouse,Apple,105031.59,26210.62
PROD02315,Dell Scanner,Office Equipment,Printer,Samsung,127610.24,97050.97
PROD02316,Dell Mouse,Accessories,Keyboard,Logitech,45921.57,73375.97
PROD02317,Samsung Mobile,Electronics,Audio,Epson,80532.0,9470.88
PROD02318,Asus Scanner,Office Equipment,Networking,HP,148862.85,57287.44
PROD02319,Samsung Audio,Electronics,Mobile,Epson,102968.36,99372.55
PROD02320,Logitech Scanner,Office Equipment,Printer,HP,52885.31,67445.83
PROD02321,Samsung Mobile,Electronics,Computers,Logitech,137577.38,95748.94
PROD02322,Logitech Networking,Office Equipment,Networking,Apple,131044.92,2139.62
PROD02323,Logitech Printer,Office Equipment,Printer,Apple,52811.67,37835.41
PROD02324,Canon Mobile,Electronics,Audio,Logitech,96625.15,43401.66
PROD02325,Canon Scanner,Office Equipment,Scanner,Dell,102031.56,32637.22
PROD02326,Logitech Scanner,Office Equipment,Scanner,Logitech,42728.34,40876.21
PROD02327,Samsung Printer,Office Equipment,Printer,Apple,26383.41,76262.56
PROD02328,Epson Mouse,Accessories,Mouse,Epson,95691.13,71077.31
PROD02329,Apple Mouse,Accessories,Keyboard,Logitech,33314.12,43214.6
PROD02330,Epson Mobile,Electronics,Audio,HP,24201.84,73316.92
PROD02331,Asus Mouse,Accessories,Keyboard,Samsung,46860.38,49149.54
PROD02332,Asus Scanner,Office Equipment,Scanner,Asus,22123.39,98945.31
PROD02333,Dell Mobile,Electronics,Audio,Canon,60189.97,1076.84
PROD02334,Logitech Scanner,Office Equipment,Networking,HP,144115.32,40340.18
PROD02335,Canon Storage,Accessories,Keyboard,Sony,105513.65,87387.95
PROD02336,Samsung Computers,Electronics,Mobile,Asus,96245.13,54660.5
PROD02337,Sony Audio,Electronics,Mobile,Asus,43297.31,47122.67
PROD02338,Sony Mobile,Electronics,Audio,Logitech,124061.98,98309.0
PROD02339,Canon Keyboard,Accessories,Mouse,Epson,48568.86,17518.6
PROD02340,Samsung Keyboard,Accessories,Storage,Asus,2060.44,31915.51
PROD02341,Epson Networking,Office Equipment,Networking,Samsung,45276.03,64068.33
PROD02342,Apple Computers,Electronics,Mobile,Logitech,25410.96,22024.8
PROD02343,Canon Printer,Office Equipment,Scanner,Lenovo,12632.76,21855.59
PROD02344,Sony Mobile,Electronics,Audio,HP,19042.9,97130.73
PROD02345,Samsung Keyboard,Accessories,Mouse,Lenovo,72025.08,93176.19
PROD02346,Apple Keyboard,Accessories,Keyboard,Lenovo,119037.67,67784.24
PROD02347,Canon Computers,Electronics,Audio,Epson,70964.77,35554.02
PROD02348,HP Computers,Electronics,Mobile,HP,107774.22,44542.7
PROD02349,Sony Storage,Accessories,Mouse,Lenovo,77019.21,80051.85
PROD02350,Logitech Scanner,Office Equipment,Printer,Lenovo,43226.82,78240.31
PROD02351,Logitech Scanner,Office Equipment,Networking,HP,73500.66,69309.37
PROD02352,Dell Storage,Accessories,Storage,Samsung,32711.61,92406.34
PROD02353,Logitech Audio,Electronics,Mobile,Apple,69768.4,28393.39
PROD02354,HP Mobile,Electronics,Audio,Sony,65585.82,45673.13
PROD02355,Sony Mouse,Accessories,Mouse,Sony,115823.66,8878.12
PROD02356,Samsung Storage,Accessories,Storage,Canon,55449.16,92674.69
PROD02357,Logitech Mobile,Electronics,Mobile,Epson,3015.44,92970.09
PROD02358,Canon Keyboard,Accessories,Keyboard,Logitech,39431.68,34031.48
PROD02359,Apple Audio,Electronics,Mobile,HP,59296.39,76165.09
PROD02360,Canon Keyboard,Accessories,Keyboard,Dell,138265.03,96039.21
PROD02361,HP Keyboard,Accessories,Mouse,Apple,82310.63,30337.1
PROD02362,Lenovo Mouse,Accessories,Mouse,Sony,117695.02,51877.89
PROD02363,Samsung Keyboard,Accessories,Keyboard,Apple,137410.61,15981.53
PROD02364,Apple Audio,Electronics,Audio,Sony,131234.68,28398.84
PROD02365,Samsung Mouse,Accessories,Storage,Asus,69325.39,51588.44
PROD02366,HP Mouse,Accessories,Mouse,Epson,47825.72,61804.95
PROD02367,Samsung Audio,Electronics,Audio,Dell,141946.54,39549.82
PROD02368,Canon Printer,Office Equipment,Scanner,Epson,113504.52,5863.77
PROD02369,Epson Scanner,Office Equipment,Scanner,Apple,84901.18,59820.1
PROD02370,Lenovo Printer,Office Equipment,Scanner,Lenovo,124093.68,17995.46
PROD02371,Asus Scanner,Office Equipment,Scanner,Dell,25604.88,11418.5
PROD02372,Asus Mobile,Electronics,Audio,Samsung,27622.35,33972.01
PROD02373,Logitech Audio,Electronics,Audio,Samsung,58307.44,4007.61
PROD02374,Samsung Networking,Office Equipment,Scanner,Logitech,102740.48,43619.54
PROD02375,Samsung Mouse,Accessories,Storage,Epson,56892.84,28859.17
PROD02376,Logitech Mobile,Electronics,Audio,Samsung,137854.6,20198.1
PROD02377,Dell Keyboard,Accessories,Storage,Epson,54347.22,3488.21
PROD02378,Epson Mouse,Accessories,Storage,Asus,140407.85,12395.77
PROD02379,Logitech Networking,Office Equipment,Printer,Logitech,16585.72,14864.48
PROD02380,Dell Networking,Office Equipment,Networking,Canon,136855.39,81060.05
PROD02381,Dell Keyboard,Accessories,Keyboard,Canon,43130.63,82253.07
PROD02382,Lenovo Mouse,Accessories,Storage,Apple,46666.67,33656.9
PROD02383,Epson Scanner,Office Equipment,Printer,Logitech,117009.72,17636.6
PROD02384,Apple Computers,Electronics,Audio,Lenovo,69329.9,50540.78
PROD02385,Logitech Computers,Electronics,Mobile,Epson,8993.83,73221.23
PROD02386,Asus Audio,Electronics,Audio,Lenovo,28918.46,76399.73
PROD02387,Canon Printer,Office Equipment,Networking,Lenovo,118659.39,16803.09
PROD02388,Dell Mobile,Electronics,Audio,Asus,141327.12,72702.78
PROD02389,Apple Networking,Office Equipment,Networking,Dell,106320.86,12325.1
PROD02390,Logitech Printer,Office Equipment,Printer,Canon,37122.71,13676.88
PROD02391,Samsung Audio,Electronics,Mobile,Dell,137665.56,81363.94
PROD02392,Samsung Audio,Electronics,Audio,Lenovo,73763.91,88334.27
PROD02393,Asus Mouse,Accessories,Storage,Sony,121416.89,19508.21
PROD02394,Lenovo Networking,Office Equipment,Networking,Canon,78632.94,26721.64
PROD02395,Dell Audio,Electronics,Audio,Lenovo,34649.23,36304.51
PROD02396,Samsung Storage,Accessories,Mouse,Epson,81831.41,90179.49
PROD02397,Lenovo Mobile,Electronics,Audio,Samsung,66181.07,20795.13
PROD02398,Epson Mobile,Electronics,Mobile,Apple,4378.03,20260.23
PROD02399,Asus Keyboard,Accessories,Mouse,Epson,48453.46,19053.53
PROD02400,Epson Mobile,Electronics,Mobile,Epson,58425.9,75820.25
PROD02401,Apple Storage,Accessories,Keyboard,Logitech,35941.3,1165.0
PROD02402,Epson Scanner,Office Equipment,Scanner,Epson,133534.86,14748.27
PROD02403,Epson Keyboard,Accessories,Storage,Sony,89726.34,35974.07
PROD02404,Logitech Printer,Office Equipment,Printer,Samsung,63584.86,43692.25
PROD02405,Asus Mouse,Accessories,Storage,Sony,94590.72,93608.59
PROD02406,Epson Storage,Accessories,Keyboard,Asus,112818.61,54949.34
PROD02407,Lenovo Mouse,Accessories,Storage,Sony,58982.19,74867.76
PROD02408,Asus Audio,Electronics,Audio,Apple,87085.95,23482.97
PROD02409,Apple Printer,Office Equipment,Networking,Samsung,11002.77,45577.11
PROD02410,Dell Audio,Electronics,Computers,Samsung,98243.05,67239.06
PROD02411,Asus Printer,Office Equipment,Scanner,Apple,38442.82,35834.53
PROD02412,Lenovo Mouse,Accessories,Mouse,Dell,123425.79,37301.12
PROD02413,HP Printer,Office Equipment,Networking,Lenovo,20858.59,76145.48
PROD02414,Sony Keyboard,Accessories,Keyboard,Apple,5922.67,53481.54
PROD02415,Epson Mouse,Accessories,Keyboard,Samsung,131432.37,15789.26
PROD02416,Sony Networking,Office Equipment,Printer,Canon,89902.05,50990.73
PROD02417,Samsung Printer,Office Equipment,Scanner,HP,125605.77,35880.55
PROD02418,Samsung Printer,Office Equipment,Networking,Sony,136745.81,93111.94
PROD02419,Sony Scanner,Office Equipment,Scanner,Samsung,112460.08,63348.05
PROD02420,Epson Computers,Electronics,Mobile,Lenovo,11356.69,17093.47
PROD02421,Lenovo Scanner,Office Equipment,Scanner,HP,55384.14,87282.67
PROD02422,Asus Storage,Accessories,Keyboard,Apple,73164.42,50588.36
PROD02423,HP Mouse,Accessories,Keyboard,Epson,48184.48,76950.53
PROD02424,HP Networking,Office Equipment,Scanner,Dell,56472.61,63756.97
PROD02425,Canon Computers,Electronics,Computers,Logitech,66050.69,22419.23
PROD02426,Dell Networking,Office Equipment,Networking,Logitech,144779.57,99539.36
PROD02427,HP Keyboard,Accessories,Storage,Lenovo,37462.08,46565.07
PROD02428,Epson Audio,Electronics,Audio,HP,140789.97,87104.1
PROD02429,Canon Storage,Accessories,Mouse,HP,57849.13,89042.35
PROD02430,Samsung Audio,Electronics,Audio,Epson,119132.18,8292.11
PROD02431,Logitech Computers,Electronics,Mobile,HP,31563.42,57866.72
PROD02432,Dell Audio,Electronics,Mobile,Canon,5958.25,65594.25
PROD02433,Asus Mouse,Accessories,Storage,Samsung,146449.33,90380.98
PROD02434,Apple Mouse,Accessories,Mouse,Logitech,24711.32,33061.08
PROD02435,Apple Computers,Electronics,Computers,Epson,12984.13,37035.35
PROD02436,Lenovo Computers,Electronics,Mobile,Lenovo,87354.45,6802.51
PROD02437,Apple Networking,Office Equipment,Printer,Apple,51081.55,46636.24
PROD02438,Epson Mobile,Electronics,Audio,Asus,39791.1,61264.46
PROD02439,Epson Networking,Office Equipment,Networking,Canon,3170.11,69771.11
PROD02440,Asus Mobile,Electronics,Audio,Sony,39103.5,50249.63
PROD02441,Sony Printer,Office Equipment,Printer,Asus,134627.55,81960.12
PROD02442,Asus Scanner,Office Equipment,Printer,Samsung,121001.19,25607.52
PROD02443,Samsung Storage,Accessories,Keyboard,Epson,95439.46,85202.24
PROD02444,Epson Keyboard,Accessories,Keyboard,Samsung,68106.28,22054.6
PROD02445,Dell Audio,Electronics,Computers,Canon,126618.19,87361.23
PROD02446,Epson Networking,Office Equipment,Scanner,Asus,38518.23,3910.27
PROD02447,Lenovo Scanner,Office Equipment,Scanner,Sony,73388.98,70046.24
PROD02448,Dell Scanner,Office Equipment,Networking,Logitech,146932.33,43883.12
PROD02449,Canon Audio,Electronics,Computers,Lenovo,112092.33,47725.5
PROD02450,Sony Audio,Electronics,Audio,Lenovo,83026.36,67565.74
PROD02451,Lenovo Scanner,Office Equipment,Networking,HP,112752.95,26520.85
PROD02452,Epson Storage,Accessories,Mouse,Dell,57755.63,42099.75
PROD02453,Epson Audio,Electronics,Audio,Sony,65088.46,86666.86
PROD02454,Sony Printer,Office Equipment,Scanner,Sony,19464.35,53372.86
PROD02455,Logitech Networking,Office Equipment,Printer,Epson,20352.21,72588.31
PROD02456,Canon Audio,Electronics,Computers,Sony,110225.91,78090.51
PROD02457,Asus Scanner,Office Equipment,Scanner,Epson,116169.27,3081.06
PROD02458,Sony Mouse,Accessories,Keyboard,Lenovo,46891.27,78823.58
PROD02459,Apple Scanner,Office Equipment,Networking,Dell,3663.32,5102.79
PROD02460,Samsung Mouse,Accessories,Storage,Lenovo,103466.1,63298.44
PROD02461,Canon Audio,Electronics,Mobile,Asus,34486.8,64931.64
PROD02462,Apple Keyboard,Accessories,Keyboard,Samsung,123439.06,69395.26
PROD02463,Samsung Mobile,Electronics,Mobile,HP,74598.31,53208.43
PROD02464,Lenovo Mouse,Accessories,Mouse,Samsung,59768.75,92432.29
PROD02465,Dell Scanner,Office Equipment,Printer,Dell,135721.82,69669.13
PROD02466,Sony Networking,Office Equipment,Scanner,Epson,141086.89,44908.58
PROD02467,Samsung Scanner,Office Equipment,Scanner,Samsung,106990.46,83938.48
PROD02468,Apple Mobile,Electronics,Mobile,Lenovo,141562.63,64894.1
PROD02469,Apple Audio,Electronics,Audio,Dell,44463.67,82626.4
PROD02470,Canon Mobile,Electronics,Computers,HP,112474.91,77664.58
PROD02471,Epson Computers,Electronics,Audio,Dell,137998.82,59954.58
PROD02472,Apple Scanner,Office Equipment,Printer,Samsung,48342.01,85458.09
PROD02473,Asus Networking,Office Equipment,Networking,Canon,128735.05,77670.08
PROD02474,Canon Storage,Accessories,Keyboard,Epson,66609.7,79573.13
PROD02475,Sony Keyboard,Accessories,Keyboard,HP,57923.0,92025.98
PROD02476,Epson Scanner,Office Equipment,Networking,Lenovo,98035.11,51468.24
PROD02477,Asus Scanner,Office Equipment,Scanner,Epson,56050.79,71058.67
PROD02478,HP Printer,Office Equipment,Networking,Asus,96194.97,38586.41
PROD02479,Apple Scanner,Office Equipment,Scanner,Apple,141722.36,47169.52
PROD02480,Apple Storage,Accessories,Keyboard,Dell,82791.67,1787.4
PROD02481,Samsung Keyboard,Accessories,Keyboard,Logitech,99509.09,31897.34
PROD02482,Logitech Networking,Office Equipment,Scanner,HP,55155.86,91037.28
PROD02483,Logitech Keyboard,Accessories,Storage,Epson,30126.34,39424.31
PROD02484,Logitech Scanner,Office Equipment,Scanner,Samsung,117032.34,99869.05
PROD02485,Epson Networking,Office Equipment,Printer,HP,107397.5,11128.76
PROD02486,Epson Mouse,Accessories,Storage,Epson,115991.97,34760.65
PROD02487,Asus Mobile,Electronics,Audio,Canon,106126.88,84491.64
PROD02488,Samsung Printer,Office Equipment,Networking,Apple,95963.52,84989.03
PROD02489,Lenovo Mouse,Accessories,Storage,Samsung,88024.02,66959.13
PROD02490,Sony Networking,Office Equipment,Scanner,Epson,9859.01,41094.3
PROD02491,Dell Keyboard,Accessories,Mouse,Samsung,124418.2,90979.83
PROD02492,Canon Mouse,Accessories,Mouse,Apple,110902.88,22037.03
PROD02493,Epson Computers,Electronics,Audio,Asus,61885.02,78833.47
PROD02494,Samsung Mouse,Accessories,Keyboard,Dell,57055.91,85203.06
PROD02495,Sony Mobile,Electronics,Audio,Lenovo,63146.36,68661.47
PROD02496,Epson Keyboard,Accessories,Mouse,Lenovo,86834.25,64401.39
PROD02497,Lenovo Computers,Electronics,Computers,Logitech,2500.21,37445.82
PROD02498,Samsung Keyboard,Accessories,Keyboard,Dell,149559.01,64717.1
PROD02499,Canon Printer,Office Equipment,Networking,HP,73451.07,72428.4
PROD02500,Dell Computers,Electronics,Audio,Samsung,59133.13,74765.35
PROD02501,Asus Mobile,Electronics,Mobile,Dell,136063.01,23938.35
PROD02502,Epson Storage,Accessories,Keyboard,Lenovo,50863.23,14373.7
PROD02503,Asus Computers,Electronics,Mobile,Logitech,88120.07,49492.17
PROD02504,Epson Computers,Electronics,Audio,Sony,64615.58,46989.04
PROD02505,Sony Networking,Office Equipment,Printer,Asus,9672.51,62650.06
PROD02506,Canon Keyboard,Accessories,Storage,Apple,2494.22,41841.06
PROD02507,Canon Storage,Accessories,Keyboard,Lenovo,106881.0,37818.39
PROD02508,Dell Scanner,Office Equipment,Scanner,Canon,102742.9,96519.12
PROD02509,Asus Mouse,Accessories,Mouse,Epson,29906.2,5998.19
PROD02510,Canon Networking,Office Equipment,Printer,Lenovo,97363.55,73564.77
PROD02511,HP Mouse,Accessories,Keyboard,Apple,120879.72,79834.62
PROD02512,Asus Networking,Office Equipment,Scanner,Logitech,32389.26,44668.54
PROD02513,Samsung Mouse,Accessories,Storage,Samsung,104544.67,70637.08
PROD02514,Samsung Computers,Electronics,Audio,Samsung,37209.82,5606.29
PROD02515,Epson Audio,Electronics,Audio,Dell,3108.55,71784.28
PROD02516,Canon Mouse,Accessories,Keyboard,HP,52069.35,28411.55
PROD02517,Sony Computers,Electronics,Computers,Logitech,12302.72,36238.6
PROD02518,Logitech Keyboard,Accessories,Storage,Logitech,7296.75,22172.47
PROD02519,Samsung Computers,Electronics,Audio,Apple,44644.99,40222.27
PROD02520,Lenovo Printer,Office Equipment,Networking,HP,140968.53,13865.91
PROD02521,HP Mobile,Electronics,Computers,HP,95599.91,75112.55
PROD02522,Asus Scanner,Office Equipment,Networking,Dell,20316.77,57603.47
PROD02523,Dell Audio,Electronics,Computers,Logitech,50033.76,70968.74
PROD02524,Apple Scanner,Office Equipment,Printer,Dell,92701.56,42025.46
PROD02525,Canon Printer,Office Equipment,Scanner,HP,10546.6,95167.2
PROD02526,Dell Keyboard,Accessories,Mouse,Lenovo,30659.73,93497.66
PROD02527,Epson Computers,Electronics,Computers,Epson,7656.67,75885.09
PROD02528,Logitech Networking,Office Equipment,Printer,HP,95044.22,28504.02
PROD02529,Lenovo Networking,Office Equipment,Scanner,Apple,55688.64,82769.68
PROD02530,Samsung Networking,Office Equipment,Networking,Dell,143819.34,23568.86
PROD02531,Dell Computers,Electronics,Audio,Canon,83337.38,43921.14
PROD02532,Sony Networking,Office Equipment,Printer,Canon,22642.99,3483.18
PROD02533,Canon Audio,Electronics,Computers,Dell,41603.31,22813.43
PROD02534,Epson Audio,Electronics,Audio,Logitech,122501.51,48492.84
PROD02535,Sony Networking,Office Equipment,Scanner,Dell,8280.49,48853.74
PROD02536,Sony Keyboard,Accessories,Mouse,Epson,144071.2,36171.6
PROD02537,Dell Keyboard,Accessories,Mouse,HP,63696.79,34552.14
PROD02538,Epson Mobile,Electronics,Mobile,HP,61003.37,29246.6
PROD02539,Logitech Computers,Electronics,Mobile,Dell,42903.72,48547.98
PROD02540,Asus Mouse,Accessories,Storage,Samsung,109601.06,90765.81
PROD02541,Samsung Mouse,Accessories,Storage,Epson,80672.78,7805.42
PROD02542,HP Mobile,Electronics,Computers,Asus,61593.95,47350.17
PROD02543,Canon Mouse,Accessories,Storage,Dell,42839.3,43929.75
PROD02544,Canon Scanner,Office Equipment,Networking,Logitech,66666.52,55088.15
PROD02545,HP Networking,Office Equipment,Scanner,Apple,109832.72,44812.57
PROD02546,Asus Scanner,Office Equipment,Networking,HP,149086.39,70290.65
PROD02547,HP Mouse,Accessories,Keyboard,Canon,74338.03,39927.46
PROD02548,Asus Scanner,Office Equipment,Printer,Canon,9326.68,70531.9
PROD02549,Asus Printer,Office Equipment,Printer,Lenovo,120566.6,84649.05
PROD02550,Lenovo Computers,Electronics,Mobile,Canon,10772.1,41671.1
PROD02551,Sony Keyboard,Accessories,Storage,Asus,85027.96,30186.51
PROD02552,Apple Scanner,Office Equipment,Printer,Logitech,42514.14,68062.56
PROD02553,Lenovo Printer,Office Equipment,Networking,Logitech,80162.43,64850.59
PROD02554,Sony Audio,Electronics,Mobile,Canon,111578.94,50801.2
PROD02555,Epson Mobile,Electronics,Audio,Lenovo,107601.4,18142.87
PROD02556,Dell Computers,Electronics,Computers,Dell,76242.77,50310.76
PROD02557,Samsung Mouse,Accessories,Storage,Epson,59334.97,80103.46
PROD02558,Samsung Scanner,Office Equipment,Printer,Asus,108193.82,24968.24
PROD02559,Asus Mouse,Accessories,Keyboard,Dell,129421.02,63088.39
PROD02560,Dell Storage,Accessories,Keyboard,Canon,50298.28,66884.98
PROD02561,Asus Computers,Electronics,Audio,Apple,122154.35,75676.82
PROD02562,Asus Scanner,Office Equipment,Scanner,Samsung,120989.08,28476.94
PROD02563,Sony Scanner,Office Equipment,Scanner,Canon,65360.84,20235.95
PROD02564,Lenovo Scanner,Office Equipment,Scanner,Epson,33222.14,91892.78
PROD02565,Dell Scanner,Office Equipment,Printer,Lenovo,45624.27,21798.53
PROD02566,Canon Scanner,Office Equipment,Printer,Dell,67197.72,92312.11
PROD02567,Samsung Networking,Office Equipment,Scanner,Epson,51041.2,80633.25
PROD02568,Apple Scanner,Office Equipment,Scanner,Samsung,33159.81,16222.18
PROD02569,Apple Computers,Electronics,Audio,Dell,124178.91,52050.69
PROD02570,Lenovo Networking,Office Equipment,Printer,Asus,41353.59,47454.93
PROD02571,Samsung Scanner,Office Equipment,Printer,Apple,82724.79,89579.11
PROD02572,Lenovo Printer,Office Equipment,Scanner,Samsung,68840.03,49366.35
PROD02573,Logitech Mouse,Accessories,Keyboard,Logitech,55525.13,61772.61
PROD02574,HP Keyboard,Accessories,Mouse,Apple,61303.14,22139.08
PROD02575,Lenovo Mobile,Electronics,Audio,Canon,129236.22,43425.08
PROD02576,Asus Keyboard,Accessories,Mouse,Asus,29009.94,15685.48
PROD02577,Lenovo Storage,Accessories,Mouse,Samsung,16443.32,96700.95
PROD02578,Canon Networking,Office Equipment,Printer,Asus,3120.8,6419.02
PROD02579,Lenovo Computers,Electronics,Audio,Dell,120613.66,84070.66
PROD02580,Sony Computers,Electronics,Mobile,Samsung,103035.84,4296.0
PROD02581,Canon Mouse,Accessories,Storage,Lenovo,123802.23,73877.68
PROD02582,Samsung Mouse,Accessories,Storage,Samsung,148518.41,36155.68
PROD02583,Canon Mobile,Electronics,Mobile,Dell,93355.99,44336.14
PROD02584,Epson Storage,Accessories,Storage,Sony,52283.7,42032.06
PROD02585,Lenovo Mobile,Electronics,Mobile,Canon,19640.25,28188.59
PROD02586,Lenovo Computers,Electronics,Computers,Sony,1717.52,10437.84
PROD02587,Samsung Printer,Office Equipment,Networking,HP,135003.74,27423.51
PROD02588,Canon Keyboard,Accessories,Keyboard,Dell,108931.68,55376.78
PROD02589,Lenovo Storage,Accessories,Mouse,Asus,20128.52,65174.03
PROD02590,Dell Computers,Electronics,Audio,Dell,46703.23,84786.55
PROD02591,Sony Storage,Accessories,Storage,HP,135181.24,27358.59
PROD02592,Samsung Storage,Accessories,Keyboard,Apple,117023.16,17342.33
PROD02593,Apple Networking,Office Equipment,Networking,Lenovo,96622.36,28819.56
PROD02594,HP Audio,Electronics,Audio,Apple,15542.16,80557.86
PROD02595,Samsung Printer,Office Equipment,Networking,Asus,27554.31,77598.76
PROD02596,Logitech Scanner,Office Equipment,Printer,Asus,43477.34,80928.92
PROD02597,Logitech Scanner,Office Equipment,Scanner,Logitech,33755.96,34175.29
PROD02598,Epson Computers,Electronics,Computers,Asus,102348.7,69390.82
PROD02599,Lenovo Networking,Office Equipment,Printer,Asus,107124.85,36152.77
PROD02600,Lenovo Mobile,Electronics,Audio,HP,81802.76,34255.1
PROD02601,HP Audio,Electronics,Mobile,Apple,134240.92,41655.89
PROD02602,Logitech Keyboard,Accessories,Mouse,Lenovo,97593.29,28464.5
PROD02603,Sony Keyboard,Accessories,Mouse,Epson,1365.03,38632.84
PROD02604,Canon Printer,Office Equipment,Printer,HP,67998.57,96440.46
PROD02605,Asus Keyboard,Accessories,Keyboard,Logitech,77097.08,40176.79
PROD02606,Logitech Mobile,Electronics,Computers,Apple,30328.15,60579.2
PROD02607,Epson Storage,Accessories,Mouse,Canon,3661.8,60301.88
PROD02608,Asus Storage,Accessories,Mouse,Asus,110579.47,37369.41
PROD02609,Dell Audio,Electronics,Audio,Asus,60390.38,46638.14
PROD02610,Samsung Storage,Accessories,Keyboard,Apple,116641.41,70139.86
PROD02611,Canon Computers,Electronics,Audio,Sony,38402.67,12465.66
PROD02612,HP Audio,Electronics,Mobile,Samsung,60415.63,51736.19
PROD02613,Dell Storage,Accessories,Mouse,Asus,17352.09,82274.39
PROD02614,Asus Scanner,Office Equipment,Printer,Lenovo,35225.53,32826.88
PROD02615,Samsung Networking,Office Equipment,Printer,Sony,2450.31,94312.39
PROD02616,Apple Computers,Electronics,Mobile,Sony,81671.31,98734.84
PROD02617,Canon Scanner,Office Equipment,Networking,Lenovo,35780.65,4620.15
PROD02618,Lenovo Storage,Accessories,Storage,Epson,131693.61,86957.28
PROD02619,HP Computers,Electronics,Audio,Logitech,93938.45,40042.09
PROD02620,Epson Storage,Accessories,Storage,Samsung,59407.3,20138.54
PROD02621,HP Networking,Office Equipment,Printer,Logitech,56367.56,25552.34
PROD02622,Asus Storage,Accessories,Storage,Sony,129137.78,98916.48
PROD02623,Dell Mouse,Accessories,Mouse,Lenovo,98967.81,96854.81
PROD02624,Sony Scanner,Office Equipment,Printer,Asus,82906.38,59856.73
PROD02625,HP Mobile,Electronics,Audio,Asus,64681.17,53863.03
PROD02626,Sony Keyboard,Accessories,Mouse,Sony,125592.7,52372.32
PROD02627,Apple Scanner,Office Equipment,Networking,Canon,35644.59,23498.96
PROD02628,Asus Audio,Electronics,Mobile,Lenovo,64518.13,54063.53
PROD02629,Sony Printer,Office Equipment,Scanner,Epson,84846.38,99815.27
PROD02630,HP Audio,Electronics,Audio,Asus,64900.14,67872.31
PROD02631,Sony Mobile,Electronics,Audio,Epson,60670.31,15205.09
PROD02632,HP Mobile,Electronics,Audio,Epson,33210.6,50846.94
PROD02633,Lenovo Mouse,Accessories,Keyboard,Canon,10617.62,26816.74
PROD02634,Dell Computers,Electronics,Computers,Asus,21006.45,81912.87
PROD02635,Canon Mobile,Electronics,Audio,Samsung,118783.16,74771.2
PROD02636,Apple Storage,Accessories,Keyboard,HP,140779.96,6189.43
PROD02637,Lenovo Mobile,Electronics,Computers,Apple,13446.11,55504.01
PROD02638,Apple Keyboard,Accessories,Storage,Canon,138410.0,97216.9
PROD02639,Samsung Networking,Office Equipment,Scanner,HP,9025.65,94773.44
PROD02640,Epson Printer,Office Equipment,Printer,HP,5243.06,60696.27
PROD02641,Samsung Scanner,Office Equipment,Networking,Canon,16276.68,43518.39
PROD02642,Epson Audio,Electronics,Mobile,Canon,139683.4,24143.89
PROD02643,Samsung Mouse,Accessories,Mouse,Lenovo,146407.56,2438.99
PROD02644,Asus Mobile,Electronics,Mobile,Canon,81639.27,71564.1
PROD02645,Epson Printer,Office Equipment,Scanner,Lenovo,8880.73,54960.84
PROD02646,Epson Mobile,Electronics,Audio,Sony,32170.46,80763.56
PROD02647,Lenovo Audio,Electronics,Mobile,Lenovo,102203.17,64839.89
PROD02648,HP Mouse,Accessories,Mouse,Asus,62453.5,46390.96
PROD02649,Sony Computers,Electronics,Audio,Dell,7330.35,64216.32
PROD02650,Asus Storage,Accessories,Keyboard,Lenovo,92095.97,28983.44
PROD02651,Logitech Printer,Office Equipment,Scanner,Sony,145402.92,70809.73
PROD02652,Canon Printer,Office Equipment,Scanner,Lenovo,83490.0,19078.42
PROD02653,Epson Storage,Accessories,Mouse,Apple,7647.59,61050.39
PROD02654,Epson Mouse,Accessories,Storage,Dell,68259.15,30565.42
PROD02655,Samsung Computers,Electronics,Mobile,Sony,139423.1,34663.46
PROD02656,Epson Mobile,Electronics,Audio,Sony,122345.12,83459.6
PROD02657,Samsung Audio,Electronics,Computers,Asus,96511.76,58249.38
PROD02658,Epson Scanner,Office Equipment,Scanner,Dell,102975.84,10832.32
PROD02659,Apple Mobile,Electronics,Mobile,Asus,5794.61,27874.71
PROD02660,Epson Audio,Electronics,Computers,Dell,108860.73,47396.92
PROD02661,Sony Scanner,Office Equipment,Scanner,HP,3614.37,17433.12
PROD02662,Asus Mobile,Electronics,Computers,Asus,76925.44,45348.14
PROD02663,Dell Mobile,Electronics,Mobile,Logitech,39463.98,21687.73
PROD02664,Dell Mobile,Electronics,Mobile,HP,109821.19,3645.02
PROD02665,Dell Mouse,Accessories,Storage,HP,22408.02,90713.89
PROD02666,Logitech Storage,Accessories,Mouse,Epson,127315.82,46511.99
PROD02667,Sony Computers,Electronics,Computers,Apple,36831.88,63310.81
PROD02668,Epson Mouse,Accessories,Storage,Dell,86300.79,66021.46
PROD02669,Dell Networking,Office Equipment,Networking,Epson,98864.11,90530.6
PROD02670,Sony Networking,Office Equipment,Scanner,Epson,36258.65,21987.75
PROD02671,Asus Storage,Accessories,Mouse,Logitech,67724.96,41974.69
PROD02672,Lenovo Mobile,Electronics,Audio,Apple,41598.52,11589.85
PROD02673,Logitech Storage,Accessories,Mouse,Canon,97529.63,77324.83
PROD02674,Canon Keyboard,Accessories,Keyboard,HP,136507.93,40008.96
PROD02675,Sony Audio,Electronics,Mobile,Lenovo,13387.69,18799.71
PROD02676,Epson Computers,Electronics,Computers,Apple,67797.15,31911.35
PROD02677,Asus Mouse,Accessories,Keyboard,Lenovo,32673.1,11333.3
PROD02678,Asus Networking,Office Equipment,Networking,Logitech,23610.1,92092.74
PROD02679,Dell Computers,Electronics,Audio,Sony,13245.74,51982.21
PROD02680,HP Mouse,Accessories,Storage,Logitech,49568.0,3337.87
PROD02681,Samsung Scanner,Office Equipment,Networking,Logitech,27914.19,72573.46
PROD02682,Samsung Storage,Accessories,Storage,Logitech,67515.77,34870.24
PROD02683,HP Mouse,Accessories,Storage,Asus,6428.9,69896.98
PROD02684,Asus Mouse,Accessories,Storage,Epson,122058.93,11070.92
PROD02685,Apple Mobile,Electronics,Audio,Lenovo,138375.48,66098.96
PROD02686,Sony Printer,Office Equipment,Printer,HP,52015.36,17040.41
PROD02687,Apple Storage,Accessories,Storage,Samsung,115134.79,61014.54
PROD02688,HP Audio,Electronics,Audio,Dell,62132.33,26413.14
PROD02689,Logitech Printer,Office Equipment,Scanner,Canon,94459.96,1033.05
PROD02690,Epson Scanner,Office Equipment,Networking,Apple,66530.7,98176.73
PROD02691,Samsung Computers,Electronics,Computers,Samsung,75706.53,58813.8
PROD02692,Canon Scanner,Office Equipment,Networking,Canon,10670.27,51797.54
PROD02693,Canon Keyboard,Accessories,Storage,Dell,19600.25,74251.27
PROD02694,Sony Printer,Office Equipment,Scanner,Canon,123231.64,70901.25
PROD02695,HP Computers,Electronics,Computers,Lenovo,65593.12,92855.25
PROD02696,Dell Audio,Electronics,Audio,HP,9654.16,38424.6
PROD02697,Dell Mouse,Accessories,Storage,Canon,63162.1,58698.6
PROD02698,Samsung Keyboard,Accessories,Storage,Logitech,121826.35,98800.65
PROD02699,Samsung Mobile,Electronics,Audio,Samsung,14070.06,54171.93
PROD02700,Asus Mouse,Accessories,Keyboard,Dell,86373.35,55776.42
PROD02701,HP Mobile,Electronics,Mobile,Logitech,136468.95,18915.61
PROD02702,Asus Computers,Electronics,Audio,Lenovo,109993.22,26940.58
PROD02703,Sony Storage,Accessories,Mouse,Dell,66281.08,34196.04
PROD02704,Dell Networking,Office Equipment,Printer,HP,32982.7,79050.24
PROD02705,Logitech Printer,Office Equipment,Networking,Epson,84744.72,43121.92
PROD02706,Samsung Scanner,Office Equipment,Scanner,Logitech,1370.15,82232.08
PROD02707,HP Storage,Accessories,Keyboard,Dell,69321.21,76892.94
PROD02708,Logitech Mobile,Electronics,Computers,Lenovo,4289.52,98892.59
PROD02709,Samsung Printer,Office Equipment,Printer,Logitech,12652.89,23000.17
PROD02710,Apple Keyboard,Accessories,Storage,Samsung,142895.4,37133.29
PROD02711,HP Networking,Office Equipment,Printer,Epson,81008.5,3689.85
PROD02712,Samsung Mobile,Electronics,Audio,Samsung,98808.75,96482.26
PROD02713,Sony Storage,Accessories,Storage,Epson,115533.11,55750.62
PROD02714,Lenovo Scanner,Office Equipment,Scanner,Dell,122728.62,66813.08
PROD02715,Sony Computers,Electronics,Audio,Logitech,42859.97,98575.23
PROD02716,Lenovo Storage,Accessories,Storage,Canon,5115.75,61279.17
PROD02717,Logitech Mobile,Electronics,Audio,Apple,24530.12,77207.29
PROD02718,Samsung Scanner,Office Equipment,Networking,Sony,87545.2,21953.61
PROD02719,Epson Audio,Electronics,Audio,Canon,60416.91,95503.87
PROD02720,Canon Mouse,Accessories,Storage,Canon,97657.44,29081.75
PROD02721,Apple Computers,Electronics,Computers,Dell,50258.17,29707.01
PROD02722,Logitech Storage,Accessories,Mouse,Asus,23808.69,42719.92
PROD02723,Sony Mouse,Accessories,Storage,Apple,113472.17,48969.25
PROD02724,Logitech Keyboard,Accessories,Keyboard,Sony,135159.6,36447.86
PROD02725,HP Networking,Office Equipment,Networking,Samsung,4325.28,18279.76
PROD02726,Samsung Mobile,Electronics,Mobile,Epson,30190.97,49363.95
PROD02727,Apple Scanner,Office Equipment,Scanner,Epson,85577.09,12770.26
PROD02728,Dell Computers,Electronics,Audio,Logitech,4107.36,83489.07
PROD02729,HP Printer,Office Equipment,Scanner,Canon,94422.76,73856.82
PROD02730,Epson Scanner,Office Equipment,Networking,Samsung,130936.72,19652.36
PROD02731,Lenovo Computers,Electronics,Mobile,Epson,128001.56,11875.65
PROD02732,HP Keyboard,Accessories,Keyboard,Dell,3534.1,72588.63
PROD02733,Apple Audio,Electronics,Mobile,Sony,102875.95,36233.42
PROD02734,Sony Mouse,Accessories,Mouse,Lenovo,115725.97,39960.52
PROD02735,Sony Storage,Accessories,Keyboard,HP,31145.49,52383.99
PROD02736,HP Storage,Accessories,Mouse,Logitech,131364.78,22985.04
PROD02737,Apple Scanner,Office Equipment,Printer,Sony,3219.1,61057.06
PROD02738,Epson Printer,Office Equipment,Scanner,Lenovo,18451.72,74512.59
PROD02739,Sony Scanner,Office Equipment,Networking,Epson,110186.57,20608.08
PROD02740,Apple Mobile,Electronics,Computers,Sony,48996.47,50134.68
PROD02741,Sony Printer,Office Equipment,Printer,Lenovo,69512.97,98712.82
PROD02742,Logitech Printer,Office Equipment,Scanner,Logitech,2620.72,88523.31
PROD02743,Sony Computers,Electronics,Mobile,Apple,88741.76,38409.22
PROD02744,Sony Scanner,Office Equipment,Printer,Sony,109227.2,71966.97
PROD02745,Dell Mobile,Electronics,Audio,Samsung,23278.99,52664.41
PROD02746,Logitech Mouse,Accessories,Mouse,Lenovo,112761.12,30581.64
PROD02747,Lenovo Keyboard,Accessories,Storage,Lenovo,9234.69,77910.72
PROD02748,Logitech Storage,Accessories,Mouse,Epson,30877.14,97022.26
PROD02749,Apple Keyboard,Accessories,Keyboard,Logitech,123829.79,81481.3
PROD02750,Sony Storage,Accessories,Keyboard,Samsung,119865.3,12844.62
PROD02751,Apple Networking,Office Equipment,Printer,Sony,44491.01,15987.81
PROD02752,Sony Audio,Electronics,Audio,Canon,8021.41,1708.58
PROD02753,HP Printer,Office Equipment,Scanner,Lenovo,91026.95,99385.76
PROD02754,HP Audio,Electronics,Mobile,Apple,56591.94,76912.58
PROD02755,Logitech Computers,Electronics,Computers,Asus,42450.27,35781.01
PROD02756,Asus Scanner,Office Equipment,Networking,Samsung,135851.96,851.61
PROD02757,Canon Keyboard,Accessories,Storage,Samsung,75585.61,33637.48
PROD02758,Logitech Mobile,Electronics,Mobile,Canon,52649.26,18483.49
PROD02759,Sony Scanner,Office Equipment,Printer,Asus,129154.65,73328.89
PROD02760,Samsung Scanner,Office Equipment,Networking,Lenovo,127282.06,71175.55
PROD02761,Lenovo Networking,Office Equipment,Printer,Lenovo,117859.74,91112.87
PROD02762,Dell Mobile,Electronics,Audio,Lenovo,5203.8,21616.38
PROD02763,Apple Networking,Office Equipment,Printer,Sony,106779.21,81516.61
PROD02764,Sony Mobile,Electronics,Mobile,Apple,47768.33,14654.53
PROD02765,Sony Networking,Office Equipment,Scanner,Epson,24716.05,46350.9
PROD02766,HP Computers,Electronics,Mobile,HP,63207.46,39115.22
PROD02767,Samsung Scanner,Office Equipment,Printer,Apple,42267.36,83421.81
PROD02768,Asus Mouse,Accessories,Keyboard,HP,93946.35,65763.77
PROD02769,Dell Scanner,Office Equipment,Networking,Samsung,6313.88,11326.8
PROD02770,Sony Networking,Office Equipment,Networking,Logitech,84631.27,12842.28
PROD02771,Canon Keyboard,Accessories,Storage,HP,32349.89,89644.13
PROD02772,Apple Storage,Accessories,Storage,HP,131681.58,21883.84
PROD02773,HP Storage,Accessories,Mouse,Sony,112569.74,56222.83
PROD02774,HP Computers,Electronics,Computers,Epson,131938.92,56327.53
PROD02775,Samsung Scanner,Office Equipment,Scanner,HP,145229.26,81401.74
PROD02776,Samsung Storage,Accessories,Keyboard,Sony,140435.36,3674.22
PROD02777,Lenovo Keyboard,Accessories,Storage,Lenovo,19568.66,80577.68
PROD02778,Samsung Networking,Office Equipment,Networking,Samsung,101343.58,59826.16
PROD02779,Apple Networking,Office Equipment,Scanner,Epson,69531.63,63638.6
PROD02780,HP Mouse,Accessories,Mouse,HP,9935.81,77114.67
PROD02781,Samsung Storage,Accessories,Keyboard,Apple,39502.78,18343.47
PROD02782,Epson Audio,Electronics,Mobile,Lenovo,52902.03,65252.07
PROD02783,Logitech Scanner,Office Equipment,Networking,Lenovo,47686.98,75215.18
PROD02784,Dell Printer,Office Equipment,Networking,Canon,115409.15,47674.19
PROD02785,Sony Storage,Accessories,Keyboard,Logitech,149282.79,16036.04
PROD02786,Dell Networking,Office Equipment,Networking,HP,118296.55,66633.97
PROD02787,Lenovo Computers,Electronics,Computers,Apple,135332.71,62085.48
PROD02788,Apple Printer,Office Equipment,Printer,Samsung,136348.16,38320.37
PROD02789,Dell Mouse,Accessories,Storage,HP,38012.73,74504.64
PROD02790,Epson Computers,Electronics,Audio,HP,58770.31,13590.29
PROD02791,Epson Mobile,Electronics,Computers,Logitech,116620.45,37911.84
PROD02792,Dell Scanner,Office Equipment,Scanner,Dell,109587.95,26208.03
PROD02793,Asus Mouse,Accessories,Storage,Asus,26732.42,24027.07
PROD02794,Apple Storage,Accessories,Mouse,Canon,118645.85,61905.03
PROD02795,HP Audio,Electronics,Computers,Sony,70505.84,96839.44
PROD02796,Canon Scanner,Office Equipment,Printer,Asus,42492.74,67123.52
PROD02797,Epson Audio,Electronics,Computers,Epson,140478.04,81116.57
PROD02798,Lenovo Mobile,Electronics,Computers,Canon,95783.01,87891.96
PROD02799,HP Mouse,Accessories,Storage,Canon,59735.85,50821.02
PROD02800,Sony Mouse,Accessories,Keyboard,Asus,16312.88,87421.32
PROD02801,Epson Mobile,Electronics,Computers,HP,88371.35,50783.07
PROD02802,Sony Printer,Office Equipment,Networking,Epson,82578.82,17289.62
PROD02803,Lenovo Networking,Office Equipment,Printer,Lenovo,23484.55,14912.96
PROD02804,Lenovo Computers,Electronics,Audio,Samsung,78112.49,8038.88
PROD02805,Sony Audio,Electronics,Audio,Samsung,30758.43,26780.31
PROD02806,Epson Keyboard,Accessories,Keyboard,Logitech,83147.24,29831.37
PROD02807,Samsung Printer,Office Equipment,Printer,Epson,29744.58,21518.39
PROD02808,Asus Audio,Electronics,Computers,Canon,111622.51,50132.27
PROD02809,Logitech Storage,Accessories,Keyboard,HP,4283.59,51686.61
PROD02810,Lenovo Mobile,Electronics,Audio,HP,43833.79,44514.0
PROD02811,Asus Keyboard,Accessories,Mouse,Epson,7003.52,71456.69
PROD02812,Samsung Keyboard,Accessories,Keyboard,Samsung,66128.2,29005.51
PROD02813,Logitech Scanner,Office Equipment,Scanner,Epson,41526.26,43509.78
PROD02814,Dell Mobile,Electronics,Mobile,Lenovo,134331.47,83164.04
PROD02815,Epson Mouse,Accessories,Mouse,Dell,66484.81,15905.68
PROD02816,Asus Mobile,Electronics,Audio,Lenovo,77707.91,92685.95
PROD02817,Epson Printer,Office Equipment,Scanner,HP,49514.92,64533.48
PROD02818,Logitech Networking,Office Equipment,Printer,Sony,24337.21,19190.4
PROD02819,Logitech Storage,Accessories,Mouse,Samsung,10679.18,18377.79
PROD02820,Canon Scanner,Office Equipment,Scanner,Samsung,3262.69,10267.28
PROD02821,Canon Printer,Office Equipment,Scanner,HP,112616.58,67697.45
PROD02822,Dell Storage,Accessories,Mouse,Dell,68953.6,27186.52
PROD02823,Asus Networking,Office Equipment,Printer,Samsung,87544.97,98592.71
PROD02824,Sony Mouse,Accessories,Mouse,Sony,37748.17,24383.79
PROD02825,HP Storage,Accessories,Storage,Asus,114849.36,37284.74
PROD02826,HP Scanner,Office Equipment,Scanner,Samsung,113840.88,31316.38
PROD02827,Asus Mouse,Accessories,Mouse,Canon,79391.98,66256.97
PROD02828,Epson Mouse,Accessories,Mouse,Epson,15612.97,65399.56
PROD02829,Lenovo Storage,Accessories,Keyboard,Epson,144909.72,55786.83
PROD02830,Samsung Scanner,Office Equipment,Networking,Canon,122544.98,92604.41
PROD02831,Logitech Computers,Electronics,Mobile,Canon,77841.57,40404.96
PROD02832,Samsung Networking,Office Equipment,Scanner,Lenovo,7933.21,25017.28
PROD02833,Lenovo Networking,Office Equipment,Networking,HP,70345.45,73488.95
PROD02834,Epson Audio,Electronics,Audio,Asus,145351.55,93568.08
PROD02835,Asus Audio,Electronics,Audio,Sony,129470.75,70341.41
PROD02836,HP Mobile,Electronics,Mobile,Canon,118600.74,62865.82
PROD02837,Asus Computers,Electronics,Mobile,Apple,106655.83,2651.46
PROD02838,Sony Printer,Office Equipment,Networking,Canon,106584.37,88115.98
PROD02839,Canon Scanner,Office Equipment,Printer,Samsung,83034.18,64821.57
PROD02840,Sony Audio,Electronics,Mobile,Sony,76898.06,93560.03
PROD02841,Dell Audio,Electronics,Audio,Apple,53224.88,50948.94
PROD02842,Samsung Printer,Office Equipment,Scanner,Lenovo,92716.93,36424.49
PROD02843,Samsung Mobile,Electronics,Mobile,Asus,4959.05,73591.64
PROD02844,Lenovo Audio,Electronics,Audio,Canon,33365.06,53924.44
PROD02845,Apple Scanner,Office Equipment,Scanner,Dell,100580.51,7186.14
PROD02846,HP Keyboard,Accessories,Storage,Dell,24747.48,94578.85
PROD02847,Logitech Computers,Electronics,Audio,Lenovo,111143.84,2930.72
PROD02848,Asus Scanner,Office Equipment,Printer,Canon,52786.07,13242.45
PROD02849,Sony Storage,Accessories,Keyboard,Sony,30271.47,65537.64
PROD02850,Samsung Mouse,Accessories,Keyboard,Lenovo,134583.97,95845.3
PROD02851,Epson Printer,Office Equipment,Networking,HP,67619.33,31419.27
PROD02852,Dell Printer,Office Equipment,Networking,Epson,43301.47,95224.78
PROD02853,Lenovo Scanner,Office Equipment,Scanner,Logitech,51945.42,7520.39
PROD02854,Epson Mobile,Electronics,Computers,Epson,34135.18,47421.68
PROD02855,Asus Printer,Office Equipment,Networking,HP,101185.88,65810.6
PROD02856,Samsung Storage,Accessories,Keyboard,Samsung,35107.63,88365.37
PROD02857,Epson Scanner,Office Equipment,Printer,Asus,118963.74,69150.07
PROD02858,Logitech Scanner,Office Equipment,Printer,Dell,117221.41,23079.09
PROD02859,Dell Storage,Accessories,Storage,Lenovo,79223.86,78332.23
PROD02860,Apple Printer,Office Equipment,Scanner,Apple,91479.65,60412.7
PROD02861,Epson Mouse,Accessories,Mouse,Dell,93224.14,67700.49
PROD02862,Logitech Networking,Office Equipment,Scanner,Samsung,8831.76,54111.66
PROD02863,Lenovo Computers,Electronics,Audio,Asus,92447.03,76500.87
PROD02864,Logitech Storage,Accessories,Mouse,Asus,34791.72,4454.49
PROD02865,Logitech Audio,Electronics,Audio,Sony,43917.84,7500.1
PROD02866,Lenovo Keyboard,Accessories,Keyboard,Canon,82227.64,15916.63
PROD02867,Dell Networking,Office Equipment,Networking,Canon,114481.68,52965.84
PROD02868,Sony Mouse,Accessories,Storage,Apple,98927.48,45767.04
PROD02869,Sony Mouse,Accessories,Mouse,Sony,69961.24,10525.3
PROD02870,Dell Printer,Office Equipment,Networking,Sony,87384.18,41040.51
PROD02871,Sony Mobile,Electronics,Computers,Samsung,56267.72,96744.32
PROD02872,Epson Networking,Office Equipment,Printer,Dell,46580.69,20480.13
PROD02873,Dell Computers,Electronics,Audio,Logitech,122090.59,48696.94
PROD02874,Epson Scanner,Office Equipment,Networking,Dell,125962.85,4330.71
PROD02875,HP Networking,Office Equipment,Printer,Logitech,25576.51,41534.86
PROD02876,Sony Scanner,Office Equipment,Scanner,Canon,18165.68,68749.22
PROD02877,Samsung Networking,Office Equipment,Printer,HP,79634.56,66617.89
PROD02878,Dell Mouse,Accessories,Storage,Samsung,125038.15,99954.61
PROD02879,Canon Keyboard,Accessories,Keyboard,Lenovo,107636.91,98684.03
PROD02880,Logitech Computers,Electronics,Computers,Canon,20912.52,62140.9
PROD02881,HP Keyboard,Accessories,Keyboard,Apple,46798.53,39433.86
PROD02882,Logitech Scanner,Office Equipment,Printer,Epson,37789.67,24050.64
PROD02883,Apple Storage,Accessories,Keyboard,Lenovo,10091.7,31522.78
PROD02884,Sony Scanner,Office Equipment,Scanner,Asus,31381.11,30392.12
PROD02885,Lenovo Scanner,Office Equipment,Printer,Epson,36891.6,63790.61
PROD02886,Logitech Networking,Office Equipment,Printer,Epson,96698.9,21194.24
PROD02887,Samsung Computers,Electronics,Audio,Logitech,148932.39,4489.99
PROD02888,Asus Audio,Electronics,Computers,Lenovo,98493.87,79052.36
PROD02889,Logitech Scanner,Office Equipment,Networking,Asus,140463.9,5034.91
PROD02890,Logitech Scanner,Office Equipment,Networking,Samsung,42521.7,19545.99
PROD02891,HP Computers,Electronics,Computers,Samsung,23832.43,8616.1
PROD02892,Dell Printer,Office Equipment,Networking,Logitech,121469.21,94649.78
PROD02893,Asus Scanner,Office Equipment,Networking,Lenovo,127147.49,34395.4
PROD02894,Epson Printer,Office Equipment,Networking,HP,96969.46,92240.54
PROD02895,Dell Computers,Electronics,Computers,Samsung,103131.46,50610.52
PROD02896,Asus Computers,Electronics,Computers,Apple,92639.39,75430.12
PROD02897,Samsung Scanner,Office Equipment,Printer,Logitech,51142.43,70958.13
PROD02898,Canon Mouse,Accessories,Mouse,Logitech,70209.64,40525.69
PROD02899,Asus Storage,Accessories,Storage,Sony,149875.97,23114.2
PROD02900,Apple Printer,Office Equipment,Scanner,Epson,106112.78,30962.68
PROD02901,Epson Networking,Office Equipment,Networking,Dell,15240.75,10592.98
PROD02902,HP Networking,Office Equipment,Scanner,Samsung,30046.83,35606.29
PROD02903,Lenovo Networking,Office Equipment,Networking,Samsung,95409.66,8654.04
PROD02904,HP Audio,Electronics,Audio,Samsung,65423.95,65382.67
PROD02905,HP Storage,Accessories,Storage,Samsung,75886.0,8345.7
PROD02906,Apple Computers,Electronics,Audio,Epson,101652.96,3875.05
PROD02907,Apple Computers,Electronics,Mobile,Epson,46587.72,12186.16
PROD02908,Lenovo Computers,Electronics,Mobile,HP,139669.95,48112.7
PROD02909,Samsung Computers,Electronics,Mobile,Lenovo,86507.99,34236.58
PROD02910,Lenovo Computers,Electronics,Computers,Samsung,6925.71,70754.68
PROD02911,Samsung Mobile,Electronics,Mobile,Dell,69767.36,62454.35
PROD02912,Asus Scanner,Office Equipment,Networking,Epson,53599.02,13651.1
PROD02913,Sony Keyboard,Accessories,Mouse,HP,126413.57,83163.23
PROD02914,Dell Storage,Accessories,Mouse,Sony,46600.58,43888.57
PROD02915,Apple Mobile,Electronics,Mobile,Sony,90471.75,99880.79
PROD02916,Sony Keyboard,Accessories,Mouse,Logitech,48065.38,33124.77
PROD02917,Lenovo Mouse,Accessories,Keyboard,HP,89045.87,66906.62
PROD02918,Canon Networking,Office Equipment,Printer,HP,33603.21,85335.29
PROD02919,Canon Scanner,Office Equipment,Networking,Apple,69391.92,14759.29
PROD02920,Samsung Storage,Accessories,Storage,Lenovo,94959.93,74664.86
PROD02921,Epson Audio,Electronics,Mobile,HP,41834.95,34683.2
PROD02922,Asus Storage,Accessories,Storage,HP,117253.51,67673.14
PROD02923,Sony Keyboard,Accessories,Keyboard,Dell,46740.49,68504.0
PROD02924,Dell Mouse,Accessories,Keyboard,HP,98593.18,42298.01
PROD02925,Canon Printer,Office Equipment,Networking,HP,139834.51,55879.69
PROD02926,Logitech Computers,Electronics,Audio,Lenovo,112077.92,81647.18
PROD02927,Lenovo Scanner,Office Equipment,Printer,Canon,111386.83,39118.11
PROD02928,Epson Networking,Office Equipment,Networking,Dell,117444.52,30183.88
PROD02929,Lenovo Mobile,Electronics,Audio,Lenovo,109018.27,98419.14
PROD02930,Epson Audio,Electronics,Mobile,Logitech,102372.49,73511.07
PROD02931,Logitech Mobile,Electronics,Audio,HP,90175.07,4727.14
PROD02932,Asus Audio,Electronics,Computers,Epson,40068.48,41024.23
PROD02933,Dell Storage,Accessories,Mouse,Asus,49218.19,33648.19
PROD02934,Samsung Printer,Office Equipment,Networking,Sony,67446.17,14408.78
PROD02935,Lenovo Storage,Accessories,Storage,HP,29114.71,17927.56
PROD02936,Epson Keyboard,Accessories,Mouse,Lenovo,103449.91,3963.12
PROD02937,Samsung Computers,Electronics,Mobile,HP,19750.11,5816.25
PROD02938,Canon Storage,Accessories,Storage,Samsung,17443.77,43684.18
PROD02939,Apple Keyboard,Accessories,Mouse,Sony,123723.18,61907.7
PROD02940,Dell Mobile,Electronics,Computers,Logitech,11319.64,80308.4
PROD02941,Logitech Audio,Electronics,Audio,Samsung,29877.06,11183.76
PROD02942,Asus Computers,Electronics,Mobile,Epson,1493.26,69499.66
PROD02943,HP Computers,Electronics,Audio,Apple,20029.23,49457.73
PROD02944,Asus Keyboard,Accessories,Mouse,Apple,104267.47,9809.54
PROD02945,Dell Computers,Electronics,Computers,Dell,132739.23,79029.26
PROD02946,HP Audio,Electronics,Audio,Apple,85981.33,57492.84
PROD02947,HP Keyboard,Accessories,Storage,Sony,99925.93,17800.27
PROD02948,Asus Computers,Electronics,Audio,Asus,80337.87,25419.91
PROD02949,HP Mouse,Accessories,Keyboard,Canon,39433.87,39599.42
PROD02950,Samsung Computers,Electronics,Audio,Logitech,37856.31,50862.09
PROD02951,Dell Keyboard,Accessories,Mouse,Lenovo,127082.36,28841.77
PROD02952,Asus Mouse,Accessories,Mouse,Sony,5144.36,28750.61
PROD02953,Canon Storage,Accessories,Storage,Dell,41179.63,90713.39
PROD02954,Epson Networking,Office Equipment,Printer,HP,126968.88,8059.65
PROD02955,Asus Computers,Electronics,Computers,HP,19270.17,91968.92
PROD02956,Asus Keyboard,Accessories,Storage,Dell,114602.06,60675.18
PROD02957,HP Printer,Office Equipment,Scanner,Apple,115113.84,50481.71
PROD02958,Lenovo Computers,Electronics,Audio,Apple,120518.59,34352.05
PROD02959,Samsung Mobile,Electronics,Mobile,Samsung,95857.8,42164.06
PROD02960,Logitech Printer,Office Equipment,Printer,Asus,128020.54,81221.35
PROD02961,Dell Scanner,Office Equipment,Networking,Asus,89018.22,16869.47
PROD02962,Lenovo Computers,Electronics,Computers,Epson,50099.84,34585.55
PROD02963,HP Keyboard,Accessories,Storage,Logitech,19261.42,19646.59
PROD02964,Epson Mouse,Accessories,Keyboard,Canon,76148.86,1030.28
PROD02965,Sony Keyboard,Accessories,Keyboard,Epson,68177.53,23534.15
PROD02966,Sony Audio,Electronics,Computers,Dell,146798.55,90567.04
PROD02967,Dell Computers,Electronics,Mobile,Apple,80995.06,54584.93
PROD02968,Sony Scanner,Office Equipment,Printer,Samsung,124357.87,69280.62
PROD02969,Sony Computers,Electronics,Computers,Lenovo,82696.35,7523.51
PROD02970,Lenovo Mouse,Accessories,Mouse,HP,47140.81,83292.1
PROD02971,Asus Keyboard,Accessories,Storage,Canon,147769.53,21163.41
PROD02972,HP Keyboard,Accessories,Storage,Asus,18532.83,92329.03
PROD02973,Lenovo Mobile,Electronics,Audio,Lenovo,63431.07,72309.87
PROD02974,HP Keyboard,Accessories,Keyboard,Canon,57868.94,54929.4
PROD02975,Lenovo Networking,Office Equipment,Networking,Logitech,108812.43,33929.76
PROD02976,Canon Audio,Electronics,Computers,Canon,51194.42,91718.56
PROD02977,Asus Audio,Electronics,Audio,Canon,105710.67,94583.82
PROD02978,HP Mouse,Accessories,Keyboard,Apple,72199.3,38325.73
PROD02979,Dell Storage,Accessories,Storage,Logitech,25761.13,61840.96
PROD02980,Epson Mouse,Accessories,Keyboard,Apple,47504.79,92065.58
PROD02981,Dell Printer,Office Equipment,Scanner,Sony,75368.56,64393.0
PROD02982,Canon Printer,Office Equipment,Networking,Asus,11662.55,94227.0
PROD02983,Lenovo Networking,Office Equipment,Scanner,Samsung,96278.49,14569.1
PROD02984,Canon Printer,Office Equipment,Printer,Logitech,51306.62,44013.86
PROD02985,Samsung Audio,Electronics,Audio,Asus,96463.87,29106.79
PROD02986,HP Keyboard,Accessories,Storage,Sony,139756.86,94865.4
PROD02987,HP Printer,Office Equipment,Printer,Apple,137337.47,48143.62
PROD02988,Dell Scanner,Office Equipment,Printer,HP,141219.03,5912.7
PROD02989,Canon Scanner,Office Equipment,Networking,Apple,82024.93,78577.36
PROD02990,Canon Printer,Office Equipment,Scanner,Logitech,145413.15,95677.0
PROD02991,Dell Storage,Accessories,Storage,Logitech,36777.31,38146.75
PROD02992,Samsung Printer,Office Equipment,Networking,Apple,108311.02,51416.02
PROD02993,Logitech Storage,Accessories,Keyboard,Apple,79294.69,70049.94
PROD02994,Apple Mouse,Accessories,Storage,Canon,114245.87,9141.47
PROD02995,Sony Mobile,Electronics,Mobile,Apple,119793.08,17275.98
PROD02996,Sony Storage,Accessories,Mouse,Asus,31642.48,30274.23
PROD02997,HP Storage,Accessories,Mouse,Canon,82724.59,95978.01
PROD02998,Samsung Audio,Electronics,Computers,Lenovo,35413.13,78899.99
PROD02999,Apple Audio,Electronics,Computers,HP,19760.4,90490.13
PROD03000,Asus Storage,Accessories,Storage,Asus,37920.98,50002.45
PROD03001,Dell Scanner,Office Equipment,Scanner,Apple,135747.15,79163.96
PROD03002,Apple Audio,Electronics,Computers,Asus,88792.34,85996.25
PROD03003,Epson Scanner,Office Equipment,Scanner,Samsung,93936.79,7326.58
PROD03004,Lenovo Storage,Accessories,Storage,Dell,147067.67,54843.14
PROD03005,Apple Printer,Office Equipment,Printer,Logitech,83124.95,11560.98
PROD03006,Dell Keyboard,Accessories,Storage,Apple,28591.75,97749.23
PROD03007,Dell Scanner,Office Equipment,Printer,Dell,74923.6,6866.69
PROD03008,Logitech Keyboard,Accessories,Keyboard,Epson,51237.85,8592.24
PROD03009,Epson Scanner,Office Equipment,Scanner,Epson,62176.13,67893.18
PROD03010,Asus Printer,Office Equipment,Printer,Asus,128454.21,49537.31
PROD03011,HP Audio,Electronics,Audio,Dell,39009.31,22149.01
PROD03012,HP Audio,Electronics,Mobile,Logitech,20681.53,83358.99
PROD03013,Canon Mouse,Accessories,Keyboard,Epson,25266.12,21006.65
PROD03014,Apple Storage,Accessories,Mouse,Asus,97427.66,75240.15
PROD03015,Epson Computers,Electronics,Audio,Dell,60448.38,16199.24
PROD03016,Dell Scanner,Office Equipment,Networking,Sony,121722.86,39488.94
PROD03017,Dell Computers,Electronics,Mobile,Samsung,61278.7,49533.16
PROD03018,Lenovo Printer,Office Equipment,Scanner,Epson,100338.17,75055.44
PROD03019,Apple Networking,Office Equipment,Scanner,Canon,26848.81,24539.57
PROD03020,Samsung Networking,Office Equipment,Networking,HP,9367.77,3100.31
PROD03021,Logitech Scanner,Office Equipment,Scanner,Lenovo,74623.92,32141.41
PROD03022,HP Computers,Electronics,Computers,Epson,2576.33,63934.17
PROD03023,Asus Printer,Office Equipment,Printer,Asus,145167.65,60341.08
PROD03024,Epson Mouse,Accessories,Mouse,Logitech,45887.06,9877.07
PROD03025,Lenovo Mouse,Accessories,Storage,Dell,12246.18,81832.42
PROD03026,Logitech Computers,Electronics,Computers,Apple,127762.77,52065.58
PROD03027,Logitech Keyboard,Accessories,Keyboard,Apple,31916.23,89503.83
PROD03028,HP Keyboard,Accessories,Mouse,Epson,132258.76,9129.53
PROD03029,Apple Keyboard,Accessories,Keyboard,Epson,18048.95,92245.53
PROD03030,Canon Storage,Accessories,Storage,Apple,79459.94,25828.2
PROD03031,Epson Storage,Accessories,Keyboard,Logitech,134112.72,95865.49
PROD03032,Samsung Scanner,Office Equipment,Networking,Lenovo,57622.21,9071.19
PROD03033,Canon Keyboard,Accessories,Storage,Dell,19287.23,71476.81
PROD03034,Logitech Audio,Electronics,Computers,Sony,107666.9,72469.78
PROD03035,Dell Scanner,Office Equipment,Printer,Asus,92006.22,2082.29
PROD03036,HP Mobile,Electronics,Mobile,Samsung,99048.93,37283.01
PROD03037,Epson Mobile,Electronics,Audio,Samsung,57064.02,89454.95
PROD03038,Logitech Keyboard,Accessories,Mouse,Dell,148480.39,27825.79
PROD03039,Logitech Networking,Office Equipment,Printer,HP,32453.29,51374.48
PROD03040,Asus Keyboard,Accessories,Keyboard,Samsung,18698.09,24980.52
PROD03041,Samsung Audio,Electronics,Computers,Logitech,111898.03,68428.17
PROD03042,HP Networking,Office Equipment,Scanner,HP,20708.43,53391.98
PROD03043,Sony Storage,Accessories,Keyboard,Logitech,40500.89,30165.95
PROD03044,Canon Mouse,Accessories,Keyboard,Lenovo,7006.14,59768.82
PROD03045,Samsung Printer,Office Equipment,Printer,HP,22954.51,54450.85
PROD03046,Dell Mouse,Accessories,Keyboard,Epson,120981.28,93520.24
PROD03047,Samsung Mobile,Electronics,Computers,HP,34455.53,71553.0
PROD03048,Asus Networking,Office Equipment,Printer,HP,33557.79,4572.24
PROD03049,Dell Printer,Office Equipment,Scanner,Epson,102204.6,84175.15
PROD03050,Logitech Keyboard,Accessories,Storage,Canon,120277.34,66014.38
PROD03051,Samsung Storage,Accessories,Storage,Samsung,29268.98,56232.68
PROD03052,Samsung Printer,Office Equipment,Printer,Lenovo,80251.46,60134.28
PROD03053,Sony Mobile,Electronics,Audio,Apple,134879.29,20248.26
PROD03054,Canon Networking,Office Equipment,Networking,Samsung,138437.35,64718.41
PROD03055,Dell Scanner,Office Equipment,Scanner,Lenovo,97937.0,99138.56
PROD03056,Lenovo Keyboard,Accessories,Storage,Dell,47981.7,10015.5
PROD03057,HP Networking,Office Equipment,Printer,Lenovo,83294.68,61561.58
PROD03058,Epson Printer,Office Equipment,Scanner,Canon,72499.5,14331.18
PROD03059,Lenovo Printer,Office Equipment,Scanner,Samsung,39802.43,84065.09
PROD03060,Sony Keyboard,Accessories,Mouse,HP,9987.54,72707.75
PROD03061,Logitech Storage,Accessories,Mouse,Dell,8438.15,10778.92
PROD03062,Logitech Networking,Office Equipment,Networking,Epson,130504.94,80401.69
PROD03063,Lenovo Networking,Office Equipment,Printer,Sony,103872.83,25710.7
PROD03064,Sony Keyboard,Accessories,Keyboard,Asus,129430.89,28681.97
PROD03065,Canon Keyboard,Accessories,Storage,Epson,26955.88,48672.36
PROD03066,Logitech Keyboard,Accessories,Keyboard,Apple,65839.47,9401.66
PROD03067,Epson Mouse,Accessories,Mouse,Asus,29988.63,80059.37
PROD03068,Lenovo Scanner,Office Equipment,Networking,Epson,81507.85,61832.5
PROD03069,Asus Keyboard,Accessories,Mouse,Apple,95071.2,7777.59
PROD03070,Dell Printer,Office Equipment,Printer,Sony,19494.54,70080.71
PROD03071,HP Keyboard,Accessories,Mouse,Lenovo,149579.98,70785.42
PROD03072,Asus Storage,Accessories,Keyboard,Logitech,47041.26,67561.74
PROD03073,Apple Mouse,Accessories,Keyboard,HP,90201.39,79373.65
PROD03074,Lenovo Storage,Accessories,Keyboard,Lenovo,90790.71,97884.53
PROD03075,Apple Networking,Office Equipment,Printer,Sony,71410.35,16920.92
PROD03076,Lenovo Networking,Office Equipment,Printer,Sony,8125.59,92124.81
PROD03077,Sony Networking,Office Equipment,Scanner,Lenovo,12378.51,62908.5
PROD03078,Samsung Mobile,Electronics,Audio,HP,23202.65,68031.25
PROD03079,Samsung Networking,Office Equipment,Scanner,HP,26220.01,21920.22
PROD03080,Apple Scanner,Office Equipment,Networking,Apple,103385.71,36498.06
PROD03081,Asus Mobile,Electronics,Audio,Canon,122808.27,33960.13
PROD03082,Epson Networking,Office Equipment,Printer,Canon,17272.52,92140.24
PROD03083,Asus Audio,Electronics,Computers,Epson,35519.54,21279.81
PROD03084,Logitech Storage,Accessories,Keyboard,Samsung,104484.12,29513.03
PROD03085,Epson Networking,Office Equipment,Networking,HP,79017.88,81021.54
PROD03086,Samsung Networking,Office Equipment,Printer,Dell,120683.85,8855.28
PROD03087,HP Keyboard,Accessories,Keyboard,Lenovo,84477.42,66696.91
PROD03088,Logitech Mobile,Electronics,Computers,Apple,146973.31,87581.04
PROD03089,HP Keyboard,Accessories,Mouse,Asus,148407.68,16015.57
PROD03090,Asus Mouse,Accessories,Keyboard,Logitech,128382.6,83419.48
PROD03091,Canon Storage,Accessories,Mouse,Lenovo,123061.28,93617.09
PROD03092,Epson Printer,Office Equipment,Networking,Canon,54315.28,75236.89
PROD03093,Canon Networking,Office Equipment,Networking,Asus,147368.39,24090.02
PROD03094,HP Audio,Electronics,Computers,Asus,12385.36,72351.73
PROD03095,Canon Keyboard,Accessories,Mouse,Samsung,111512.27,95232.19
PROD03096,Apple Computers,Electronics,Audio,Sony,25795.99,77478.61
PROD03097,Canon Computers,Electronics,Computers,HP,22085.11,38692.51
PROD03098,Samsung Computers,Electronics,Audio,Samsung,141272.46,42621.98
PROD03099,Sony Audio,Electronics,Audio,Sony,32133.29,58286.38
PROD03100,Apple Mouse,Accessories,Storage,HP,2370.43,31934.7
PROD03101,Samsung Mouse,Accessories,Storage,Epson,41871.81,71976.7
PROD03102,Asus Mobile,Electronics,Computers,Dell,82554.85,17926.52
PROD03103,Asus Scanner,Office Equipment,Networking,Sony,97086.47,36434.7
PROD03104,Sony Storage,Accessories,Keyboard,Canon,148454.44,44028.96
PROD03105,Samsung Storage,Accessories,Mouse,Sony,94164.22,27239.62
PROD03106,Apple Audio,Electronics,Audio,Sony,76193.49,14849.96
PROD03107,Canon Mobile,Electronics,Computers,Dell,147610.41,75543.94
PROD03108,Lenovo Keyboard,Accessories,Mouse,Canon,110149.99,78683.7
PROD03109,Apple Networking,Office Equipment,Scanner,Asus,137118.89,53670.29
PROD03110,Samsung Audio,Electronics,Mobile,Logitech,140461.06,71690.3
PROD03111,Dell Printer,Office Equipment,Printer,Dell,6926.39,23096.05
PROD03112,Canon Scanner,Office Equipment,Networking,Logitech,49117.39,30014.17
PROD03113,Canon Mobile,Electronics,Computers,Epson,63029.06,45235.11
PROD03114,Epson Printer,Office Equipment,Printer,Lenovo,89999.12,44062.78
PROD03115,Asus Scanner,Office Equipment,Printer,Samsung,97037.84,39328.54
PROD03116,Logitech Computers,Electronics,Audio,Logitech,24526.92,95708.14
PROD03117,Logitech Scanner,Office Equipment,Printer,Epson,90656.94,17261.47
PROD03118,Apple Keyboard,Accessories,Keyboard,Asus,29398.84,682.65
PROD03119,Samsung Storage,Accessories,Storage,Canon,26936.93,1391.18
PROD03120,Lenovo Audio,Electronics,Mobile,Asus,138427.05,66202.17
PROD03121,Asus Mouse,Accessories,Keyboard,Asus,55996.78,35226.74
PROD03122,Samsung Keyboard,Accessories,Storage,Logitech,106851.48,10590.58
PROD03123,Lenovo Audio,Electronics,Audio,Epson,53951.65,20282.87
PROD03124,HP Keyboard,Accessories,Keyboard,Logitech,36699.23,80626.98
PROD03125,Samsung Storage,Accessories,Storage,Apple,21592.97,7724.61
PROD03126,Logitech Mobile,Electronics,Computers,Sony,99029.16,12344.64
PROD03127,Asus Printer,Office Equipment,Scanner,Apple,144302.84,7213.32
PROD03128,Sony Audio,Electronics,Computers,Sony,12054.71,79607.03
PROD03129,Logitech Keyboard,Accessories,Mouse,HP,13563.35,36595.47
PROD03130,Sony Mobile,Electronics,Audio,Sony,41542.55,46090.59
PROD03131,HP Mobile,Electronics,Computers,Dell,71201.95,26672.83
PROD03132,Logitech Audio,Electronics,Audio,Canon,59243.56,89517.0
PROD03133,Sony Computers,Electronics,Computers,Logitech,28520.65,97587.16
PROD03134,Canon Scanner,Office Equipment,Networking,HP,135768.01,57332.69
PROD03135,Epson Keyboard,Accessories,Keyboard,Samsung,85457.13,91478.09
PROD03136,HP Keyboard,Accessories,Mouse,Asus,33691.54,41424.65
PROD03137,Samsung Audio,Electronics,Computers,Samsung,111424.12,89198.66
PROD03138,Canon Printer,Office Equipment,Networking,Canon,147209.0,54952.76
PROD03139,Samsung Audio,Electronics,Audio,Asus,126749.91,12182.2
PROD03140,Apple Networking,Office Equipment,Networking,Apple,135089.57,84212.93
PROD03141,Asus Scanner,Office Equipment,Scanner,Apple,93093.27,46818.22
PROD03142,Lenovo Networking,Office Equipment,Printer,Apple,105809.83,98313.82
PROD03143,Apple Storage,Accessories,Storage,HP,141513.06,45128.95
PROD03144,Samsung Storage,Accessories,Storage,Lenovo,146820.87,38898.8
PROD03145,Canon Audio,Electronics,Audio,Logitech,2591.63,3201.6
PROD03146,Dell Mouse,Accessories,Storage,Sony,61074.57,82735.15
PROD03147,Asus Printer,Office Equipment,Networking,Lenovo,57617.57,82432.3
PROD03148,Logitech Printer,Office Equipment,Printer,Apple,52083.7,31583.37
PROD03149,Dell Storage,Accessories,Mouse,Canon,73316.72,9372.19
PROD03150,Epson Scanner,Office Equipment,Printer,Lenovo,129715.65,94544.92
PROD03151,Canon Printer,Office Equipment,Scanner,Logitech,60043.78,62421.36
PROD03152,Samsung Printer,Office Equipment,Scanner,Canon,44628.59,50406.94
PROD03153,Logitech Computers,Electronics,Audio,Apple,108049.31,31396.13
PROD03154,Canon Mobile,Electronics,Computers,Samsung,42923.2,62077.8
PROD03155,Dell Mobile,Electronics,Mobile,Samsung,108947.68,66328.06
PROD03156,Apple Mobile,Electronics,Computers,HP,70537.92,58794.88
PROD03157,Samsung Storage,Accessories,Storage,Apple,71783.14,61315.86
PROD03158,Lenovo Keyboard,Accessories,Keyboard,Sony,3805.35,71678.29
PROD03159,Asus Mobile,Electronics,Audio,Apple,73131.96,44385.55
PROD03160,Apple Mobile,Electronics,Audio,Canon,84183.44,50072.46
PROD03161,Asus Mobile,Electronics,Computers,HP,98443.57,3634.21
PROD03162,Canon Networking,Office Equipment,Printer,Asus,1948.39,93519.68
PROD03163,Asus Keyboard,Accessories,Keyboard,Apple,127934.9,61037.94
PROD03164,Apple Scanner,Office Equipment,Printer,Lenovo,112462.69,47727.04
PROD03165,Epson Computers,Electronics,Computers,Dell,43012.87,50464.63
PROD03166,Apple Printer,Office Equipment,Networking,Logitech,134383.47,89519.33
PROD03167,Epson Audio,Electronics,Computers,Samsung,100051.94,35283.41
PROD03168,Dell Audio,Electronics,Mobile,Canon,54741.62,86250.41
PROD03169,Asus Computers,Electronics,Mobile,Samsung,69806.74,86008.06
PROD03170,Lenovo Printer,Office Equipment,Networking,Canon,62939.32,80163.92
PROD03171,Dell Printer,Office Equipment,Scanner,Sony,78087.25,53844.89
PROD03172,Samsung Storage,Accessories,Storage,Canon,71727.64,59677.53
PROD03173,Asus Networking,Office Equipment,Printer,HP,132160.39,64758.15
PROD03174,Epson Storage,Accessories,Keyboard,Samsung,4969.3,29612.07
PROD03175,Asus Computers,Electronics,Audio,Logitech,2649.1,31997.64
PROD03176,Lenovo Keyboard,Accessories,Storage,Logitech,68181.29,44247.07
PROD03177,Logitech Computers,Electronics,Mobile,Apple,48594.47,28721.49
PROD03178,Sony Keyboard,Accessories,Storage,Apple,2746.04,85901.1
PROD03179,Asus Keyboard,Accessories,Mouse,Samsung,42241.88,62357.26
PROD03180,Dell Keyboard,Accessories,Storage,Sony,81149.49,39386.93
PROD03181,Samsung Storage,Accessories,Storage,Logitech,3913.14,15794.15
PROD03182,Samsung Printer,Office Equipment,Networking,Asus,15778.23,88333.82
PROD03183,Lenovo Mobile,Electronics,Computers,Asus,40263.05,54366.41
PROD03184,Epson Audio,Electronics,Computers,Lenovo,52623.87,40681.08
PROD03185,HP Mouse,Accessories,Mouse,Lenovo,144084.84,1284.95
PROD03186,Logitech Keyboard,Accessories,Mouse,Lenovo,117137.01,65022.49
PROD03187,Logitech Scanner,Office Equipment,Printer,Asus,59469.06,93862.01
PROD03188,Dell Mouse,Accessories,Keyboard,Logitech,23214.71,54881.7
PROD03189,Epson Computers,Electronics,Audio,Lenovo,85841.11,42906.69
PROD03190,Lenovo Printer,Office Equipment,Printer,Epson,50879.24,89332.33
PROD03191,Apple Keyboard,Accessories,Storage,Sony,51856.94,79684.02
PROD03192,Apple Mouse,Accessories,Storage,Apple,41994.72,43647.35
PROD03193,Logitech Networking,Office Equipment,Networking,Canon,102171.49,53972.31
PROD03194,Logitech Printer,Office Equipment,Networking,Samsung,30081.92,38624.16
PROD03195,Apple Printer,Office Equipment,Printer,HP,146758.11,92322.69
PROD03196,Asus Networking,Office Equipment,Printer,HP,126274.29,36248.28
PROD03197,Asus Computers,Electronics,Audio,Sony,148182.34,99575.16
PROD03198,Sony Mouse,Accessories,Keyboard,Samsung,52103.47,47774.75
PROD03199,HP Networking,Office Equipment,Printer,Apple,40143.77,87860.34
PROD03200,Logitech Mobile,Electronics,Mobile,Apple,111365.39,26484.44
PROD03201,Samsung Printer,Office Equipment,Scanner,Logitech,35854.69,1168.9
PROD03202,Dell Mouse,Accessories,Keyboard,Asus,17392.13,55384.91
PROD03203,Lenovo Scanner,Office Equipment,Scanner,Sony,135816.84,39731.71
PROD03204,HP Audio,Electronics,Mobile,Lenovo,61465.82,15950.33
PROD03205,HP Scanner,Office Equipment,Printer,Epson,8881.78,6846.29
PROD03206,Asus Networking,Office Equipment,Printer,Asus,54927.21,52715.25
PROD03207,Apple Keyboard,Accessories,Storage,Dell,22003.93,17237.83
PROD03208,Canon Mouse,Accessories,Mouse,Samsung,4354.91,92998.14
PROD03209,Canon Computers,Electronics,Audio,Dell,32824.36,4021.92
PROD03210,Asus Networking,Office Equipment,Scanner,Canon,84338.12,74188.42
PROD03211,Epson Mobile,Electronics,Audio,Canon,15361.06,31749.31
PROD03212,Canon Mobile,Electronics,Computers,Epson,92223.44,50058.9
PROD03213,HP Scanner,Office Equipment,Scanner,HP,5056.07,69890.28
PROD03214,Canon Mobile,Electronics,Audio,Samsung,126283.54,67873.15
PROD03215,Logitech Mouse,Accessories,Mouse,Dell,35594.83,6365.76
PROD03216,Asus Networking,Office Equipment,Networking,Canon,52794.36,60636.28
PROD03217,Canon Storage,Accessories,Storage,Dell,134448.01,19405.98
PROD03218,Sony Printer,Office Equipment,Scanner,Apple,42406.9,91093.8
PROD03219,Epson Storage,Accessories,Mouse,Asus,136800.84,59145.82
PROD03220,Asus Mouse,Accessories,Keyboard,HP,95827.19,83390.69
PROD03221,Sony Printer,Office Equipment,Printer,Dell,11657.98,96757.98
PROD03222,Lenovo Printer,Office Equipment,Networking,Apple,21714.11,55383.41
PROD03223,Logitech Networking,Office Equipment,Networking,Dell,55414.99,12042.66
PROD03224,Sony Computers,Electronics,Computers,Dell,127000.69,7525.48
PROD03225,Dell Mouse,Accessories,Storage,HP,25575.38,65944.54
PROD03226,Samsung Storage,Accessories,Mouse,HP,135558.95,92727.58
PROD03227,Sony Printer,Office Equipment,Scanner,Apple,135021.51,58003.51
PROD03228,Sony Printer,Office Equipment,Networking,Samsung,68936.59,68443.35
PROD03229,Asus Printer,Office Equipment,Networking,Sony,28604.91,82538.72
PROD03230,HP Keyboard,Accessories,Storage,Asus,66358.32,66304.57
PROD03231,Logitech Keyboard,Accessories,Storage,Epson,25931.9,54135.54
PROD03232,Epson Storage,Accessories,Keyboard,Dell,118806.95,45400.52
PROD03233,Canon Mobile,Electronics,Mobile,Dell,115224.75,19363.95
PROD03234,HP Networking,Office Equipment,Networking,Logitech,40123.33,10772.99
PROD03235,Apple Scanner,Office Equipment,Networking,Samsung,98788.68,59415.15
PROD03236,Logitech Keyboard,Accessories,Keyboard,Lenovo,106242.25,36616.42
PROD03237,Sony Mouse,Accessories,Mouse,HP,55209.98,14528.65
PROD03238,Asus Mouse,Accessories,Mouse,Canon,72513.1,4127.02
PROD03239,Asus Computers,Electronics,Audio,HP,149450.23,17706.74
PROD03240,Sony Mouse,Accessories,Keyboard,Dell,32542.35,22116.63
PROD03241,HP Audio,Electronics,Mobile,HP,86671.98,67990.92
PROD03242,Dell Networking,Office Equipment,Networking,HP,119447.34,53317.9
PROD03243,Canon Mouse,Accessories,Keyboard,HP,22373.52,82236.18
PROD03244,Dell Networking,Office Equipment,Scanner,Dell,41165.82,18834.51
PROD03245,Asus Networking,Office Equipment,Scanner,Dell,104228.42,41204.3
PROD03246,Dell Printer,Office Equipment,Scanner,Lenovo,143346.94,23833.11
PROD03247,Logitech Mouse,Accessories,Keyboard,Asus,56631.13,82549.55
PROD03248,Lenovo Audio,Electronics,Computers,Canon,5011.71,51179.9
PROD03249,Samsung Computers,Electronics,Computers,Asus,146915.48,63160.79
PROD03250,Sony Storage,Accessories,Mouse,Canon,81410.52,67455.83
PROD03251,Sony Keyboard,Accessories,Mouse,Canon,5499.68,92680.5
PROD03252,HP Keyboard,Accessories,Storage,Apple,143428.0,29265.88
PROD03253,Canon Audio,Electronics,Audio,Sony,70237.1,3383.6
PROD03254,Epson Printer,Office Equipment,Networking,Canon,94879.21,14851.6
PROD03255,HP Networking,Office Equipment,Scanner,Dell,136053.42,70980.35
PROD03256,Asus Printer,Office Equipment,Scanner,Apple,51378.98,30460.36
PROD03257,Apple Audio,Electronics,Computers,Canon,32875.23,41025.42
PROD03258,Lenovo Printer,Office Equipment,Networking,Sony,127806.87,76062.95
PROD03259,Apple Storage,Accessories,Mouse,Epson,96114.95,40605.74
PROD03260,HP Storage,Accessories,Keyboard,Epson,15062.64,33851.65
PROD03261,Logitech Audio,Electronics,Mobile,Dell,132690.01,75741.9
PROD03262,HP Computers,Electronics,Audio,Sony,87058.97,40772.36
PROD03263,HP Mobile,Electronics,Audio,HP,96896.33,88778.2
PROD03264,HP Keyboard,Accessories,Mouse,Samsung,147806.1,17699.3
PROD03265,Apple Networking,Office Equipment,Printer,HP,102770.25,24354.09
PROD03266,Asus Networking,Office Equipment,Printer,Lenovo,53878.06,73316.64
PROD03267,HP Audio,Electronics,Mobile,Sony,58446.32,15437.42
PROD03268,Asus Mobile,Electronics,Mobile,Samsung,141493.51,91633.58
PROD03269,Sony Storage,Accessories,Keyboard,Apple,35280.06,44781.14
PROD03270,Epson Keyboard,Accessories,Storage,Sony,18201.23,54354.1
PROD03271,Canon Keyboard,Accessories,Storage,HP,133809.43,98665.31
PROD03272,Asus Printer,Office Equipment,Scanner,HP,83986.65,71237.04
PROD03273,Asus Mobile,Electronics,Audio,Asus,108639.81,86720.52
PROD03274,Samsung Mobile,Electronics,Audio,HP,42689.13,18792.98
PROD03275,Asus Audio,Electronics,Computers,Asus,135611.26,50036.35
PROD03276,Epson Scanner,Office Equipment,Printer,Sony,144905.95,28527.92
PROD03277,Asus Computers,Electronics,Audio,Sony,43793.96,36500.83
PROD03278,Canon Audio,Electronics,Audio,Sony,27387.75,4377.6
PROD03279,Epson Computers,Electronics,Mobile,HP,126182.86,71253.69
PROD03280,Samsung Mouse,Accessories,Storage,Logitech,35457.0,2558.5
PROD03281,Lenovo Scanner,Office Equipment,Printer,Apple,116469.32,24996.41
PROD03282,Canon Storage,Accessories,Mouse,Apple,100388.09,69939.89
PROD03283,Sony Mobile,Electronics,Audio,Dell,115538.4,50918.62
PROD03284,Canon Keyboard,Accessories,Keyboard,Samsung,37545.34,65074.8
PROD03285,Canon Audio,Electronics,Computers,HP,77289.9,18107.27
PROD03286,Asus Mobile,Electronics,Computers,Asus,94144.87,70970.59
PROD03287,Dell Computers,Electronics,Computers,Canon,7181.15,88199.48
PROD03288,Apple Mobile,Electronics,Computers,Apple,108072.88,83516.53
PROD03289,Lenovo Networking,Office Equipment,Printer,Dell,98918.7,9267.92
PROD03290,HP Networking,Office Equipment,Printer,Asus,102462.24,15359.85
PROD03291,Epson Keyboard,Accessories,Storage,Lenovo,21365.45,53198.5
PROD03292,Samsung Computers,Electronics,Audio,Lenovo,16136.85,76689.85
PROD03293,Dell Mouse,Accessories,Storage,HP,129355.04,92552.41
PROD03294,Apple Audio,Electronics,Audio,HP,46998.91,41892.92
PROD03295,Dell Networking,Office Equipment,Networking,Apple,58647.84,84505.88
PROD03296,Logitech Mouse,Accessories,Mouse,HP,103316.89,29689.36
PROD03297,Sony Keyboard,Accessories,Mouse,Samsung,118610.14,77254.58
PROD03298,Asus Keyboard,Accessories,Mouse,Samsung,14449.12,81780.68
PROD03299,Canon Audio,Electronics,Mobile,Lenovo,99065.17,91626.75
PROD03300,Logitech Mouse,Accessories,Keyboard,Samsung,97823.89,47736.96
PROD03301,Apple Networking,Office Equipment,Printer,Samsung,6255.74,1193.81
PROD03302,HP Audio,Electronics,Computers,Lenovo,113700.42,3987.85
PROD03303,Apple Computers,Electronics,Audio,Asus,1700.63,30376.52
PROD03304,Apple Printer,Office Equipment,Printer,Apple,15191.29,12213.21
PROD03305,HP Mobile,Electronics,Computers,Samsung,104476.91,16931.12
PROD03306,Apple Mouse,Accessories,Storage,HP,87806.59,64018.17
PROD03307,Apple Mouse,Accessories,Keyboard,Canon,8369.75,27184.56
PROD03308,Logitech Networking,Office Equipment,Scanner,Samsung,111612.92,74176.6
PROD03309,Apple Audio,Electronics,Audio,Asus,30697.32,83396.81
PROD03310,HP Computers,Electronics,Computers,Dell,9912.62,28258.56
PROD03311,Sony Printer,Office Equipment,Printer,Asus,139968.36,11502.61
PROD03312,Sony Mouse,Accessories,Keyboard,Sony,97436.05,38808.7
PROD03313,Samsung Mobile,Electronics,Computers,Sony,84843.72,80714.86
PROD03314,Apple Networking,Office Equipment,Scanner,Asus,71589.41,6643.55
PROD03315,Sony Storage,Accessories,Storage,Dell,98456.06,68102.96
PROD03316,Epson Mouse,Accessories,Mouse,Dell,17349.36,88679.15
PROD03317,HP Keyboard,Accessories,Mouse,Canon,81581.99,96139.65
PROD03318,Logitech Networking,Office Equipment,Networking,Apple,120003.39,31727.63
PROD03319,Logitech Mouse,Accessories,Keyboard,Epson,28162.38,4918.92
PROD03320,Sony Audio,Electronics,Computers,Sony,50315.37,77728.82
PROD03321,Sony Computers,Electronics,Mobile,Canon,46745.01,90038.35
PROD03322,Asus Keyboard,Accessories,Mouse,Dell,139127.58,24044.57
PROD03323,Apple Networking,Office Equipment,Networking,Dell,28987.64,2714.65
PROD03324,Asus Mouse,Accessories,Mouse,HP,122670.07,23640.11
PROD03325,Sony Storage,Accessories,Keyboard,Dell,88919.39,83803.93
PROD03326,Apple Computers,Electronics,Mobile,HP,102157.3,96893.61
PROD03327,Canon Networking,Office Equipment,Printer,Samsung,142406.17,41553.48
PROD03328,Lenovo Scanner,Office Equipment,Scanner,Sony,24869.16,86206.25
PROD03329,Asus Printer,Office Equipment,Printer,Dell,56695.35,8918.45
PROD03330,Asus Mouse,Accessories,Keyboard,Samsung,131131.5,19177.53
PROD03331,Lenovo Computers,Electronics,Mobile,Apple,50837.68,9698.99
PROD03332,HP Computers,Electronics,Mobile,HP,131585.21,53758.46
PROD03333,Canon Computers,Electronics,Computers,HP,8723.61,44152.55
PROD03334,Lenovo Audio,Electronics,Computers,Canon,128011.68,83270.41
PROD03335,HP Printer,Office Equipment,Printer,Samsung,76702.25,85115.28
PROD03336,Canon Computers,Electronics,Computers,Asus,127756.29,37376.16
PROD03337,Logitech Scanner,Office Equipment,Printer,Asus,124612.94,24363.29
PROD03338,Canon Keyboard,Accessories,Mouse,Canon,133722.66,20030.29
PROD03339,Apple Networking,Office Equipment,Scanner,Canon,10979.94,11882.26
PROD03340,Apple Mobile,Electronics,Audio,HP,86392.74,95036.08
PROD03341,Sony Mobile,Electronics,Computers,Samsung,109112.86,3402.73
PROD03342,Epson Keyboard,Accessories,Mouse,Canon,43644.04,71487.67
PROD03343,Asus Keyboard,Accessories,Mouse,HP,133372.1,71149.03
PROD03344,Dell Networking,Office Equipment,Networking,Epson,98808.85,89471.25
PROD03345,Dell Mouse,Accessories,Mouse,HP,30658.19,80522.21
PROD03346,Apple Mouse,Accessories,Storage,Logitech,123442.71,70238.39
PROD03347,Samsung Networking,Office Equipment,Scanner,Asus,97556.4,369.84
PROD03348,Epson Storage,Accessories,Storage,Lenovo,83768.7,72775.64
PROD03349,Epson Networking,Office Equipment,Scanner,Canon,39514.15,15467.01
PROD03350,Samsung Storage,Accessories,Keyboard,Sony,110200.31,61492.02
PROD03351,Asus Networking,Office Equipment,Scanner,HP,40310.33,53075.54
PROD03352,HP Keyboard,Accessories,Keyboard,Samsung,76723.11,77914.89
PROD03353,Lenovo Mobile,Electronics,Computers,Canon,5947.32,17967.88
PROD03354,Asus Printer,Office Equipment,Printer,Sony,9706.52,38596.65
PROD03355,HP Audio,Electronics,Mobile,Canon,96589.54,85569.27
PROD03356,Lenovo Computers,Electronics,Audio,Sony,100536.02,34175.69
PROD03357,HP Storage,Accessories,Keyboard,Sony,51267.44,17487.59
PROD03358,Sony Mouse,Accessories,Keyboard,Sony,115645.09,93453.97
PROD03359,Dell Keyboard,Accessories,Storage,Sony,61605.53,31785.85
PROD03360,Samsung Audio,Electronics,Computers,Epson,34825.53,13423.18
PROD03361,Lenovo Audio,Electronics,Computers,Canon,11920.8,90442.83
PROD03362,Logitech Mouse,Accessories,Mouse,Asus,67391.88,39390.8
PROD03363,Logitech Mouse,Accessories,Mouse,Lenovo,83145.26,69166.55
PROD03364,Logitech Computers,Electronics,Mobile,HP,20496.71,13210.73
PROD03365,Apple Keyboard,Accessories,Storage,Apple,86949.41,33587.54
PROD03366,Lenovo Mouse,Accessories,Mouse,Samsung,144932.78,24592.04
PROD03367,Epson Mouse,Accessories,Mouse,Dell,24338.94,56991.05
PROD03368,Lenovo Mouse,Accessories,Mouse,Lenovo,14210.95,47749.35
PROD03369,Canon Scanner,Office Equipment,Printer,Dell,132989.36,20714.63
PROD03370,Epson Networking,Office Equipment,Printer,Sony,11073.1,91822.78
PROD03371,Apple Computers,Electronics,Computers,Canon,147801.31,50576.86
PROD03372,Epson Storage,Accessories,Mouse,Logitech,104334.8,64247.68
PROD03373,Epson Computers,Electronics,Computers,Logitech,80903.43,19531.3
PROD03374,Logitech Mouse,Accessories,Storage,Sony,46354.2,97903.41
PROD03375,Epson Computers,Electronics,Computers,Logitech,34081.54,75581.73
PROD03376,Sony Audio,Electronics,Mobile,Logitech,23122.26,48894.77
PROD03377,Canon Computers,Electronics,Computers,Epson,13144.99,42213.31
PROD03378,Logitech Storage,Accessories,Keyboard,Logitech,29403.07,35888.14
PROD03379,Epson Storage,Accessories,Keyboard,Epson,136909.36,96035.19
PROD03380,HP Scanner,Office Equipment,Networking,Asus,97565.15,79562.4
PROD03381,Canon Keyboard,Accessories,Storage,Epson,100779.93,77518.37
PROD03382,Apple Keyboard,Accessories,Mouse,Dell,15856.45,66144.14
PROD03383,HP Keyboard,Accessories,Keyboard,Dell,34381.33,10194.53
PROD03384,Dell Printer,Office Equipment,Printer,Apple,70562.78,90726.82
PROD03385,Epson Computers,Electronics,Computers,Asus,82310.5,24260.83
PROD03386,Epson Keyboard,Accessories,Storage,Sony,83271.35,48155.06
PROD03387,Epson Mouse,Accessories,Mouse,Dell,57938.79,88473.87
PROD03388,Canon Networking,Office Equipment,Scanner,Samsung,141735.89,99387.7
PROD03389,Samsung Computers,Electronics,Audio,Samsung,67097.1,89377.24
PROD03390,Samsung Mobile,Electronics,Mobile,Canon,88587.75,93167.82
PROD03391,Canon Mobile,Electronics,Mobile,Apple,83074.07,62766.03
PROD03392,Logitech Mobile,Electronics,Mobile,Sony,103696.57,74329.68
PROD03393,Apple Computers,Electronics,Computers,Samsung,117914.84,25461.24
PROD03394,Samsung Networking,Office Equipment,Scanner,Asus,104771.48,3424.96
PROD03395,Canon Computers,Electronics,Computers,Canon,133423.34,47295.53
PROD03396,Asus Printer,Office Equipment,Printer,Apple,57403.53,817.75
PROD03397,Lenovo Audio,Electronics,Audio,Sony,96278.66,20420.09
PROD03398,Dell Scanner,Office Equipment,Scanner,Canon,118461.48,55105.29
PROD03399,HP Computers,Electronics,Audio,Dell,98924.62,56687.91
PROD03400,Sony Computers,Electronics,Computers,Samsung,40681.6,55292.13
PROD03401,Samsung Keyboard,Accessories,Storage,Samsung,83259.73,56941.02
PROD03402,Apple Computers,Electronics,Mobile,Canon,122951.19,32280.5
PROD03403,Canon Keyboard,Accessories,Storage,Logitech,119356.68,37979.02
PROD03404,Samsung Networking,Office Equipment,Printer,Samsung,109314.72,37635.49
PROD03405,Logitech Scanner,Office Equipment,Printer,Dell,19694.91,79559.63
PROD03406,Sony Keyboard,Accessories,Keyboard,Apple,80189.82,50110.32
PROD03407,Logitech Networking,Office Equipment,Scanner,Dell,113340.06,93208.08
PROD03408,Dell Audio,Electronics,Audio,Dell,34514.17,70520.16
PROD03409,Lenovo Mobile,Electronics,Computers,Epson,48008.47,77809.69
PROD03410,Canon Audio,Electronics,Computers,Apple,122559.55,13226.88
PROD03411,Sony Keyboard,Accessories,Mouse,Epson,92860.43,1594.9
PROD03412,Samsung Keyboard,Accessories,Mouse,HP,62084.15,65762.04
PROD03413,HP Mouse,Accessories,Mouse,Dell,126376.06,78203.49
PROD03414,Dell Networking,Office Equipment,Printer,Asus,22777.57,58127.93
PROD03415,HP Mouse,Accessories,Storage,HP,88043.68,90812.31
PROD03416,Samsung Audio,Electronics,Mobile,HP,34255.47,65035.7
PROD03417,Dell Networking,Office Equipment,Printer,Lenovo,57311.09,32084.99
PROD03418,Lenovo Keyboard,Accessories,Keyboard,Dell,24547.62,97592.51
PROD03419,Epson Keyboard,Accessories,Mouse,Logitech,26622.46,64032.25
PROD03420,HP Keyboard,Accessories,Keyboard,Epson,113172.81,24209.43
PROD03421,Logitech Storage,Accessories,Keyboard,Lenovo,52444.2,20695.88
PROD03422,Asus Mouse,Accessories,Mouse,Logitech,44451.71,51085.52
PROD03423,Apple Networking,Office Equipment,Scanner,Canon,143211.65,92334.76
PROD03424,Asus Networking,Office Equipment,Printer,Lenovo,102888.94,34343.62
PROD03425,Apple Networking,Office Equipment,Printer,Sony,9033.89,31885.32
PROD03426,Lenovo Printer,Office Equipment,Networking,Apple,41404.87,77340.46
PROD03427,Asus Keyboard,Accessories,Keyboard,Dell,98076.5,93590.18
PROD03428,Epson Mouse,Accessories,Keyboard,Asus,4592.13,91608.05
PROD03429,HP Audio,Electronics,Mobile,Lenovo,105139.67,55108.86
PROD03430,Apple Audio,Electronics,Computers,Dell,130749.91,83549.83
PROD03431,Samsung Computers,Electronics,Audio,Lenovo,138993.67,4082.84
PROD03432,Asus Mobile,Electronics,Computers,Epson,41478.52,66049.3
PROD03433,Sony Computers,Electronics,Mobile,Dell,61060.01,40681.33
PROD03434,Epson Computers,Electronics,Audio,Asus,99523.18,73181.16
PROD03435,Canon Storage,Accessories,Mouse,Apple,140589.88,78133.7
PROD03436,HP Storage,Accessories,Storage,Sony,60778.1,21954.11
PROD03437,Samsung Storage,Accessories,Keyboard,Logitech,21443.4,18202.62
PROD03438,Asus Networking,Office Equipment,Scanner,Epson,3885.21,48567.11
PROD03439,HP Keyboard,Accessories,Mouse,Dell,118129.99,4854.2
PROD03440,Canon Mouse,Accessories,Keyboard,Logitech,136468.36,29682.46
PROD03441,Sony Networking,Office Equipment,Scanner,Apple,76241.32,63648.18
PROD03442,Canon Audio,Electronics,Computers,Epson,47636.87,76671.39
PROD03443,Dell Storage,Accessories,Mouse,Canon,68798.61,21210.94
PROD03444,Lenovo Mouse,Accessories,Keyboard,Samsung,122574.22,78262.82
PROD03445,Sony Scanner,Office Equipment,Networking,Logitech,17839.28,60281.18
PROD03446,Asus Scanner,Office Equipment,Scanner,Asus,116972.27,45704.94
PROD03447,Samsung Networking,Office Equipment,Networking,Logitech,1670.92,51671.36
PROD03448,Canon Printer,Office Equipment,Networking,Canon,38147.12,62593.91
PROD03449,Sony Networking,Office Equipment,Scanner,HP,18351.67,18290.63
PROD03450,Asus Mobile,Electronics,Computers,Epson,108375.57,96529.42
PROD03451,Dell Keyboard,Accessories,Keyboard,Logitech,47732.32,385.51
PROD03452,Sony Audio,Electronics,Mobile,HP,142646.59,85469.53
PROD03453,Apple Mouse,Accessories,Mouse,Lenovo,22006.08,53013.1
PROD03454,Sony Computers,Electronics,Mobile,Samsung,133815.58,19281.71
PROD03455,Logitech Scanner,Office Equipment,Scanner,Sony,44140.42,66990.11
PROD03456,Lenovo Computers,Electronics,Mobile,Logitech,140226.39,1296.52
PROD03457,Canon Mouse,Accessories,Storage,Apple,34506.94,45498.58
PROD03458,Dell Computers,Electronics,Audio,Sony,57099.71,49924.14
PROD03459,Lenovo Computers,Electronics,Computers,Dell,31267.35,22450.39
PROD03460,Dell Printer,Office Equipment,Scanner,Logitech,137000.19,61659.15
PROD03461,Samsung Mouse,Accessories,Keyboard,Lenovo,4946.89,79935.94
PROD03462,Dell Scanner,Office Equipment,Scanner,Sony,52125.54,63538.07
PROD03463,Logitech Computers,Electronics,Mobile,Asus,63177.9,17868.67
PROD03464,Lenovo Networking,Office Equipment,Scanner,Lenovo,116400.42,90682.43
PROD03465,Sony Mouse,Accessories,Keyboard,Epson,46992.34,97035.22
PROD03466,Lenovo Mouse,Accessories,Mouse,Samsung,107366.88,19361.9
PROD03467,Canon Computers,Electronics,Audio,Canon,131235.97,27118.84
PROD03468,Sony Computers,Electronics,Mobile,Sony,72469.84,63384.81
PROD03469,Logitech Networking,Office Equipment,Scanner,Apple,101603.65,55927.87
PROD03470,Epson Audio,Electronics,Mobile,Lenovo,135763.37,38513.66
PROD03471,Epson Printer,Office Equipment,Printer,Logitech,29376.07,25847.88
PROD03472,Sony Mobile,Electronics,Computers,Lenovo,90523.93,69762.76
PROD03473,Lenovo Printer,Office Equipment,Printer,Asus,11453.47,19206.01
PROD03474,Dell Keyboard,Accessories,Storage,Asus,17982.75,23158.64
PROD03475,Sony Computers,Electronics,Computers,Logitech,103491.72,40489.67
PROD03476,Canon Mobile,Electronics,Mobile,Lenovo,85249.97,9869.28
PROD03477,Epson Computers,Electronics,Computers,Lenovo,34897.56,29594.92
PROD03478,Sony Audio,Electronics,Audio,Samsung,129258.0,64097.15
PROD03479,Logitech Audio,Electronics,Audio,Canon,97581.5,92253.21
PROD03480,Logitech Scanner,Office Equipment,Networking,Samsung,19752.71,79383.31
PROD03481,HP Scanner,Office Equipment,Printer,Logitech,46156.3,73407.42
PROD03482,Lenovo Printer,Office Equipment,Networking,HP,42326.59,58293.72
PROD03483,Logitech Mouse,Accessories,Keyboard,Lenovo,6982.72,15538.28
PROD03484,Samsung Printer,Office Equipment,Scanner,Canon,112913.28,82356.91
PROD03485,Lenovo Printer,Office Equipment,Printer,Canon,19140.14,11874.1
PROD03486,Asus Audio,Electronics,Audio,HP,12815.66,81725.69
PROD03487,Asus Networking,Office Equipment,Printer,Apple,74580.86,19680.59
PROD03488,Sony Keyboard,Accessories,Keyboard,Logitech,21476.7,39294.98
PROD03489,Lenovo Mobile,Electronics,Mobile,Apple,62169.11,16945.01
PROD03490,Sony Scanner,Office Equipment,Scanner,Canon,14420.92,17149.29
PROD03491,Asus Mobile,Electronics,Mobile,Sony,31301.79,22290.4
PROD03492,Canon Mobile,Electronics,Audio,Lenovo,41637.18,72458.17
PROD03493,HP Keyboard,Accessories,Storage,Epson,54106.79,61653.49
PROD03494,HP Computers,Electronics,Mobile,Epson,48300.56,15217.79
PROD03495,Lenovo Networking,Office Equipment,Printer,Logitech,11864.49,4771.21
PROD03496,Canon Storage,Accessories,Keyboard,Dell,38688.39,21748.62
PROD03497,Dell Mouse,Accessories,Mouse,Lenovo,7116.35,74862.64
PROD03498,Logitech Audio,Electronics,Audio,Apple,63215.33,17660.68
PROD03499,Sony Computers,Electronics,Computers,Logitech,20645.2,57616.25
PROD03500,Lenovo Printer,Office Equipment,Scanner,Epson,12355.97,81786.71
PROD03501,Sony Scanner,Office Equipment,Printer,Asus,59458.06,40532.15
PROD03502,Apple Audio,Electronics,Audio,Asus,72915.49,99721.17
PROD03503,Apple Computers,Electronics,Audio,Logitech,6699.42,34751.46
PROD03504,Epson Storage,Accessories,Storage,Canon,70378.73,54119.57
PROD03505,Dell Scanner,Office Equipment,Networking,Sony,64493.5,32365.93
PROD03506,Samsung Keyboard,Accessories,Mouse,Asus,76829.29,47057.92
PROD03507,Canon Storage,Accessories,Keyboard,Epson,81115.38,28270.71
PROD03508,HP Mouse,Accessories,Mouse,Dell,19631.29,63523.88
PROD03509,HP Scanner,Office Equipment,Scanner,Logitech,133170.19,88463.01
PROD03510,Dell Storage,Accessories,Storage,Dell,69103.88,69029.32
PROD03511,Asus Mobile,Electronics,Computers,Dell,127111.9,91941.71
PROD03512,Dell Audio,Electronics,Audio,Logitech,148821.57,68898.58
PROD03513,Samsung Scanner,Office Equipment,Scanner,Samsung,95608.15,53773.84
PROD03514,Epson Mobile,Electronics,Computers,Canon,59902.57,23222.45
PROD03515,Dell Mobile,Electronics,Audio,HP,106991.96,66836.56
PROD03516,Asus Mobile,Electronics,Computers,Epson,66902.85,16381.01
PROD03517,Epson Computers,Electronics,Audio,Logitech,20259.33,82942.52
PROD03518,Samsung Computers,Electronics,Computers,Apple,20875.01,19431.77
PROD03519,Logitech Storage,Accessories,Storage,Epson,57747.53,82185.96
PROD03520,HP Computers,Electronics,Audio,Asus,18048.88,10941.3
PROD03521,Asus Printer,Office Equipment,Printer,Apple,70032.22,46093.32
PROD03522,Samsung Computers,Electronics,Mobile,Logitech,147556.02,95327.51
PROD03523,Canon Mouse,Accessories,Storage,Asus,18051.79,59385.87
PROD03524,Sony Printer,Office Equipment,Printer,Canon,18314.88,54905.49
PROD03525,HP Networking,Office Equipment,Scanner,HP,63011.64,57450.37
PROD03526,Sony Mouse,Accessories,Keyboard,Logitech,121987.62,69115.25
PROD03527,HP Mobile,Electronics,Mobile,Sony,100631.11,79149.27
PROD03528,Logitech Mouse,Accessories,Keyboard,Dell,5104.28,88562.59
PROD03529,Logitech Computers,Electronics,Mobile,Lenovo,101000.31,31291.88
PROD03530,Samsung Printer,Office Equipment,Printer,Sony,28657.5,10328.69
PROD03531,Lenovo Scanner,Office Equipment,Networking,Samsung,20226.85,63134.32
PROD03532,Apple Printer,Office Equipment,Networking,Asus,133580.21,11157.2
PROD03533,Samsung Printer,Office Equipment,Scanner,Logitech,57445.29,6201.32
PROD03534,Apple Networking,Office Equipment,Scanner,Sony,149672.66,17577.5
PROD03535,Lenovo Printer,Office Equipment,Networking,Logitech,98123.65,80587.23
PROD03536,Sony Networking,Office Equipment,Networking,Samsung,75427.73,51640.14
PROD03537,Sony Scanner,Office Equipment,Networking,Lenovo,1058.38,91010.56
PROD03538,Dell Networking,Office Equipment,Scanner,Apple,62123.08,11518.58
PROD03539,Epson Audio,Electronics,Computers,Dell,31728.85,45354.12
PROD03540,Epson Computers,Electronics,Computers,Logitech,135441.24,37963.48
PROD03541,Lenovo Audio,Electronics,Computers,HP,65067.39,4270.98
PROD03542,Epson Keyboard,Accessories,Keyboard,Epson,73397.84,83426.34
PROD03543,Apple Storage,Accessories,Keyboard,HP,122396.4,8267.1
PROD03544,HP Mobile,Electronics,Audio,Sony,132644.22,64387.03
PROD03545,Canon Networking,Office Equipment,Networking,Dell,131268.55,56900.44
PROD03546,Dell Networking,Office Equipment,Scanner,HP,121423.12,44926.07
PROD03547,Asus Keyboard,Accessories,Mouse,Samsung,140815.18,50627.05
PROD03548,Apple Computers,Electronics,Mobile,Lenovo,118563.58,6063.04
PROD03549,Dell Storage,Accessories,Keyboard,Asus,54433.67,8745.33
PROD03550,Samsung Networking,Office Equipment,Networking,Lenovo,1141.84,57474.56
PROD03551,HP Mouse,Accessories,Storage,Apple,747.02,50199.22
PROD03552,Asus Audio,Electronics,Computers,Epson,134353.47,27506.73
PROD03553,Dell Keyboard,Accessories,Storage,Epson,81704.82,59365.86
PROD03554,HP Audio,Electronics,Computers,Dell,115970.17,64439.94
PROD03555,Logitech Audio,Electronics,Mobile,Epson,54160.63,69681.73
PROD03556,Samsung Scanner,Office Equipment,Networking,HP,52973.31,62112.14
PROD03557,Lenovo Mobile,Electronics,Audio,Lenovo,10247.03,93102.32
PROD03558,Dell Mobile,Electronics,Computers,Lenovo,5793.87,99894.21
PROD03559,Samsung Printer,Office Equipment,Scanner,Logitech,56677.3,13487.52
PROD03560,Samsung Mobile,Electronics,Mobile,Dell,143096.16,88087.96
PROD03561,Lenovo Printer,Office Equipment,Networking,Epson,52040.96,78385.42
PROD03562,Asus Keyboard,Accessories,Keyboard,Samsung,123565.04,86154.3
PROD03563,Dell Computers,Electronics,Audio,Apple,45397.37,30597.17
PROD03564,Asus Keyboard,Accessories,Mouse,Dell,31690.04,86283.88
PROD03565,Logitech Mouse,Accessories,Storage,Dell,57019.36,54551.9
PROD03566,Samsung Storage,Accessories,Storage,Asus,93120.18,80884.32
PROD03567,Apple Keyboard,Accessories,Storage,Dell,100541.72,4946.07
PROD03568,Epson Computers,Electronics,Mobile,HP,104445.21,11734.48
PROD03569,Canon Mouse,Accessories,Mouse,Samsung,96761.17,6756.68
PROD03570,Dell Audio,Electronics,Mobile,Epson,118597.11,93757.77
PROD03571,Apple Computers,Electronics,Mobile,Dell,58923.75,46099.97
PROD03572,Canon Networking,Office Equipment,Scanner,Canon,976.77,65087.4
PROD03573,Canon Computers,Electronics,Audio,Lenovo,108363.6,46293.8
PROD03574,Samsung Networking,Office Equipment,Networking,Dell,99047.7,44305.1
PROD03575,Sony Mouse,Accessories,Keyboard,Asus,17667.74,93241.57
PROD03576,Sony Mouse,Accessories,Keyboard,Epson,65354.43,6740.74
PROD03577,HP Computers,Electronics,Audio,Lenovo,102122.27,48220.91
PROD03578,HP Computers,Electronics,Mobile,HP,65700.66,56815.72
PROD03579,HP Storage,Accessories,Mouse,Sony,49551.74,6716.76
PROD03580,Asus Computers,Electronics,Computers,Epson,108650.09,67341.32
PROD03581,Dell Mouse,Accessories,Keyboard,Logitech,16715.91,27587.81
PROD03582,Canon Storage,Accessories,Storage,HP,21932.65,31109.14
PROD03583,Epson Keyboard,Accessories,Keyboard,Apple,125524.48,25787.81
PROD03584,Apple Audio,Electronics,Audio,Asus,107498.9,35598.13
PROD03585,Canon Computers,Electronics,Mobile,Asus,141308.22,11055.17
PROD03586,Lenovo Scanner,Office Equipment,Printer,Samsung,53055.55,67774.22
PROD03587,Lenovo Printer,Office Equipment,Networking,Asus,96913.5,39330.51
PROD03588,Sony Computers,Electronics,Mobile,Sony,115830.6,87843.06
PROD03589,Lenovo Mouse,Accessories,Mouse,Apple,6184.52,27017.11
PROD03590,Lenovo Mobile,Electronics,Computers,Logitech,133031.48,46680.37
PROD03591,Samsung Storage,Accessories,Keyboard,HP,48910.0,60061.75
PROD03592,Apple Mouse,Accessories,Storage,Canon,118092.67,92230.32
PROD03593,Sony Printer,Office Equipment,Scanner,Dell,46222.81,6693.97
PROD03594,Apple Computers,Electronics,Computers,Apple,115558.55,18717.97
PROD03595,Logitech Mouse,Accessories,Storage,HP,97118.77,50382.8
PROD03596,Asus Scanner,Office Equipment,Printer,Lenovo,46846.05,21940.81
PROD03597,Lenovo Audio,Electronics,Computers,HP,101676.61,83399.81
PROD03598,Samsung Mobile,Electronics,Computers,Epson,101622.39,74609.67
PROD03599,Sony Keyboard,Accessories,Keyboard,Dell,145737.31,2202.57
PROD03600,Apple Audio,Electronics,Audio,Asus,115372.94,74526.7
PROD03601,Epson Storage,Accessories,Mouse,Lenovo,46978.95,37288.22
PROD03602,Sony Scanner,Office Equipment,Networking,Sony,85102.2,43281.07
PROD03603,Sony Mouse,Accessories,Keyboard,Sony,91309.82,28229.69
PROD03604,Sony Printer,Office Equipment,Networking,Dell,55313.43,66900.31
PROD03605,Asus Keyboard,Accessories,Storage,Asus,67027.54,30184.8
PROD03606,Samsung Mobile,Electronics,Mobile,Canon,18608.63,64176.17
PROD03607,Dell Scanner,Office Equipment,Printer,Asus,33030.07,81296.22
PROD03608,Epson Keyboard,Accessories,Mouse,Dell,118944.17,95944.9
PROD03609,Epson Mobile,Electronics,Computers,Apple,75612.82,22740.37
PROD03610,Canon Keyboard,Accessories,Keyboard,Samsung,46166.69,761.43
PROD03611,Lenovo Computers,Electronics,Computers,Sony,28057.79,72190.1
PROD03612,Epson Mouse,Accessories,Storage,Logitech,7673.2,9638.91
PROD03613,Asus Scanner,Office Equipment,Scanner,Dell,80750.56,15164.28
PROD03614,Samsung Networking,Office Equipment,Scanner,Sony,56419.81,72531.08
PROD03615,HP Networking,Office Equipment,Printer,Canon,127974.13,94870.79
PROD03616,Asus Scanner,Office Equipment,Scanner,Asus,65179.17,9748.07
PROD03617,Apple Printer,Office Equipment,Scanner,Lenovo,58720.45,91189.69
PROD03618,Dell Scanner,Office Equipment,Scanner,Canon,113151.92,83322.5
PROD03619,Apple Mouse,Accessories,Keyboard,Canon,29049.41,35218.83
PROD03620,Samsung Storage,Accessories,Mouse,Lenovo,3013.8,5563.26
PROD03621,Dell Mobile,Electronics,Mobile,Dell,89661.84,13011.98
PROD03622,Apple Networking,Office Equipment,Scanner,Epson,130719.83,68881.61
PROD03623,Lenovo Networking,Office Equipment,Scanner,Canon,135088.92,56537.32
PROD03624,Sony Audio,Electronics,Mobile,Lenovo,103872.75,11453.96
PROD03625,Dell Networking,Office Equipment,Printer,Sony,111334.44,31923.47
PROD03626,Lenovo Computers,Electronics,Audio,Asus,141173.38,38504.2
PROD03627,Samsung Mouse,Accessories,Keyboard,HP,104542.33,80152.3
PROD03628,Lenovo Computers,Electronics,Mobile,Asus,111432.32,53252.88
PROD03629,Logitech Keyboard,Accessories,Mouse,HP,31697.85,92020.58
PROD03630,Asus Mouse,Accessories,Keyboard,Apple,131695.48,43746.46
PROD03631,Sony Storage,Accessories,Mouse,Asus,62702.45,74178.34
PROD03632,Samsung Keyboard,Accessories,Storage,HP,65240.09,40333.55
PROD03633,Dell Scanner,Office Equipment,Networking,Canon,120650.75,34261.11
PROD03634,HP Networking,Office Equipment,Scanner,HP,73859.28,28725.82
PROD03635,Sony Networking,Office Equipment,Networking,HP,90299.56,8093.01
PROD03636,Sony Mobile,Electronics,Computers,Logitech,45809.12,53268.21
PROD03637,Apple Scanner,Office Equipment,Networking,Logitech,61511.27,95875.33
PROD03638,Epson Mobile,Electronics,Mobile,Epson,93510.72,76743.35
PROD03639,Samsung Storage,Accessories,Keyboard,Asus,40517.08,51559.13
PROD03640,Epson Scanner,Office Equipment,Networking,Apple,25991.23,82399.46
PROD03641,HP Networking,Office Equipment,Networking,HP,67856.24,12962.44
PROD03642,Sony Scanner,Office Equipment,Printer,Sony,45238.11,35365.83
PROD03643,Samsung Networking,Office Equipment,Networking,HP,58979.24,70358.17
PROD03644,Samsung Storage,Accessories,Keyboard,Lenovo,23799.21,31077.4
PROD03645,Logitech Networking,Office Equipment,Networking,Logitech,101314.31,39365.13
PROD03646,Canon Printer,Office Equipment,Printer,Lenovo,51466.4,64531.89
PROD03647,Apple Mouse,Accessories,Keyboard,Epson,103207.6,19469.57
PROD03648,Samsung Mobile,Electronics,Mobile,Dell,48985.87,67123.72
PROD03649,Samsung Computers,Electronics,Computers,Apple,126122.86,93186.96
PROD03650,Asus Scanner,Office Equipment,Scanner,Sony,104382.19,66569.82
PROD03651,Samsung Networking,Office Equipment,Networking,Canon,4597.99,78909.36
PROD03652,Lenovo Audio,Electronics,Mobile,Canon,147873.63,8402.72
PROD03653,Lenovo Mobile,Electronics,Audio,Samsung,72900.65,86758.98
PROD03654,Dell Mouse,Accessories,Mouse,Apple,74361.36,38910.4
PROD03655,Sony Printer,Office Equipment,Scanner,Samsung,75791.58,90319.02
PROD03656,Epson Scanner,Office Equipment,Scanner,Samsung,107710.9,31828.08
PROD03657,Logitech Mobile,Electronics,Audio,HP,114418.23,26482.7
PROD03658,Apple Mobile,Electronics,Audio,Lenovo,34137.32,20097.61
PROD03659,Canon Computers,Electronics,Mobile,HP,42275.82,58031.85
PROD03660,Logitech Printer,Office Equipment,Scanner,Asus,113217.2,71267.87
PROD03661,Dell Scanner,Office Equipment,Scanner,Dell,62599.98,64490.9
PROD03662,Lenovo Printer,Office Equipment,Printer,Apple,87729.56,93865.6
PROD03663,Epson Keyboard,Accessories,Keyboard,Dell,121661.11,48061.53
PROD03664,Samsung Keyboard,Accessories,Keyboard,Logitech,1191.48,99144.0
PROD03665,Lenovo Mouse,Accessories,Keyboard,Logitech,144555.29,88042.16
PROD03666,Samsung Computers,Electronics,Audio,Dell,18091.67,65566.95
PROD03667,HP Networking,Office Equipment,Printer,Logitech,7948.13,85961.35
PROD03668,Epson Printer,Office Equipment,Networking,Lenovo,11411.0,49672.7
PROD03669,Logitech Storage,Accessories,Storage,Lenovo,102459.98,99791.69
PROD03670,Epson Mobile,Electronics,Audio,HP,148539.71,50742.52
PROD03671,Lenovo Computers,Electronics,Audio,Sony,108725.34,70710.08
PROD03672,Apple Audio,Electronics,Audio,Apple,33272.66,81275.44
PROD03673,Lenovo Audio,Electronics,Audio,Samsung,8027.92,87939.06
PROD03674,Apple Audio,Electronics,Computers,Asus,118271.11,28155.46
PROD03675,HP Scanner,Office Equipment,Networking,Asus,113657.6,77166.79
PROD03676,Logitech Printer,Office Equipment,Scanner,HP,11040.16,66264.02
PROD03677,Epson Storage,Accessories,Mouse,Logitech,100372.46,22645.65
PROD03678,HP Mouse,Accessories,Storage,Dell,34451.12,5482.7
PROD03679,Sony Mouse,Accessories,Mouse,Sony,141917.03,43427.25
PROD03680,Canon Networking,Office Equipment,Scanner,Asus,17292.09,50446.48
PROD03681,Epson Mouse,Accessories,Mouse,Asus,101168.98,93035.62
PROD03682,Sony Mouse,Accessories,Mouse,Asus,50871.02,47022.9
PROD03683,Apple Mobile,Electronics,Computers,Canon,86418.71,55187.55
PROD03684,Samsung Storage,Accessories,Keyboard,Asus,126447.86,96398.25
PROD03685,Epson Storage,Accessories,Keyboard,Lenovo,17600.1,38560.77
PROD03686,Dell Keyboard,Accessories,Storage,Lenovo,45910.46,75453.73
PROD03687,Asus Scanner,Office Equipment,Networking,Asus,58739.01,96952.3
PROD03688,Asus Storage,Accessories,Mouse,Dell,66931.02,73862.47
PROD03689,Asus Keyboard,Accessories,Storage,Canon,14278.13,18939.39
PROD03690,Epson Mobile,Electronics,Computers,Dell,116114.45,41015.73
PROD03691,Logitech Mouse,Accessories,Mouse,Dell,29212.55,31836.03
PROD03692,Logitech Mobile,Electronics,Computers,Sony,11483.38,68597.61
PROD03693,Asus Scanner,Office Equipment,Networking,Samsung,18135.58,41014.34
PROD03694,Epson Mobile,Electronics,Computers,Epson,140183.07,12239.41
PROD03695,Sony Storage,Accessories,Storage,Apple,51459.67,65046.87
PROD03696,Dell Scanner,Office Equipment,Printer,Sony,78780.0,81946.03
PROD03697,Dell Keyboard,Accessories,Storage,Canon,58142.84,59242.99
PROD03698,Logitech Keyboard,Accessories,Mouse,Lenovo,83135.38,39329.62
PROD03699,Canon Computers,Electronics,Computers,Samsung,21608.06,39396.62
PROD03700,Canon Audio,Electronics,Mobile,Canon,38060.48,10752.45
PROD03701,Asus Mouse,Accessories,Mouse,Apple,80879.62,25001.23
PROD03702,Logitech Computers,Electronics,Audio,Apple,54741.24,11145.1
PROD03703,HP Mouse,Accessories,Storage,Sony,128899.91,15019.85
PROD03704,Logitech Audio,Electronics,Mobile,Asus,121292.11,36817.88
PROD03705,Dell Printer,Office Equipment,Printer,Canon,126663.59,20163.92
PROD03706,Canon Storage,Accessories,Storage,Samsung,113087.7,33311.27
PROD03707,Logitech Computers,Electronics,Computers,Logitech,96695.36,56418.73
PROD03708,Samsung Keyboard,Accessories,Keyboard,Sony,100775.57,63447.49
PROD03709,Lenovo Networking,Office Equipment,Printer,Dell,105144.67,87434.86
PROD03710,Epson Mouse,Accessories,Keyboard,Apple,101075.94,95507.26
PROD03711,Samsung Computers,Electronics,Mobile,Dell,92881.16,94737.85
PROD03712,Samsung Keyboard,Accessories,Storage,Asus,41667.03,48623.94
PROD03713,Asus Mobile,Electronics,Computers,Lenovo,20622.62,63609.84
PROD03714,Lenovo Mouse,Accessories,Keyboard,Canon,106137.69,98328.61
PROD03715,Lenovo Networking,Office Equipment,Printer,Asus,142351.23,38744.35
PROD03716,Asus Computers,Electronics,Computers,Lenovo,131400.81,62658.08
PROD03717,Asus Mobile,Electronics,Audio,Epson,129399.33,43700.19
PROD03718,HP Audio,Electronics,Audio,Samsung,39935.33,12735.81
PROD03719,Epson Mouse,Accessories,Keyboard,Dell,100937.43,66660.84
PROD03720,HP Mouse,Accessories,Keyboard,Samsung,69477.75,60278.32
PROD03721,Canon Keyboard,Accessories,Keyboard,Asus,14669.78,4974.91
PROD03722,Epson Mobile,Electronics,Mobile,HP,65127.52,24004.97
PROD03723,Lenovo Mobile,Electronics,Audio,Logitech,49579.45,98869.93
PROD03724,Apple Computers,Electronics,Mobile,Epson,45323.01,71389.59
PROD03725,Apple Computers,Electronics,Mobile,Samsung,95363.83,85112.58
PROD03726,Dell Storage,Accessories,Storage,Logitech,128139.96,9362.07
PROD03727,Epson Mobile,Electronics,Computers,HP,99826.66,31761.75
PROD03728,HP Storage,Accessories,Mouse,Lenovo,65270.76,32203.54
PROD03729,Samsung Storage,Accessories,Keyboard,Canon,57573.41,29754.35
PROD03730,Asus Scanner,Office Equipment,Printer,Sony,112460.29,73666.75
PROD03731,Sony Keyboard,Accessories,Keyboard,Canon,13813.95,43447.15
PROD03732,Dell Mouse,Accessories,Keyboard,Epson,79916.82,94304.7
PROD03733,Lenovo Computers,Electronics,Audio,Canon,132428.35,81567.53
PROD03734,Asus Storage,Accessories,Keyboard,Apple,34521.23,19629.83
PROD03735,Samsung Networking,Office Equipment,Networking,Canon,25422.22,56961.08
PROD03736,Epson Keyboard,Accessories,Storage,HP,55654.55,93447.23
PROD03737,Asus Networking,Office Equipment,Networking,Canon,80855.71,78516.22
PROD03738,Logitech Mobile,Electronics,Computers,Asus,122962.02,84180.38
PROD03739,HP Keyboard,Accessories,Storage,Lenovo,135251.85,86350.28
PROD03740,Apple Printer,Office Equipment,Networking,HP,38014.02,54931.76
PROD03741,Apple Mouse,Accessories,Mouse,Apple,40671.93,89811.76
PROD03742,Apple Printer,Office Equipment,Printer,Logitech,43770.04,89493.97
PROD03743,Samsung Storage,Accessories,Mouse,Canon,102576.87,2282.61
PROD03744,Canon Keyboard,Accessories,Keyboard,Canon,103292.0,37036.23
PROD03745,Samsung Printer,Office Equipment,Networking,Logitech,90653.14,78914.97
PROD03746,Apple Mouse,Accessories,Keyboard,Logitech,71944.94,68929.5
PROD03747,Apple Storage,Accessories,Mouse,HP,129990.68,21168.86
PROD03748,Canon Audio,Electronics,Mobile,Samsung,36935.2,9872.79
PROD03749,Logitech Computers,Electronics,Computers,Lenovo,76049.98,47800.92
PROD03750,Sony Mouse,Accessories,Keyboard,Apple,129025.53,44997.22
PROD03751,Epson Mouse,Accessories,Storage,Epson,58760.66,56472.96
PROD03752,Lenovo Keyboard,Accessories,Mouse,Logitech,86438.64,67373.13
PROD03753,Logitech Keyboard,Accessories,Keyboard,Samsung,80692.46,65786.61
PROD03754,HP Mouse,Accessories,Mouse,Epson,50775.99,59538.13
PROD03755,HP Networking,Office Equipment,Networking,Dell,87292.13,35086.56
PROD03756,Apple Printer,Office Equipment,Printer,Lenovo,51259.48,15078.94
PROD03757,Epson Audio,Electronics,Audio,Apple,104080.44,35743.38
PROD03758,Epson Computers,Electronics,Computers,HP,13008.79,49819.58
PROD03759,Apple Scanner,Office Equipment,Scanner,Logitech,6291.75,91251.01
PROD03760,Canon Networking,Office Equipment,Printer,Dell,32960.75,4740.48
PROD03761,Apple Scanner,Office Equipment,Networking,Sony,61556.69,53672.25
PROD03762,Lenovo Keyboard,Accessories,Mouse,Apple,34789.35,53587.39
PROD03763,HP Mouse,Accessories,Mouse,Samsung,80831.33,92520.68
PROD03764,Dell Mouse,Accessories,Storage,Dell,114241.52,54525.36
PROD03765,HP Networking,Office Equipment,Networking,Samsung,80982.24,13150.27
PROD03766,Sony Keyboard,Accessories,Mouse,Dell,24280.82,5525.72
PROD03767,Logitech Keyboard,Accessories,Mouse,Canon,74105.91,95995.06
PROD03768,Dell Printer,Office Equipment,Networking,Dell,111261.33,81916.38
PROD03769,Epson Printer,Office Equipment,Scanner,Canon,125848.31,8594.95
PROD03770,Dell Scanner,Office Equipment,Printer,Samsung,122715.79,99835.84
PROD03771,Asus Mobile,Electronics,Computers,Asus,114284.66,90728.41
PROD03772,HP Networking,Office Equipment,Networking,Samsung,36483.73,94075.69
PROD03773,Logitech Keyboard,Accessories,Keyboard,Asus,13053.71,42793.3
PROD03774,Apple Mouse,Accessories,Mouse,Canon,74235.99,57257.52
PROD03775,Logitech Keyboard,Accessories,Mouse,Logitech,83331.4,69470.39
PROD03776,Lenovo Networking,Office Equipment,Scanner,Logitech,83842.37,23714.91
PROD03777,Apple Audio,Electronics,Audio,Lenovo,104517.73,95987.8
PROD03778,Canon Mobile,Electronics,Computers,Lenovo,39010.72,64977.17
PROD03779,Logitech Computers,Electronics,Mobile,Sony,121028.7,67837.81
PROD03780,Lenovo Printer,Office Equipment,Scanner,Sony,103229.78,26121.15
PROD03781,Logitech Storage,Accessories,Mouse,Epson,33760.99,34025.07
PROD03782,Apple Keyboard,Accessories,Storage,Sony,6590.28,89815.08
PROD03783,Sony Audio,Electronics,Mobile,Sony,60010.2,87441.82
PROD03784,Sony Mobile,Electronics,Mobile,Canon,43170.29,98639.09
PROD03785,Sony Printer,Office Equipment,Networking,HP,24416.99,82720.4
PROD03786,Asus Mobile,Electronics,Audio,Asus,67931.84,31246.43
PROD03787,Dell Storage,Accessories,Storage,Dell,101044.07,30275.0
PROD03788,Epson Keyboard,Accessories,Storage,HP,149523.12,4240.29
PROD03789,Asus Audio,Electronics,Audio,HP,140838.54,98416.64
PROD03790,Asus Mouse,Accessories,Keyboard,Dell,9633.36,1452.55
PROD03791,Dell Keyboard,Accessories,Mouse,Logitech,102259.4,88398.01
PROD03792,Sony Mobile,Electronics,Audio,Lenovo,73202.99,99917.18
PROD03793,Dell Audio,Electronics,Audio,Sony,137933.2,74982.14
PROD03794,Asus Mobile,Electronics,Computers,Canon,861.91,54280.3
PROD03795,Logitech Scanner,Office Equipment,Networking,Samsung,22911.63,77521.53
PROD03796,HP Networking,Office Equipment,Networking,Canon,70266.12,97279.24
PROD03797,Lenovo Audio,Electronics,Mobile,Dell,128345.94,23768.31
PROD03798,Lenovo Scanner,Office Equipment,Printer,Samsung,54491.03,23351.03
PROD03799,Asus Storage,Accessories,Storage,HP,140469.07,46126.03
PROD03800,Asus Computers,Electronics,Computers,Sony,12449.12,12090.84
PROD03801,Dell Networking,Office Equipment,Scanner,Logitech,18396.07,34125.62
PROD03802,Samsung Networking,Office Equipment,Printer,HP,87377.3,88175.94
PROD03803,Apple Storage,Accessories,Mouse,Dell,125802.2,2662.34
PROD03804,Logitech Storage,Accessories,Keyboard,Canon,7404.24,96805.28
PROD03805,Apple Networking,Office Equipment,Printer,Epson,62456.01,64770.11
PROD03806,Samsung Storage,Accessories,Storage,Asus,25019.63,89486.81
PROD03807,Sony Storage,Accessories,Keyboard,Sony,39414.19,24671.75
PROD03808,Lenovo Computers,Electronics,Computers,Lenovo,88664.78,28372.81
PROD03809,Samsung Computers,Electronics,Audio,HP,40760.96,71552.21
PROD03810,Logitech Audio,Electronics,Audio,Lenovo,142737.6,20561.59
PROD03811,Lenovo Mouse,Accessories,Mouse,Canon,605.99,72434.15
PROD03812,Canon Printer,Office Equipment,Printer,Samsung,75733.37,80785.9
PROD03813,Dell Printer,Office Equipment,Networking,Sony,25239.75,62790.73
PROD03814,Canon Printer,Office Equipment,Printer,HP,108196.23,3754.67
PROD03815,HP Audio,Electronics,Computers,Epson,83615.99,1868.66
PROD03816,Lenovo Computers,Electronics,Audio,Sony,117065.1,18603.08
PROD03817,Canon Audio,Electronics,Mobile,Epson,146099.49,12644.48
PROD03818,Sony Mouse,Accessories,Keyboard,Sony,95969.75,25167.77
PROD03819,Samsung Printer,Office Equipment,Networking,Logitech,72570.45,81736.49
PROD03820,Canon Mobile,Electronics,Audio,Samsung,45118.09,5585.77
PROD03821,Lenovo Printer,Office Equipment,Printer,Asus,66220.65,55140.61
PROD03822,Epson Networking,Office Equipment,Scanner,Asus,44095.81,72234.13
PROD03823,Lenovo Mouse,Accessories,Keyboard,Epson,83595.01,10033.97
PROD03824,Apple Computers,Electronics,Computers,Lenovo,114076.56,22837.56
PROD03825,Sony Scanner,Office Equipment,Scanner,Logitech,86343.06,91664.87
PROD03826,Lenovo Computers,Electronics,Audio,Apple,23336.4,31472.93
PROD03827,Epson Scanner,Office Equipment,Scanner,Apple,83456.82,26500.9
PROD03828,Samsung Scanner,Office Equipment,Scanner,Apple,58971.13,21865.79
PROD03829,HP Mobile,Electronics,Computers,Asus,56060.45,97094.39
PROD03830,Canon Mouse,Accessories,Mouse,Logitech,72867.95,42541.23
PROD03831,Asus Audio,Electronics,Computers,Dell,119652.81,9389.01
PROD03832,Dell Printer,Office Equipment,Printer,Samsung,116983.64,35264.07
PROD03833,Lenovo Storage,Accessories,Keyboard,Samsung,36175.5,28291.08
PROD03834,Lenovo Storage,Accessories,Keyboard,Canon,122875.51,58435.58
PROD03835,Lenovo Computers,Electronics,Mobile,Epson,105946.71,72377.06
PROD03836,Samsung Networking,Office Equipment,Networking,Sony,5918.31,9205.85
PROD03837,Dell Networking,Office Equipment,Printer,Dell,4683.47,54162.33
PROD03838,Lenovo Mouse,Accessories,Storage,Canon,60972.1,55106.59
PROD03839,Dell Networking,Office Equipment,Networking,Asus,137565.03,40282.11
PROD03840,Dell Networking,Office Equipment,Networking,Samsung,51435.73,60259.09
PROD03841,Sony Audio,Electronics,Computers,Sony,70496.97,75595.03
PROD03842,Dell Storage,Accessories,Storage,Canon,126861.48,77612.98
PROD03843,Lenovo Mouse,Accessories,Storage,Logitech,25500.65,66399.95
PROD03844,Dell Storage,Accessories,Mouse,Apple,59501.77,98346.23
PROD03845,Canon Networking,Office Equipment,Networking,Lenovo,29454.99,45614.15
PROD03846,Apple Computers,Electronics,Audio,HP,7387.23,38827.64
PROD03847,Sony Computers,Electronics,Audio,Logitech,126332.71,93039.9
PROD03848,Logitech Keyboard,Accessories,Keyboard,Canon,21160.92,50370.95
PROD03849,HP Audio,Electronics,Computers,Epson,26699.12,40420.2
PROD03850,Samsung Mouse,Accessories,Mouse,Asus,119871.2,47129.58
PROD03851,HP Scanner,Office Equipment,Printer,Asus,76197.41,37376.87
PROD03852,Epson Audio,Electronics,Mobile,Asus,73427.45,13060.03
PROD03853,Samsung Storage,Accessories,Storage,Dell,60301.0,51890.74
PROD03854,Canon Keyboard,Accessories,Keyboard,Dell,146673.09,60102.81
PROD03855,Samsung Storage,Accessories,Mouse,Samsung,142074.99,71207.79
PROD03856,Logitech Mobile,Electronics,Mobile,Logitech,4625.94,17842.86
PROD03857,Samsung Mouse,Accessories,Keyboard,Sony,42925.2,51124.13
PROD03858,Logitech Printer,Office Equipment,Scanner,Logitech,83183.8,19952.76
PROD03859,Dell Mouse,Accessories,Keyboard,Asus,90148.62,17576.35
PROD03860,Epson Computers,Electronics,Computers,HP,113503.36,35607.85
PROD03861,Logitech Mouse,Accessories,Storage,Lenovo,43022.57,28044.09
PROD03862,Logitech Scanner,Office Equipment,Printer,Apple,15615.57,3232.11
PROD03863,Logitech Mobile,Electronics,Audio,Lenovo,2699.26,85472.9
PROD03864,Dell Keyboard,Accessories,Mouse,Canon,136148.56,5748.11
PROD03865,Asus Mobile,Electronics,Audio,Canon,96614.54,21063.83
PROD03866,HP Storage,Accessories,Storage,Lenovo,70949.36,62054.91
PROD03867,Canon Computers,Electronics,Audio,HP,60289.31,25545.34
PROD03868,Samsung Storage,Accessories,Storage,HP,32231.85,91180.95
PROD03869,Sony Mouse,Accessories,Storage,Asus,110691.92,59520.29
PROD03870,HP Mouse,Accessories,Mouse,Dell,111538.74,37150.4
PROD03871,Canon Keyboard,Accessories,Keyboard,Lenovo,116249.36,9933.06
PROD03872,Dell Scanner,Office Equipment,Networking,Canon,15970.73,32768.13
PROD03873,Dell Storage,Accessories,Storage,Asus,28183.27,94240.19
PROD03874,Canon Printer,Office Equipment,Printer,Samsung,130526.28,81650.61
PROD03875,Samsung Keyboard,Accessories,Keyboard,Apple,5828.21,96716.87
PROD03876,Asus Mouse,Accessories,Storage,Dell,148624.06,40910.38
PROD03877,Lenovo Mobile,Electronics,Audio,Lenovo,33265.36,3840.62
PROD03878,Lenovo Computers,Electronics,Computers,Samsung,117727.76,47532.1
PROD03879,Canon Mobile,Electronics,Mobile,Canon,90902.15,12272.62
PROD03880,Asus Scanner,Office Equipment,Scanner,Asus,44010.19,39265.96
PROD03881,Logitech Keyboard,Accessories,Keyboard,HP,72740.68,51544.51
PROD03882,Logitech Networking,Office Equipment,Printer,Canon,2525.13,96110.75
PROD03883,Dell Keyboard,Accessories,Mouse,Logitech,70992.13,85386.84
PROD03884,Asus Keyboard,Accessories,Mouse,Asus,71656.58,93517.94
PROD03885,Apple Storage,Accessories,Mouse,Dell,114162.3,16999.57
PROD03886,Lenovo Mouse,Accessories,Storage,Lenovo,76531.15,3698.01
PROD03887,Sony Printer,Office Equipment,Scanner,HP,148199.02,2669.93
PROD03888,Canon Mouse,Accessories,Keyboard,Sony,95301.56,51521.4
PROD03889,HP Storage,Accessories,Storage,Asus,23978.28,323.55
PROD03890,Dell Mobile,Electronics,Audio,Asus,21723.27,88545.18
PROD03891,Apple Computers,Electronics,Mobile,Logitech,126945.87,64886.63
PROD03892,Samsung Keyboard,Accessories,Keyboard,Lenovo,142995.86,53496.93
PROD03893,Lenovo Computers,Electronics,Computers,Dell,9180.05,89743.62
PROD03894,Lenovo Computers,Electronics,Mobile,Logitech,83057.98,55533.72
PROD03895,Epson Printer,Office Equipment,Scanner,Lenovo,79490.18,75883.09
PROD03896,Samsung Printer,Office Equipment,Scanner,Canon,125683.3,54723.92
PROD03897,Samsung Keyboard,Accessories,Keyboard,Apple,2478.02,51416.99
PROD03898,Dell Networking,Office Equipment,Scanner,Samsung,126682.95,86293.38
PROD03899,Logitech Computers,Electronics,Audio,Logitech,102657.67,28497.07
PROD03900,Dell Computers,Electronics,Computers,Samsung,57027.78,64417.29
PROD03901,Canon Keyboard,Accessories,Storage,Samsung,50727.79,25788.63
PROD03902,Asus Computers,Electronics,Mobile,Epson,6418.8,3350.48
PROD03903,Epson Storage,Accessories,Keyboard,Sony,121407.91,43070.64
PROD03904,Sony Audio,Electronics,Computers,HP,41466.12,69692.03
PROD03905,Apple Audio,Electronics,Mobile,Sony,20340.58,37504.77
PROD03906,Lenovo Mobile,Electronics,Computers,HP,26461.61,19966.75
PROD03907,Apple Storage,Accessories,Storage,Sony,137453.81,15926.62
PROD03908,Epson Mouse,Accessories,Keyboard,Lenovo,27088.94,21976.46
PROD03909,Lenovo Mouse,Accessories,Mouse,Asus,137192.92,89147.87
PROD03910,Asus Printer,Office Equipment,Networking,Canon,43551.28,24717.33
PROD03911,Samsung Audio,Electronics,Mobile,Sony,43583.57,79201.0
PROD03912,Asus Scanner,Office Equipment,Scanner,Logitech,47742.63,82055.52
PROD03913,Epson Storage,Accessories,Keyboard,Sony,65591.51,47040.29
PROD03914,Dell Scanner,Office Equipment,Printer,Dell,98970.2,73498.13
PROD03915,Canon Keyboard,Accessories,Storage,Canon,148366.48,3709.84
PROD03916,HP Audio,Electronics,Mobile,Canon,22531.66,51394.73
PROD03917,Sony Printer,Office Equipment,Networking,Canon,19546.54,69393.4
PROD03918,Samsung Scanner,Office Equipment,Networking,HP,90482.58,97274.55
PROD03919,Dell Networking,Office Equipment,Networking,Epson,137325.36,44760.3
PROD03920,Sony Mobile,Electronics,Audio,Lenovo,141232.64,34332.48
PROD03921,Sony Mobile,Electronics,Audio,Sony,109993.6,74423.06
PROD03922,Sony Storage,Accessories,Mouse,Apple,118768.68,50745.49
PROD03923,Samsung Printer,Office Equipment,Scanner,Lenovo,45467.45,39619.61
PROD03924,Sony Keyboard,Accessories,Keyboard,Asus,105528.65,88356.68
PROD03925,Lenovo Audio,Electronics,Audio,Lenovo,59857.28,64270.53
PROD03926,Samsung Printer,Office Equipment,Printer,Epson,124440.06,67841.81
PROD03927,Logitech Printer,Office Equipment,Networking,Apple,5065.9,65129.91
PROD03928,Asus Printer,Office Equipment,Networking,Canon,37656.52,17270.73
PROD03929,Logitech Networking,Office Equipment,Printer,Canon,4259.08,42969.25
PROD03930,Sony Audio,Electronics,Computers,Samsung,103834.75,51577.57
PROD03931,Logitech Printer,Office Equipment,Networking,Apple,148984.24,8800.78
PROD03932,Lenovo Printer,Office Equipment,Printer,Epson,33411.23,98899.09
PROD03933,Epson Computers,Electronics,Audio,Epson,69509.7,98581.85
PROD03934,Asus Scanner,Office Equipment,Scanner,Epson,86895.86,96496.34
PROD03935,Sony Scanner,Office Equipment,Scanner,Dell,59523.59,67588.81
PROD03936,Asus Printer,Office Equipment,Scanner,Canon,56206.6,87983.55
PROD03937,Dell Storage,Accessories,Storage,Canon,83311.02,78321.13
PROD03938,Sony Keyboard,Accessories,Keyboard,Epson,42014.28,55750.13
PROD03939,Lenovo Mobile,Electronics,Audio,Asus,33761.23,42479.42
PROD03940,Sony Mobile,Electronics,Computers,HP,62467.88,61877.42
PROD03941,Sony Mouse,Accessories,Keyboard,Sony,4751.97,41990.57
PROD03942,Samsung Scanner,Office Equipment,Printer,Lenovo,109428.51,48197.98
PROD03943,Dell Mouse,Accessories,Mouse,Apple,136639.04,61893.7
PROD03944,Epson Storage,Accessories,Keyboard,Asus,5323.0,1495.78
PROD03945,Logitech Storage,Accessories,Mouse,Apple,114476.06,55208.0
PROD03946,Canon Networking,Office Equipment,Scanner,Lenovo,47495.47,63508.93
PROD03947,HP Networking,Office Equipment,Scanner,Apple,1257.99,529.17
PROD03948,Apple Keyboard,Accessories,Keyboard,Logitech,27106.69,5765.5
PROD03949,Logitech Scanner,Office Equipment,Printer,Epson,122301.02,79949.0
PROD03950,Canon Mobile,Electronics,Audio,Logitech,121227.0,78735.55
PROD03951,Lenovo Scanner,Office Equipment,Networking,Logitech,19356.74,42390.2
PROD03952,Dell Storage,Accessories,Storage,Canon,108711.11,45847.93
PROD03953,Asus Mobile,Electronics,Audio,Logitech,113568.66,33350.12
PROD03954,Apple Printer,Office Equipment,Networking,Sony,141738.03,60869.09
PROD03955,Samsung Scanner,Office Equipment,Networking,Logitech,120124.17,38666.58
PROD03956,Apple Printer,Office Equipment,Networking,Canon,56542.52,4357.71
PROD03957,Asus Scanner,Office Equipment,Scanner,HP,34513.05,19190.47
PROD03958,Apple Networking,Office Equipment,Networking,Logitech,66778.87,37113.86
PROD03959,Asus Computers,Electronics,Computers,HP,47413.86,8920.27
PROD03960,Canon Scanner,Office Equipment,Printer,Asus,134186.91,20465.31
PROD03961,Dell Audio,Electronics,Mobile,Sony,128086.5,28457.76
PROD03962,Epson Mobile,Electronics,Mobile,Asus,114791.45,56664.73
PROD03963,Apple Computers,Electronics,Computers,Epson,31917.97,9962.52
PROD03964,HP Networking,Office Equipment,Networking,Epson,20348.67,57874.71
PROD03965,Samsung Storage,Accessories,Keyboard,Samsung,99036.56,99378.09
PROD03966,Logitech Computers,Electronics,Mobile,Dell,134440.8,86184.41
PROD03967,Asus Keyboard,Accessories,Keyboard,Canon,84440.24,28739.32
PROD03968,Samsung Scanner,Office Equipment,Scanner,Canon,132216.25,31734.87
PROD03969,Apple Printer,Office Equipment,Printer,Lenovo,13533.25,23236.4
PROD03970,Dell Mouse,Accessories,Keyboard,Samsung,21188.76,69718.66
PROD03971,Samsung Mouse,Accessories,Mouse,Lenovo,99511.95,15679.25
PROD03972,Apple Printer,Office Equipment,Networking,Dell,87883.76,91274.64
PROD03973,HP Networking,Office Equipment,Printer,Epson,54017.98,23517.7
PROD03974,Samsung Audio,Electronics,Computers,Canon,99539.65,95131.03
PROD03975,Sony Scanner,Office Equipment,Scanner,Sony,71712.65,37127.7
PROD03976,Apple Storage,Accessories,Mouse,HP,4609.43,54421.55
PROD03977,Lenovo Printer,Office Equipment,Networking,HP,120151.72,95307.91
PROD03978,Lenovo Mouse,Accessories,Mouse,Dell,36850.89,2203.65
PROD03979,Asus Mobile,Electronics,Audio,Dell,77491.06,76188.6
PROD03980,Asus Computers,Electronics,Mobile,HP,79205.57,7147.93
PROD03981,Samsung Scanner,Office Equipment,Networking,Lenovo,83837.89,1119.04
PROD03982,HP Audio,Electronics,Mobile,HP,30304.72,74859.77
PROD03983,Canon Computers,Electronics,Mobile,Apple,27176.54,20541.21
PROD03984,Logitech Networking,Office Equipment,Networking,Samsung,72381.3,50563.78
PROD03985,Canon Scanner,Office Equipment,Printer,Canon,84143.33,48991.43
PROD03986,HP Storage,Accessories,Storage,Logitech,87663.72,80007.34
PROD03987,Dell Networking,Office Equipment,Networking,Samsung,122091.06,50573.29
PROD03988,Sony Scanner,Office Equipment,Printer,Logitech,993.22,26497.13
PROD03989,Canon Audio,Electronics,Computers,Epson,26199.86,67600.8
PROD03990,Asus Mouse,Accessories,Keyboard,Canon,126353.65,99203.46
PROD03991,Sony Mobile,Electronics,Computers,Logitech,39056.28,25408.26
PROD03992,Dell Computers,Electronics,Computers,Logitech,145440.6,97136.0
PROD03993,Sony Mouse,Accessories,Mouse,Epson,50922.38,25419.12
PROD03994,HP Scanner,Office Equipment,Networking,Lenovo,71279.67,13566.39
PROD03995,Epson Scanner,Office Equipment,Printer,Samsung,85522.04,63274.46
PROD03996,Epson Printer,Office Equipment,Scanner,Dell,44899.3,49437.73
PROD03997,Lenovo Keyboard,Accessories,Storage,Sony,128526.43,79025.16
PROD03998,Apple Storage,Accessories,Keyboard,Canon,84311.84,67465.69
PROD03999,Sony Mouse,Accessories,Keyboard,HP,35280.8,4699.86
PROD04000,Canon Storage,Accessories,Storage,Sony,114346.57,7631.41
PROD04001,HP Printer,Office Equipment,Networking,Logitech,109461.9,94414.41
PROD04002,HP Audio,Electronics,Audio,Samsung,144519.81,37346.82
PROD04003,Epson Keyboard,Accessories,Mouse,Logitech,7223.75,39122.73
PROD04004,Canon Networking,Office Equipment,Printer,Sony,38548.86,44483.46
PROD04005,Dell Storage,Accessories,Storage,Samsung,79911.3,84022.02
PROD04006,Asus Keyboard,Accessories,Keyboard,Sony,5947.08,24534.86
PROD04007,HP Keyboard,Accessories,Storage,Sony,58924.0,25917.55
PROD04008,Dell Printer,Office Equipment,Printer,Logitech,101270.0,12315.06
PROD04009,Dell Audio,Electronics,Audio,Samsung,10267.62,45818.95
PROD04010,Samsung Mouse,Accessories,Storage,Dell,103612.77,63499.94
PROD04011,Apple Storage,Accessories,Storage,HP,139188.77,25504.14
PROD04012,Dell Computers,Electronics,Audio,Asus,77013.5,50414.7
PROD04013,Apple Storage,Accessories,Keyboard,Sony,143104.77,31354.56
PROD04014,Asus Keyboard,Accessories,Keyboard,Apple,88635.4,15055.72
PROD04015,Epson Mouse,Accessories,Keyboard,Samsung,67801.41,85367.51
PROD04016,Sony Printer,Office Equipment,Networking,Lenovo,38546.05,43250.88
PROD04017,Sony Mobile,Electronics,Mobile,Asus,7743.71,22869.2
PROD04018,Samsung Scanner,Office Equipment,Scanner,Sony,109919.51,73818.63
PROD04019,HP Scanner,Office Equipment,Printer,Epson,28902.78,57506.33
PROD04020,Lenovo Mouse,Accessories,Mouse,Logitech,41859.57,14580.5
PROD04021,Asus Mouse,Accessories,Keyboard,Canon,146828.92,83170.13
PROD04022,Logitech Mouse,Accessories,Keyboard,Logitech,66657.52,43385.25
PROD04023,Sony Printer,Office Equipment,Networking,Epson,122092.15,86783.48
PROD04024,Apple Scanner,Office Equipment,Scanner,HP,31546.94,11509.16
PROD04025,Canon Scanner,Office Equipment,Printer,Samsung,128321.29,46512.6
PROD04026,Dell Mouse,Accessories,Mouse,Epson,148129.37,81698.13
PROD04027,Samsung Networking,Office Equipment,Networking,Samsung,52916.07,91911.94
PROD04028,Epson Mobile,Electronics,Mobile,Canon,80731.53,57677.71
PROD04029,Asus Printer,Office Equipment,Scanner,Sony,75166.74,81779.03
PROD04030,HP Networking,Office Equipment,Networking,Epson,63496.44,50526.92
PROD04031,Canon Networking,Office Equipment,Networking,Sony,75315.9,32904.09
PROD04032,Dell Scanner,Office Equipment,Printer,Sony,1093.95,16870.57
PROD04033,Dell Keyboard,Accessories,Mouse,Dell,83279.78,17614.0
PROD04034,Sony Mouse,Accessories,Keyboard,Sony,114050.42,77218.22
PROD04035,Logitech Mouse,Accessories,Keyboard,Canon,35706.93,40150.8
PROD04036,Asus Mobile,Electronics,Audio,Sony,68447.4,65606.26
PROD04037,Asus Scanner,Office Equipment,Printer,Canon,131905.7,25085.97
PROD04038,Logitech Keyboard,Accessories,Keyboard,Samsung,108443.55,71565.48
PROD04039,Samsung Mouse,Accessories,Mouse,Canon,106045.13,60243.28
PROD04040,Logitech Networking,Office Equipment,Printer,Canon,82554.51,74585.99
PROD04041,Logitech Computers,Electronics,Computers,Asus,43721.43,83372.01
PROD04042,Sony Computers,Electronics,Mobile,Asus,111341.07,29301.78
PROD04043,HP Computers,Electronics,Mobile,Epson,124653.99,17898.4
PROD04044,Samsung Mobile,Electronics,Audio,Dell,38358.06,82070.51
PROD04045,Asus Keyboard,Accessories,Mouse,Apple,3504.6,815.85
PROD04046,Epson Mouse,Accessories,Mouse,HP,43932.02,32152.09
PROD04047,Samsung Mouse,Accessories,Keyboard,Apple,149265.29,83328.63
PROD04048,HP Mouse,Accessories,Keyboard,Epson,47873.46,17532.12
PROD04049,Samsung Audio,Electronics,Computers,Samsung,138705.68,16465.12
PROD04050,Apple Mobile,Electronics,Audio,Epson,81611.85,4060.15
PROD04051,Sony Mouse,Accessories,Keyboard,Canon,138869.45,56006.34
PROD04052,HP Audio,Electronics,Audio,Samsung,15712.48,38986.39
PROD04053,Dell Keyboard,Accessories,Mouse,Samsung,149674.09,31552.52
PROD04054,Dell Scanner,Office Equipment,Printer,Canon,60187.8,31942.03
PROD04055,Logitech Mobile,Electronics,Mobile,Epson,130328.38,89518.54
PROD04056,Epson Keyboard,Accessories,Storage,HP,65412.39,14178.83
PROD04057,Apple Computers,Electronics,Mobile,Sony,104707.29,61375.42
PROD04058,Dell Mobile,Electronics,Audio,Canon,24535.32,38205.84
PROD04059,Lenovo Storage,Accessories,Storage,Samsung,6070.08,70515.96
PROD04060,Epson Computers,Electronics,Computers,Canon,129161.33,88507.31
PROD04061,Canon Audio,Electronics,Mobile,Samsung,117391.98,82448.07
PROD04062,Lenovo Mobile,Electronics,Audio,Apple,87186.11,70421.23
PROD04063,Sony Computers,Electronics,Audio,Asus,62815.88,43942.16
PROD04064,Logitech Networking,Office Equipment,Scanner,Sony,131776.6,60316.9
PROD04065,Logitech Storage,Accessories,Mouse,Sony,113795.34,13658.3
PROD04066,Samsung Computers,Electronics,Audio,Canon,22798.86,57105.59
PROD04067,Logitech Printer,Office Equipment,Scanner,Asus,30788.59,69173.44
PROD04068,Lenovo Computers,Electronics,Mobile,Samsung,146199.56,42637.79
PROD04069,Canon Storage,Accessories,Storage,Sony,2535.62,89183.1
PROD04070,Canon Audio,Electronics,Mobile,Samsung,139508.13,27325.78
PROD04071,Lenovo Audio,Electronics,Audio,Apple,79155.82,9301.86
PROD04072,Epson Keyboard,Accessories,Mouse,Canon,59276.39,43420.37
PROD04073,Apple Computers,Electronics,Mobile,Dell,58147.88,40807.45
PROD04074,Canon Printer,Office Equipment,Networking,Apple,62179.42,4641.53
PROD04075,Lenovo Keyboard,Accessories,Keyboard,Epson,29142.67,21233.15
PROD04076,Logitech Audio,Electronics,Computers,Sony,36594.21,9437.76
PROD04077,Asus Mobile,Electronics,Mobile,Samsung,1633.26,6694.88
PROD04078,Asus Storage,Accessories,Storage,Dell,52996.4,88435.68
PROD04079,Canon Mobile,Electronics,Audio,Asus,35344.76,83756.31
PROD04080,Canon Keyboard,Accessories,Storage,Asus,130625.66,22911.02
PROD04081,Sony Storage,Accessories,Storage,Sony,105097.21,84637.92
PROD04082,Lenovo Mobile,Electronics,Audio,Apple,102498.19,88023.73
PROD04083,Asus Printer,Office Equipment,Scanner,HP,77262.36,6271.54
PROD04084,Epson Computers,Electronics,Mobile,HP,148184.15,94818.24
PROD04085,Epson Mouse,Accessories,Keyboard,Sony,144620.71,29185.32
PROD04086,Samsung Mouse,Accessories,Keyboard,Sony,100785.53,63520.13
PROD04087,Canon Computers,Electronics,Mobile,Apple,31794.72,96689.53
PROD04088,HP Mobile,Electronics,Mobile,Lenovo,123774.94,60227.24
PROD04089,Apple Printer,Office Equipment,Networking,Epson,50928.82,50334.48
PROD04090,HP Audio,Electronics,Computers,Asus,135634.51,43926.57
PROD04091,Asus Mobile,Electronics,Mobile,Logitech,110085.0,46594.35
PROD04092,Dell Computers,Electronics,Audio,Canon,47257.08,66219.22
PROD04093,Dell Printer,Office Equipment,Networking,Canon,16400.84,32707.65
PROD04094,Dell Keyboard,Accessories,Storage,Canon,46047.65,18295.37
PROD04095,Canon Printer,Office Equipment,Scanner,Logitech,108477.06,92861.9
PROD04096,Samsung Audio,Electronics,Audio,Asus,142600.12,7423.76
PROD04097,Apple Audio,Electronics,Mobile,Epson,21384.0,93965.3
PROD04098,Apple Computers,Electronics,Mobile,Sony,15835.96,61576.09
PROD04099,Epson Networking,Office Equipment,Networking,Logitech,109040.98,25126.77
PROD04100,Canon Printer,Office Equipment,Printer,Asus,32646.89,51194.56
PROD04101,HP Scanner,Office Equipment,Networking,HP,135548.25,7549.2
PROD04102,Dell Printer,Office Equipment,Networking,Samsung,12800.25,47580.94
PROD04103,Epson Keyboard,Accessories,Mouse,Samsung,68197.77,96962.96
PROD04104,Samsung Computers,Electronics,Computers,Asus,95444.46,21848.0
PROD04105,Lenovo Keyboard,Accessories,Keyboard,Canon,121915.59,70233.87
PROD04106,Samsung Storage,Accessories,Keyboard,Sony,49825.88,64846.29
PROD04107,Dell Scanner,Office Equipment,Printer,Samsung,94991.68,43378.82
PROD04108,HP Mouse,Accessories,Storage,Asus,118302.46,72995.87
PROD04109,Epson Storage,Accessories,Keyboard,Logitech,4996.12,7695.52
PROD04110,Logitech Networking,Office Equipment,Printer,Asus,135437.42,28293.78
PROD04111,Dell Keyboard,Accessories,Keyboard,Asus,111041.64,63259.6
PROD04112,Lenovo Storage,Accessories,Keyboard,HP,103423.9,43133.85
PROD04113,Logitech Networking,Office Equipment,Scanner,Logitech,45481.31,36883.2
PROD04114,Sony Keyboard,Accessories,Storage,Samsung,9570.81,24790.65
PROD04115,Epson Printer,Office Equipment,Scanner,Canon,123549.68,7436.04
PROD04116,Apple Printer,Office Equipment,Scanner,Sony,84850.42,50255.23
PROD04117,Asus Mouse,Accessories,Storage,HP,70599.98,65518.01
PROD04118,Sony Mobile,Electronics,Mobile,Sony,97676.73,68857.47
PROD04119,HP Mouse,Accessories,Mouse,Asus,56555.16,11186.94
PROD04120,Dell Networking,Office Equipment,Networking,Epson,11799.4,55236.75
PROD04121,Dell Keyboard,Accessories,Storage,Apple,27770.81,37467.06
PROD04122,Apple Networking,Office Equipment,Printer,Sony,98600.82,4227.2
PROD04123,Epson Mobile,Electronics,Audio,Logitech,124972.73,15817.33
PROD04124,Logitech Scanner,Office Equipment,Printer,Sony,129621.54,18528.78
PROD04125,Dell Mobile,Electronics,Mobile,HP,82670.36,83296.33
PROD04126,Logitech Keyboard,Accessories,Storage,Sony,42438.04,61370.26
PROD04127,Apple Computers,Electronics,Mobile,Logitech,87663.37,74575.42
PROD04128,Asus Storage,Accessories,Mouse,Dell,81647.55,13469.82
PROD04129,Samsung Mouse,Accessories,Mouse,Samsung,94597.26,52208.74
PROD04130,Logitech Storage,Accessories,Keyboard,Logitech,81245.71,76774.86
PROD04131,Epson Storage,Accessories,Mouse,Lenovo,132424.97,53727.24
PROD04132,Lenovo Printer,Office Equipment,Printer,Apple,44132.88,34596.06
PROD04133,Lenovo Storage,Accessories,Mouse,HP,35473.35,60160.1
PROD04134,HP Printer,Office Equipment,Scanner,Dell,65590.56,24121.7
PROD04135,Canon Storage,Accessories,Keyboard,Asus,45949.57,68901.06
PROD04136,Lenovo Storage,Accessories,Mouse,Lenovo,52034.9,96420.37
PROD04137,Sony Mouse,Accessories,Mouse,Canon,7265.31,43846.42
PROD04138,Dell Keyboard,Accessories,Keyboard,HP,118691.46,23950.77
PROD04139,Asus Keyboard,Accessories,Keyboard,Canon,61144.54,99121.62
PROD04140,HP Mobile,Electronics,Audio,Sony,98766.17,17715.38
PROD04141,Apple Computers,Electronics,Audio,Samsung,88299.1,17505.49
PROD04142,Epson Mobile,Electronics,Audio,Lenovo,98700.75,39577.13
PROD04143,Dell Storage,Accessories,Mouse,Dell,95111.05,35311.64
PROD04144,Sony Computers,Electronics,Audio,Asus,47465.64,62161.19
PROD04145,Epson Computers,Electronics,Computers,Logitech,6256.5,43960.77
PROD04146,Sony Scanner,Office Equipment,Printer,Dell,35772.26,5943.85
PROD04147,Apple Computers,Electronics,Mobile,HP,145384.86,7012.66
PROD04148,HP Computers,Electronics,Computers,Lenovo,13492.93,34105.56
PROD04149,Canon Storage,Accessories,Keyboard,Apple,68487.12,72310.28
PROD04150,Dell Keyboard,Accessories,Mouse,Asus,29043.14,37154.21
PROD04151,Apple Audio,Electronics,Computers,Epson,132842.43,69197.89
PROD04152,Sony Keyboard,Accessories,Storage,Samsung,23169.92,18798.62
PROD04153,Asus Printer,Office Equipment,Scanner,Lenovo,4889.36,32801.14
PROD04154,Epson Mouse,Accessories,Mouse,Samsung,69799.72,67398.38
PROD04155,Lenovo Mobile,Electronics,Audio,Dell,109738.89,48011.36
PROD04156,Samsung Storage,Accessories,Keyboard,HP,9913.94,10692.34
PROD04157,Canon Keyboard,Accessories,Keyboard,HP,42994.61,28177.64
PROD04158,Sony Networking,Office Equipment,Networking,Epson,101657.03,51277.71
PROD04159,Sony Computers,Electronics,Audio,Asus,111300.52,69459.1
PROD04160,Samsung Scanner,Office Equipment,Scanner,HP,19416.41,82086.29
PROD04161,Canon Mouse,Accessories,Storage,Sony,122838.46,18699.91
PROD04162,Dell Scanner,Office Equipment,Networking,Dell,20058.75,60990.62
PROD04163,Apple Keyboard,Accessories,Mouse,Asus,11616.46,72328.34
PROD04164,Canon Mouse,Accessories,Mouse,Logitech,148539.79,23426.52
PROD04165,Samsung Computers,Electronics,Computers,Dell,18946.27,79762.45
PROD04166,HP Mouse,Accessories,Storage,Samsung,67413.13,12579.7
PROD04167,Lenovo Storage,Accessories,Storage,Samsung,39666.75,54141.66
PROD04168,Logitech Audio,Electronics,Computers,Samsung,79033.2,90359.23
PROD04169,Lenovo Mouse,Accessories,Storage,Logitech,145620.12,44334.34
PROD04170,Samsung Mouse,Accessories,Mouse,Epson,64370.28,45438.49
PROD04171,Dell Mouse,Accessories,Storage,Logitech,51816.15,55299.91
PROD04172,Lenovo Storage,Accessories,Keyboard,Sony,71259.97,83678.95
PROD04173,Sony Mouse,Accessories,Keyboard,Lenovo,9179.43,13839.34
PROD04174,Sony Printer,Office Equipment,Printer,Dell,142807.41,3793.39
PROD04175,Samsung Mouse,Accessories,Storage,Epson,76598.77,38756.67
PROD04176,HP Mobile,Electronics,Computers,Logitech,129912.01,1248.14
PROD04177,HP Keyboard,Accessories,Keyboard,Sony,131508.97,54884.82
PROD04178,Epson Keyboard,Accessories,Storage,Samsung,127211.13,83823.0
PROD04179,Samsung Keyboard,Accessories,Storage,Samsung,139669.84,60408.36
PROD04180,Epson Networking,Office Equipment,Scanner,Apple,119712.39,22717.15
PROD04181,Canon Computers,Electronics,Mobile,Lenovo,82491.53,97143.19
PROD04182,Dell Storage,Accessories,Storage,Asus,101355.83,73161.82
PROD04183,Logitech Storage,Accessories,Keyboard,Logitech,39622.9,50641.03
PROD04184,Logitech Storage,Accessories,Keyboard,Asus,25987.95,32356.69
PROD04185,Canon Scanner,Office Equipment,Scanner,Dell,78921.27,98977.49
PROD04186,Lenovo Keyboard,Accessories,Keyboard,Lenovo,82219.97,43308.17
PROD04187,Canon Scanner,Office Equipment,Networking,Asus,95609.18,98649.91
PROD04188,Sony Scanner,Office Equipment,Printer,Canon,81763.41,36584.68
PROD04189,Asus Mobile,Electronics,Mobile,HP,135393.1,61834.89
PROD04190,Asus Mouse,Accessories,Keyboard,Dell,8621.65,27072.96
PROD04191,Canon Keyboard,Accessories,Mouse,Samsung,15421.21,34659.75
PROD04192,HP Mouse,Accessories,Storage,Logitech,99507.0,79564.12
PROD04193,Apple Storage,Accessories,Keyboard,Dell,80929.86,13778.3
PROD04194,Dell Printer,Office Equipment,Networking,Samsung,24229.74,42378.4
PROD04195,Asus Mouse,Accessories,Storage,Asus,117831.1,77959.7
PROD04196,Epson Keyboard,Accessories,Keyboard,Apple,57722.69,99537.55
PROD04197,Logitech Computers,Electronics,Audio,Dell,63948.4,24684.18
PROD04198,Apple Mobile,Electronics,Computers,Lenovo,60306.38,62176.77
PROD04199,Lenovo Printer,Office Equipment,Scanner,Samsung,76522.48,47738.21
PROD04200,Epson Networking,Office Equipment,Scanner,Samsung,10547.39,42265.73
PROD04201,Sony Audio,Electronics,Computers,Apple,141179.11,4280.1
PROD04202,Asus Scanner,Office Equipment,Networking,Logitech,43682.27,39115.94
PROD04203,Dell Mouse,Accessories,Mouse,Epson,137208.71,70015.68
PROD04204,Canon Audio,Electronics,Mobile,Samsung,56597.85,14972.7
PROD04205,Apple Computers,Electronics,Mobile,Asus,107477.46,24508.11
PROD04206,Logitech Keyboard,Accessories,Storage,Logitech,81126.13,15340.88
PROD04207,Asus Networking,Office Equipment,Printer,HP,125738.26,75678.32
PROD04208,Dell Mouse,Accessories,Keyboard,Sony,69846.78,59218.28
PROD04209,Asus Mouse,Accessories,Mouse,Epson,27108.52,88395.63
PROD04210,Asus Computers,Electronics,Mobile,Apple,43088.02,32891.5
PROD04211,Lenovo Mouse,Accessories,Storage,Sony,45024.32,33580.47
PROD04212,Samsung Scanner,Office Equipment,Networking,Epson,84226.07,38984.67
PROD04213,Apple Mobile,Electronics,Audio,Apple,21908.81,19999.82
PROD04214,HP Audio,Electronics,Audio,Sony,99632.98,53891.94
PROD04215,Apple Printer,Office Equipment,Networking,Canon,127454.97,56729.4
PROD04216,Samsung Mobile,Electronics,Computers,Samsung,45860.69,49761.54
PROD04217,Samsung Networking,Office Equipment,Printer,HP,49009.69,89932.08
PROD04218,Dell Printer,Office Equipment,Networking,Canon,76315.45,96997.86
PROD04219,Lenovo Networking,Office Equipment,Printer,Dell,139672.55,52435.09
PROD04220,Samsung Networking,Office Equipment,Printer,Dell,74214.71,29753.23
PROD04221,Samsung Computers,Electronics,Computers,Samsung,2822.01,92681.72
PROD04222,Dell Mobile,Electronics,Audio,Epson,99283.28,30969.93
PROD04223,Samsung Mouse,Accessories,Storage,Epson,144425.45,88246.97
PROD04224,Lenovo Mouse,Accessories,Mouse,Sony,126583.22,1726.41
PROD04225,Epson Storage,Accessories,Mouse,HP,100954.33,764.27
PROD04226,HP Keyboard,Accessories,Storage,Asus,86830.94,61048.84
PROD04227,Lenovo Audio,Electronics,Computers,Sony,114092.55,69839.3
PROD04228,Asus Mouse,Accessories,Keyboard,Asus,140881.31,4923.04
PROD04229,Epson Storage,Accessories,Keyboard,Lenovo,14715.99,93825.75
PROD04230,Epson Networking,Office Equipment,Networking,Apple,35612.98,85325.16
PROD04231,Dell Audio,Electronics,Audio,Canon,119016.26,55950.59
PROD04232,Canon Storage,Accessories,Storage,Samsung,143021.92,81391.43
PROD04233,Apple Mouse,Accessories,Storage,Sony,98373.76,32879.8
PROD04234,Asus Mobile,Electronics,Computers,Lenovo,26798.91,24676.37
PROD04235,HP Printer,Office Equipment,Scanner,Lenovo,82493.0,64906.14
PROD04236,Dell Mobile,Electronics,Computers,Epson,105295.87,96132.85
PROD04237,HP Mobile,Electronics,Mobile,Lenovo,28901.47,4735.18
PROD04238,Sony Mobile,Electronics,Computers,Epson,138939.4,88143.62
PROD04239,Epson Networking,Office Equipment,Scanner,Asus,44241.51,56592.3
PROD04240,Lenovo Audio,Electronics,Computers,Samsung,97146.27,89744.03
PROD04241,Samsung Mouse,Accessories,Storage,Canon,4810.23,25624.26
PROD04242,Lenovo Audio,Electronics,Computers,Canon,128047.61,47560.33
PROD04243,Sony Audio,Electronics,Mobile,Apple,128262.63,36198.19
PROD04244,Apple Audio,Electronics,Audio,Apple,123293.01,42508.26
PROD04245,Logitech Mobile,Electronics,Mobile,Logitech,2035.62,56796.22
PROD04246,Asus Mobile,Electronics,Audio,Dell,10943.5,17373.55
PROD04247,Apple Printer,Office Equipment,Printer,Apple,104492.25,35763.93
PROD04248,Canon Networking,Office Equipment,Networking,Lenovo,141279.48,57789.24
PROD04249,Dell Keyboard,Accessories,Keyboard,Sony,35959.3,78005.15
PROD04250,Lenovo Networking,Office Equipment,Networking,Apple,149199.14,98729.23
PROD04251,Apple Computers,Electronics,Mobile,Canon,122958.57,28545.78
PROD04252,Epson Keyboard,Accessories,Keyboard,Lenovo,102535.66,42940.53
PROD04253,Logitech Mobile,Electronics,Audio,HP,116964.44,73473.92
PROD04254,HP Keyboard,Accessories,Storage,Canon,24579.07,82572.74
PROD04255,Apple Mobile,Electronics,Audio,HP,43985.5,90223.13
PROD04256,Sony Scanner,Office Equipment,Printer,Sony,115299.51,64475.17
PROD04257,Logitech Storage,Accessories,Storage,Asus,102478.4,68448.79
PROD04258,Canon Audio,Electronics,Audio,HP,15335.92,45171.62
PROD04259,Asus Storage,Accessories,Storage,Sony,18804.59,19059.99
PROD04260,Lenovo Networking,Office Equipment,Printer,Sony,52584.51,78113.17
PROD04261,Sony Computers,Electronics,Audio,Samsung,131627.13,12722.6
PROD04262,Sony Audio,Electronics,Audio,Dell,40711.78,76313.91
PROD04263,HP Printer,Office Equipment,Printer,Samsung,21549.05,63482.0
PROD04264,Lenovo Storage,Accessories,Keyboard,Epson,131069.86,9596.59
PROD04265,Canon Keyboard,Accessories,Keyboard,Epson,116137.25,25499.32
PROD04266,Sony Mobile,Electronics,Computers,Logitech,61395.09,1551.7
PROD04267,HP Storage,Accessories,Mouse,Samsung,108908.05,11620.25
PROD04268,Epson Mobile,Electronics,Mobile,Canon,12171.52,13292.58
PROD04269,Canon Keyboard,Accessories,Keyboard,Lenovo,64079.44,88281.84
PROD04270,Samsung Printer,Office Equipment,Scanner,Samsung,146826.05,61545.51
PROD04271,HP Scanner,Office Equipment,Scanner,Samsung,24826.88,69063.69
PROD04272,Dell Scanner,Office Equipment,Scanner,Samsung,121977.92,12437.53
PROD04273,Asus Mobile,Electronics,Mobile,Asus,72274.71,21587.59
PROD04274,Dell Networking,Office Equipment,Printer,HP,98349.35,69922.44
PROD04275,Samsung Keyboard,Accessories,Mouse,Lenovo,100858.07,19589.47
PROD04276,Apple Scanner,Office Equipment,Networking,Apple,127128.62,33384.38
PROD04277,Logitech Networking,Office Equipment,Printer,Apple,82146.16,26693.12
PROD04278,Asus Networking,Office Equipment,Printer,Apple,46411.47,15608.65
PROD04279,Canon Storage,Accessories,Keyboard,HP,8697.08,9766.19
PROD04280,Dell Mobile,Electronics,Audio,Sony,73844.45,90936.78
PROD04281,Canon Scanner,Office Equipment,Networking,Asus,120421.93,68979.96
PROD04282,Canon Scanner,Office Equipment,Scanner,Epson,31088.09,13281.45
PROD04283,Sony Scanner,Office Equipment,Scanner,Lenovo,140018.77,22432.77
PROD04284,Apple Printer,Office Equipment,Networking,Epson,82787.65,5173.98
PROD04285,HP Audio,Electronics,Audio,Asus,74163.23,63569.46
PROD04286,Epson Computers,Electronics,Mobile,Canon,84505.42,26971.62
PROD04287,Epson Keyboard,Accessories,Storage,HP,89456.27,78905.65
PROD04288,Logitech Storage,Accessories,Storage,Samsung,120182.89,99172.73
PROD04289,Samsung Printer,Office Equipment,Scanner,Lenovo,94311.24,2491.99
PROD04290,Sony Keyboard,Accessories,Keyboard,Lenovo,131627.58,73169.74
PROD04291,Apple Storage,Accessories,Mouse,Sony,88930.32,14190.4
PROD04292,Canon Audio,Electronics,Mobile,Canon,88761.82,69276.11
PROD04293,Samsung Audio,Electronics,Computers,Sony,117654.9,9934.29
PROD04294,Canon Audio,Electronics,Audio,Lenovo,102946.74,67737.57
PROD04295,Logitech Mouse,Accessories,Mouse,Dell,53759.24,35976.18
PROD04296,Logitech Mouse,Accessories,Storage,Samsung,130589.85,39594.11
PROD04297,Asus Computers,Electronics,Computers,Lenovo,34099.45,78120.26
PROD04298,Asus Printer,Office Equipment,Networking,Canon,19264.27,54366.72
PROD04299,Asus Computers,Electronics,Mobile,Sony,125768.19,92522.31
PROD04300,Canon Mouse,Accessories,Keyboard,Sony,52116.41,20184.74
PROD04301,Apple Scanner,Office Equipment,Printer,Canon,82287.15,29414.3
PROD04302,Lenovo Computers,Electronics,Mobile,Canon,45710.07,79683.36
PROD04303,Logitech Keyboard,Accessories,Keyboard,Epson,29089.02,27120.83
PROD04304,Apple Scanner,Office Equipment,Scanner,Epson,7381.5,72049.73
PROD04305,Samsung Scanner,Office Equipment,Scanner,Epson,31502.33,96530.14
PROD04306,Samsung Scanner,Office Equipment,Scanner,Asus,88368.59,64380.0
PROD04307,Canon Mouse,Accessories,Keyboard,Epson,44548.86,22687.96
PROD04308,Logitech Audio,Electronics,Audio,Epson,56802.05,66319.03
PROD04309,Logitech Audio,Electronics,Computers,Logitech,48668.68,84008.45
PROD04310,Asus Computers,Electronics,Mobile,Samsung,37862.58,24529.46
PROD04311,Dell Computers,Electronics,Mobile,Samsung,3916.67,34012.77
PROD04312,Dell Audio,Electronics,Computers,Sony,110434.19,66591.93
PROD04313,Lenovo Keyboard,Accessories,Keyboard,Apple,20442.99,45764.74
PROD04314,Canon Printer,Office Equipment,Printer,Samsung,49513.68,3176.45
PROD04315,Lenovo Networking,Office Equipment,Networking,Lenovo,50612.62,96711.79
PROD04316,Logitech Storage,Accessories,Storage,Asus,7593.93,28746.74
PROD04317,Epson Audio,Electronics,Mobile,Epson,53409.12,39784.84
PROD04318,HP Printer,Office Equipment,Networking,Lenovo,127577.2,69913.07
PROD04319,Asus Mouse,Accessories,Storage,Samsung,45521.54,69324.22
PROD04320,Apple Mouse,Accessories,Mouse,Canon,40176.18,58465.68
PROD04321,Epson Networking,Office Equipment,Printer,Logitech,4792.24,70033.4
PROD04322,Dell Computers,Electronics,Audio,Sony,142818.25,21471.19
PROD04323,HP Printer,Office Equipment,Networking,Apple,58467.34,69270.4
PROD04324,Sony Audio,Electronics,Audio,Dell,39295.63,61565.6
PROD04325,Logitech Printer,Office Equipment,Networking,Samsung,38447.95,90472.56
PROD04326,Epson Mouse,Accessories,Mouse,Lenovo,43642.97,94307.01
PROD04327,Lenovo Computers,Electronics,Mobile,Epson,43411.2,72670.91
PROD04328,Logitech Mobile,Electronics,Mobile,Asus,75516.2,52036.63
PROD04329,Epson Computers,Electronics,Audio,Logitech,28508.29,52063.03
PROD04330,Apple Networking,Office Equipment,Scanner,Dell,55782.35,85048.4
PROD04331,Dell Scanner,Office Equipment,Printer,Logitech,105269.95,81792.52
PROD04332,Sony Mobile,Electronics,Audio,Epson,112104.29,83828.55
PROD04333,Canon Scanner,Office Equipment,Networking,Logitech,62825.92,61473.15
PROD04334,Canon Storage,Accessories,Mouse,HP,78118.79,55972.29
PROD04335,Logitech Keyboard,Accessories,Storage,Apple,141161.87,99117.78
PROD04336,Apple Storage,Accessories,Mouse,Canon,33152.83,33311.6
PROD04337,Dell Mobile,Electronics,Computers,HP,143130.19,17677.78
PROD04338,Epson Computers,Electronics,Audio,Lenovo,4906.35,31752.57
PROD04339,Sony Printer,Office Equipment,Scanner,Samsung,13712.36,55688.52
PROD04340,Sony Storage,Accessories,Mouse,Lenovo,66777.48,19605.22
PROD04341,Samsung Mouse,Accessories,Storage,Epson,102869.72,13664.65
PROD04342,Samsung Printer,Office Equipment,Scanner,Epson,96667.02,63859.66
PROD04343,Canon Scanner,Office Equipment,Scanner,Apple,16782.21,23711.61
PROD04344,HP Storage,Accessories,Mouse,Asus,136767.03,64088.29
PROD04345,Canon Scanner,Office Equipment,Printer,Canon,84447.16,79693.75
PROD04346,Logitech Printer,Office Equipment,Printer,Dell,134618.31,66376.75
PROD04347,Epson Mobile,Electronics,Computers,Epson,109536.73,81812.51
PROD04348,Samsung Keyboard,Accessories,Mouse,Asus,58706.66,55300.82
PROD04349,Sony Mobile,Electronics,Mobile,Logitech,112323.9,40995.58
PROD04350,Samsung Mobile,Electronics,Computers,HP,7706.0,58182.98
PROD04351,Dell Networking,Office Equipment,Printer,Epson,76867.52,7550.54
PROD04352,Logitech Mouse,Accessories,Mouse,Dell,24030.51,72211.63
PROD04353,Canon Mobile,Electronics,Audio,Logitech,117209.55,99582.43
PROD04354,Samsung Scanner,Office Equipment,Networking,Epson,110495.87,49687.54
PROD04355,Asus Mouse,Accessories,Storage,Dell,15584.68,67436.56
PROD04356,HP Mobile,Electronics,Computers,HP,134645.77,98965.94
PROD04357,Epson Computers,Electronics,Computers,Epson,102571.16,19273.98
PROD04358,Lenovo Networking,Office Equipment,Scanner,Epson,140614.16,1983.81
PROD04359,Canon Mouse,Accessories,Keyboard,Canon,104995.51,12649.07
PROD04360,Samsung Printer,Office Equipment,Scanner,Dell,1948.84,8992.59
PROD04361,Dell Computers,Electronics,Audio,Canon,65804.16,55982.79
PROD04362,Lenovo Printer,Office Equipment,Printer,Dell,8967.95,70371.89
PROD04363,Logitech Networking,Office Equipment,Printer,Samsung,136873.96,38274.19
PROD04364,Logitech Mobile,Electronics,Computers,Epson,14246.71,6185.07
PROD04365,HP Networking,Office Equipment,Printer,Sony,126622.85,9619.13
PROD04366,Epson Audio,Electronics,Computers,Apple,67978.28,88900.79
PROD04367,Epson Keyboard,Accessories,Mouse,Asus,18474.19,75204.87
PROD04368,Epson Audio,Electronics,Mobile,Lenovo,122467.04,86543.68
PROD04369,Epson Networking,Office Equipment,Networking,Lenovo,122345.1,29007.51
PROD04370,Asus Keyboard,Accessories,Keyboard,Samsung,79409.79,46558.85
PROD04371,Sony Mobile,Electronics,Mobile,Dell,146637.23,26165.21
PROD04372,Canon Mouse,Accessories,Keyboard,Samsung,107183.2,36599.94
PROD04373,Apple Networking,Office Equipment,Scanner,HP,5520.91,40104.15
PROD04374,Epson Audio,Electronics,Audio,Logitech,130110.76,95043.64
PROD04375,Asus Storage,Accessories,Storage,Apple,22388.61,50075.67
PROD04376,Samsung Audio,Electronics,Audio,Sony,91969.77,65025.53
PROD04377,Apple Storage,Accessories,Keyboard,Samsung,48557.14,92263.63
PROD04378,Canon Keyboard,Accessories,Keyboard,Logitech,80804.58,52650.85
PROD04379,Dell Storage,Accessories,Keyboard,Sony,92873.78,10627.89
PROD04380,HP Mouse,Accessories,Keyboard,Samsung,24616.43,39384.79
PROD04381,Apple Scanner,Office Equipment,Networking,Epson,43396.93,99293.29
PROD04382,Samsung Mouse,Accessories,Mouse,Samsung,12367.38,41820.63
PROD04383,HP Networking,Office Equipment,Printer,Canon,774.94,18937.7
PROD04384,Epson Keyboard,Accessories,Storage,HP,40804.96,46764.21
PROD04385,Sony Printer,Office Equipment,Scanner,Samsung,5655.51,20033.21
PROD04386,Asus Scanner,Office Equipment,Networking,Sony,112655.42,19965.2
PROD04387,HP Storage,Accessories,Mouse,Logitech,24189.48,41861.98
PROD04388,Logitech Printer,Office Equipment,Scanner,Sony,118679.07,84156.6
PROD04389,Sony Mobile,Electronics,Audio,Canon,125529.94,84356.31
PROD04390,Dell Computers,Electronics,Mobile,Apple,98263.47,20393.91
PROD04391,HP Computers,Electronics,Computers,Canon,108943.56,70125.36
PROD04392,Sony Storage,Accessories,Storage,Canon,20910.84,40081.96
PROD04393,Asus Networking,Office Equipment,Networking,Apple,38011.41,9252.93
PROD04394,Sony Scanner,Office Equipment,Networking,Asus,56141.81,44499.63
PROD04395,Lenovo Keyboard,Accessories,Mouse,Sony,108664.06,38014.71
PROD04396,Lenovo Mouse,Accessories,Mouse,Samsung,70442.39,47679.25
PROD04397,Dell Computers,Electronics,Audio,Epson,114954.13,78960.51
PROD04398,Samsung Networking,Office Equipment,Printer,Samsung,86278.86,38066.68
PROD04399,Sony Printer,Office Equipment,Printer,HP,134110.0,98287.84
PROD04400,Sony Mouse,Accessories,Mouse,Samsung,113413.84,40383.54
PROD04401,Sony Mouse,Accessories,Mouse,Apple,36663.8,3451.53
PROD04402,Asus Mouse,Accessories,Mouse,Lenovo,32848.76,67560.77
PROD04403,Logitech Scanner,Office Equipment,Printer,Samsung,147786.85,4251.47
PROD04404,Sony Keyboard,Accessories,Mouse,Apple,70373.79,49033.66
PROD04405,HP Audio,Electronics,Audio,Apple,146119.14,14644.98
PROD04406,Apple Audio,Electronics,Mobile,Epson,47810.92,11515.84
PROD04407,Epson Mobile,Electronics,Audio,HP,30433.19,51576.22
PROD04408,Sony Scanner,Office Equipment,Scanner,Apple,104896.43,47770.39
PROD04409,Sony Printer,Office Equipment,Networking,Samsung,136406.52,35914.78
PROD04410,Samsung Mobile,Electronics,Audio,Sony,83665.01,25118.69
PROD04411,Logitech Storage,Accessories,Mouse,Samsung,129580.63,36150.25
PROD04412,Epson Scanner,Office Equipment,Scanner,Dell,90080.63,79975.36
PROD04413,Epson Computers,Electronics,Mobile,HP,148752.31,2282.27
PROD04414,Asus Keyboard,Accessories,Storage,Canon,87434.56,93450.73
PROD04415,Asus Printer,Office Equipment,Networking,Dell,28188.22,55913.0
PROD04416,Apple Mouse,Accessories,Keyboard,Canon,2332.77,46256.26
PROD04417,Asus Mobile,Electronics,Computers,Canon,11042.97,5230.29
PROD04418,HP Mobile,Electronics,Mobile,Samsung,15389.22,49912.55
PROD04419,Sony Keyboard,Accessories,Storage,Epson,89103.06,9612.58
PROD04420,Dell Storage,Accessories,Mouse,Sony,55472.77,24338.59
PROD04421,Logitech Scanner,Office Equipment,Printer,Asus,24047.58,2507.31
PROD04422,Samsung Networking,Office Equipment,Scanner,Canon,39593.36,65794.95
PROD04423,Apple Mouse,Accessories,Keyboard,Epson,140254.94,51968.85
PROD04424,Canon Storage,Accessories,Storage,Logitech,113338.77,39217.63
PROD04425,HP Networking,Office Equipment,Printer,Apple,57358.84,54236.17
PROD04426,Lenovo Mobile,Electronics,Mobile,HP,44534.72,62363.68
PROD04427,Samsung Audio,Electronics,Computers,Lenovo,25739.03,31667.65
PROD04428,Dell Keyboard,Accessories,Keyboard,Apple,130466.31,91570.69
PROD04429,Dell Scanner,Office Equipment,Networking,Apple,76913.7,20235.35
PROD04430,HP Mobile,Electronics,Mobile,Dell,44166.13,24933.94
PROD04431,HP Printer,Office Equipment,Scanner,Sony,19577.35,64501.24
PROD04432,Apple Mouse,Accessories,Keyboard,Epson,68833.29,75986.85
PROD04433,Asus Scanner,Office Equipment,Networking,Canon,20183.55,51503.59
PROD04434,Asus Scanner,Office Equipment,Printer,Lenovo,13899.98,14740.5
PROD04435,Logitech Storage,Accessories,Storage,Logitech,37356.51,71435.3
PROD04436,Asus Scanner,Office Equipment,Networking,Apple,89628.07,81820.21
PROD04437,Epson Keyboard,Accessories,Keyboard,Asus,25878.05,99759.56
PROD04438,Samsung Storage,Accessories,Keyboard,Asus,69007.95,99450.03
PROD04439,Asus Storage,Accessories,Keyboard,Canon,24948.57,1045.06
PROD04440,Samsung Audio,Electronics,Mobile,Sony,115403.24,48189.02
PROD04441,HP Printer,Office Equipment,Printer,Epson,118465.73,38625.8
PROD04442,HP Mobile,Electronics,Mobile,Logitech,127894.91,2136.0
PROD04443,Sony Storage,Accessories,Storage,Epson,96059.38,61347.8
PROD04444,Apple Mouse,Accessories,Mouse,Logitech,122657.46,86620.39
PROD04445,Samsung Networking,Office Equipment,Networking,HP,122030.24,66352.31
PROD04446,Canon Computers,Electronics,Audio,Sony,53328.23,89369.9
PROD04447,Apple Mouse,Accessories,Keyboard,Epson,110797.22,70223.81
PROD04448,Apple Audio,Electronics,Mobile,Asus,99988.2,96337.89
PROD04449,HP Networking,Office Equipment,Networking,Epson,141012.31,931.27
PROD04450,Logitech Computers,Electronics,Computers,Canon,139409.91,8846.28
PROD04451,Epson Mobile,Electronics,Mobile,Dell,144387.43,63977.29
PROD04452,Samsung Keyboard,Accessories,Keyboard,Samsung,92492.84,97957.11
PROD04453,Asus Scanner,Office Equipment,Printer,Sony,93355.45,44499.4
PROD04454,Logitech Mouse,Accessories,Keyboard,Dell,127934.93,63442.28
PROD04455,Canon Keyboard,Accessories,Mouse,Dell,5746.05,24216.73
PROD04456,Lenovo Scanner,Office Equipment,Scanner,Apple,147604.38,81011.43
PROD04457,Lenovo Scanner,Office Equipment,Scanner,HP,38428.82,64774.87
PROD04458,Apple Mouse,Accessories,Keyboard,Dell,85680.1,34805.68
PROD04459,Lenovo Keyboard,Accessories,Mouse,HP,16806.81,33758.85
PROD04460,Sony Keyboard,Accessories,Keyboard,Apple,81418.04,15747.56
PROD04461,Sony Mobile,Electronics,Computers,Apple,3547.33,39173.5
PROD04462,HP Storage,Accessories,Storage,Samsung,105519.53,79165.79
PROD04463,Sony Computers,Electronics,Mobile,Samsung,117013.49,74071.12
PROD04464,Canon Keyboard,Accessories,Mouse,Lenovo,112199.82,89046.37
PROD04465,Sony Mouse,Accessories,Storage,Asus,72459.38,67294.81
PROD04466,Epson Mouse,Accessories,Mouse,Asus,131202.84,65601.62
PROD04467,HP Scanner,Office Equipment,Printer,HP,19978.31,90172.01
PROD04468,Sony Scanner,Office Equipment,Scanner,Sony,69021.71,2445.1
PROD04469,Dell Storage,Accessories,Keyboard,Sony,99178.43,55156.76
PROD04470,Epson Keyboard,Accessories,Keyboard,Apple,1220.79,30969.79
PROD04471,Samsung Storage,Accessories,Mouse,Dell,21629.56,67323.48
PROD04472,Epson Computers,Electronics,Audio,Samsung,62777.21,49124.39
PROD04473,Lenovo Printer,Office Equipment,Networking,Asus,3472.87,56750.93
PROD04474,Apple Audio,Electronics,Mobile,Canon,106907.46,89583.81
PROD04475,HP Audio,Electronics,Mobile,Sony,58849.03,54726.41
PROD04476,Sony Audio,Electronics,Audio,Samsung,52229.87,90076.97
PROD04477,Asus Networking,Office Equipment,Scanner,Lenovo,8439.26,65858.95
PROD04478,Dell Mouse,Accessories,Mouse,Logitech,42735.64,35031.05
PROD04479,HP Mouse,Accessories,Mouse,HP,32141.08,81550.16
PROD04480,Apple Printer,Office Equipment,Networking,Apple,93570.59,45226.76
PROD04481,Lenovo Mobile,Electronics,Mobile,Asus,49868.97,96757.46
PROD04482,HP Mobile,Electronics,Mobile,Logitech,135686.81,64871.94
PROD04483,Asus Computers,Electronics,Computers,Asus,70277.61,23491.33
PROD04484,Epson Storage,Accessories,Storage,Epson,83908.95,12041.87
PROD04485,Asus Computers,Electronics,Audio,Samsung,127961.01,7719.22
PROD04486,Apple Mouse,Accessories,Keyboard,Asus,132368.77,98004.08
PROD04487,Dell Audio,Electronics,Mobile,Asus,2785.04,76796.32
PROD04488,HP Networking,Office Equipment,Scanner,Lenovo,83093.9,46553.27
PROD04489,Dell Storage,Accessories,Mouse,Lenovo,25216.07,739.59
PROD04490,Samsung Scanner,Office Equipment,Networking,HP,21976.19,69460.53
PROD04491,Apple Storage,Accessories,Storage,HP,149206.75,46684.99
PROD04492,Sony Computers,Electronics,Mobile,Canon,107209.82,78698.27
PROD04493,Sony Printer,Office Equipment,Printer,Logitech,101497.36,14035.43
PROD04494,Logitech Keyboard,Accessories,Mouse,Dell,145808.45,70017.02
PROD04495,Asus Computers,Electronics,Mobile,Samsung,29362.44,61645.19
PROD04496,Apple Scanner,Office Equipment,Networking,HP,148403.31,19384.43
PROD04497,Dell Scanner,Office Equipment,Networking,Dell,64973.89,91959.86
PROD04498,Epson Scanner,Office Equipment,Printer,Apple,66257.48,35166.35
PROD04499,Lenovo Keyboard,Accessories,Storage,HP,57703.17,94217.26
PROD04500,Apple Mouse,Accessories,Keyboard,Logitech,6655.29,94297.0
PROD04501,Epson Mobile,Electronics,Audio,Asus,107612.67,85669.99
PROD04502,Asus Audio,Electronics,Computers,HP,108010.48,96849.11
PROD04503,Apple Computers,Electronics,Computers,Asus,126304.83,28261.93
PROD04504,Lenovo Mobile,Electronics,Computers,Samsung,114505.13,71412.01
PROD04505,Apple Keyboard,Accessories,Keyboard,HP,21921.22,40158.93
PROD04506,Dell Mobile,Electronics,Audio,Epson,38025.42,32249.46
PROD04507,Epson Printer,Office Equipment,Scanner,HP,119644.48,3722.33
PROD04508,Dell Computers,Electronics,Mobile,Sony,94738.84,72812.03
PROD04509,Logitech Keyboard,Accessories,Mouse,Apple,121181.85,30667.88
PROD04510,HP Computers,Electronics,Computers,Dell,130248.46,76970.25
PROD04511,Logitech Audio,Electronics,Mobile,Canon,109725.38,56320.22
PROD04512,Lenovo Keyboard,Accessories,Keyboard,Epson,39196.32,22359.94
PROD04513,Epson Audio,Electronics,Mobile,Dell,141919.15,36762.31
PROD04514,Logitech Computers,Electronics,Mobile,Samsung,32077.27,27080.57
PROD04515,Samsung Mobile,Electronics,Mobile,Asus,146156.64,91665.14
PROD04516,Asus Mouse,Accessories,Mouse,Canon,98564.05,30136.21
PROD04517,Asus Keyboard,Accessories,Keyboard,Canon,149284.47,36722.9
PROD04518,Logitech Printer,Office Equipment,Scanner,Lenovo,981.31,52292.52
PROD04519,Epson Printer,Office Equipment,Scanner,Epson,113381.3,67566.78
PROD04520,Epson Scanner,Office Equipment,Networking,Apple,113286.91,30137.57
PROD04521,Lenovo Scanner,Office Equipment,Networking,Epson,85371.16,19039.55
PROD04522,Lenovo Mobile,Electronics,Mobile,HP,142031.05,19728.45
PROD04523,HP Computers,Electronics,Audio,HP,60151.57,4543.56
PROD04524,Apple Mouse,Accessories,Storage,Lenovo,36326.57,30866.07
PROD04525,Lenovo Audio,Electronics,Computers,Logitech,128707.09,1180.45
PROD04526,Asus Keyboard,Accessories,Keyboard,Apple,139150.49,50917.05
PROD04527,Sony Audio,Electronics,Audio,Epson,143254.49,10689.49
PROD04528,HP Computers,Electronics,Mobile,Lenovo,528.92,1123.54
PROD04529,Logitech Keyboard,Accessories,Mouse,Dell,72899.84,89025.15
PROD04530,Epson Mobile,Electronics,Audio,Canon,72736.0,55208.3
PROD04531,Logitech Keyboard,Accessories,Mouse,Lenovo,122578.67,32538.44
PROD04532,Apple Mobile,Electronics,Computers,Lenovo,35414.14,51422.87
PROD04533,HP Mouse,Accessories,Mouse,Sony,52298.79,62581.18
PROD04534,Dell Mouse,Accessories,Storage,Asus,62753.65,65944.55
PROD04535,HP Networking,Office Equipment,Scanner,Dell,149525.12,6681.21
PROD04536,Sony Audio,Electronics,Audio,Dell,117331.57,30906.2
PROD04537,Logitech Mouse,Accessories,Mouse,Sony,57533.49,53133.86
PROD04538,HP Printer,Office Equipment,Networking,Asus,120502.17,39777.2
PROD04539,Epson Computers,Electronics,Audio,Sony,64026.04,431.1
PROD04540,HP Computers,Electronics,Computers,Asus,37627.17,16666.19
PROD04541,Canon Computers,Electronics,Computers,Canon,123505.16,67031.25
PROD04542,Sony Mobile,Electronics,Mobile,Samsung,107214.74,61341.68
PROD04543,Samsung Keyboard,Accessories,Keyboard,Samsung,21042.63,46132.27
PROD04544,Apple Keyboard,Accessories,Mouse,Logitech,60830.8,53550.65
PROD04545,Logitech Scanner,Office Equipment,Scanner,Dell,58789.91,59664.41
PROD04546,Sony Networking,Office Equipment,Networking,Canon,62349.89,35921.99
PROD04547,Canon Mobile,Electronics,Mobile,Sony,39640.75,15693.79
PROD04548,Canon Printer,Office Equipment,Printer,Canon,44084.28,19928.64
PROD04549,Samsung Printer,Office Equipment,Scanner,Epson,140821.19,42986.66
PROD04550,Dell Keyboard,Accessories,Keyboard,Samsung,87719.7,93199.87
PROD04551,Lenovo Storage,Accessories,Keyboard,Samsung,38571.2,89940.04
PROD04552,Samsung Scanner,Office Equipment,Printer,Dell,139996.91,82164.03
PROD04553,Apple Mouse,Accessories,Storage,HP,70259.65,97802.36
PROD04554,Lenovo Keyboard,Accessories,Storage,Samsung,58950.63,66019.7
PROD04555,Apple Printer,Office Equipment,Networking,Canon,140277.81,60663.24
PROD04556,Asus Mouse,Accessories,Keyboard,Logitech,45077.12,15561.76
PROD04557,Logitech Printer,Office Equipment,Networking,Lenovo,116871.47,1081.85
PROD04558,Apple Keyboard,Accessories,Mouse,Asus,48224.76,15479.19
PROD04559,Dell Audio,Electronics,Computers,HP,102347.41,44299.3
PROD04560,Dell Scanner,Office Equipment,Scanner,Sony,32968.76,48251.64
PROD04561,Dell Storage,Accessories,Keyboard,Canon,74146.89,47122.61
PROD04562,Lenovo Audio,Electronics,Mobile,Asus,123722.65,89679.11
PROD04563,Asus Networking,Office Equipment,Scanner,Samsung,129293.68,93577.31
PROD04564,Dell Networking,Office Equipment,Scanner,Lenovo,85548.56,7247.64
PROD04565,Apple Mobile,Electronics,Mobile,Logitech,69529.12,43141.57
PROD04566,Epson Networking,Office Equipment,Networking,Lenovo,38626.83,45926.19
PROD04567,Epson Scanner,Office Equipment,Networking,Canon,109808.05,44790.23
PROD04568,Lenovo Networking,Office Equipment,Printer,Logitech,2035.8,74910.09
PROD04569,Epson Mobile,Electronics,Computers,Dell,33640.32,19536.3
PROD04570,Sony Scanner,Office Equipment,Networking,Lenovo,149154.14,67123.55
PROD04571,Canon Mobile,Electronics,Computers,HP,70587.37,36666.95
PROD04572,Samsung Audio,Electronics,Mobile,HP,54873.8,50275.53
PROD04573,Asus Mouse,Accessories,Keyboard,Sony,116824.11,85899.8
PROD04574,HP Computers,Electronics,Computers,Samsung,30369.48,35063.82
PROD04575,Lenovo Computers,Electronics,Mobile,Canon,98652.01,45022.99
PROD04576,Apple Storage,Accessories,Storage,Lenovo,55339.78,52211.57
PROD04577,Epson Mouse,Accessories,Storage,Canon,112096.74,44005.56
PROD04578,Asus Audio,Electronics,Computers,Canon,139829.57,13941.76
PROD04579,Sony Mobile,Electronics,Audio,Samsung,124903.5,20195.15
PROD04580,Apple Keyboard,Accessories,Mouse,Sony,18061.86,97322.81
PROD04581,Apple Computers,Electronics,Audio,Logitech,118016.46,63363.41
PROD04582,Samsung Computers,Electronics,Mobile,Samsung,24554.76,72760.95
PROD04583,Apple Printer,Office Equipment,Printer,HP,81432.25,30254.41
PROD04584,Canon Audio,Electronics,Computers,Epson,125671.58,70435.96
PROD04585,Asus Networking,Office Equipment,Scanner,Logitech,98889.63,56683.1
PROD04586,HP Storage,Accessories,Mouse,Samsung,60703.29,84346.73
PROD04587,Sony Computers,Electronics,Mobile,Epson,81063.78,23799.4
PROD04588,Asus Scanner,Office Equipment,Printer,Asus,12886.68,80283.28
PROD04589,Canon Keyboard,Accessories,Mouse,Apple,112340.45,47708.15
PROD04590,Canon Keyboard,Accessories,Storage,Lenovo,84324.14,30410.69
PROD04591,Logitech Keyboard,Accessories,Mouse,Dell,64211.38,56665.18
PROD04592,Canon Mouse,Accessories,Mouse,Sony,77545.35,66657.16
PROD04593,Sony Computers,Electronics,Computers,Dell,119482.58,95065.42
PROD04594,Dell Audio,Electronics,Mobile,Epson,77957.77,79341.49
PROD04595,Sony Keyboard,Accessories,Mouse,HP,127102.11,38230.35
PROD04596,Epson Computers,Electronics,Computers,Dell,145665.01,30677.65
PROD04597,Dell Mouse,Accessories,Keyboard,Lenovo,18930.25,32124.24
PROD04598,Asus Audio,Electronics,Audio,Apple,30356.86,29560.62
PROD04599,Canon Printer,Office Equipment,Printer,HP,14256.73,75238.76
PROD04600,Samsung Audio,Electronics,Computers,Sony,133920.26,6773.83
PROD04601,Dell Scanner,Office Equipment,Printer,Samsung,140171.61,90560.81
PROD04602,HP Networking,Office Equipment,Printer,Sony,108089.37,50597.59
PROD04603,HP Scanner,Office Equipment,Scanner,Epson,52418.3,84399.86
PROD04604,Asus Scanner,Office Equipment,Networking,Sony,110209.39,1047.08
PROD04605,Lenovo Scanner,Office Equipment,Printer,HP,72854.1,34133.71
PROD04606,Dell Mobile,Electronics,Audio,Apple,127666.28,8689.88
PROD04607,Apple Mobile,Electronics,Mobile,Asus,61037.9,37355.95
PROD04608,Epson Mouse,Accessories,Storage,Sony,37466.05,93844.55
PROD04609,Logitech Keyboard,Accessories,Mouse,Lenovo,130622.35,95849.58
PROD04610,Dell Computers,Electronics,Mobile,Apple,11511.34,50451.2
PROD04611,HP Networking,Office Equipment,Networking,Sony,19447.09,36403.3
PROD04612,Apple Keyboard,Accessories,Mouse,Epson,76050.98,86242.48
PROD04613,Asus Networking,Office Equipment,Printer,Asus,86900.96,85350.74
PROD04614,Epson Printer,Office Equipment,Networking,Canon,48666.35,59666.4
PROD04615,Epson Computers,Electronics,Mobile,Asus,115454.57,79321.78
PROD04616,Epson Mobile,Electronics,Mobile,Epson,36432.06,55626.23
PROD04617,Apple Printer,Office Equipment,Scanner,Sony,92131.22,62880.56
PROD04618,Dell Storage,Accessories,Keyboard,Lenovo,74949.97,11438.3
PROD04619,Logitech Mobile,Electronics,Mobile,Dell,125723.74,96534.42
PROD04620,Sony Keyboard,Accessories,Storage,Dell,115150.56,51104.18
PROD04621,Lenovo Audio,Electronics,Audio,Logitech,100551.75,34600.35
PROD04622,Apple Networking,Office Equipment,Scanner,Lenovo,58265.26,77992.15
PROD04623,HP Mobile,Electronics,Mobile,Apple,60845.1,39103.79
PROD04624,Apple Mobile,Electronics,Computers,HP,37830.94,18708.15
PROD04625,Samsung Scanner,Office Equipment,Scanner,Lenovo,84558.46,44202.38
PROD04626,Logitech Printer,Office Equipment,Scanner,Canon,75569.41,99585.46
PROD04627,Epson Printer,Office Equipment,Scanner,Sony,133269.87,29502.11
PROD04628,Dell Printer,Office Equipment,Printer,Canon,127171.36,98190.77
PROD04629,Apple Keyboard,Accessories,Storage,Logitech,141230.13,44462.78
PROD04630,HP Mouse,Accessories,Storage,Dell,137203.04,18557.05
PROD04631,Lenovo Networking,Office Equipment,Printer,Asus,124411.54,41237.71
PROD04632,Dell Printer,Office Equipment,Printer,Sony,128787.01,64256.09
PROD04633,Dell Mobile,Electronics,Audio,Canon,72341.85,22593.15
PROD04634,Apple Mobile,Electronics,Mobile,Apple,133388.86,12802.75
PROD04635,Sony Computers,Electronics,Computers,Sony,8940.56,44805.86
PROD04636,Lenovo Computers,Electronics,Audio,Dell,72027.96,43455.09
PROD04637,Dell Mobile,Electronics,Mobile,Dell,90061.84,48602.05
PROD04638,Epson Mobile,Electronics,Audio,Samsung,3844.2,22700.61
PROD04639,Canon Mobile,Electronics,Audio,Canon,31602.47,19235.84
PROD04640,Asus Computers,Electronics,Audio,Canon,16374.63,21571.36
PROD04641,Epson Storage,Accessories,Keyboard,Dell,143072.38,543.37
PROD04642,HP Keyboard,Accessories,Mouse,Dell,46230.44,53771.24
PROD04643,Apple Mobile,Electronics,Mobile,Epson,2465.84,18538.97
PROD04644,Canon Computers,Electronics,Computers,Dell,36933.21,30684.03
PROD04645,Dell Computers,Electronics,Computers,Epson,1846.94,64355.42
PROD04646,Samsung Mobile,Electronics,Computers,Lenovo,43717.54,59429.84
PROD04647,Asus Networking,Office Equipment,Printer,Apple,2232.88,14986.55
PROD04648,Asus Audio,Electronics,Computers,Apple,29542.6,93962.48
PROD04649,Sony Mobile,Electronics,Audio,Asus,71821.59,65391.07
PROD04650,Canon Computers,Electronics,Audio,Samsung,142963.35,57568.59
PROD04651,HP Keyboard,Accessories,Storage,Canon,68989.24,36454.59
PROD04652,Dell Scanner,Office Equipment,Networking,Asus,43878.92,33056.29
PROD04653,Asus Keyboard,Accessories,Mouse,Samsung,130517.33,3176.37
PROD04654,Lenovo Computers,Electronics,Audio,Asus,81325.56,85246.4
PROD04655,Lenovo Computers,Electronics,Mobile,Samsung,113552.68,83269.74
PROD04656,HP Keyboard,Accessories,Storage,Sony,98455.74,440.59
PROD04657,Epson Scanner,Office Equipment,Printer,Apple,79516.47,93525.93
PROD04658,Canon Keyboard,Accessories,Keyboard,Logitech,113717.52,43035.31
PROD04659,Sony Mouse,Accessories,Storage,Epson,77838.39,64156.0
PROD04660,Asus Networking,Office Equipment,Printer,HP,103556.49,1521.42
PROD04661,Apple Mobile,Electronics,Computers,Apple,1332.86,70615.04
PROD04662,Logitech Storage,Accessories,Mouse,Apple,80341.11,57775.88
PROD04663,Canon Mobile,Electronics,Audio,Sony,145895.59,38553.01
PROD04664,Lenovo Storage,Accessories,Mouse,HP,113072.5,88869.63
PROD04665,Apple Audio,Electronics,Mobile,Sony,38026.42,96498.43
PROD04666,Lenovo Computers,Electronics,Audio,Asus,53926.87,21545.33
PROD04667,HP Printer,Office Equipment,Scanner,Logitech,11026.23,90953.06
PROD04668,Logitech Keyboard,Accessories,Mouse,Canon,38306.91,17924.19
PROD04669,Logitech Printer,Office Equipment,Scanner,Samsung,138984.94,55167.41
PROD04670,Asus Computers,Electronics,Audio,Samsung,48952.64,51072.56
PROD04671,Dell Mouse,Accessories,Storage,Logitech,4202.75,86421.0
PROD04672,Samsung Computers,Electronics,Computers,Sony,134846.98,78855.42
PROD04673,Apple Mouse,Accessories,Mouse,Apple,45575.17,36985.59
PROD04674,Canon Scanner,Office Equipment,Scanner,HP,56471.57,65885.5
PROD04675,Sony Printer,Office Equipment,Printer,Samsung,87637.81,48120.9
PROD04676,Canon Keyboard,Accessories,Keyboard,HP,94259.4,56559.11
PROD04677,Dell Storage,Accessories,Mouse,Dell,101972.79,53924.03
PROD04678,Dell Audio,Electronics,Audio,Sony,129036.98,35784.82
PROD04679,Lenovo Storage,Accessories,Storage,Canon,134760.12,70589.2
PROD04680,Asus Mobile,Electronics,Mobile,Canon,93849.63,90063.5
PROD04681,Asus Printer,Office Equipment,Networking,Lenovo,5232.14,59729.9
PROD04682,Dell Printer,Office Equipment,Printer,Samsung,1158.99,40607.45
PROD04683,Apple Scanner,Office Equipment,Scanner,Logitech,101700.75,89251.07
PROD04684,HP Mobile,Electronics,Mobile,Canon,98777.12,97839.96
PROD04685,HP Keyboard,Accessories,Storage,Lenovo,58739.69,5736.08
PROD04686,Apple Scanner,Office Equipment,Scanner,Logitech,10396.13,73284.74
PROD04687,Sony Printer,Office Equipment,Scanner,Dell,14526.93,61657.02
PROD04688,Samsung Mobile,Electronics,Mobile,Canon,7990.32,22326.61
PROD04689,Sony Mobile,Electronics,Computers,Logitech,31639.97,32372.9
PROD04690,Samsung Networking,Office Equipment,Scanner,Sony,142122.36,54683.99
PROD04691,Apple Mouse,Accessories,Keyboard,Canon,127816.02,86911.83
PROD04692,Canon Audio,Electronics,Audio,Logitech,23061.28,84040.11
PROD04693,Samsung Storage,Accessories,Storage,Logitech,20584.95,79569.8
PROD04694,HP Computers,Electronics,Audio,Logitech,100907.14,21446.14
PROD04695,Sony Scanner,Office Equipment,Printer,Canon,13192.9,19289.35
PROD04696,Lenovo Printer,Office Equipment,Networking,Logitech,53902.32,40008.45
PROD04697,HP Networking,Office Equipment,Scanner,Samsung,70784.16,5984.2
PROD04698,Dell Scanner,Office Equipment,Printer,Logitech,134296.54,79787.4
PROD04699,Dell Networking,Office Equipment,Networking,Epson,53145.14,44937.19
PROD04700,Lenovo Computers,Electronics,Computers,Logitech,58804.83,55387.49
PROD04701,Asus Storage,Accessories,Keyboard,Sony,139910.17,56128.73
PROD04702,Apple Printer,Office Equipment,Networking,Sony,106498.06,68986.43
PROD04703,Dell Printer,Office Equipment,Scanner,Samsung,42191.75,61527.91
PROD04704,Sony Storage,Accessories,Storage,Canon,113551.1,97949.6
PROD04705,Apple Storage,Accessories,Storage,Samsung,80957.22,37999.45
PROD04706,Samsung Scanner,Office Equipment,Scanner,Lenovo,38096.3,19251.21
PROD04707,Asus Mouse,Accessories,Mouse,Samsung,111450.25,68506.79
PROD04708,HP Printer,Office Equipment,Scanner,Samsung,118532.45,99125.37
PROD04709,Lenovo Keyboard,Accessories,Storage,Dell,78910.05,84479.72
PROD04710,Apple Keyboard,Accessories,Keyboard,Apple,144523.36,40059.47
PROD04711,Lenovo Printer,Office Equipment,Printer,Sony,75820.65,35779.37
PROD04712,Apple Mouse,Accessories,Storage,Asus,104455.93,51742.44
PROD04713,Canon Audio,Electronics,Audio,Logitech,69998.32,37739.08
PROD04714,Sony Keyboard,Accessories,Keyboard,Apple,56530.72,19911.79
PROD04715,Lenovo Printer,Office Equipment,Networking,Samsung,15619.27,51866.41
PROD04716,Epson Mouse,Accessories,Keyboard,Canon,104104.7,91065.12
PROD04717,Asus Storage,Accessories,Storage,Canon,106891.37,78870.73
PROD04718,Epson Networking,Office Equipment,Printer,Asus,142970.61,60105.86
PROD04719,HP Audio,Electronics,Audio,Apple,110948.69,22294.53
PROD04720,Logitech Storage,Accessories,Mouse,Epson,91588.34,16240.51
PROD04721,Sony Printer,Office Equipment,Networking,Canon,104451.6,83185.16
PROD04722,HP Scanner,Office Equipment,Networking,Lenovo,97091.46,43467.17
PROD04723,Samsung Mouse,Accessories,Mouse,Logitech,1971.37,8506.14
PROD04724,Lenovo Computers,Electronics,Mobile,Samsung,147975.06,16853.17
PROD04725,Lenovo Audio,Electronics,Audio,Epson,22950.93,89045.39
PROD04726,Dell Networking,Office Equipment,Networking,Canon,62180.42,2910.5
PROD04727,Asus Mouse,Accessories,Storage,Asus,139089.9,8772.05
PROD04728,Lenovo Networking,Office Equipment,Networking,Canon,132658.23,61899.07
PROD04729,Logitech Networking,Office Equipment,Printer,Apple,122246.49,54411.99
PROD04730,Asus Mouse,Accessories,Mouse,Sony,89070.88,47163.3
PROD04731,Lenovo Scanner,Office Equipment,Scanner,HP,91341.99,35446.33
PROD04732,Epson Mobile,Electronics,Mobile,Asus,30569.07,92986.78
PROD04733,Canon Networking,Office Equipment,Scanner,Samsung,70218.22,41569.89
PROD04734,Sony Mobile,Electronics,Computers,Samsung,9476.75,43210.52
PROD04735,Epson Mouse,Accessories,Storage,HP,26248.84,9601.95
PROD04736,Lenovo Mouse,Accessories,Keyboard,Apple,134913.22,77128.98
PROD04737,Asus Audio,Electronics,Audio,HP,89143.73,73218.11
PROD04738,Logitech Networking,Office Equipment,Scanner,Lenovo,31984.94,93414.01
PROD04739,Epson Scanner,Office Equipment,Scanner,HP,41090.41,49757.98
PROD04740,Sony Mouse,Accessories,Mouse,Logitech,93239.89,60157.52
PROD04741,Canon Mobile,Electronics,Mobile,Epson,20156.29,73163.73
PROD04742,Epson Keyboard,Accessories,Keyboard,Lenovo,85465.08,99911.11
PROD04743,HP Printer,Office Equipment,Scanner,Epson,85923.16,51492.28
PROD04744,Sony Mobile,Electronics,Computers,Apple,72696.4,42524.5
PROD04745,Canon Networking,Office Equipment,Networking,Epson,149043.35,17931.03
PROD04746,Epson Computers,Electronics,Computers,Apple,94544.9,64053.57
PROD04747,Sony Mouse,Accessories,Keyboard,HP,19239.59,16887.58
PROD04748,HP Keyboard,Accessories,Keyboard,Apple,27606.28,78604.74
PROD04749,Epson Keyboard,Accessories,Storage,Logitech,83412.25,72411.37
PROD04750,Sony Printer,Office Equipment,Printer,Samsung,80694.36,16119.87
PROD04751,Dell Storage,Accessories,Storage,Canon,101051.46,53644.65
PROD04752,Lenovo Storage,Accessories,Mouse,Epson,72037.14,54693.63
PROD04753,Canon Printer,Office Equipment,Networking,Samsung,51603.29,69126.25
PROD04754,Apple Computers,Electronics,Mobile,Canon,124097.94,29881.91
PROD04755,Asus Computers,Electronics,Mobile,Dell,13145.9,67303.8
PROD04756,Apple Audio,Electronics,Mobile,Samsung,26053.87,61785.51
PROD04757,HP Computers,Electronics,Mobile,Logitech,105952.07,40132.88
PROD04758,HP Printer,Office Equipment,Networking,Epson,149182.11,82760.05
PROD04759,Apple Keyboard,Accessories,Storage,Logitech,133188.92,73089.52
PROD04760,Dell Keyboard,Accessories,Mouse,HP,119541.62,87414.62
PROD04761,Dell Keyboard,Accessories,Mouse,HP,118923.34,12311.72
PROD04762,Epson Storage,Accessories,Storage,Lenovo,50360.05,60983.96
PROD04763,Sony Storage,Accessories,Keyboard,HP,52758.38,11339.88
PROD04764,Canon Storage,Accessories,Keyboard,HP,60749.05,19156.66
PROD04765,Logitech Mouse,Accessories,Mouse,Sony,102615.05,9900.23
PROD04766,Samsung Printer,Office Equipment,Printer,Logitech,21859.86,17263.79
PROD04767,Canon Printer,Office Equipment,Networking,Canon,91463.07,15220.92
PROD04768,Apple Printer,Office Equipment,Scanner,Apple,50670.62,24572.73
PROD04769,Sony Audio,Electronics,Audio,Epson,145314.11,6469.89
PROD04770,HP Mobile,Electronics,Audio,Dell,33589.6,97754.75
PROD04771,Canon Keyboard,Accessories,Mouse,Epson,3910.41,60954.5
PROD04772,Sony Audio,Electronics,Computers,Samsung,93043.26,10973.88
PROD04773,Lenovo Printer,Office Equipment,Scanner,Dell,64111.27,86607.07
PROD04774,Samsung Scanner,Office Equipment,Scanner,Asus,64950.32,87745.14
PROD04775,HP Keyboard,Accessories,Keyboard,Lenovo,114362.27,85316.97
PROD04776,Asus Networking,Office Equipment,Scanner,Lenovo,56512.61,57627.92
PROD04777,Sony Mobile,Electronics,Mobile,Canon,114360.29,83812.69
PROD04778,Dell Computers,Electronics,Mobile,Logitech,141914.29,18342.58
PROD04779,HP Networking,Office Equipment,Networking,Lenovo,57657.49,69760.89
PROD04780,Lenovo Audio,Electronics,Mobile,Canon,39116.86,6186.66
PROD04781,Dell Scanner,Office Equipment,Scanner,HP,126293.32,59698.18
PROD04782,Apple Mouse,Accessories,Storage,Dell,72479.08,86514.97
PROD04783,Asus Printer,Office Equipment,Networking,Samsung,47956.64,7319.32
PROD04784,Sony Scanner,Office Equipment,Printer,Asus,67607.95,75488.01
PROD04785,Lenovo Mouse,Accessories,Storage,HP,114814.47,96957.08
PROD04786,Dell Scanner,Office Equipment,Printer,Sony,114869.19,11763.64
PROD04787,Apple Networking,Office Equipment,Networking,Lenovo,97138.88,31021.89
PROD04788,Apple Printer,Office Equipment,Printer,Epson,46288.71,79451.01
PROD04789,Epson Audio,Electronics,Audio,Dell,114733.26,96488.47
PROD04790,Logitech Mobile,Electronics,Mobile,HP,94163.69,25514.9
PROD04791,Asus Keyboard,Accessories,Mouse,Apple,71680.42,64489.4
PROD04792,Lenovo Networking,Office Equipment,Printer,HP,108930.09,55943.1
PROD04793,Sony Printer,Office Equipment,Networking,Epson,97644.07,82473.6
PROD04794,Epson Audio,Electronics,Mobile,Lenovo,129580.79,45584.84
PROD04795,Canon Mouse,Accessories,Storage,Apple,38879.03,53666.37
PROD04796,Lenovo Scanner,Office Equipment,Scanner,Canon,149341.24,28162.36
PROD04797,Lenovo Storage,Accessories,Keyboard,Dell,129864.18,51478.62
PROD04798,Samsung Printer,Office Equipment,Printer,Dell,77176.78,15710.28
PROD04799,Asus Scanner,Office Equipment,Printer,Epson,145005.97,76808.43
PROD04800,Apple Computers,Electronics,Audio,Logitech,99251.7,12076.56
PROD04801,HP Mouse,Accessories,Mouse,Lenovo,9272.65,95339.27
PROD04802,Logitech Audio,Electronics,Computers,Logitech,19627.48,45872.86
PROD04803,Canon Scanner,Office Equipment,Printer,Sony,24168.76,81515.78
PROD04804,Sony Keyboard,Accessories,Keyboard,HP,49115.48,622.68
PROD04805,Canon Networking,Office Equipment,Scanner,Sony,69146.83,30187.6
PROD04806,Asus Printer,Office Equipment,Printer,Apple,132011.42,13923.29
PROD04807,Epson Mobile,Electronics,Computers,Canon,1466.42,82921.63
PROD04808,Canon Keyboard,Accessories,Storage,HP,32819.64,59087.91
PROD04809,Logitech Printer,Office Equipment,Scanner,Canon,76712.88,46524.26
PROD04810,HP Networking,Office Equipment,Printer,Sony,15267.73,32433.81
PROD04811,Dell Scanner,Office Equipment,Networking,HP,32927.2,49882.72
PROD04812,Apple Audio,Electronics,Computers,Canon,75526.25,69855.93
PROD04813,Asus Keyboard,Accessories,Storage,Lenovo,15650.31,44771.93
PROD04814,HP Computers,Electronics,Mobile,Samsung,18444.1,54100.03
PROD04815,HP Printer,Office Equipment,Printer,Canon,149681.95,91073.66
PROD04816,Sony Networking,Office Equipment,Networking,Asus,79949.13,60226.53
PROD04817,Apple Audio,Electronics,Audio,Logitech,13965.49,33356.39
PROD04818,Lenovo Storage,Accessories,Mouse,HP,69019.38,10840.61
PROD04819,Epson Mouse,Accessories,Mouse,Epson,149431.21,1337.55
PROD04820,Dell Mobile,Electronics,Computers,Samsung,44561.62,98356.62
PROD04821,Lenovo Computers,Electronics,Mobile,Epson,110437.0,49565.91
PROD04822,Sony Printer,Office Equipment,Printer,Dell,106095.57,65764.37
PROD04823,Asus Mobile,Electronics,Computers,Apple,106039.58,40714.51
PROD04824,Dell Storage,Accessories,Keyboard,Lenovo,22226.16,34652.97
PROD04825,Canon Networking,Office Equipment,Scanner,HP,6304.39,60656.53
PROD04826,HP Printer,Office Equipment,Printer,HP,32835.87,85063.1
PROD04827,Epson Keyboard,Accessories,Mouse,Sony,112101.59,79931.35
PROD04828,HP Scanner,Office Equipment,Scanner,Samsung,28167.02,33745.47
PROD04829,Asus Storage,Accessories,Mouse,Sony,1873.39,92206.79
PROD04830,Logitech Printer,Office Equipment,Printer,Canon,100378.37,82723.66
PROD04831,HP Keyboard,Accessories,Storage,Canon,130504.74,75698.0
PROD04832,Epson Audio,Electronics,Mobile,Canon,90258.98,45951.12
PROD04833,Canon Keyboard,Accessories,Storage,Asus,107715.73,97215.99
PROD04834,Dell Scanner,Office Equipment,Networking,Dell,31035.62,20208.74
PROD04835,Canon Scanner,Office Equipment,Scanner,Asus,132353.66,64839.08
PROD04836,Logitech Audio,Electronics,Computers,Lenovo,34205.9,64524.82
PROD04837,Dell Audio,Electronics,Mobile,Epson,33426.56,50509.8
PROD04838,Sony Mouse,Accessories,Mouse,Sony,39966.31,39448.66
PROD04839,Asus Storage,Accessories,Storage,Lenovo,51449.24,1385.51
PROD04840,Asus Storage,Accessories,Keyboard,Lenovo,11487.72,22894.43
PROD04841,Asus Printer,Office Equipment,Scanner,Apple,111784.42,5531.97
PROD04842,Asus Keyboard,Accessories,Storage,Asus,50063.84,40329.2
PROD04843,Dell Keyboard,Accessories,Storage,Apple,89889.42,16509.27
PROD04844,Lenovo Mouse,Accessories,Keyboard,Epson,33336.39,74655.27
PROD04845,Apple Printer,Office Equipment,Networking,Canon,80408.36,71201.22
PROD04846,Samsung Scanner,Office Equipment,Scanner,Sony,112739.12,59523.06
PROD04847,Epson Keyboard,Accessories,Keyboard,Lenovo,130956.28,29890.36
PROD04848,Epson Printer,Office Equipment,Networking,Dell,53105.17,59367.43
PROD04849,Epson Networking,Office Equipment,Printer,Logitech,8606.27,29117.95
PROD04850,Samsung Audio,Electronics,Audio,HP,54214.31,30988.06
PROD04851,Canon Mobile,Electronics,Computers,Sony,52498.12,82756.62
PROD04852,HP Computers,Electronics,Mobile,Samsung,124247.35,11902.8
PROD04853,Dell Audio,Electronics,Mobile,Logitech,62896.8,42896.21
PROD04854,Apple Mobile,Electronics,Audio,HP,89432.55,40933.9
PROD04855,Asus Mouse,Accessories,Storage,Lenovo,140592.34,65975.9
PROD04856,HP Printer,Office Equipment,Scanner,HP,138056.13,64162.86
PROD04857,Canon Mouse,Accessories,Storage,Samsung,37298.18,16513.96
PROD04858,Apple Audio,Electronics,Mobile,Canon,139967.5,90147.7
PROD04859,Sony Storage,Accessories,Mouse,Canon,56572.54,53679.73
PROD04860,Apple Audio,Electronics,Mobile,Asus,46131.32,11880.64
PROD04861,Asus Mobile,Electronics,Audio,Canon,63610.69,58579.92
PROD04862,Epson Scanner,Office Equipment,Scanner,Epson,70975.31,98092.75
PROD04863,Epson Mouse,Accessories,Keyboard,Samsung,106748.34,19550.52
PROD04864,Epson Printer,Office Equipment,Networking,Logitech,139216.01,42563.04
PROD04865,HP Audio,Electronics,Computers,Canon,54893.31,87166.06
PROD04866,Lenovo Storage,Accessories,Storage,Samsung,90898.5,82988.77
PROD04867,Lenovo Computers,Electronics,Mobile,Lenovo,40627.11,37830.86
PROD04868,Lenovo Storage,Accessories,Storage,Canon,70486.62,27756.64
PROD04869,Apple Mouse,Accessories,Keyboard,Lenovo,119747.6,69893.49
PROD04870,Canon Computers,Electronics,Audio,Sony,91228.03,68957.5
PROD04871,Canon Mobile,Electronics,Computers,Dell,3046.27,56992.54
PROD04872,Logitech Audio,Electronics,Audio,Canon,143793.15,61002.74
PROD04873,Sony Mouse,Accessories,Storage,Sony,77970.12,50787.52
PROD04874,HP Mobile,Electronics,Computers,Canon,24056.45,37132.01
PROD04875,Logitech Audio,Electronics,Computers,Sony,51691.17,49608.9
PROD04876,Dell Computers,Electronics,Mobile,Logitech,99621.09,23878.16
PROD04877,Samsung Scanner,Office Equipment,Printer,Apple,41239.43,53531.22
PROD04878,Canon Networking,Office Equipment,Scanner,Samsung,55952.43,52182.88
PROD04879,Dell Mouse,Accessories,Mouse,Dell,134287.75,40755.62
PROD04880,Samsung Computers,Electronics,Computers,Dell,87936.81,96466.73
PROD04881,Canon Printer,Office Equipment,Scanner,Asus,11082.35,65278.14
PROD04882,Logitech Mouse,Accessories,Keyboard,Apple,107797.95,96381.03
PROD04883,Lenovo Audio,Electronics,Computers,Logitech,61035.56,8825.4
PROD04884,Samsung Networking,Office Equipment,Networking,Asus,83337.66,90745.15
PROD04885,Asus Printer,Office Equipment,Networking,Lenovo,44238.45,33045.55
PROD04886,Logitech Mouse,Accessories,Mouse,Canon,36393.15,92651.38
PROD04887,Dell Networking,Office Equipment,Scanner,Asus,98947.46,46087.24
PROD04888,Epson Computers,Electronics,Mobile,Asus,24794.96,89872.99
PROD04889,Sony Mouse,Accessories,Storage,HP,146799.33,24672.94
PROD04890,HP Mouse,Accessories,Keyboard,Apple,33613.41,8107.73
PROD04891,Logitech Scanner,Office Equipment,Printer,Dell,4529.81,91189.1
PROD04892,Epson Storage,Accessories,Keyboard,Samsung,90923.61,85485.58
PROD04893,Logitech Printer,Office Equipment,Printer,Dell,21799.66,84880.23
PROD04894,HP Audio,Electronics,Mobile,Asus,130201.23,13731.93
PROD04895,Canon Mouse,Accessories,Storage,Asus,84917.19,4287.54
PROD04896,Logitech Audio,Electronics,Audio,Samsung,69646.18,39039.2
PROD04897,Logitech Scanner,Office Equipment,Networking,Sony,67823.36,21228.29
PROD04898,Dell Computers,Electronics,Mobile,Asus,109955.16,2129.9
PROD04899,HP Networking,Office Equipment,Scanner,Samsung,97465.63,66755.41
PROD04900,Asus Mobile,Electronics,Mobile,Logitech,84654.07,98619.25
PROD04901,Apple Printer,Office Equipment,Networking,Samsung,123114.91,6732.24
PROD04902,Lenovo Mobile,Electronics,Mobile,Lenovo,14124.43,74015.81
PROD04903,Epson Scanner,Office Equipment,Networking,Lenovo,48140.46,60794.22
PROD04904,Canon Audio,Electronics,Mobile,Asus,106015.44,16729.95
PROD04905,Sony Computers,Electronics,Audio,Canon,74349.63,31244.53
PROD04906,Asus Keyboard,Accessories,Storage,Samsung,112028.12,5760.84
PROD04907,HP Keyboard,Accessories,Keyboard,Asus,142717.19,60139.99
PROD04908,Logitech Audio,Electronics,Mobile,Epson,71147.28,13938.26
PROD04909,Epson Printer,Office Equipment,Scanner,Logitech,126510.17,43164.26
PROD04910,Samsung Mobile,Electronics,Audio,Samsung,70982.23,78022.89
PROD04911,Asus Audio,Electronics,Computers,Samsung,36209.12,56981.11
PROD04912,Logitech Networking,Office Equipment,Printer,Sony,68492.69,95362.39
PROD04913,Lenovo Mouse,Accessories,Storage,Logitech,102045.88,37608.75
PROD04914,Logitech Printer,Office Equipment,Printer,Asus,36064.1,52465.91
PROD04915,Dell Mobile,Electronics,Audio,Asus,135604.67,83890.71
PROD04916,Asus Mouse,Accessories,Keyboard,Canon,133226.73,71548.57
PROD04917,HP Mobile,Electronics,Computers,Samsung,53654.38,11390.38
PROD04918,Samsung Scanner,Office Equipment,Printer,Sony,66868.01,40609.79
PROD04919,Lenovo Storage,Accessories,Storage,HP,84495.32,38203.72
PROD04920,Apple Mobile,Electronics,Audio,HP,1231.63,42232.56
PROD04921,HP Mouse,Accessories,Mouse,Apple,67880.37,86655.59
PROD04922,Epson Storage,Accessories,Storage,HP,7795.76,61616.09
PROD04923,Epson Keyboard,Accessories,Keyboard,Samsung,20938.58,50446.39
PROD04924,Dell Printer,Office Equipment,Scanner,Sony,147187.65,1096.48
PROD04925,Dell Mouse,Accessories,Mouse,Samsung,110657.11,68654.13
PROD04926,HP Computers,Electronics,Computers,Epson,125975.81,47825.07
PROD04927,Epson Computers,Electronics,Computers,Sony,86127.14,55530.8
PROD04928,HP Storage,Accessories,Storage,Epson,92122.49,57627.09
PROD04929,Dell Scanner,Office Equipment,Networking,Lenovo,65924.37,13661.32
PROD04930,Dell Networking,Office Equipment,Networking,Sony,25160.02,55501.17
PROD04931,Epson Storage,Accessories,Keyboard,Dell,89498.46,50893.55
PROD04932,Sony Scanner,Office Equipment,Printer,Apple,105691.19,19735.36
PROD04933,Dell Storage,Accessories,Mouse,Lenovo,108065.97,25294.63
PROD04934,Sony Mouse,Accessories,Mouse,Apple,119898.62,24050.01
PROD04935,Samsung Computers,Electronics,Mobile,Sony,36009.53,97845.14
PROD04936,Lenovo Scanner,Office Equipment,Networking,Logitech,48826.02,5619.46
PROD04937,Logitech Mobile,Electronics,Computers,Epson,114701.05,97847.25
PROD04938,Asus Scanner,Office Equipment,Scanner,Apple,19306.13,56380.83
PROD04939,Canon Scanner,Office Equipment,Printer,Apple,147776.66,30661.19
PROD04940,HP Computers,Electronics,Computers,Apple,14384.17,14880.89
PROD04941,Dell Keyboard,Accessories,Storage,Asus,12929.69,95900.48
PROD04942,Dell Audio,Electronics,Computers,Apple,24910.83,76414.92
PROD04943,Samsung Audio,Electronics,Mobile,Canon,35719.3,34521.94
PROD04944,Asus Mouse,Accessories,Keyboard,Asus,147792.91,6704.73
PROD04945,Lenovo Keyboard,Accessories,Keyboard,Dell,64770.26,62687.86
PROD04946,Logitech Computers,Electronics,Audio,Samsung,39099.14,90712.39
PROD04947,Canon Networking,Office Equipment,Networking,Apple,99110.42,29618.3
PROD04948,Dell Scanner,Office Equipment,Scanner,HP,53506.37,73618.89
PROD04949,Dell Storage,Accessories,Storage,Apple,11694.97,19933.51
PROD04950,HP Mouse,Accessories,Storage,Canon,912.73,42171.28
PROD04951,Samsung Mobile,Electronics,Computers,Logitech,45991.77,22486.07
PROD04952,Epson Audio,Electronics,Mobile,Apple,12170.6,67192.26
PROD04953,Samsung Mobile,Electronics,Computers,Dell,62148.01,26216.16
PROD04954,Lenovo Mobile,Electronics,Audio,Canon,36909.24,69242.79
PROD04955,HP Audio,Electronics,Mobile,Asus,67447.49,79068.46
PROD04956,Canon Networking,Office Equipment,Printer,Asus,91620.11,61443.07
PROD04957,Canon Keyboard,Accessories,Storage,Apple,138662.7,43614.48
PROD04958,Dell Keyboard,Accessories,Storage,Apple,77412.33,11115.42
PROD04959,Logitech Keyboard,Accessories,Keyboard,Samsung,62957.49,80565.46
PROD04960,Epson Audio,Electronics,Computers,Asus,145048.73,83921.09
PROD04961,Apple Mobile,Electronics,Mobile,Epson,11847.72,53086.69
PROD04962,Logitech Keyboard,Accessories,Keyboard,Samsung,18543.3,32902.83
PROD04963,Samsung Networking,Office Equipment,Scanner,Asus,37925.34,87571.95
PROD04964,Canon Computers,Electronics,Audio,Epson,90100.89,22112.28
PROD04965,Sony Computers,Electronics,Computers,Epson,40977.3,14584.92
PROD04966,Asus Storage,Accessories,Keyboard,Dell,84031.72,80926.71
PROD04967,HP Storage,Accessories,Storage,Logitech,7042.47,74789.19
PROD04968,Epson Mouse,Accessories,Keyboard,Epson,80505.73,53947.02
PROD04969,Logitech Audio,Electronics,Mobile,HP,86791.86,40002.71
PROD04970,Sony Mobile,Electronics,Mobile,Apple,89577.74,67359.19
PROD04971,Canon Audio,Electronics,Computers,Canon,3311.62,30940.63
PROD04972,Apple Keyboard,Accessories,Storage,Asus,124012.46,98626.75
PROD04973,Sony Printer,Office Equipment,Networking,Epson,128738.16,73575.56
PROD04974,Dell Printer,Office Equipment,Printer,Apple,22767.19,86522.96
PROD04975,Samsung Mouse,Accessories,Mouse,Samsung,2482.34,3705.23
PROD04976,HP Scanner,Office Equipment,Networking,HP,136479.04,51559.45
PROD04977,Asus Scanner,Office Equipment,Printer,Apple,51649.94,543.55
PROD04978,Epson Scanner,Office Equipment,Printer,Epson,83570.6,79697.02
PROD04979,Dell Computers,Electronics,Computers,Lenovo,77063.89,38085.29
PROD04980,Samsung Printer,Office Equipment,Scanner,Canon,84524.57,76015.2
PROD04981,Asus Storage,Accessories,Storage,Canon,99415.4,40079.22
PROD04982,Logitech Mobile,Electronics,Computers,Sony,99668.81,32786.35
PROD04983,Canon Networking,Office Equipment,Scanner,Asus,24926.85,47943.94
PROD04984,Lenovo Mobile,Electronics,Computers,Lenovo,59485.46,85647.66
PROD04985,Epson Computers,Electronics,Audio,Canon,132096.64,37926.02
PROD04986,Sony Keyboard,Accessories,Keyboard,Apple,44397.06,5441.27
PROD04987,Dell Mouse,Accessories,Storage,Canon,57977.48,98467.96
PROD04988,Asus Storage,Accessories,Keyboard,HP,73925.24,3240.73
PROD04989,HP Computers,Electronics,Computers,Dell,40128.95,83240.59
PROD04990,Lenovo Scanner,Office Equipment,Scanner,HP,115512.26,95697.63
PROD04991,Sony Audio,Electronics,Computers,HP,83615.25,59449.49
PROD04992,Sony Printer,Office Equipment,Networking,Canon,118811.71,73640.65
PROD04993,Logitech Keyboard,Accessories,Keyboard,Samsung,107786.0,18787.09
PROD04994,HP Mouse,Accessories,Keyboard,Samsung,63336.79,9511.39
PROD04995,Apple Computers,Electronics,Computers,Dell,94867.42,11064.5
PROD04996,Asus Audio,Electronics,Audio,Apple,133566.66,13862.81
PROD04997,HP Computers,Electronics,Audio,Apple,95311.93,25681.37
PROD04998,Samsung Computers,Electronics,Audio,Apple,114369.61,97583.54
PROD04999,Samsung Networking,Office Equipment,Scanner,Lenovo,21617.26,24667.22
PROD05000,Lenovo Mobile,Electronics,Computers,Epson,101697.26,78769.81
