Account_ID,Customer_ID,Branch_Name,Account_Type,Account_Balance,Credit_Card_Usage
1,1044,Chennai Branch,Current,96757.18,81773.48
2,2841,Chennai Branch,Savings,377701.26,152114.27
3,3968,Chennai Branch,Savings,1730894.93,149401.01
4,218,Ahmedabad Branch,Current,1696502.47,16609.37
5,4955,Chennai Branch,Current,1005286.28,27056.02
6,1185,Delhi Central Branch,Loan,1705895.63,167299.26
7,3024,Chennai Branch,Savings,1183467.06,241107.91
8,3155,Chennai Branch,Savings,1207891.32,148674.42
9,3682,Mumbai Main Branch,Savings,1225748.76,253730.2
10,2933,Mumbai Main Branch,Loan,953938.52,230309.66
11,4640,Delhi Central Branch,Current,66589.93,105487.17
12,2990,Kolkata Branch,Current,1844738.86,193642.67
13,3962,Delhi Central Branch,Savings,1811749.09,97106.21
14,3255,Kolkata Branch,Current,229193.08,51519.56
15,4995,Ahmedabad Branch,Savings,98136.6,198260.19
16,2465,Bangalore Branch,Current,377117.64,254663.07
17,1380,Mumbai Main Branch,Loan,1722893.34,114996.38
18,834,Ahmedabad Branch,Loan,602604.5,262246.79
19,4826,Chennai Branch,Savings,766417.66,204681.85
20,4311,Pune Branch,Savings,572613.25,177325.82
21,101,Delhi Central Branch,Loan,884617.1,110157.93
22,1779,Delhi Central Branch,Loan,1727977.95,244377.55
23,2153,Kolkata Branch,Loan,1964626.31,50001.83
24,1899,Ahmedabad Branch,Loan,1950370.41,250444.16
25,1920,Bangalore Branch,Current,545748.01,153676.06
26,996,Delhi Central Branch,Current,1434478.89,76684.86
27,3747,Mumbai Main Branch,Savings,1369019.02,136865.98
28,3075,Bangalore Branch,Savings,1395633.63,25262.16
29,3894,Mumbai Main Branch,Loan,493315.18,99049.31
30,317,Hyderabad Branch,Current,411981.53,5141.65
31,4019,Pune Branch,Loan,1445912.13,74185.55
32,3231,Pune Branch,Current,992815.57,17075.43
33,1048,Pune Branch,Loan,964488.69,84624.79
34,1915,Mumbai Main Branch,Current,730221.91,170762.46
35,4338,Mumbai Main Branch,Savings,1176160.2,142256.03
36,259,Kolkata Branch,Savings,860688.74,266497.9
37,3487,Kolkata Branch,Savings,224306.97,83467.87
38,642,Delhi Central Branch,Savings,842020.83,188987.14
39,2262,Delhi Central Branch,Savings,623388.14,64883.22
40,3931,Ahmedabad Branch,Current,964014.69,26902.71
41,4149,Hyderabad Branch,Savings,161976.54,227256.27
42,3876,Ahmedabad Branch,Current,1938309.4,112206.0
43,2838,Bangalore Branch,Loan,1711561.55,93702.73
44,2798,Hyderabad Branch,Current,248763.07,75122.35
45,138,Kolkata Branch,Loan,1979358.71,12026.14
46,2761,Pune Branch,Savings,205132.88,78341.09
47,3876,Bangalore Branch,Savings,595579.39,159841.99
48,2925,Pune Branch,Loan,821133.26,102045.18
49,257,Pune Branch,Savings,452660.06,195200.14
50,4850,Bangalore Branch,Current,318354.3,195261.42
51,2886,Chennai Branch,Loan,1286902.17,254274.62
52,595,Ahmedabad Branch,Current,454345.95,253649.09
53,2662,Chennai Branch,Current,1456487.43,111895.69
54,4805,Hyderabad Branch,Current,1322190.62,14267.94
55,469,Kolkata Branch,Current,288954.86,113904.23
56,908,Bangalore Branch,Savings,1403868.66,202348.78
57,271,Ahmedabad Branch,Savings,232848.92,52643.25
58,4729,Hyderabad Branch,Savings,1623645.67,29223.14
59,1477,Chennai Branch,Loan,364903.71,173530.58
60,342,Bangalore Branch,Savings,804798.37,175561.77
61,593,Delhi Central Branch,Loan,1924516.98,205573.06
62,3595,Pune Branch,Loan,1480289.88,4007.11
63,2175,Pune Branch,Savings,1478473.96,74179.89
64,2254,Mumbai Main Branch,Current,1570922.98,281212.01
65,2258,Bangalore Branch,Loan,1023542.61,114177.58
66,1507,Mumbai Main Branch,Savings,940242.2,286630.44
67,780,Kolkata Branch,Current,147181.91,42237.98
68,2791,Delhi Central Branch,Loan,878929.98,238705.67
69,371,Pune Branch,Savings,792524.2,271934.61
70,4352,Pune Branch,Loan,239793.95,143632.11
71,1297,Bangalore Branch,Current,734399.57,17999.84
72,2271,Mumbai Main Branch,Loan,681415.01,111546.4
73,2912,Ahmedabad Branch,Savings,898945.9,167247.82
74,4175,Bangalore Branch,Current,1973169.55,242803.57
75,4461,Pune Branch,Savings,1970668.86,182569.28
76,249,Bangalore Branch,Loan,322123.51,288361.77
77,569,Mumbai Main Branch,Savings,682780.22,48147.66
78,4300,Chennai Branch,Current,99637.91,4708.94
79,4803,Delhi Central Branch,Current,63845.51,137552.85
80,2901,Bangalore Branch,Current,1090742.82,70521.42
81,1805,Hyderabad Branch,Loan,1891476.06,99033.96
82,483,Hyderabad Branch,Loan,1385015.75,50904.58
83,1405,Mumbai Main Branch,Current,1773654.13,6032.86
84,554,Hyderabad Branch,Savings,75142.81,141414.64
85,2739,Pune Branch,Loan,1797439.85,177829.64
86,3694,Ahmedabad Branch,Loan,753668.16,181735.99
87,596,Ahmedabad Branch,Loan,936524.51,181614.71
88,4134,Hyderabad Branch,Loan,1560446.86,159098.47
89,3062,Bangalore Branch,Savings,590455.46,115062.5
90,3064,Mumbai Main Branch,Current,1367717.01,110013.04
91,3236,Delhi Central Branch,Loan,271004.72,106639.42
92,4190,Hyderabad Branch,Savings,1389776.93,19320.27
93,4935,Chennai Branch,Savings,1466467.17,238700.68
94,2199,Bangalore Branch,Savings,1269499.51,8958.71
95,4231,Chennai Branch,Loan,1096824.51,125598.99
96,4917,Kolkata Branch,Current,353231.69,271775.29
97,4594,Hyderabad Branch,Savings,1682665.3,229980.8
98,2613,Bangalore Branch,Current,1689930.57,68383.15
99,350,Bangalore Branch,Savings,671124.35,220586.47
100,4285,Chennai Branch,Current,882329.51,29534.52
101,4210,Chennai Branch,Savings,1603651.14,288208.81
102,3171,Bangalore Branch,Loan,1574412.31,59034.94
103,3248,Mumbai Main Branch,Loan,448228.58,290727.39
104,2642,Mumbai Main Branch,Savings,114896.53,137170.95
105,2764,Kolkata Branch,Loan,1900129.62,74149.04
106,4974,Pune Branch,Current,1892627.08,225304.21
107,4047,Ahmedabad Branch,Current,601084.02,171619.76
108,759,Delhi Central Branch,Loan,509705.93,72697.43
109,1444,Hyderabad Branch,Current,473173.96,125399.17
110,2028,Pune Branch,Current,1533066.37,91287.75
111,4341,Pune Branch,Current,1719868.95,185875.51
112,3485,Kolkata Branch,Savings,745658.16,136253.43
113,771,Bangalore Branch,Savings,1094066.14,233787.12
114,1566,Chennai Branch,Savings,787458.53,76739.14
115,2634,Chennai Branch,Savings,1699763.1,220849.16
116,2559,Delhi Central Branch,Current,268141.21,110528.17
117,3372,Hyderabad Branch,Current,1273489.67,253706.04
118,3954,Bangalore Branch,Current,1905142.06,19666.91
119,1903,Delhi Central Branch,Savings,69518.48,218253.15
120,2983,Hyderabad Branch,Current,1727909.79,297432.3
121,1974,Pune Branch,Savings,1904114.45,139793.56
122,339,Kolkata Branch,Savings,1355814.37,65685.57
123,2444,Ahmedabad Branch,Current,1862251.94,98502.88
124,689,Mumbai Main Branch,Current,1400692.33,132713.2
125,3972,Mumbai Main Branch,Current,1052167.16,165592.33
126,816,Kolkata Branch,Current,1513975.1,250227.98
127,1948,Hyderabad Branch,Savings,1441497.94,112063.96
128,257,Ahmedabad Branch,Loan,1346378.84,160680.66
129,1204,Pune Branch,Current,1855692.4,190718.37
130,700,Kolkata Branch,Loan,1119061.85,204358.58
131,3833,Mumbai Main Branch,Current,527879.09,77645.71
132,4922,Ahmedabad Branch,Current,1203386.11,157154.02
133,4148,Chennai Branch,Current,1075261.51,49317.57
134,4428,Delhi Central Branch,Loan,1195091.99,156247.77
135,1646,Bangalore Branch,Current,560581.11,94292.95
136,3042,Bangalore Branch,Loan,1234531.89,225089.87
137,344,Mumbai Main Branch,Current,1045379.05,197458.98
138,3326,Bangalore Branch,Loan,150614.78,85941.77
139,1559,Kolkata Branch,Current,1236485.38,171167.9
140,4587,Ahmedabad Branch,Loan,1613803.84,162692.39
141,2497,Chennai Branch,Savings,1472162.52,67691.98
142,1400,Pune Branch,Savings,1108063.08,156711.08
143,3899,Ahmedabad Branch,Savings,1459957.89,18231.85
144,3528,Chennai Branch,Loan,278046.63,230817.36
145,1965,Chennai Branch,Savings,1005979.18,15402.03
146,4332,Delhi Central Branch,Savings,1891060.32,91089.72
147,2512,Kolkata Branch,Savings,1662255.96,234729.29
148,1010,Mumbai Main Branch,Savings,1578058.47,299648.78
149,827,Kolkata Branch,Savings,1800098.11,243267.15
150,2290,Hyderabad Branch,Current,1575528.48,288236.59
151,4966,Kolkata Branch,Loan,1001662.0,207513.15
152,3671,Ahmedabad Branch,Loan,458247.78,170926.11
153,3024,Hyderabad Branch,Current,1731049.85,183910.08
154,4675,Pune Branch,Savings,1016176.59,200454.96
155,2165,Bangalore Branch,Current,495681.54,199044.26
156,4843,Ahmedabad Branch,Loan,190164.95,132274.65
157,3785,Kolkata Branch,Savings,201039.14,273658.34
158,4104,Chennai Branch,Loan,498277.35,277659.87
159,4785,Bangalore Branch,Savings,1341431.7,7258.95
160,4628,Delhi Central Branch,Savings,835440.88,197323.39
161,935,Delhi Central Branch,Loan,470271.3,215196.63
162,801,Bangalore Branch,Current,175889.79,114227.09
163,1528,Delhi Central Branch,Savings,1412602.23,262146.8
164,3121,Ahmedabad Branch,Savings,1495126.37,190649.79
165,2268,Hyderabad Branch,Current,1137737.72,243124.59
166,2667,Ahmedabad Branch,Loan,1733810.79,190833.01
167,3188,Ahmedabad Branch,Loan,249236.73,202865.93
168,2353,Kolkata Branch,Savings,1579450.33,90554.64
169,3628,Kolkata Branch,Loan,926215.97,11703.08
170,428,Bangalore Branch,Savings,279479.23,173886.44
171,2435,Pune Branch,Current,87717.45,18333.56
172,2665,Kolkata Branch,Loan,713668.68,209715.72
173,4061,Chennai Branch,Current,866550.81,160381.25
174,812,Bangalore Branch,Savings,1239772.07,289443.56
175,2240,Hyderabad Branch,Savings,1376225.8,260279.44
176,619,Kolkata Branch,Current,716665.9,167827.26
177,4762,Mumbai Main Branch,Savings,1584985.81,273136.5
178,2700,Delhi Central Branch,Savings,264409.97,114716.52
179,4490,Pune Branch,Current,467245.51,195679.42
180,4327,Mumbai Main Branch,Loan,715790.25,161976.14
181,4847,Delhi Central Branch,Current,697519.85,250661.23
182,3224,Pune Branch,Savings,19345.52,27601.35
183,4687,Ahmedabad Branch,Current,1135213.95,102309.5
184,2999,Kolkata Branch,Savings,1719202.63,130644.49
185,348,Kolkata Branch,Current,986826.19,193880.91
186,1014,Kolkata Branch,Loan,942352.89,67969.05
187,2080,Ahmedabad Branch,Current,1365533.77,12040.12
188,1571,Mumbai Main Branch,Current,1051228.66,234026.34
189,1248,Mumbai Main Branch,Current,822469.0,283120.44
190,1822,Hyderabad Branch,Loan,686422.28,83226.17
191,3051,Mumbai Main Branch,Savings,1259845.67,270654.82
192,260,Bangalore Branch,Savings,1340989.49,91692.59
193,4623,Ahmedabad Branch,Savings,1662754.36,163809.02
194,4398,Bangalore Branch,Savings,568479.92,66294.15
195,2383,Ahmedabad Branch,Savings,1067645.84,145927.11
196,4039,Kolkata Branch,Loan,744976.49,169593.1
197,2566,Kolkata Branch,Savings,815361.48,289495.39
198,2072,Pune Branch,Loan,668993.59,270445.36
199,653,Hyderabad Branch,Current,25070.61,84692.51
200,910,Mumbai Main Branch,Current,1514040.7,10747.57
201,420,Pune Branch,Savings,1757868.18,234157.36
202,3968,Bangalore Branch,Current,1725133.14,229110.12
203,2055,Chennai Branch,Current,456882.59,115041.7
204,4104,Kolkata Branch,Loan,919959.4,66052.98
205,217,Pune Branch,Savings,133296.67,131419.86
206,3956,Ahmedabad Branch,Current,1076328.97,58787.79
207,4152,Pune Branch,Loan,663840.77,265898.81
208,1304,Ahmedabad Branch,Current,727680.55,57288.03
209,2628,Kolkata Branch,Loan,128566.07,278329.06
210,797,Hyderabad Branch,Current,575789.55,114653.1
211,2977,Hyderabad Branch,Loan,997160.65,142577.52
212,1087,Delhi Central Branch,Current,240066.26,72665.25
213,2831,Pune Branch,Current,1379220.43,53391.12
214,4286,Pune Branch,Current,290596.8,90163.46
215,2493,Chennai Branch,Current,1393173.2,128170.18
216,4728,Mumbai Main Branch,Savings,1012199.84,45058.41
217,4054,Pune Branch,Current,1317151.83,273748.1
218,343,Chennai Branch,Current,548873.85,240989.9
219,4931,Pune Branch,Loan,290135.54,108748.06
220,2621,Bangalore Branch,Loan,1350837.46,279500.11
221,2011,Bangalore Branch,Current,1528506.3,135552.59
222,3780,Pune Branch,Current,798648.2,242037.84
223,2322,Delhi Central Branch,Current,1296821.52,298598.39
224,124,Mumbai Main Branch,Current,1861148.62,273056.51
225,3385,Delhi Central Branch,Savings,1124197.61,188420.1
226,1845,Mumbai Main Branch,Loan,558295.52,207172.74
227,3172,Kolkata Branch,Loan,161417.64,93903.3
228,629,Mumbai Main Branch,Savings,1593733.42,97630.5
229,1692,Pune Branch,Current,1688919.44,141246.18
230,2319,Ahmedabad Branch,Savings,1170973.66,68971.36
231,4485,Delhi Central Branch,Loan,594909.85,232017.18
232,3572,Mumbai Main Branch,Loan,1401404.09,42284.56
233,2402,Ahmedabad Branch,Loan,1289263.92,293951.41
234,1174,Hyderabad Branch,Savings,142446.81,133867.56
235,1737,Bangalore Branch,Current,648226.61,216912.54
236,3992,Hyderabad Branch,Loan,1208817.62,119767.5
237,4011,Bangalore Branch,Savings,222917.86,264889.76
238,2201,Chennai Branch,Loan,648530.49,76081.35
239,3987,Delhi Central Branch,Current,61645.56,274559.82
240,3050,Mumbai Main Branch,Savings,516843.43,112505.41
241,4480,Chennai Branch,Current,570817.07,25641.24
242,4181,Pune Branch,Savings,1912199.46,183581.4
243,3383,Pune Branch,Savings,78554.52,231866.22
244,4225,Ahmedabad Branch,Loan,913625.33,199707.49
245,4022,Pune Branch,Savings,362560.36,92899.57
246,4253,Mumbai Main Branch,Loan,304112.84,8564.64
247,3718,Kolkata Branch,Savings,1274766.78,240875.57
248,3095,Hyderabad Branch,Current,1991163.58,100524.89
249,2488,Ahmedabad Branch,Loan,1473480.02,86896.88
250,2031,Chennai Branch,Loan,1748777.49,214892.84
251,3916,Pune Branch,Current,538674.35,278205.89
252,4490,Hyderabad Branch,Current,1760466.61,275868.96
253,1301,Bangalore Branch,Loan,879167.84,227859.99
254,1815,Delhi Central Branch,Loan,1364010.87,111101.98
255,4676,Bangalore Branch,Loan,1958543.44,154110.23
256,4433,Bangalore Branch,Current,1561100.72,135128.02
257,4932,Mumbai Main Branch,Savings,989558.01,69352.6
258,2115,Mumbai Main Branch,Loan,538900.9,293321.34
259,3269,Pune Branch,Savings,1482903.32,195739.05
260,2555,Hyderabad Branch,Savings,1091637.48,291514.0
261,1865,Ahmedabad Branch,Savings,1775596.5,278209.28
262,2113,Kolkata Branch,Current,1801704.85,8494.19
263,2246,Hyderabad Branch,Loan,542956.61,235846.46
264,1047,Pune Branch,Loan,538464.72,96931.72
265,1348,Kolkata Branch,Current,1695986.51,284318.65
266,3654,Hyderabad Branch,Savings,449511.51,220533.97
267,2631,Delhi Central Branch,Current,1179643.19,284619.31
268,217,Pune Branch,Current,624575.48,204990.62
269,2902,Pune Branch,Current,1128719.82,275704.25
270,2941,Kolkata Branch,Savings,1339428.97,168841.4
271,278,Pune Branch,Loan,702835.75,278830.42
272,4344,Mumbai Main Branch,Savings,1977924.33,125602.93
273,3262,Bangalore Branch,Current,1490871.64,17756.57
274,228,Kolkata Branch,Loan,1043799.58,67098.01
275,2036,Kolkata Branch,Current,112801.7,104676.1
276,3218,Chennai Branch,Current,349910.22,210448.96
277,1048,Delhi Central Branch,Current,859117.39,292268.84
278,1857,Chennai Branch,Savings,389829.4,229811.89
279,3535,Mumbai Main Branch,Savings,1494862.78,47268.63
280,1698,Bangalore Branch,Loan,102971.19,257744.51
281,789,Hyderabad Branch,Savings,1153288.19,229468.23
282,1218,Kolkata Branch,Current,1394493.31,205619.71
283,3501,Mumbai Main Branch,Current,1080410.07,215745.12
284,4732,Ahmedabad Branch,Loan,984632.38,45592.01
285,4462,Chennai Branch,Loan,792700.31,47441.86
286,4948,Mumbai Main Branch,Loan,1194654.81,2516.27
287,2528,Delhi Central Branch,Savings,441576.35,69176.5
288,4608,Kolkata Branch,Savings,1017937.79,7466.53
289,4987,Pune Branch,Loan,1197600.83,210890.4
290,727,Chennai Branch,Loan,60740.28,258985.85
291,1446,Kolkata Branch,Savings,531897.92,86594.67
292,3823,Bangalore Branch,Savings,1981897.66,170138.64
293,4881,Chennai Branch,Savings,1679196.3,203120.95
294,896,Kolkata Branch,Loan,1611209.75,38216.37
295,689,Delhi Central Branch,Savings,174624.96,85241.99
296,551,Pune Branch,Savings,691955.87,166534.21
297,565,Pune Branch,Loan,566455.41,242670.48
298,494,Bangalore Branch,Loan,1705034.78,25298.82
299,1228,Hyderabad Branch,Current,839785.43,7863.09
300,414,Delhi Central Branch,Savings,625565.84,277427.79
301,3578,Hyderabad Branch,Current,1323612.13,222189.16
302,2868,Mumbai Main Branch,Current,1866428.44,236419.22
303,653,Mumbai Main Branch,Loan,172870.27,48940.19
304,3160,Chennai Branch,Savings,991967.17,39372.37
305,3499,Chennai Branch,Loan,1836048.5,93868.36
306,3665,Delhi Central Branch,Current,717603.09,280594.45
307,3053,Bangalore Branch,Savings,1208778.1,47354.45
308,2430,Delhi Central Branch,Savings,1349591.57,237050.02
309,2935,Kolkata Branch,Savings,61540.41,16160.51
310,2592,Delhi Central Branch,Savings,1495018.3,183459.25
311,3244,Hyderabad Branch,Current,1858451.86,239496.74
312,4503,Bangalore Branch,Savings,1465837.58,23493.84
313,3833,Mumbai Main Branch,Savings,1902702.5,164807.89
314,478,Mumbai Main Branch,Loan,242969.37,107331.08
315,1751,Chennai Branch,Savings,1253447.0,96265.89
316,471,Mumbai Main Branch,Loan,693650.36,44155.86
317,2217,Kolkata Branch,Loan,1699287.07,105547.2
318,2216,Kolkata Branch,Savings,960501.96,282723.06
319,4725,Pune Branch,Current,1595060.27,227466.84
320,3887,Bangalore Branch,Savings,1341711.88,93807.47
321,3753,Ahmedabad Branch,Loan,235582.47,200547.68
322,992,Kolkata Branch,Loan,998323.39,66772.87
323,1291,Ahmedabad Branch,Loan,49387.1,30498.45
324,1858,Ahmedabad Branch,Loan,1148738.15,95861.29
325,562,Hyderabad Branch,Savings,750861.43,10885.53
326,3698,Ahmedabad Branch,Current,561540.01,182297.09
327,1270,Pune Branch,Savings,1516106.81,294611.26
328,218,Chennai Branch,Loan,1129646.57,63277.2
329,331,Mumbai Main Branch,Loan,1080670.72,276350.29
330,2752,Hyderabad Branch,Savings,311967.95,127014.87
331,1057,Bangalore Branch,Current,448587.73,207490.47
332,2270,Chennai Branch,Current,960439.02,91837.31
333,4716,Pune Branch,Current,603002.15,166935.6
334,1540,Kolkata Branch,Current,446189.75,256586.01
335,3642,Chennai Branch,Current,1087364.48,10706.31
336,2654,Kolkata Branch,Current,1388475.41,43564.08
337,1798,Hyderabad Branch,Current,1470491.57,271103.58
338,3359,Kolkata Branch,Loan,687422.6,195256.09
339,1726,Bangalore Branch,Current,941975.06,298691.52
340,3562,Mumbai Main Branch,Loan,454883.57,32698.01
341,3816,Chennai Branch,Savings,1609777.7,33767.29
342,3165,Kolkata Branch,Savings,512096.36,62318.09
343,4622,Ahmedabad Branch,Loan,445761.61,193469.2
344,3648,Hyderabad Branch,Loan,1079098.37,70437.95
345,887,Ahmedabad Branch,Loan,151087.68,42878.58
346,1131,Ahmedabad Branch,Current,1998988.24,222662.08
347,1723,Mumbai Main Branch,Loan,333937.09,83050.17
348,2831,Delhi Central Branch,Current,1952813.75,273177.26
349,4447,Mumbai Main Branch,Current,641289.65,281841.25
350,2107,Ahmedabad Branch,Current,89160.3,66812.88
351,2486,Kolkata Branch,Savings,718060.73,119074.55
352,4520,Ahmedabad Branch,Savings,609778.57,182228.77
353,4721,Delhi Central Branch,Loan,442096.98,220632.07
354,223,Chennai Branch,Loan,1243497.3,226877.54
355,465,Delhi Central Branch,Loan,1805933.16,135572.91
356,2392,Chennai Branch,Current,88310.37,290536.76
357,2423,Kolkata Branch,Current,1598068.1,244763.5
358,1840,Chennai Branch,Savings,360343.17,3818.22
359,834,Ahmedabad Branch,Loan,1389031.15,26853.01
360,3675,Bangalore Branch,Loan,190268.93,18379.56
361,2289,Pune Branch,Current,1834519.38,211183.42
362,4694,Chennai Branch,Loan,1523098.3,273578.21
363,3584,Hyderabad Branch,Savings,1615939.96,269218.36
364,3968,Ahmedabad Branch,Savings,1701423.92,113035.68
365,3140,Ahmedabad Branch,Current,1197555.8,273000.99
366,2738,Pune Branch,Current,562621.39,282983.07
367,3470,Mumbai Main Branch,Loan,754394.61,272456.67
368,536,Bangalore Branch,Current,739103.1,285941.23
369,1401,Hyderabad Branch,Current,195416.63,212187.28
370,1516,Mumbai Main Branch,Loan,1245825.92,54302.2
371,4619,Pune Branch,Loan,1387815.78,256925.22
372,4138,Hyderabad Branch,Savings,1729497.44,32369.05
373,1128,Ahmedabad Branch,Savings,1856377.85,186838.02
374,3884,Ahmedabad Branch,Savings,1060798.07,19275.05
375,3621,Pune Branch,Loan,1080421.28,283106.9
376,1318,Ahmedabad Branch,Current,200113.33,122128.96
377,1796,Hyderabad Branch,Savings,330109.88,248490.65
378,2724,Ahmedabad Branch,Current,1895522.61,182146.66
379,4870,Pune Branch,Savings,7267.76,252574.22
380,4650,Ahmedabad Branch,Current,1429307.76,195213.7
381,3536,Chennai Branch,Current,1539775.42,73973.78
382,3259,Pune Branch,Current,753533.44,156824.43
383,4114,Hyderabad Branch,Savings,652239.84,34349.09
384,2342,Bangalore Branch,Current,1686483.58,25880.84
385,794,Delhi Central Branch,Savings,1684825.42,125146.96
386,4162,Ahmedabad Branch,Savings,472964.38,161039.09
387,2996,Ahmedabad Branch,Loan,1739746.3,248483.27
388,3828,Ahmedabad Branch,Savings,1722285.24,53560.9
389,818,Hyderabad Branch,Loan,28081.75,130867.92
390,3620,Kolkata Branch,Current,1282621.43,42510.82
391,888,Chennai Branch,Loan,1503522.25,51803.96
392,2234,Ahmedabad Branch,Current,1926938.49,134832.17
393,3521,Pune Branch,Loan,856346.85,109772.46
394,4814,Bangalore Branch,Savings,533303.99,107960.45
395,2216,Chennai Branch,Current,1399371.49,181466.67
396,2955,Bangalore Branch,Savings,336650.68,172182.63
397,2410,Chennai Branch,Savings,1696004.8,75151.77
398,3009,Bangalore Branch,Loan,1148851.55,146203.4
399,2012,Pune Branch,Savings,1402098.34,273250.1
400,2854,Mumbai Main Branch,Savings,45601.36,265191.99
401,3373,Chennai Branch,Current,1118440.79,240174.89
402,4628,Pune Branch,Current,1553389.68,25340.88
403,1050,Mumbai Main Branch,Current,1326751.3,61388.08
404,3251,Chennai Branch,Savings,98688.11,142823.57
405,2026,Chennai Branch,Savings,1277098.89,93837.55
406,4432,Hyderabad Branch,Savings,1861474.97,42257.87
407,208,Pune Branch,Current,640640.71,108490.2
408,2031,Bangalore Branch,Current,1413512.63,10556.32
409,565,Ahmedabad Branch,Current,393325.25,265499.87
410,26,Mumbai Main Branch,Savings,473122.7,173684.37
411,3532,Mumbai Main Branch,Current,1754665.01,239054.1
412,2439,Delhi Central Branch,Current,287300.39,97197.07
413,11,Ahmedabad Branch,Current,643142.85,160603.43
414,1176,Chennai Branch,Loan,1660001.52,154470.65
415,1362,Bangalore Branch,Savings,1103042.63,168389.02
416,2217,Hyderabad Branch,Loan,325147.01,218255.26
417,4248,Ahmedabad Branch,Current,671362.56,6543.51
418,4295,Delhi Central Branch,Savings,1607388.6,118827.94
419,349,Hyderabad Branch,Savings,699198.15,191184.61
420,3341,Pune Branch,Loan,388449.24,1347.05
421,2235,Kolkata Branch,Savings,905026.55,102878.52
422,2659,Delhi Central Branch,Savings,1733237.68,91723.37
423,1463,Pune Branch,Current,1721461.61,250823.94
424,4651,Bangalore Branch,Savings,1180482.8,228563.69
425,2616,Mumbai Main Branch,Savings,724118.31,156716.62
426,634,Mumbai Main Branch,Loan,545115.65,293289.2
427,4908,Chennai Branch,Current,85339.28,101554.84
428,167,Kolkata Branch,Loan,1641618.52,114341.76
429,442,Hyderabad Branch,Savings,1355812.04,16237.54
430,2711,Hyderabad Branch,Current,901252.85,169617.89
431,2578,Hyderabad Branch,Loan,97982.68,50081.02
432,3824,Mumbai Main Branch,Savings,1344183.01,288411.39
433,2345,Ahmedabad Branch,Current,1624977.36,230827.93
434,3113,Pune Branch,Current,1909264.15,157831.41
435,942,Hyderabad Branch,Savings,1785788.93,15881.03
436,4488,Delhi Central Branch,Savings,1127501.37,295031.44
437,1742,Delhi Central Branch,Loan,255636.53,216473.59
438,1442,Pune Branch,Current,897900.63,98538.47
439,3555,Mumbai Main Branch,Current,914784.37,170018.67
440,3220,Pune Branch,Current,15826.05,257371.06
441,3210,Kolkata Branch,Loan,1552860.67,182053.92
442,2491,Ahmedabad Branch,Loan,1232598.69,85249.83
443,2077,Kolkata Branch,Loan,1014568.52,220160.37
444,3430,Mumbai Main Branch,Loan,961343.4,258470.39
445,561,Chennai Branch,Loan,330325.25,255891.61
446,4608,Mumbai Main Branch,Loan,1069753.81,289477.72
447,4737,Ahmedabad Branch,Savings,298616.5,259527.43
448,1559,Delhi Central Branch,Current,413042.92,282678.16
449,2353,Ahmedabad Branch,Savings,1092147.91,183430.69
450,1572,Chennai Branch,Current,1830549.85,170251.88
451,4785,Hyderabad Branch,Savings,1486840.36,54340.15
452,4291,Chennai Branch,Savings,1229418.37,69630.46
453,2651,Mumbai Main Branch,Savings,1377978.81,168832.27
454,1536,Chennai Branch,Savings,1054507.27,33553.63
455,2465,Hyderabad Branch,Loan,352285.29,165966.46
456,4674,Chennai Branch,Current,759440.5,297227.2
457,6,Bangalore Branch,Current,1788940.03,190803.15
458,3932,Chennai Branch,Loan,1419946.86,8624.44
459,4603,Ahmedabad Branch,Loan,1122342.04,50890.85
460,2355,Bangalore Branch,Savings,1925502.35,192634.96
461,4504,Mumbai Main Branch,Savings,614204.22,243528.59
462,1151,Kolkata Branch,Current,518544.83,241731.4
463,3590,Bangalore Branch,Current,1891646.97,65786.56
464,4220,Delhi Central Branch,Current,1591487.67,78294.74
465,1554,Hyderabad Branch,Savings,542911.75,193830.72
466,4830,Bangalore Branch,Current,1665992.55,16270.37
467,666,Delhi Central Branch,Loan,1975284.54,87580.46
468,2491,Delhi Central Branch,Loan,1456893.51,186147.44
469,2141,Mumbai Main Branch,Savings,519781.65,208176.76
470,3437,Bangalore Branch,Savings,1619181.58,76783.04
471,3091,Pune Branch,Current,703763.69,175544.08
472,2854,Ahmedabad Branch,Current,810526.65,4014.04
473,3016,Delhi Central Branch,Loan,1661880.74,13686.27
474,3009,Bangalore Branch,Current,643088.25,249559.27
475,52,Chennai Branch,Current,38581.81,255630.57
476,666,Bangalore Branch,Savings,503575.76,102510.48
477,4007,Hyderabad Branch,Current,1380677.69,213256.06
478,3279,Ahmedabad Branch,Current,1169265.85,169572.76
479,4792,Chennai Branch,Loan,308820.16,66310.45
480,138,Mumbai Main Branch,Savings,52849.4,83475.3
481,1014,Bangalore Branch,Loan,723549.96,294349.81
482,2102,Ahmedabad Branch,Current,1534823.27,66714.81
483,22,Hyderabad Branch,Loan,55041.13,88794.27
484,3508,Bangalore Branch,Current,662054.5,155654.5
485,1069,Kolkata Branch,Current,796030.07,107238.04
486,4849,Chennai Branch,Savings,1427750.46,274105.35
487,1398,Ahmedabad Branch,Savings,1023031.86,258532.77
488,1415,Delhi Central Branch,Loan,1257488.16,122269.59
489,3110,Ahmedabad Branch,Loan,1726243.21,191471.88
490,3155,Chennai Branch,Current,1169513.9,282450.37
491,4191,Mumbai Main Branch,Savings,1661743.53,54382.11
492,3284,Pune Branch,Loan,718264.73,196406.11
493,3234,Kolkata Branch,Savings,752810.86,54783.92
494,1331,Kolkata Branch,Savings,1458105.52,93478.64
495,4885,Ahmedabad Branch,Current,1826564.19,287645.75
496,532,Chennai Branch,Savings,1485998.73,203685.19
497,4569,Bangalore Branch,Current,1582832.41,171298.16
498,240,Chennai Branch,Savings,570465.17,72053.35
499,2799,Hyderabad Branch,Current,492231.07,126160.17
500,1417,Hyderabad Branch,Loan,938899.24,296567.04
501,4291,Hyderabad Branch,Loan,1188395.68,85917.29
502,2681,Delhi Central Branch,Savings,1737447.19,230859.08
503,2422,Ahmedabad Branch,Savings,494310.13,34983.39
504,4935,Ahmedabad Branch,Current,1567619.77,137272.01
505,3914,Hyderabad Branch,Loan,210785.08,202540.34
506,4512,Chennai Branch,Savings,1366736.78,101598.71
507,1314,Hyderabad Branch,Loan,52685.98,271714.49
508,2272,Hyderabad Branch,Loan,746011.1,183447.51
509,504,Kolkata Branch,Loan,840720.94,120076.99
510,2886,Chennai Branch,Current,677670.68,21350.56
511,3624,Delhi Central Branch,Savings,347605.19,98621.47
512,4538,Chennai Branch,Current,1553415.52,178411.03
513,1742,Hyderabad Branch,Current,1605690.05,119604.19
514,1499,Kolkata Branch,Savings,1139074.56,257651.13
515,4507,Bangalore Branch,Savings,1308657.93,291410.23
516,3118,Hyderabad Branch,Loan,1238714.2,176231.12
517,3262,Bangalore Branch,Savings,377317.48,232557.51
518,1672,Hyderabad Branch,Savings,771388.04,7148.64
519,2764,Chennai Branch,Current,1081928.96,198908.18
520,1655,Ahmedabad Branch,Loan,1133164.78,29988.66
521,1898,Mumbai Main Branch,Loan,1380790.23,199479.83
522,3179,Mumbai Main Branch,Current,1640499.24,210079.27
523,1366,Ahmedabad Branch,Loan,1871728.71,277936.55
524,3517,Pune Branch,Loan,238746.41,203637.25
525,2218,Pune Branch,Loan,1638046.15,291834.16
526,4958,Mumbai Main Branch,Current,716379.81,134862.73
527,4102,Pune Branch,Savings,1221185.56,135878.76
528,734,Delhi Central Branch,Loan,1230024.13,35788.44
529,3139,Chennai Branch,Current,1079482.45,40503.36
530,1628,Mumbai Main Branch,Savings,1831514.5,276086.51
531,2043,Delhi Central Branch,Current,1173010.44,231111.41
532,4427,Ahmedabad Branch,Current,638008.96,247644.95
533,2778,Delhi Central Branch,Loan,1670109.69,217335.32
534,4676,Delhi Central Branch,Savings,1455510.0,69354.98
535,2464,Mumbai Main Branch,Savings,301788.96,50484.14
536,3548,Hyderabad Branch,Loan,731832.38,46872.92
537,4419,Chennai Branch,Savings,1565407.41,190817.15
538,4118,Kolkata Branch,Savings,102649.7,167098.27
539,2607,Hyderabad Branch,Savings,1924460.21,184784.29
540,2824,Ahmedabad Branch,Savings,1701434.87,241046.87
541,1794,Pune Branch,Savings,1312222.21,272897.32
542,1417,Pune Branch,Loan,1203913.95,113637.74
543,1231,Hyderabad Branch,Savings,708173.83,149604.59
544,778,Pune Branch,Savings,1534296.68,17874.37
545,820,Bangalore Branch,Loan,1831779.22,74121.32
546,3541,Bangalore Branch,Current,590696.94,295417.56
547,2991,Mumbai Main Branch,Loan,1202238.9,208266.76
548,2394,Pune Branch,Savings,1854634.66,147846.08
549,4067,Delhi Central Branch,Current,545154.02,5742.58
550,4561,Ahmedabad Branch,Current,1542137.43,120475.7
551,2645,Delhi Central Branch,Current,1838309.21,87595.37
552,4859,Ahmedabad Branch,Savings,773699.43,50752.41
553,2746,Delhi Central Branch,Loan,1312424.17,148284.06
554,2224,Mumbai Main Branch,Loan,1709677.75,295338.7
555,605,Mumbai Main Branch,Savings,531964.62,167626.91
556,3489,Bangalore Branch,Current,889821.36,89850.9
557,4651,Bangalore Branch,Savings,1796532.73,189265.12
558,3560,Mumbai Main Branch,Loan,1642505.5,150106.37
559,64,Mumbai Main Branch,Loan,1428715.27,233548.34
560,3164,Mumbai Main Branch,Savings,1522339.08,236870.57
561,924,Delhi Central Branch,Current,380839.88,21933.4
562,2083,Ahmedabad Branch,Current,651996.09,236415.32
563,2063,Chennai Branch,Loan,1201473.84,202775.46
564,418,Hyderabad Branch,Current,1630087.82,189749.48
565,3868,Ahmedabad Branch,Loan,1784266.52,221530.71
566,844,Pune Branch,Current,202838.69,3998.75
567,895,Pune Branch,Current,487354.68,126764.05
568,4882,Chennai Branch,Current,1618005.96,159561.0
569,3037,Ahmedabad Branch,Savings,77269.19,250132.02
570,3841,Mumbai Main Branch,Loan,1148109.38,275503.23
571,4491,Bangalore Branch,Savings,1112082.82,90030.6
572,334,Chennai Branch,Loan,444341.62,141092.99
573,3565,Kolkata Branch,Loan,961464.46,164442.6
574,1532,Delhi Central Branch,Current,942032.82,266877.12
575,2526,Kolkata Branch,Loan,685042.41,236401.1
576,3662,Bangalore Branch,Current,391916.8,40969.85
577,4661,Bangalore Branch,Savings,1652982.91,137524.26
578,4035,Delhi Central Branch,Current,296881.79,266691.56
579,3494,Kolkata Branch,Loan,963240.75,89165.06
580,1345,Delhi Central Branch,Current,545480.55,179026.81
581,1375,Chennai Branch,Current,218485.44,80696.0
582,4775,Pune Branch,Current,37951.14,86098.94
583,4843,Bangalore Branch,Loan,1095731.9,145622.32
584,2485,Chennai Branch,Savings,272156.02,20307.43
585,381,Pune Branch,Current,1160121.55,204604.88
586,3272,Hyderabad Branch,Savings,1199103.81,61770.46
587,1992,Kolkata Branch,Loan,1515304.13,94271.03
588,2097,Pune Branch,Savings,201921.98,30094.64
589,3573,Ahmedabad Branch,Savings,470930.14,69855.61
590,1940,Bangalore Branch,Current,244484.38,129559.55
591,1025,Chennai Branch,Savings,1524338.96,187244.86
592,3999,Mumbai Main Branch,Savings,452025.85,241475.98
593,2168,Hyderabad Branch,Loan,141560.48,26110.98
594,1746,Mumbai Main Branch,Current,1873319.13,1310.93
595,1539,Pune Branch,Current,311358.13,48944.88
596,1244,Kolkata Branch,Loan,956376.82,237539.49
597,341,Delhi Central Branch,Loan,847745.17,41040.78
598,324,Delhi Central Branch,Savings,1486999.52,39276.37
599,2567,Kolkata Branch,Current,35704.63,111694.18
600,3650,Ahmedabad Branch,Loan,453216.63,253608.62
601,3170,Pune Branch,Savings,468327.34,264959.95
602,2304,Delhi Central Branch,Loan,1991663.41,41551.84
603,1895,Chennai Branch,Loan,1594164.64,116874.12
604,3977,Hyderabad Branch,Savings,1375850.32,84312.04
605,556,Chennai Branch,Current,1800204.34,112210.38
606,1260,Ahmedabad Branch,Loan,1858869.98,166438.83
607,2539,Chennai Branch,Current,1870487.67,102624.26
608,1273,Chennai Branch,Loan,1736015.05,57737.48
609,2714,Pune Branch,Current,1311576.53,269713.68
610,4970,Delhi Central Branch,Loan,1558497.06,116665.33
611,406,Chennai Branch,Savings,97562.79,207314.96
612,3527,Pune Branch,Current,1294499.64,50482.97
613,3553,Chennai Branch,Savings,935354.68,11782.47
614,3319,Delhi Central Branch,Current,1006344.92,178329.15
615,4638,Ahmedabad Branch,Savings,1569724.05,70964.26
616,4791,Kolkata Branch,Savings,1942941.02,268754.09
617,4824,Hyderabad Branch,Loan,213549.41,222916.53
618,2829,Hyderabad Branch,Current,112266.18,235172.95
619,472,Ahmedabad Branch,Savings,811825.98,62182.55
620,3165,Delhi Central Branch,Loan,9990.19,295353.82
621,3799,Pune Branch,Savings,1902886.02,226129.97
622,1515,Hyderabad Branch,Loan,1287329.38,258121.64
623,1843,Pune Branch,Current,591263.3,287506.15
624,3927,Pune Branch,Loan,1526218.43,211338.08
625,1686,Ahmedabad Branch,Savings,1761275.37,178107.75
626,3635,Pune Branch,Current,1487404.16,239842.27
627,378,Hyderabad Branch,Savings,572830.88,159588.51
628,1387,Hyderabad Branch,Savings,1976562.41,245492.51
629,1737,Hyderabad Branch,Loan,738778.74,181573.99
630,2125,Hyderabad Branch,Savings,597688.15,242312.73
631,2918,Mumbai Main Branch,Current,515840.64,8645.04
632,4215,Kolkata Branch,Loan,1992006.16,49355.83
633,1531,Ahmedabad Branch,Current,1925495.7,61641.59
634,4152,Mumbai Main Branch,Loan,57326.43,18998.83
635,222,Hyderabad Branch,Current,747554.18,299438.39
636,4710,Mumbai Main Branch,Current,814121.76,10898.54
637,669,Kolkata Branch,Loan,186827.96,4991.86
638,1042,Bangalore Branch,Loan,1515233.83,254647.59
639,55,Mumbai Main Branch,Savings,1432583.76,149886.39
640,316,Ahmedabad Branch,Savings,449580.73,24848.2
641,4341,Chennai Branch,Savings,1081046.59,4209.3
642,120,Bangalore Branch,Loan,1747632.35,231856.66
643,154,Ahmedabad Branch,Current,797083.12,256579.14
644,1442,Kolkata Branch,Loan,190999.14,261066.06
645,4115,Chennai Branch,Current,340669.31,267109.21
646,625,Kolkata Branch,Savings,1853609.39,28125.24
647,3052,Mumbai Main Branch,Current,1323044.39,160149.32
648,4458,Kolkata Branch,Current,1461744.77,13369.65
649,3533,Ahmedabad Branch,Loan,352979.8,3814.59
650,3962,Delhi Central Branch,Savings,1587040.67,173209.13
651,1186,Mumbai Main Branch,Loan,316049.45,192368.99
652,3070,Mumbai Main Branch,Loan,1220682.47,86454.0
653,4406,Kolkata Branch,Loan,1486481.74,115463.51
654,1770,Chennai Branch,Current,1933864.01,286361.37
655,1512,Delhi Central Branch,Savings,1044753.19,217688.81
656,1418,Mumbai Main Branch,Savings,1713146.35,267696.92
657,4780,Bangalore Branch,Current,1381726.11,3614.86
658,2522,Bangalore Branch,Current,1846960.08,176880.39
659,820,Hyderabad Branch,Savings,152376.38,204159.86
660,24,Pune Branch,Current,1045752.04,248902.34
661,391,Mumbai Main Branch,Current,852025.62,197344.38
662,474,Delhi Central Branch,Loan,1982987.54,22396.06
663,1914,Bangalore Branch,Current,1872348.81,245470.36
664,3788,Ahmedabad Branch,Savings,249321.5,107436.12
665,305,Kolkata Branch,Savings,1822041.64,26786.5
666,4490,Ahmedabad Branch,Savings,965275.1,275518.93
667,3285,Pune Branch,Current,1649277.15,142673.52
668,4364,Hyderabad Branch,Loan,1355498.81,82938.75
669,4163,Delhi Central Branch,Loan,92121.74,129031.43
670,2577,Pune Branch,Current,483504.67,125001.42
671,1601,Hyderabad Branch,Savings,666266.53,210633.04
672,3046,Bangalore Branch,Current,734760.65,256460.93
673,992,Mumbai Main Branch,Current,1303094.37,238160.45
674,1137,Delhi Central Branch,Current,577178.18,141167.11
675,1551,Delhi Central Branch,Savings,1228683.85,15791.53
676,4630,Kolkata Branch,Loan,1514174.12,44910.57
677,4003,Ahmedabad Branch,Loan,1946545.29,227195.59
678,191,Ahmedabad Branch,Current,1300041.12,151973.97
679,4601,Chennai Branch,Current,759308.32,253218.51
680,218,Ahmedabad Branch,Savings,166291.65,51453.26
681,3638,Ahmedabad Branch,Savings,263817.82,236759.25
682,3637,Bangalore Branch,Savings,1504803.13,221752.94
683,2085,Kolkata Branch,Current,773956.93,61989.09
684,2021,Delhi Central Branch,Current,1239083.1,296079.26
685,3370,Hyderabad Branch,Savings,1773483.87,81698.35
686,3049,Chennai Branch,Current,1414640.9,105014.41
687,4680,Bangalore Branch,Savings,278019.61,155766.54
688,2756,Mumbai Main Branch,Loan,445149.23,63485.65
689,4665,Hyderabad Branch,Current,1258683.82,287080.69
690,3379,Kolkata Branch,Loan,991293.55,185526.35
691,3912,Kolkata Branch,Savings,87348.77,163508.21
692,2509,Pune Branch,Savings,852172.05,205369.27
693,3920,Bangalore Branch,Loan,619416.18,122116.94
694,3506,Hyderabad Branch,Current,1900843.76,23561.49
695,340,Kolkata Branch,Savings,866276.11,159823.32
696,3074,Ahmedabad Branch,Loan,1852909.34,33006.49
697,2808,Ahmedabad Branch,Loan,251329.04,244816.6
698,1141,Ahmedabad Branch,Savings,651682.22,259300.84
699,1116,Bangalore Branch,Current,977504.97,80675.58
700,4849,Mumbai Main Branch,Loan,1430692.55,162546.91
701,960,Ahmedabad Branch,Loan,106825.59,22217.06
702,579,Chennai Branch,Current,1589500.25,52107.12
703,4764,Chennai Branch,Current,1997870.53,11302.91
704,4047,Ahmedabad Branch,Current,288229.49,127987.42
705,3395,Mumbai Main Branch,Current,133847.96,129417.5
706,1466,Ahmedabad Branch,Savings,1841223.85,142931.67
707,2167,Hyderabad Branch,Loan,1238187.81,51137.69
708,817,Bangalore Branch,Savings,1586564.55,291655.26
709,114,Pune Branch,Current,1443231.05,185185.08
710,3541,Mumbai Main Branch,Current,464791.83,243311.21
711,3745,Ahmedabad Branch,Savings,789497.74,61937.98
712,4086,Kolkata Branch,Savings,1685395.22,59560.13
713,468,Bangalore Branch,Loan,400165.87,18801.17
714,4210,Ahmedabad Branch,Savings,25978.85,281657.75
715,2463,Kolkata Branch,Loan,1069378.06,258082.01
716,2137,Bangalore Branch,Savings,1413865.75,290143.85
717,2327,Mumbai Main Branch,Savings,186686.85,229117.26
718,2647,Chennai Branch,Savings,1543715.42,90063.33
719,4681,Pune Branch,Loan,459868.79,6298.67
720,3719,Hyderabad Branch,Current,355861.45,55814.31
721,1691,Ahmedabad Branch,Loan,1880102.62,155641.28
722,4771,Ahmedabad Branch,Current,790724.99,41327.87
723,3566,Chennai Branch,Loan,9905.19,261712.89
724,4788,Bangalore Branch,Loan,1080518.84,46558.12
725,3998,Delhi Central Branch,Current,1723702.8,176604.17
726,3760,Mumbai Main Branch,Current,1761383.77,212312.52
727,4903,Delhi Central Branch,Current,608831.15,166161.45
728,655,Chennai Branch,Loan,1579148.16,34002.4
729,3203,Hyderabad Branch,Current,1002442.36,93738.13
730,3237,Delhi Central Branch,Savings,684420.96,163236.5
731,2905,Hyderabad Branch,Loan,1472542.49,264114.98
732,1529,Mumbai Main Branch,Current,971458.47,118332.96
733,4404,Bangalore Branch,Current,374954.41,24351.33
734,534,Delhi Central Branch,Current,797808.03,241257.06
735,2659,Bangalore Branch,Savings,121978.98,215001.05
736,308,Delhi Central Branch,Savings,1500287.8,3551.47
737,1140,Pune Branch,Current,1061030.9,209011.3
738,678,Kolkata Branch,Loan,587656.15,236046.67
739,3375,Delhi Central Branch,Current,1602141.33,89164.85
740,3658,Mumbai Main Branch,Current,1250285.77,77464.86
741,4120,Kolkata Branch,Current,721831.42,228946.65
742,2964,Kolkata Branch,Loan,1678130.36,117176.85
743,1115,Mumbai Main Branch,Loan,1228805.16,59138.2
744,4038,Delhi Central Branch,Loan,976106.79,279602.62
745,3288,Hyderabad Branch,Current,51267.44,204181.22
746,138,Hyderabad Branch,Loan,207509.06,189713.81
747,2679,Hyderabad Branch,Savings,785500.28,257450.7
748,2347,Bangalore Branch,Loan,1032724.86,126507.42
749,4415,Kolkata Branch,Current,48708.2,207603.65
750,4423,Hyderabad Branch,Savings,1903443.47,43493.75
751,1516,Mumbai Main Branch,Savings,794795.57,84526.11
752,1023,Delhi Central Branch,Loan,1227321.43,85889.87
753,1926,Chennai Branch,Current,1044244.49,185662.31
754,4576,Pune Branch,Loan,1931472.26,14273.46
755,4770,Hyderabad Branch,Loan,661595.2,164219.6
756,4262,Pune Branch,Current,1479983.48,38323.52
757,3711,Chennai Branch,Loan,277452.5,51885.11
758,1302,Chennai Branch,Savings,1559123.72,22164.91
759,4721,Bangalore Branch,Loan,534292.85,219996.51
760,3346,Chennai Branch,Savings,1184852.03,210763.66
761,2310,Ahmedabad Branch,Savings,1632658.07,52102.88
762,468,Mumbai Main Branch,Current,527253.45,138526.23
763,2894,Pune Branch,Savings,1509269.2,18669.16
764,3667,Kolkata Branch,Savings,1504038.8,160833.65
765,2630,Ahmedabad Branch,Loan,603474.04,278449.07
766,1970,Hyderabad Branch,Current,1884601.52,239647.18
767,4664,Mumbai Main Branch,Loan,832564.1,103865.44
768,51,Mumbai Main Branch,Current,1381496.06,112547.76
769,1967,Hyderabad Branch,Savings,1937240.18,84199.05
770,1504,Kolkata Branch,Savings,882419.02,283102.39
771,1686,Chennai Branch,Current,112362.96,42099.72
772,4144,Kolkata Branch,Current,1965992.4,182945.51
773,3565,Kolkata Branch,Savings,1878984.65,153156.92
774,1326,Delhi Central Branch,Current,225018.43,86217.47
775,4161,Chennai Branch,Loan,1493620.78,163061.14
776,1988,Pune Branch,Savings,1619091.81,231639.84
777,4856,Bangalore Branch,Loan,641324.69,79820.39
778,2467,Pune Branch,Current,1439820.49,280527.03
779,1845,Ahmedabad Branch,Savings,1209462.93,139204.25
780,2088,Kolkata Branch,Current,422548.53,186243.96
781,1844,Hyderabad Branch,Current,692805.8,237247.85
782,1168,Delhi Central Branch,Loan,173894.05,179249.07
783,4594,Delhi Central Branch,Loan,1794206.13,70508.76
784,2940,Chennai Branch,Loan,600472.83,45580.15
785,3562,Hyderabad Branch,Savings,1366862.38,282127.42
786,2806,Kolkata Branch,Savings,911844.58,136699.29
787,1724,Mumbai Main Branch,Loan,1858874.03,101796.99
788,629,Pune Branch,Savings,1103511.87,38718.75
789,2115,Mumbai Main Branch,Loan,1554593.3,24773.93
790,4907,Kolkata Branch,Savings,793432.54,111801.09
791,3030,Kolkata Branch,Current,363231.94,135359.77
792,313,Chennai Branch,Current,1292074.33,28968.81
793,767,Delhi Central Branch,Loan,1331394.47,219193.67
794,473,Hyderabad Branch,Savings,1844356.85,138284.17
795,2874,Pune Branch,Savings,1618981.64,175923.13
796,4356,Kolkata Branch,Loan,276379.11,168783.51
797,2471,Delhi Central Branch,Loan,1976274.05,9558.76
798,4705,Chennai Branch,Current,1326099.76,231893.21
799,3131,Chennai Branch,Savings,538094.09,71288.03
800,2917,Pune Branch,Current,848706.34,89387.19
801,341,Ahmedabad Branch,Loan,967099.41,137361.53
802,584,Mumbai Main Branch,Savings,1512809.67,254031.26
803,1425,Kolkata Branch,Loan,1910165.02,127272.64
804,2771,Mumbai Main Branch,Loan,1506984.09,119843.87
805,1650,Ahmedabad Branch,Current,842021.59,93777.1
806,1359,Pune Branch,Current,1517780.6,2320.78
807,2285,Ahmedabad Branch,Current,400183.75,270821.95
808,4067,Pune Branch,Savings,1700271.47,180887.15
809,134,Hyderabad Branch,Savings,1536878.99,66139.41
810,843,Bangalore Branch,Savings,677975.36,6112.82
811,65,Kolkata Branch,Current,1416188.25,295187.2
812,592,Chennai Branch,Savings,117941.26,226930.07
813,2410,Hyderabad Branch,Loan,659653.69,222598.44
814,538,Chennai Branch,Savings,1061327.85,248486.87
815,2635,Pune Branch,Savings,1308305.21,287490.67
816,2656,Mumbai Main Branch,Savings,1716294.2,254718.77
817,4374,Chennai Branch,Loan,734663.64,178345.02
818,3236,Mumbai Main Branch,Loan,1982168.52,78550.11
819,755,Chennai Branch,Loan,1151279.07,20334.79
820,3437,Chennai Branch,Loan,1901501.29,149533.36
821,997,Mumbai Main Branch,Loan,419068.14,124764.76
822,1738,Bangalore Branch,Current,1789367.33,138252.98
823,837,Pune Branch,Current,244832.15,163794.38
824,638,Hyderabad Branch,Loan,1597054.51,195843.3
825,53,Chennai Branch,Loan,1488560.16,12313.16
826,2400,Kolkata Branch,Current,1090526.52,83242.52
827,2107,Hyderabad Branch,Savings,1066939.79,97726.69
828,4088,Hyderabad Branch,Loan,883213.61,140464.55
829,4564,Chennai Branch,Loan,458286.16,157237.38
830,1500,Hyderabad Branch,Savings,901039.16,136960.21
831,3001,Bangalore Branch,Current,1266702.35,287088.37
832,1083,Delhi Central Branch,Loan,1471700.35,129305.13
833,2947,Ahmedabad Branch,Current,1113457.83,278213.86
834,1674,Delhi Central Branch,Loan,1350656.12,22875.41
835,1881,Delhi Central Branch,Savings,338921.77,295610.07
836,3650,Ahmedabad Branch,Savings,1700347.22,138123.42
837,918,Chennai Branch,Current,1487397.79,166585.42
838,2409,Kolkata Branch,Savings,1759982.56,37997.22
839,1391,Delhi Central Branch,Savings,766462.29,213946.2
840,1890,Kolkata Branch,Loan,991420.4,200297.46
841,1458,Bangalore Branch,Savings,380762.93,204414.7
842,1638,Bangalore Branch,Current,25246.54,191236.45
843,1431,Kolkata Branch,Savings,299366.9,146161.36
844,909,Ahmedabad Branch,Loan,720500.54,285564.04
845,4580,Chennai Branch,Savings,1165209.38,114347.15
846,329,Delhi Central Branch,Loan,163248.47,53642.5
847,4347,Pune Branch,Current,161386.48,189679.49
848,304,Pune Branch,Loan,591217.25,236561.99
849,4497,Chennai Branch,Current,169242.41,273454.75
850,1755,Delhi Central Branch,Current,773701.46,273267.49
851,173,Mumbai Main Branch,Current,728895.04,133643.86
852,2398,Mumbai Main Branch,Loan,1495488.96,221898.85
853,2441,Bangalore Branch,Savings,1728170.46,32350.98
854,2298,Hyderabad Branch,Loan,1401531.74,206894.65
855,2518,Ahmedabad Branch,Current,858238.9,290029.63
856,2556,Hyderabad Branch,Loan,1482705.46,8066.46
857,4541,Ahmedabad Branch,Savings,1920196.95,287744.59
858,3154,Mumbai Main Branch,Savings,1482704.71,286849.64
859,348,Mumbai Main Branch,Loan,1757781.46,137422.04
860,1604,Hyderabad Branch,Loan,1400064.04,256689.27
861,578,Bangalore Branch,Loan,1420126.39,212521.84
862,1817,Ahmedabad Branch,Loan,1850883.6,42248.92
863,4669,Chennai Branch,Savings,1547180.14,167197.67
864,3048,Pune Branch,Current,1019994.09,88471.38
865,4534,Hyderabad Branch,Current,1138245.06,115597.64
866,1109,Bangalore Branch,Current,974880.36,44364.74
867,578,Mumbai Main Branch,Loan,364602.53,81991.11
868,3565,Hyderabad Branch,Savings,1682266.94,88824.73
869,3207,Chennai Branch,Loan,419667.24,208777.66
870,1742,Bangalore Branch,Savings,90889.84,91067.35
871,3814,Bangalore Branch,Loan,317712.24,1525.85
872,4795,Pune Branch,Current,1900846.14,161025.0
873,1557,Ahmedabad Branch,Current,1777059.64,23375.17
874,280,Pune Branch,Loan,1510107.55,268997.86
875,1623,Hyderabad Branch,Current,1182321.46,234125.15
876,875,Delhi Central Branch,Current,66734.6,115010.05
877,3029,Mumbai Main Branch,Savings,1460966.56,83668.59
878,804,Ahmedabad Branch,Current,1167538.49,95556.91
879,2129,Mumbai Main Branch,Savings,1226663.21,288982.19
880,1652,Kolkata Branch,Current,1320291.15,299597.04
881,4970,Mumbai Main Branch,Loan,441919.48,230956.33
882,212,Ahmedabad Branch,Current,1398945.06,277928.12
883,2653,Pune Branch,Current,1375734.38,85024.23
884,1145,Hyderabad Branch,Loan,1222145.24,125730.47
885,2987,Mumbai Main Branch,Loan,289586.62,206902.4
886,1625,Hyderabad Branch,Loan,1299700.37,137088.23
887,513,Mumbai Main Branch,Savings,55845.0,256645.92
888,1061,Pune Branch,Loan,1625866.94,41719.11
889,1074,Hyderabad Branch,Savings,356716.77,180032.63
890,4462,Hyderabad Branch,Loan,1920729.09,197261.03
891,3326,Delhi Central Branch,Savings,1145144.41,82384.08
892,4039,Ahmedabad Branch,Current,1977411.22,73006.72
893,3249,Bangalore Branch,Loan,177831.31,8649.65
894,4822,Bangalore Branch,Savings,1318557.96,269103.8
895,3394,Ahmedabad Branch,Loan,923301.23,49602.05
896,3371,Mumbai Main Branch,Current,1440033.28,188201.71
897,4729,Kolkata Branch,Savings,1976111.74,92682.78
898,4482,Delhi Central Branch,Loan,1610727.94,110013.42
899,3924,Ahmedabad Branch,Loan,1022575.5,174675.2
900,4409,Ahmedabad Branch,Loan,5670.76,173337.14
901,1526,Pune Branch,Savings,299569.34,154229.85
902,2632,Delhi Central Branch,Savings,1511874.42,135315.96
903,4324,Bangalore Branch,Loan,1888942.57,29442.13
904,2051,Mumbai Main Branch,Loan,1838568.65,4386.08
905,1058,Kolkata Branch,Loan,68297.99,221209.29
906,4607,Chennai Branch,Loan,69365.71,152121.06
907,2451,Bangalore Branch,Loan,875954.74,189743.67
908,3705,Kolkata Branch,Loan,103582.8,13019.63
909,1192,Kolkata Branch,Savings,1953934.96,283569.28
910,1497,Kolkata Branch,Current,1723217.43,168786.07
911,3008,Bangalore Branch,Loan,1144107.64,161353.67
912,3558,Chennai Branch,Current,667723.08,254742.07
913,513,Ahmedabad Branch,Current,827823.31,263140.02
914,4611,Hyderabad Branch,Loan,217505.3,102078.22
915,2679,Hyderabad Branch,Loan,650182.04,81496.34
916,62,Chennai Branch,Savings,1929736.23,109240.66
917,1448,Delhi Central Branch,Savings,1270233.68,241711.93
918,3124,Mumbai Main Branch,Savings,1163203.14,4214.89
919,3467,Ahmedabad Branch,Savings,927672.89,259948.82
920,1729,Ahmedabad Branch,Current,1002133.46,197225.36
921,1871,Mumbai Main Branch,Current,1820242.55,291012.77
922,4237,Chennai Branch,Current,1487638.93,203774.55
923,473,Chennai Branch,Savings,667702.57,286086.81
924,1909,Chennai Branch,Savings,1855983.93,171623.37
925,1143,Mumbai Main Branch,Current,1044668.84,77184.12
926,1399,Bangalore Branch,Current,1345360.77,143157.95
927,2260,Ahmedabad Branch,Current,503208.55,51533.28
928,1229,Chennai Branch,Current,1693060.29,158054.1
929,1763,Hyderabad Branch,Loan,1536565.25,63571.68
930,4855,Delhi Central Branch,Savings,1211311.47,226491.53
931,3959,Bangalore Branch,Loan,1240939.33,143346.44
932,3713,Pune Branch,Current,315429.86,193484.97
933,3611,Ahmedabad Branch,Loan,664445.99,71759.69
934,3033,Bangalore Branch,Current,592208.7,107600.88
935,512,Ahmedabad Branch,Current,1682219.36,126858.85
936,400,Kolkata Branch,Loan,378108.88,27633.25
937,696,Delhi Central Branch,Loan,1456371.82,44043.71
938,1490,Chennai Branch,Loan,1533127.59,166928.11
939,4512,Kolkata Branch,Savings,603057.22,268916.09
940,3508,Pune Branch,Loan,1526752.75,117003.92
941,543,Bangalore Branch,Savings,983909.06,61792.55
942,1133,Delhi Central Branch,Loan,1758035.4,241025.13
943,1639,Bangalore Branch,Loan,1299452.18,158202.59
944,1806,Mumbai Main Branch,Current,995052.05,233693.87
945,4846,Kolkata Branch,Loan,896920.18,177693.2
946,1276,Bangalore Branch,Current,1544397.41,17658.53
947,2657,Mumbai Main Branch,Savings,1516867.88,115560.68
948,491,Delhi Central Branch,Savings,1939148.4,207188.47
949,800,Ahmedabad Branch,Current,75914.2,215933.45
950,46,Pune Branch,Loan,931647.35,108643.63
951,2997,Kolkata Branch,Loan,1718552.39,190687.72
952,1698,Delhi Central Branch,Savings,1458782.0,29700.55
953,2353,Delhi Central Branch,Savings,1696007.81,238654.5
954,2593,Bangalore Branch,Savings,183017.31,184424.42
955,1815,Hyderabad Branch,Savings,239279.4,183265.25
956,2481,Ahmedabad Branch,Loan,1673755.04,81198.52
957,1587,Pune Branch,Current,921277.52,239235.96
958,4130,Ahmedabad Branch,Current,1269312.32,116803.47
959,4496,Bangalore Branch,Savings,322350.26,281913.66
960,1264,Hyderabad Branch,Loan,759296.97,280173.4
961,4321,Ahmedabad Branch,Loan,678280.74,229083.99
962,2646,Ahmedabad Branch,Savings,746216.19,45960.51
963,4698,Hyderabad Branch,Savings,653866.54,270343.15
964,158,Bangalore Branch,Savings,78677.41,184121.76
965,1266,Pune Branch,Savings,1715880.27,262025.38
966,2835,Mumbai Main Branch,Current,37148.55,226539.95
967,2048,Chennai Branch,Loan,1204294.55,241477.81
968,1081,Hyderabad Branch,Savings,808767.33,10380.27
969,561,Ahmedabad Branch,Loan,1812843.06,49638.66
970,4101,Delhi Central Branch,Savings,496014.01,87595.48
971,1973,Mumbai Main Branch,Current,1392696.06,52196.78
972,3888,Kolkata Branch,Loan,1808143.08,30322.85
973,4871,Ahmedabad Branch,Current,297594.16,185158.16
974,1726,Kolkata Branch,Loan,1027463.5,24260.96
975,4530,Bangalore Branch,Savings,336128.17,46333.76
976,1447,Kolkata Branch,Savings,1996819.74,148110.86
977,1649,Pune Branch,Current,1730399.56,142591.95
978,2661,Delhi Central Branch,Current,35762.32,78871.67
979,1897,Pune Branch,Loan,1907987.47,159782.11
980,3974,Delhi Central Branch,Loan,1553968.4,30641.35
981,3242,Bangalore Branch,Savings,629331.61,41886.84
982,1523,Hyderabad Branch,Loan,77047.6,127150.81
983,3518,Pune Branch,Loan,1086405.34,292260.11
984,3230,Kolkata Branch,Savings,1733241.02,199103.61
985,216,Ahmedabad Branch,Savings,626790.72,151075.08
986,426,Delhi Central Branch,Current,218804.32,194923.5
987,1147,Mumbai Main Branch,Loan,1133213.57,95712.48
988,2033,Hyderabad Branch,Current,773368.66,199339.89
989,1370,Kolkata Branch,Current,202818.83,164357.0
990,2312,Kolkata Branch,Current,74179.56,224207.76
991,2491,Pune Branch,Savings,1675345.71,22474.37
992,2516,Hyderabad Branch,Savings,1330301.0,203025.94
993,3288,Mumbai Main Branch,Loan,410487.53,256789.86
994,2345,Bangalore Branch,Loan,320318.56,238733.66
995,2379,Kolkata Branch,Loan,1236199.85,216550.98
996,3575,Kolkata Branch,Loan,239009.28,187324.83
997,2018,Chennai Branch,Savings,1158243.4,194050.47
998,532,Mumbai Main Branch,Current,651349.58,299818.62
999,2314,Hyderabad Branch,Current,1092254.98,42951.7
1000,1081,Ahmedabad Branch,Savings,1802841.58,263654.99
1001,2264,Kolkata Branch,Loan,1634745.15,186564.06
1002,4263,Kolkata Branch,Current,644947.03,50608.31
1003,247,Delhi Central Branch,Loan,58057.63,96076.92
1004,3830,Chennai Branch,Current,1188038.84,78688.56
1005,576,Chennai Branch,Current,416115.07,263749.81
1006,3924,Ahmedabad Branch,Current,789952.66,208568.46
1007,4044,Hyderabad Branch,Loan,1954421.76,159115.46
1008,4907,Mumbai Main Branch,Current,9649.47,23158.03
1009,672,Pune Branch,Current,1434828.77,221073.57
1010,1269,Bangalore Branch,Savings,720569.39,100992.96
1011,1364,Hyderabad Branch,Loan,48722.0,297916.41
1012,1795,Pune Branch,Current,266912.42,255180.83
1013,2911,Hyderabad Branch,Current,593384.76,297344.91
1014,2772,Delhi Central Branch,Savings,517673.15,113282.77
1015,1288,Chennai Branch,Current,605587.64,216929.47
1016,110,Hyderabad Branch,Savings,1969715.32,68479.16
1017,941,Delhi Central Branch,Savings,251688.91,292655.99
1018,2902,Pune Branch,Savings,1624436.57,258692.08
1019,2526,Ahmedabad Branch,Loan,1418972.89,87951.27
1020,4778,Kolkata Branch,Current,1477138.14,85474.77
1021,367,Hyderabad Branch,Loan,472646.93,250708.15
1022,4203,Mumbai Main Branch,Loan,1061863.02,297284.89
1023,1762,Delhi Central Branch,Savings,1427252.84,233421.7
1024,785,Bangalore Branch,Current,1932863.78,23303.88
1025,3573,Delhi Central Branch,Savings,1898301.93,215105.95
1026,1136,Hyderabad Branch,Current,1235260.83,282449.73
1027,1833,Hyderabad Branch,Loan,1265420.43,89935.7
1028,479,Chennai Branch,Current,468809.05,266256.48
1029,3088,Kolkata Branch,Loan,468843.86,7929.32
1030,59,Mumbai Main Branch,Savings,491370.52,53448.93
1031,784,Chennai Branch,Savings,938628.4,164813.24
1032,1532,Pune Branch,Loan,1658818.11,221885.5
1033,2488,Ahmedabad Branch,Loan,1615325.64,189988.06
1034,1527,Pune Branch,Current,781659.68,63154.51
1035,4291,Pune Branch,Savings,47523.34,24164.01
1036,565,Mumbai Main Branch,Savings,1273451.49,210231.05
1037,3815,Hyderabad Branch,Savings,256415.28,234543.35
1038,631,Delhi Central Branch,Current,97721.63,223868.14
1039,1378,Kolkata Branch,Current,1085981.68,162484.54
1040,3372,Chennai Branch,Loan,249698.48,200674.0
1041,2635,Hyderabad Branch,Loan,1646630.49,216530.6
1042,4580,Chennai Branch,Savings,976947.85,8820.0
1043,1356,Bangalore Branch,Savings,870940.72,199566.51
1044,4011,Bangalore Branch,Savings,1397850.83,248774.24
1045,3242,Pune Branch,Savings,1762005.68,83926.49
1046,870,Ahmedabad Branch,Loan,254803.24,236284.42
1047,2523,Ahmedabad Branch,Loan,1801959.42,273255.35
1048,77,Chennai Branch,Savings,1311493.31,292022.94
1049,1895,Delhi Central Branch,Current,1119906.83,180722.52
1050,1563,Ahmedabad Branch,Current,1581368.25,192954.97
1051,3765,Chennai Branch,Loan,1982695.71,131304.07
1052,3620,Pune Branch,Loan,1905799.59,232607.8
1053,2620,Chennai Branch,Current,1388959.44,30700.69
1054,2398,Mumbai Main Branch,Savings,1753991.99,43309.22
1055,3251,Kolkata Branch,Savings,122032.37,258318.49
1056,1776,Kolkata Branch,Loan,481316.51,128010.04
1057,3047,Mumbai Main Branch,Current,1174253.66,202492.92
1058,1344,Delhi Central Branch,Savings,1174558.21,201510.12
1059,621,Bangalore Branch,Savings,220375.61,6335.92
1060,4838,Ahmedabad Branch,Loan,280111.44,69729.46
1061,2115,Pune Branch,Current,1126678.29,224545.25
1062,4330,Ahmedabad Branch,Current,151303.73,144232.71
1063,4144,Hyderabad Branch,Current,1142998.05,235697.66
1064,632,Pune Branch,Savings,555107.69,256207.32
1065,3050,Pune Branch,Savings,277352.88,292872.16
1066,599,Mumbai Main Branch,Savings,311263.64,94647.86
1067,997,Ahmedabad Branch,Loan,1330817.35,165164.1
1068,1350,Delhi Central Branch,Savings,363666.03,254939.85
1069,4575,Mumbai Main Branch,Savings,1822178.85,183347.98
1070,880,Kolkata Branch,Current,238932.05,88940.83
1071,1830,Chennai Branch,Loan,788742.17,93588.91
1072,3269,Bangalore Branch,Savings,441637.86,113373.85
1073,3230,Mumbai Main Branch,Current,7076.23,271267.02
1074,3170,Chennai Branch,Current,802422.4,118903.91
1075,3132,Chennai Branch,Savings,598497.57,220339.7
1076,2311,Mumbai Main Branch,Savings,1651070.82,181297.85
1077,465,Pune Branch,Current,1633858.52,72282.98
1078,2691,Kolkata Branch,Current,200038.84,2346.74
1079,3129,Kolkata Branch,Loan,1025133.67,85107.57
1080,3797,Pune Branch,Savings,380026.23,141267.53
1081,3726,Pune Branch,Loan,1910434.95,124136.99
1082,2253,Kolkata Branch,Current,438331.5,87100.71
1083,3433,Chennai Branch,Savings,78500.21,249420.6
1084,580,Ahmedabad Branch,Current,767671.6,239280.84
1085,1666,Hyderabad Branch,Current,41793.96,70971.52
1086,399,Hyderabad Branch,Savings,1930934.26,256788.91
1087,1600,Chennai Branch,Current,202877.12,154560.78
1088,438,Ahmedabad Branch,Loan,984119.56,290390.57
1089,912,Chennai Branch,Loan,1350155.09,41153.79
1090,688,Hyderabad Branch,Current,1304251.51,91747.08
1091,3215,Ahmedabad Branch,Savings,1622614.04,89602.39
1092,3701,Mumbai Main Branch,Current,958496.28,212400.58
1093,1309,Hyderabad Branch,Loan,1423903.46,163488.79
1094,2588,Pune Branch,Loan,259174.25,130376.9
1095,270,Ahmedabad Branch,Loan,1182220.73,232337.74
1096,4805,Hyderabad Branch,Savings,263875.33,134615.73
1097,923,Mumbai Main Branch,Current,1619936.54,189638.98
1098,2179,Pune Branch,Savings,749639.53,268720.41
1099,1019,Pune Branch,Current,494669.26,43656.84
1100,4233,Ahmedabad Branch,Current,1318425.15,231183.91
1101,989,Delhi Central Branch,Loan,960130.34,82466.99
1102,4683,Delhi Central Branch,Savings,259203.26,36160.51
1103,1110,Bangalore Branch,Savings,1009852.05,93162.19
1104,1222,Delhi Central Branch,Savings,76238.71,247421.6
1105,28,Hyderabad Branch,Loan,1693283.36,257978.08
1106,3982,Bangalore Branch,Savings,1088196.29,25583.3
1107,4268,Bangalore Branch,Current,318815.95,189701.1
1108,4905,Pune Branch,Current,36461.85,277400.67
1109,3895,Ahmedabad Branch,Current,1979096.34,230056.24
1110,624,Pune Branch,Current,1151782.25,43748.0
1111,754,Kolkata Branch,Current,1208559.69,276146.74
1112,1094,Ahmedabad Branch,Savings,1863964.66,7075.99
1113,845,Chennai Branch,Current,995301.99,20871.89
1114,1637,Hyderabad Branch,Loan,918840.96,177483.02
1115,2151,Kolkata Branch,Savings,231642.68,42813.1
1116,1565,Hyderabad Branch,Current,694860.74,77807.75
1117,4876,Ahmedabad Branch,Current,380278.65,49378.02
1118,1384,Ahmedabad Branch,Loan,148352.16,281630.29
1119,1654,Kolkata Branch,Loan,1397973.81,245191.24
1120,1831,Ahmedabad Branch,Savings,1232195.66,143129.17
1121,3154,Ahmedabad Branch,Loan,1845432.94,266821.06
1122,2476,Pune Branch,Savings,118465.28,43118.05
1123,2798,Bangalore Branch,Savings,931467.74,59036.02
1124,1425,Pune Branch,Current,460002.33,11488.81
1125,499,Pune Branch,Loan,101141.38,216024.43
1126,1204,Bangalore Branch,Current,256868.98,273250.55
1127,3604,Pune Branch,Current,472748.0,150053.98
1128,1029,Pune Branch,Loan,477002.47,225488.36
1129,2039,Chennai Branch,Loan,569826.03,230161.53
1130,1368,Mumbai Main Branch,Current,1333503.28,146621.05
1131,4154,Hyderabad Branch,Current,1020655.01,51242.43
1132,3787,Kolkata Branch,Current,1706016.84,63394.84
1133,3942,Ahmedabad Branch,Loan,1122563.54,251905.32
1134,3834,Mumbai Main Branch,Loan,1020068.49,156745.99
1135,1421,Hyderabad Branch,Current,159661.73,238774.26
1136,3428,Ahmedabad Branch,Savings,9623.3,261863.23
1137,855,Kolkata Branch,Current,1399922.08,188873.05
1138,3570,Ahmedabad Branch,Loan,1235404.5,73892.52
1139,2970,Bangalore Branch,Savings,1880367.66,177285.81
1140,4329,Bangalore Branch,Current,1572564.34,51571.56
1141,4437,Mumbai Main Branch,Savings,1613509.04,255630.42
1142,957,Mumbai Main Branch,Savings,1530407.94,278584.54
1143,779,Hyderabad Branch,Savings,230788.78,8461.26
1144,3312,Delhi Central Branch,Savings,816301.65,156696.25
1145,4333,Pune Branch,Savings,1052942.58,80229.88
1146,2102,Hyderabad Branch,Loan,1902165.27,266525.21
1147,2823,Ahmedabad Branch,Loan,1235876.58,249472.11
1148,3954,Pune Branch,Loan,1751720.25,185858.06
1149,2228,Pune Branch,Current,1089552.01,119603.32
1150,1799,Pune Branch,Savings,1567287.48,94396.78
1151,1154,Bangalore Branch,Current,1991726.65,158744.25
1152,1656,Hyderabad Branch,Savings,14879.84,7470.16
1153,2502,Kolkata Branch,Savings,775988.47,32041.68
1154,4795,Delhi Central Branch,Loan,388132.42,165127.48
1155,1416,Bangalore Branch,Current,53575.14,160822.1
1156,2855,Ahmedabad Branch,Current,970426.29,95538.57
1157,2166,Hyderabad Branch,Savings,172511.12,283120.88
1158,320,Pune Branch,Current,1903651.01,189265.33
1159,277,Chennai Branch,Current,16540.58,263286.19
1160,2702,Chennai Branch,Loan,175003.86,136046.58
1161,3425,Pune Branch,Savings,1908610.11,277264.57
1162,3034,Bangalore Branch,Loan,807150.35,118609.83
1163,3983,Ahmedabad Branch,Savings,1546957.39,19642.39
1164,2537,Bangalore Branch,Current,78689.76,70505.31
1165,4211,Pune Branch,Current,181409.28,82222.63
1166,724,Pune Branch,Savings,1148140.69,57986.45
1167,3873,Delhi Central Branch,Savings,1581286.03,211437.11
1168,3257,Ahmedabad Branch,Loan,980699.35,176777.71
1169,3307,Chennai Branch,Loan,1449136.0,166554.02
1170,1415,Kolkata Branch,Current,1870700.74,129016.01
1171,2361,Pune Branch,Loan,1307812.05,167886.04
1172,3067,Ahmedabad Branch,Loan,1144173.34,135285.02
1173,2229,Mumbai Main Branch,Savings,1641611.67,28525.54
1174,2827,Kolkata Branch,Current,746078.03,122786.67
1175,3049,Ahmedabad Branch,Savings,1453091.98,107360.09
1176,1891,Delhi Central Branch,Loan,742743.08,144468.11
1177,2788,Pune Branch,Current,1199425.2,231307.83
1178,392,Pune Branch,Loan,1561361.46,205163.75
1179,2704,Delhi Central Branch,Current,1817534.13,221953.72
1180,3446,Hyderabad Branch,Loan,1058937.04,13837.31
1181,3775,Delhi Central Branch,Current,1529763.65,199851.4
1182,200,Mumbai Main Branch,Loan,1703212.05,272729.86
1183,4975,Ahmedabad Branch,Current,1047591.33,107818.7
1184,3481,Kolkata Branch,Loan,1110623.69,144089.68
1185,2488,Mumbai Main Branch,Loan,1539920.11,229806.62
1186,667,Hyderabad Branch,Loan,752755.36,210753.74
1187,4372,Pune Branch,Current,1690191.86,240289.3
1188,1512,Kolkata Branch,Loan,237952.39,239276.54
1189,4451,Mumbai Main Branch,Current,1220286.38,176379.0
1190,4438,Ahmedabad Branch,Savings,1919500.88,91500.41
1191,4275,Delhi Central Branch,Current,1382192.98,296406.16
1192,3291,Pune Branch,Current,1810514.55,224886.79
1193,3442,Pune Branch,Loan,1969630.07,92000.48
1194,2317,Bangalore Branch,Loan,1084033.56,40904.17
1195,1766,Pune Branch,Savings,196384.78,35516.22
1196,1103,Bangalore Branch,Current,1252639.86,142239.34
1197,3981,Hyderabad Branch,Savings,908441.53,29832.61
1198,4771,Bangalore Branch,Loan,361584.38,85561.05
1199,3984,Kolkata Branch,Loan,1946048.29,161992.83
1200,4984,Hyderabad Branch,Savings,349536.55,39608.86
1201,3654,Mumbai Main Branch,Savings,72410.71,123181.91
1202,3716,Chennai Branch,Current,1539022.28,185948.39
1203,3932,Kolkata Branch,Savings,410144.57,230009.46
1204,466,Pune Branch,Savings,846044.33,260116.56
1205,1073,Bangalore Branch,Savings,968376.43,292798.21
1206,119,Mumbai Main Branch,Current,1278484.4,18361.66
1207,4520,Hyderabad Branch,Savings,846025.99,297090.5
1208,3222,Kolkata Branch,Current,227347.16,248341.26
1209,615,Pune Branch,Current,463176.25,6804.16
1210,239,Ahmedabad Branch,Savings,757201.78,287783.23
1211,4368,Mumbai Main Branch,Savings,1555804.83,158815.59
1212,406,Pune Branch,Savings,1617179.32,233043.98
1213,3945,Hyderabad Branch,Current,1283678.59,150024.1
1214,173,Ahmedabad Branch,Current,1186682.99,216716.34
1215,3483,Chennai Branch,Loan,1875017.72,2012.78
1216,3719,Bangalore Branch,Current,1375703.7,77040.4
1217,1289,Pune Branch,Savings,563311.35,274182.78
1218,4443,Mumbai Main Branch,Savings,1970554.07,19117.3
1219,2563,Pune Branch,Loan,1552633.74,241316.38
1220,3012,Pune Branch,Loan,66375.05,244546.16
1221,3635,Delhi Central Branch,Loan,376976.8,31183.53
1222,1480,Pune Branch,Loan,861368.78,31525.01
1223,582,Hyderabad Branch,Loan,706471.49,79580.38
1224,20,Chennai Branch,Savings,336625.22,122060.82
1225,1663,Ahmedabad Branch,Loan,379459.77,39262.33
1226,531,Ahmedabad Branch,Savings,1482877.25,105858.64
1227,4310,Mumbai Main Branch,Savings,1165264.83,229507.01
1228,1614,Bangalore Branch,Current,1830496.59,100848.1
1229,2575,Ahmedabad Branch,Loan,979054.04,149984.62
1230,4591,Hyderabad Branch,Loan,451120.47,47615.46
1231,1836,Mumbai Main Branch,Current,1560251.61,106239.82
1232,1176,Mumbai Main Branch,Current,1403885.05,20530.07
1233,3360,Kolkata Branch,Loan,1615051.68,228399.4
1234,616,Chennai Branch,Current,1765037.77,228051.38
1235,3163,Bangalore Branch,Loan,758808.83,158972.8
1236,457,Pune Branch,Loan,1014510.58,40090.26
1237,2892,Ahmedabad Branch,Loan,1283160.57,220033.66
1238,2727,Ahmedabad Branch,Loan,559198.16,80615.74
1239,440,Bangalore Branch,Loan,1084506.54,141004.66
1240,2085,Mumbai Main Branch,Loan,388232.37,222591.27
1241,3332,Ahmedabad Branch,Current,113722.54,186327.78
1242,3112,Delhi Central Branch,Savings,1021942.43,234148.52
1243,3344,Delhi Central Branch,Current,652544.62,118333.89
1244,344,Ahmedabad Branch,Savings,1253403.45,205216.26
1245,4885,Bangalore Branch,Loan,1266298.52,76571.02
1246,594,Hyderabad Branch,Savings,428076.49,252332.31
1247,3542,Hyderabad Branch,Loan,1395609.77,49028.05
1248,4977,Bangalore Branch,Current,348404.78,20518.61
1249,3869,Mumbai Main Branch,Loan,669397.07,261247.97
1250,2089,Chennai Branch,Savings,757483.66,3954.83
1251,2348,Kolkata Branch,Current,1439875.4,8340.61
1252,752,Pune Branch,Savings,1123668.58,225716.12
1253,1683,Mumbai Main Branch,Loan,1005173.35,72336.3
1254,2281,Bangalore Branch,Savings,544614.67,218722.13
1255,2718,Mumbai Main Branch,Loan,1182779.95,267699.28
1256,3813,Kolkata Branch,Savings,1626282.92,137267.25
1257,4977,Ahmedabad Branch,Current,688830.41,85115.77
1258,4770,Bangalore Branch,Loan,1195149.52,53461.15
1259,2880,Ahmedabad Branch,Loan,765555.51,10458.45
1260,2648,Hyderabad Branch,Loan,812736.15,208891.89
1261,2120,Chennai Branch,Loan,257328.85,284317.38
1262,2102,Bangalore Branch,Savings,1772044.67,142795.15
1263,2443,Pune Branch,Loan,1722445.17,207024.47
1264,2523,Bangalore Branch,Savings,696998.86,14956.56
1265,4851,Hyderabad Branch,Loan,1003806.94,169944.73
1266,3249,Mumbai Main Branch,Loan,148561.46,103423.0
1267,3349,Bangalore Branch,Current,797163.46,134650.78
1268,4489,Chennai Branch,Current,243466.54,152408.54
1269,1496,Mumbai Main Branch,Savings,1740700.56,39993.47
1270,964,Mumbai Main Branch,Loan,1515689.73,190516.86
1271,4451,Pune Branch,Current,918337.58,60894.12
1272,100,Kolkata Branch,Loan,1122377.07,144944.93
1273,4973,Ahmedabad Branch,Loan,930435.43,64675.57
1274,4197,Mumbai Main Branch,Savings,1973893.39,227122.62
1275,1553,Chennai Branch,Savings,1662983.91,204310.79
1276,2070,Delhi Central Branch,Loan,1032077.06,248036.97
1277,3597,Hyderabad Branch,Loan,171587.65,76808.02
1278,4379,Kolkata Branch,Loan,1620460.82,238228.61
1279,2176,Pune Branch,Current,1738526.27,174746.13
1280,4441,Pune Branch,Savings,1118251.88,114501.61
1281,374,Pune Branch,Current,1005381.62,95551.93
1282,1306,Chennai Branch,Current,1055876.61,132061.95
1283,1108,Bangalore Branch,Loan,1604340.98,291593.2
1284,2794,Hyderabad Branch,Savings,1309040.85,280171.18
1285,30,Bangalore Branch,Current,739346.14,294713.18
1286,3530,Mumbai Main Branch,Loan,142518.58,273346.95
1287,3458,Hyderabad Branch,Current,1071078.88,224889.87
1288,3908,Pune Branch,Current,68560.35,116287.41
1289,1218,Kolkata Branch,Savings,793003.9,35626.31
1290,4054,Hyderabad Branch,Savings,1281765.02,163710.46
1291,41,Mumbai Main Branch,Loan,1655393.64,295547.21
1292,3836,Chennai Branch,Loan,1237251.1,55663.27
1293,2380,Bangalore Branch,Current,436398.16,73362.29
1294,347,Ahmedabad Branch,Current,154212.94,52580.65
1295,1909,Ahmedabad Branch,Loan,110992.81,220398.27
1296,2752,Delhi Central Branch,Loan,1068143.34,238713.04
1297,4548,Kolkata Branch,Loan,864719.21,111152.69
1298,157,Chennai Branch,Loan,141281.34,160932.42
1299,3244,Mumbai Main Branch,Savings,1219313.04,36853.94
1300,985,Ahmedabad Branch,Loan,1820270.53,213927.83
1301,2840,Delhi Central Branch,Current,429794.03,169163.89
1302,3851,Pune Branch,Current,994709.62,75857.38
1303,2482,Bangalore Branch,Loan,721139.43,180316.12
1304,3053,Chennai Branch,Current,831682.02,20753.91
1305,33,Chennai Branch,Current,1967611.95,58819.18
1306,4019,Delhi Central Branch,Savings,591821.97,147658.51
1307,3382,Kolkata Branch,Savings,1113830.58,162648.28
1308,717,Bangalore Branch,Savings,1506345.34,197501.24
1309,1306,Delhi Central Branch,Savings,36219.56,11300.06
1310,553,Delhi Central Branch,Current,1707578.46,92143.82
1311,4979,Hyderabad Branch,Loan,142774.58,162849.59
1312,1077,Delhi Central Branch,Loan,228306.58,47881.81
1313,2035,Pune Branch,Current,345913.67,204631.81
1314,1292,Delhi Central Branch,Current,757980.69,221384.15
1315,4014,Pune Branch,Savings,482038.28,153427.2
1316,4282,Pune Branch,Loan,674537.29,207803.71
1317,3185,Chennai Branch,Current,1971215.55,155876.04
1318,3147,Bangalore Branch,Current,1860439.08,183098.21
1319,275,Kolkata Branch,Current,337703.71,129360.64
1320,2293,Bangalore Branch,Savings,1596490.75,68010.65
1321,1392,Mumbai Main Branch,Loan,421267.69,142746.41
1322,3572,Pune Branch,Savings,1173673.08,65201.06
1323,4940,Bangalore Branch,Current,1635519.35,15054.38
1324,345,Bangalore Branch,Loan,1324698.25,211406.44
1325,1731,Mumbai Main Branch,Savings,838710.73,9746.72
1326,572,Pune Branch,Current,1437174.86,186979.71
1327,2347,Hyderabad Branch,Current,1186934.53,261640.39
1328,3353,Ahmedabad Branch,Savings,240574.05,217042.87
1329,421,Ahmedabad Branch,Savings,817931.55,54041.11
1330,3537,Pune Branch,Current,1013232.02,229840.61
1331,316,Pune Branch,Loan,914533.6,82425.34
1332,3621,Chennai Branch,Loan,42418.44,146245.15
1333,4660,Kolkata Branch,Loan,1275031.15,92859.57
1334,4782,Kolkata Branch,Current,1181004.6,297382.08
1335,1246,Pune Branch,Savings,637173.4,143682.01
1336,2142,Delhi Central Branch,Current,1256714.94,47806.17
1337,4012,Ahmedabad Branch,Savings,1537134.42,193794.76
1338,2769,Delhi Central Branch,Current,1454979.58,161769.38
1339,3710,Ahmedabad Branch,Savings,1542731.17,25031.19
1340,3473,Mumbai Main Branch,Savings,1108276.09,249013.34
1341,3795,Ahmedabad Branch,Loan,858972.61,139419.17
1342,3503,Ahmedabad Branch,Loan,1355588.86,239581.51
1343,993,Chennai Branch,Loan,1189477.33,274868.39
1344,1724,Pune Branch,Current,730105.78,105920.79
1345,4229,Hyderabad Branch,Loan,898628.14,102725.03
1346,2260,Pune Branch,Current,204680.07,45829.96
1347,849,Bangalore Branch,Current,1594060.55,253771.36
1348,4575,Delhi Central Branch,Savings,1048371.15,180876.77
1349,4640,Pune Branch,Current,149454.67,19873.71
1350,4498,Hyderabad Branch,Current,902167.24,21739.72
1351,1946,Kolkata Branch,Loan,1576771.86,77503.79
1352,3051,Pune Branch,Current,833235.98,67958.02
1353,2347,Chennai Branch,Savings,1272564.52,111803.16
1354,2731,Chennai Branch,Savings,1248766.73,61054.6
1355,97,Delhi Central Branch,Current,681219.81,158253.22
1356,796,Pune Branch,Loan,803528.11,217288.21
1357,2226,Chennai Branch,Loan,1887102.78,46722.15
1358,3057,Chennai Branch,Current,474962.33,111034.13
1359,4589,Pune Branch,Current,1159455.74,108206.27
1360,824,Chennai Branch,Loan,1602599.33,204507.07
1361,1226,Bangalore Branch,Loan,1766702.65,299001.54
1362,4326,Delhi Central Branch,Savings,1173323.02,79305.6
1363,2148,Mumbai Main Branch,Current,402676.19,267877.83
1364,2330,Kolkata Branch,Savings,1294917.44,75157.83
1365,4980,Bangalore Branch,Current,779584.21,57253.01
1366,3765,Bangalore Branch,Current,1551650.51,76430.73
1367,2940,Bangalore Branch,Current,677199.35,242769.0
1368,1717,Hyderabad Branch,Savings,32308.51,47989.48
1369,992,Pune Branch,Current,1974711.5,36029.36
1370,3726,Chennai Branch,Savings,1645327.5,111942.06
1371,745,Mumbai Main Branch,Loan,843228.99,251227.55
1372,3963,Chennai Branch,Loan,476843.28,266165.9
1373,2065,Chennai Branch,Savings,1882131.41,200934.58
1374,1340,Chennai Branch,Loan,1588077.8,280496.37
1375,4501,Ahmedabad Branch,Current,1671426.25,233029.47
1376,2162,Chennai Branch,Current,239017.2,34706.61
1377,1147,Hyderabad Branch,Loan,1727754.73,35457.63
1378,4508,Hyderabad Branch,Loan,946316.17,63628.29
1379,2933,Chennai Branch,Savings,1820914.48,163153.82
1380,1554,Ahmedabad Branch,Current,264994.83,26804.88
1381,3266,Chennai Branch,Current,546120.78,88850.56
1382,1465,Mumbai Main Branch,Current,803439.62,143700.51
1383,4423,Kolkata Branch,Current,1326160.37,272988.86
1384,2881,Pune Branch,Savings,236281.61,239830.4
1385,4226,Mumbai Main Branch,Loan,627137.37,9163.36
1386,1201,Chennai Branch,Loan,1937567.71,43699.95
1387,197,Kolkata Branch,Current,1372028.14,82957.52
1388,3357,Mumbai Main Branch,Loan,572010.5,33706.77
1389,282,Chennai Branch,Loan,709416.88,179784.42
1390,787,Mumbai Main Branch,Loan,326611.48,182893.77
1391,1964,Chennai Branch,Loan,1397374.58,121932.78
1392,1856,Pune Branch,Current,693182.66,265642.3
1393,2571,Kolkata Branch,Current,478406.8,254229.37
1394,1837,Pune Branch,Savings,824722.03,52557.51
1395,4877,Kolkata Branch,Current,1024091.39,255659.19
1396,1934,Delhi Central Branch,Savings,1264662.24,218632.11
1397,553,Bangalore Branch,Current,1962028.33,136765.54
1398,4547,Chennai Branch,Current,1284488.49,151773.14
1399,4235,Bangalore Branch,Loan,667551.5,289585.34
1400,4238,Mumbai Main Branch,Current,871185.2,257311.59
1401,4004,Delhi Central Branch,Current,236832.84,139027.36
1402,3178,Bangalore Branch,Savings,1111681.66,100145.5
1403,4121,Hyderabad Branch,Current,440438.92,243352.35
1404,1585,Hyderabad Branch,Loan,246764.59,249061.07
1405,779,Hyderabad Branch,Loan,991347.47,217172.03
1406,190,Delhi Central Branch,Loan,446410.9,232578.05
1407,3555,Pune Branch,Loan,142937.36,133546.24
1408,608,Mumbai Main Branch,Loan,380237.64,289491.08
1409,3402,Bangalore Branch,Current,663205.48,38159.12
1410,3929,Bangalore Branch,Savings,223603.06,136424.56
1411,2806,Pune Branch,Loan,213293.7,44511.7
1412,2725,Bangalore Branch,Current,984720.89,27813.51
1413,3941,Bangalore Branch,Current,955784.65,81532.63
1414,1615,Mumbai Main Branch,Loan,20934.68,265446.65
1415,1354,Hyderabad Branch,Current,639972.82,4364.05
1416,4957,Mumbai Main Branch,Current,318259.95,55804.63
1417,2042,Ahmedabad Branch,Loan,321244.85,262864.36
1418,2963,Chennai Branch,Current,1505516.44,49541.48
1419,3043,Chennai Branch,Savings,1071032.91,166295.68
1420,4955,Kolkata Branch,Savings,1490918.96,244293.26
1421,2189,Kolkata Branch,Current,371096.4,174366.33
1422,4923,Delhi Central Branch,Loan,1855337.0,80302.99
1423,4405,Chennai Branch,Savings,1225316.61,133301.67
1424,2691,Bangalore Branch,Savings,1762933.14,47894.57
1425,3178,Pune Branch,Current,552435.13,167997.28
1426,1847,Bangalore Branch,Savings,280366.01,79583.22
1427,2039,Hyderabad Branch,Current,913743.81,140865.3
1428,3458,Mumbai Main Branch,Current,1206823.6,74680.11
1429,1754,Hyderabad Branch,Loan,1821777.73,201722.58
1430,523,Chennai Branch,Current,713662.03,115305.55
1431,281,Hyderabad Branch,Loan,1992977.21,194045.41
1432,3212,Bangalore Branch,Current,1973169.75,113860.16
1433,2587,Mumbai Main Branch,Loan,1507098.76,219893.08
1434,4615,Mumbai Main Branch,Savings,269872.83,276085.7
1435,2027,Pune Branch,Savings,1347679.55,38010.74
1436,4640,Mumbai Main Branch,Loan,1486189.27,70116.2
1437,2726,Kolkata Branch,Current,569307.12,102966.54
1438,1302,Bangalore Branch,Loan,684890.11,293811.44
1439,958,Kolkata Branch,Loan,427986.84,115983.88
1440,4333,Chennai Branch,Current,1285520.06,224113.54
1441,3581,Mumbai Main Branch,Savings,288240.91,144534.65
1442,3817,Mumbai Main Branch,Savings,1105826.54,141745.9
1443,3301,Bangalore Branch,Loan,1119578.48,26537.73
1444,4135,Hyderabad Branch,Loan,328868.52,161643.68
1445,4250,Mumbai Main Branch,Current,256585.8,36726.16
1446,198,Hyderabad Branch,Current,240359.11,155238.2
1447,4470,Chennai Branch,Loan,1066467.28,198374.58
1448,239,Hyderabad Branch,Loan,1782203.49,217074.18
1449,90,Chennai Branch,Current,1443773.0,147885.75
1450,4473,Pune Branch,Current,27189.98,15359.16
1451,4606,Mumbai Main Branch,Savings,198831.88,107361.17
1452,872,Ahmedabad Branch,Savings,155818.56,68667.12
1453,3821,Ahmedabad Branch,Savings,1017428.49,31437.22
1454,2106,Chennai Branch,Loan,1342587.23,275859.46
1455,378,Delhi Central Branch,Savings,489445.14,106654.3
1456,4042,Delhi Central Branch,Loan,1012557.35,274667.87
1457,19,Delhi Central Branch,Current,161774.33,219090.31
1458,2641,Kolkata Branch,Current,993081.31,9615.36
1459,4804,Pune Branch,Current,548346.8,72628.37
1460,3195,Chennai Branch,Savings,1403290.06,205181.99
1461,1950,Chennai Branch,Current,1766836.57,162282.65
1462,349,Bangalore Branch,Savings,1541537.81,109507.73
1463,1037,Chennai Branch,Current,1915405.83,156561.33
1464,3539,Chennai Branch,Loan,43533.7,136595.56
1465,2414,Ahmedabad Branch,Savings,1541569.78,230754.26
1466,2522,Delhi Central Branch,Savings,1035132.49,159741.31
1467,1505,Hyderabad Branch,Savings,1030577.31,204622.98
1468,2266,Mumbai Main Branch,Savings,1166042.93,183794.0
1469,849,Ahmedabad Branch,Savings,725463.48,276436.6
1470,3856,Kolkata Branch,Current,676000.54,209827.16
1471,6,Delhi Central Branch,Savings,1602060.12,44893.84
1472,161,Bangalore Branch,Current,113799.71,14603.58
1473,126,Delhi Central Branch,Current,727940.39,262926.84
1474,2284,Hyderabad Branch,Current,1275298.76,115705.11
1475,3557,Pune Branch,Current,1111257.73,126994.45
1476,4853,Kolkata Branch,Current,1269397.3,134516.37
1477,4675,Chennai Branch,Current,1355437.98,13731.19
1478,4326,Pune Branch,Savings,1850840.93,126056.96
1479,2979,Bangalore Branch,Current,1173813.21,197665.11
1480,4809,Delhi Central Branch,Current,1733906.76,225898.61
1481,1085,Pune Branch,Savings,1250411.76,179651.67
1482,2369,Hyderabad Branch,Savings,396855.21,139618.65
1483,4512,Ahmedabad Branch,Current,1789886.86,257535.3
1484,1386,Ahmedabad Branch,Current,1049514.93,50212.58
1485,3381,Kolkata Branch,Current,1814236.66,79743.91
1486,3508,Bangalore Branch,Savings,25416.22,251659.78
1487,689,Kolkata Branch,Savings,660622.79,69594.03
1488,2459,Hyderabad Branch,Savings,1743171.4,123993.9
1489,2850,Mumbai Main Branch,Current,1202577.79,162486.43
1490,1810,Kolkata Branch,Current,326101.96,212233.86
1491,3808,Chennai Branch,Savings,1964231.3,168534.93
1492,749,Pune Branch,Savings,972270.03,166357.88
1493,972,Bangalore Branch,Current,1277053.45,205075.36
1494,4771,Chennai Branch,Current,205638.95,6088.6
1495,955,Delhi Central Branch,Savings,254730.56,291189.53
1496,4343,Hyderabad Branch,Current,1519470.71,79673.23
1497,451,Mumbai Main Branch,Current,793810.26,138537.19
1498,4808,Delhi Central Branch,Savings,1757841.73,27040.31
1499,3247,Kolkata Branch,Current,817981.23,1917.0
1500,3068,Bangalore Branch,Loan,434011.48,14385.81
1501,3598,Delhi Central Branch,Current,1532514.83,263827.8
1502,1282,Ahmedabad Branch,Savings,1133636.8,153020.3
1503,2722,Bangalore Branch,Loan,588293.64,74507.16
1504,89,Pune Branch,Loan,1805222.07,51022.06
1505,3554,Delhi Central Branch,Savings,1220494.91,139977.98
1506,2757,Kolkata Branch,Loan,1008543.54,160149.05
1507,3838,Bangalore Branch,Savings,662708.65,32983.22
1508,389,Hyderabad Branch,Savings,84079.81,2945.65
1509,950,Delhi Central Branch,Current,581662.77,245234.09
1510,4163,Chennai Branch,Current,1278563.7,45559.24
1511,788,Bangalore Branch,Savings,1656067.2,263757.59
1512,1413,Chennai Branch,Savings,1806244.1,294092.53
1513,4153,Mumbai Main Branch,Savings,861836.75,125035.73
1514,3065,Mumbai Main Branch,Current,393648.06,220734.42
1515,2621,Bangalore Branch,Savings,1132264.4,191306.51
1516,2222,Kolkata Branch,Loan,617055.28,11150.08
1517,2457,Kolkata Branch,Current,1005506.88,152203.83
1518,3557,Ahmedabad Branch,Savings,1071956.75,188719.38
1519,1288,Kolkata Branch,Current,846119.0,132731.27
1520,2152,Chennai Branch,Savings,158304.67,288194.44
1521,301,Delhi Central Branch,Current,1747925.89,113968.21
1522,2139,Bangalore Branch,Savings,1395716.0,173889.36
1523,681,Ahmedabad Branch,Current,1401819.13,30209.04
1524,3521,Delhi Central Branch,Current,1741286.73,297570.27
1525,2348,Delhi Central Branch,Current,1463225.96,207254.59
1526,3625,Hyderabad Branch,Savings,608944.83,279339.02
1527,311,Ahmedabad Branch,Current,1404574.88,199751.35
1528,1557,Kolkata Branch,Current,383284.63,13965.4
1529,1515,Ahmedabad Branch,Loan,435148.72,43542.06
1530,2554,Pune Branch,Loan,1718523.42,17659.03
1531,4647,Chennai Branch,Savings,1056496.29,284247.57
1532,2276,Delhi Central Branch,Current,66108.4,99297.09
1533,2422,Pune Branch,Current,747909.91,296106.17
1534,4103,Delhi Central Branch,Savings,1757396.62,244158.67
1535,744,Mumbai Main Branch,Current,461109.81,123654.07
1536,4571,Hyderabad Branch,Current,288638.99,191809.9
1537,2092,Mumbai Main Branch,Savings,1514926.61,181680.76
1538,757,Kolkata Branch,Savings,227370.99,286830.55
1539,2878,Hyderabad Branch,Loan,634502.7,31317.77
1540,4093,Ahmedabad Branch,Current,225592.71,41232.78
1541,3903,Ahmedabad Branch,Savings,511904.25,9265.55
1542,2781,Hyderabad Branch,Current,866989.08,283300.45
1543,2842,Mumbai Main Branch,Loan,681226.22,88375.53
1544,2635,Ahmedabad Branch,Savings,1305412.99,274347.84
1545,3363,Kolkata Branch,Savings,112333.35,257555.71
1546,3978,Chennai Branch,Current,151972.6,271574.73
1547,4133,Delhi Central Branch,Current,1360896.44,198414.41
1548,4901,Pune Branch,Current,1093429.32,150751.36
1549,1259,Bangalore Branch,Current,1057141.48,262268.0
1550,560,Ahmedabad Branch,Savings,705052.09,58511.69
1551,2737,Hyderabad Branch,Current,1898097.31,86283.64
1552,2759,Bangalore Branch,Current,550794.73,48148.24
1553,1307,Delhi Central Branch,Current,1771171.82,21098.38
1554,3597,Bangalore Branch,Loan,1147860.79,244543.12
1555,1486,Bangalore Branch,Current,202913.0,262369.21
1556,3866,Mumbai Main Branch,Current,631608.71,15483.28
1557,1479,Bangalore Branch,Current,1503693.65,227491.61
1558,1287,Kolkata Branch,Savings,1310465.65,236002.57
1559,2817,Kolkata Branch,Loan,1426975.26,26339.66
1560,260,Ahmedabad Branch,Loan,313441.79,175540.45
1561,2978,Bangalore Branch,Savings,520753.89,98183.06
1562,2189,Chennai Branch,Savings,194418.86,105639.77
1563,2314,Ahmedabad Branch,Savings,1688030.25,272849.42
1564,4068,Chennai Branch,Loan,1741451.28,65761.18
1565,2262,Chennai Branch,Savings,743337.83,7085.25
1566,1263,Bangalore Branch,Savings,1386683.92,217333.66
1567,4606,Pune Branch,Loan,1498460.1,81503.78
1568,2310,Ahmedabad Branch,Savings,885158.56,48059.21
1569,2638,Mumbai Main Branch,Savings,1731889.48,178972.96
1570,1869,Mumbai Main Branch,Current,1318687.3,272569.78
1571,2390,Chennai Branch,Loan,144542.57,3236.12
1572,2706,Mumbai Main Branch,Current,1576474.3,97556.58
1573,2011,Mumbai Main Branch,Current,1336810.08,242048.8
1574,1138,Kolkata Branch,Savings,1189938.94,161651.42
1575,1264,Mumbai Main Branch,Current,1967120.66,254135.45
1576,2584,Kolkata Branch,Loan,1526697.05,278648.02
1577,4043,Kolkata Branch,Current,146120.69,199913.63
1578,4117,Chennai Branch,Loan,1633480.61,158432.55
1579,4244,Delhi Central Branch,Loan,669222.23,126216.19
1580,2478,Hyderabad Branch,Loan,1826951.24,14884.15
1581,1398,Chennai Branch,Current,1977791.78,137539.0
1582,4586,Delhi Central Branch,Loan,1623097.88,267141.08
1583,2822,Delhi Central Branch,Savings,1902243.45,69509.48
1584,3371,Hyderabad Branch,Savings,633452.86,152561.06
1585,1985,Chennai Branch,Savings,1807930.02,126971.03
1586,4561,Chennai Branch,Loan,1160212.33,283568.08
1587,4617,Mumbai Main Branch,Savings,82143.11,128700.54
1588,2271,Chennai Branch,Savings,291360.02,221044.77
1589,1582,Pune Branch,Savings,1995713.19,269412.5
1590,3042,Ahmedabad Branch,Current,500285.25,186244.25
1591,2301,Bangalore Branch,Current,229965.03,184146.64
1592,3853,Bangalore Branch,Current,1005011.33,294510.12
1593,4919,Pune Branch,Savings,1992773.47,66632.42
1594,615,Kolkata Branch,Savings,1660775.19,230907.74
1595,3901,Kolkata Branch,Savings,589870.39,278726.48
1596,4661,Bangalore Branch,Savings,1448207.1,166153.05
1597,4696,Kolkata Branch,Current,743758.5,131893.76
1598,1721,Bangalore Branch,Current,1261801.19,109180.48
1599,805,Kolkata Branch,Current,1212500.18,238306.94
1600,3960,Chennai Branch,Savings,1368168.38,26155.38
1601,3910,Bangalore Branch,Loan,7464.46,28986.24
1602,1350,Ahmedabad Branch,Savings,1841338.31,29094.34
1603,2235,Delhi Central Branch,Savings,947013.54,51550.34
1604,4490,Bangalore Branch,Loan,1373147.83,205730.69
1605,1220,Delhi Central Branch,Loan,1549163.64,182530.23
1606,3823,Bangalore Branch,Savings,67177.24,213214.93
1607,2784,Bangalore Branch,Savings,628539.62,45036.7
1608,2413,Chennai Branch,Current,1874445.61,110598.97
1609,4356,Bangalore Branch,Loan,176376.92,135480.82
1610,4119,Chennai Branch,Current,1686967.57,218190.7
1611,3083,Hyderabad Branch,Current,1646826.4,218412.28
1612,1647,Chennai Branch,Current,1074934.61,225494.03
1613,1488,Bangalore Branch,Savings,377562.71,299203.78
1614,4758,Ahmedabad Branch,Loan,1924117.85,95422.22
1615,3289,Chennai Branch,Current,1379251.77,89375.7
1616,3393,Mumbai Main Branch,Loan,1325929.62,114741.28
1617,4475,Pune Branch,Savings,882190.69,11600.31
1618,2600,Bangalore Branch,Current,1122399.8,68362.39
1619,4647,Hyderabad Branch,Savings,1538806.49,10260.87
1620,4835,Mumbai Main Branch,Current,890065.87,106768.15
1621,4733,Delhi Central Branch,Current,676725.81,228245.3
1622,3001,Chennai Branch,Savings,39661.49,81752.57
1623,4001,Kolkata Branch,Savings,1103402.24,31977.61
1624,3233,Kolkata Branch,Savings,1807093.43,72561.04
1625,59,Ahmedabad Branch,Current,291268.73,176419.68
1626,873,Bangalore Branch,Loan,465957.87,249457.7
1627,950,Ahmedabad Branch,Savings,1179894.71,122563.2
1628,3465,Ahmedabad Branch,Current,1558086.62,46961.15
1629,918,Hyderabad Branch,Loan,621615.01,188391.07
1630,2615,Mumbai Main Branch,Current,1241110.39,171060.7
1631,199,Mumbai Main Branch,Current,854836.29,79101.28
1632,669,Ahmedabad Branch,Savings,624815.68,184318.05
1633,834,Mumbai Main Branch,Savings,21489.67,71559.79
1634,1922,Mumbai Main Branch,Current,154309.41,17452.56
1635,1664,Pune Branch,Loan,1967773.45,42049.91
1636,776,Bangalore Branch,Savings,224755.28,69034.12
1637,1504,Bangalore Branch,Loan,1666018.04,4917.65
1638,1046,Delhi Central Branch,Loan,678171.66,108301.93
1639,3004,Bangalore Branch,Savings,511790.75,125166.8
1640,2151,Chennai Branch,Savings,165155.82,180011.79
1641,3803,Chennai Branch,Loan,1628164.45,121030.06
1642,3245,Delhi Central Branch,Loan,744764.11,258141.03
1643,4440,Chennai Branch,Current,1440266.88,67957.6
1644,4855,Bangalore Branch,Loan,1162420.17,272215.62
1645,1945,Pune Branch,Current,1303706.68,148436.13
1646,4861,Mumbai Main Branch,Current,497985.79,35613.88
1647,4738,Chennai Branch,Savings,774419.53,159398.71
1648,1554,Chennai Branch,Savings,1224407.92,72642.19
1649,2076,Ahmedabad Branch,Current,185283.77,215563.27
1650,4613,Chennai Branch,Loan,1559115.4,64171.26
1651,2281,Delhi Central Branch,Savings,1093806.1,130540.01
1652,4038,Pune Branch,Savings,577619.14,214203.04
1653,4687,Bangalore Branch,Loan,1291964.09,166363.64
1654,4297,Bangalore Branch,Current,1090358.17,3005.38
1655,3426,Ahmedabad Branch,Savings,1754476.93,202458.87
1656,2603,Delhi Central Branch,Current,197217.93,247758.67
1657,4652,Pune Branch,Current,102144.12,9350.75
1658,4413,Ahmedabad Branch,Loan,222146.21,41038.81
1659,3749,Mumbai Main Branch,Loan,1038026.38,12276.4
1660,3381,Kolkata Branch,Savings,1504283.76,280116.61
1661,343,Delhi Central Branch,Current,1140128.15,299602.13
1662,1658,Pune Branch,Loan,1013133.35,281273.67
1663,2698,Chennai Branch,Current,713613.87,120013.53
1664,728,Kolkata Branch,Loan,1148212.25,69748.55
1665,4436,Hyderabad Branch,Savings,647993.26,138113.92
1666,4320,Ahmedabad Branch,Savings,737825.33,207997.96
1667,2414,Bangalore Branch,Savings,1044458.14,40622.91
1668,2235,Bangalore Branch,Loan,1794511.01,74993.62
1669,3276,Mumbai Main Branch,Loan,1222492.23,32552.06
1670,4730,Chennai Branch,Loan,67764.63,257989.79
1671,4588,Chennai Branch,Savings,192122.21,144092.92
1672,1263,Ahmedabad Branch,Savings,183851.4,27375.79
1673,2865,Pune Branch,Current,719799.68,97938.36
1674,2981,Mumbai Main Branch,Loan,1454382.02,143664.6
1675,2026,Kolkata Branch,Current,518075.2,27850.13
1676,3656,Delhi Central Branch,Loan,1565427.35,94013.15
1677,287,Mumbai Main Branch,Current,885442.87,264430.9
1678,3324,Mumbai Main Branch,Current,1017879.95,277541.87
1679,345,Ahmedabad Branch,Loan,806257.02,220422.6
1680,4698,Hyderabad Branch,Loan,1848759.55,85270.37
1681,888,Mumbai Main Branch,Loan,1759476.89,283157.15
1682,2862,Hyderabad Branch,Current,1374881.96,27796.72
1683,671,Kolkata Branch,Savings,917440.02,183858.11
1684,3612,Pune Branch,Savings,1297581.54,97433.79
1685,2367,Bangalore Branch,Current,1570999.34,205327.25
1686,4180,Mumbai Main Branch,Loan,1842653.19,48501.72
1687,4873,Pune Branch,Loan,947270.71,262153.32
1688,4683,Chennai Branch,Current,1050236.44,242175.32
1689,4907,Delhi Central Branch,Loan,1154149.23,255021.99
1690,1638,Pune Branch,Savings,1866460.73,248389.07
1691,1121,Bangalore Branch,Loan,283914.35,174212.23
1692,2852,Hyderabad Branch,Savings,904534.44,272351.03
1693,2363,Kolkata Branch,Savings,178024.31,279661.2
1694,2750,Mumbai Main Branch,Loan,468045.09,259788.48
1695,1278,Bangalore Branch,Loan,1041184.12,265266.53
1696,228,Ahmedabad Branch,Loan,895866.97,87436.64
1697,1419,Ahmedabad Branch,Current,1001718.83,136459.23
1698,2913,Ahmedabad Branch,Savings,418296.84,215022.56
1699,490,Ahmedabad Branch,Current,1041490.72,88790.12
1700,376,Chennai Branch,Savings,877661.39,208624.8
1701,830,Hyderabad Branch,Savings,617557.02,230817.09
1702,2952,Delhi Central Branch,Loan,1660856.81,147717.79
1703,3453,Pune Branch,Current,1070838.43,100672.45
1704,1941,Pune Branch,Current,1541809.14,84088.48
1705,3858,Ahmedabad Branch,Loan,302983.39,81313.21
1706,993,Pune Branch,Savings,1582174.01,276547.89
1707,881,Hyderabad Branch,Loan,1613894.1,297713.86
1708,2675,Delhi Central Branch,Savings,323968.69,181017.83
1709,2397,Delhi Central Branch,Loan,457905.38,247999.12
1710,2887,Bangalore Branch,Loan,1956839.77,91961.02
1711,575,Kolkata Branch,Loan,1343096.93,182368.46
1712,3675,Kolkata Branch,Current,1968081.15,161794.45
1713,120,Mumbai Main Branch,Savings,282711.1,19730.59
1714,433,Hyderabad Branch,Loan,1973043.19,277028.84
1715,294,Pune Branch,Loan,1880545.46,11764.86
1716,571,Pune Branch,Savings,1131147.54,167607.34
1717,3037,Bangalore Branch,Savings,714489.4,136431.64
1718,4349,Chennai Branch,Savings,1249316.83,140820.56
1719,3451,Delhi Central Branch,Loan,1735123.61,239729.89
1720,1264,Bangalore Branch,Current,1215149.74,48277.91
1721,3268,Pune Branch,Savings,1320217.25,27936.36
1722,743,Chennai Branch,Loan,221314.48,153065.0
1723,4052,Ahmedabad Branch,Current,1461736.16,73887.76
1724,1248,Pune Branch,Savings,859960.91,166997.46
1725,4225,Kolkata Branch,Loan,24681.9,215402.97
1726,3738,Bangalore Branch,Current,1761708.27,278055.18
1727,2707,Chennai Branch,Loan,1156420.16,287150.87
1728,40,Hyderabad Branch,Current,1489916.29,166297.23
1729,907,Chennai Branch,Savings,697960.87,56620.93
1730,2476,Mumbai Main Branch,Loan,1484286.07,210182.88
1731,1575,Hyderabad Branch,Loan,1016425.12,192376.76
1732,1568,Pune Branch,Loan,1716349.92,255543.86
1733,1569,Chennai Branch,Loan,983444.27,121509.68
1734,3820,Mumbai Main Branch,Savings,1186180.96,114448.87
1735,2359,Hyderabad Branch,Savings,243453.59,110157.94
1736,26,Mumbai Main Branch,Current,1433155.17,24580.6
1737,4390,Ahmedabad Branch,Current,260967.16,218073.32
1738,3201,Kolkata Branch,Savings,591826.33,73265.0
1739,1962,Mumbai Main Branch,Loan,1239805.11,79752.59
1740,831,Mumbai Main Branch,Loan,1307914.13,178640.19
1741,783,Delhi Central Branch,Current,237805.33,277111.91
1742,2307,Chennai Branch,Savings,693616.94,249115.31
1743,2754,Pune Branch,Savings,1555765.19,294574.34
1744,1594,Bangalore Branch,Current,999124.08,166129.05
1745,369,Mumbai Main Branch,Loan,381268.46,287673.08
1746,4584,Mumbai Main Branch,Current,1099363.15,72378.39
1747,2909,Chennai Branch,Loan,1312197.68,233456.68
1748,4317,Kolkata Branch,Loan,40250.76,163167.85
1749,1039,Pune Branch,Loan,125746.53,236368.4
1750,3630,Delhi Central Branch,Current,1887184.12,268122.82
1751,1356,Ahmedabad Branch,Savings,571867.42,161752.01
1752,3867,Bangalore Branch,Savings,1304333.67,76111.55
1753,3742,Kolkata Branch,Loan,1675913.76,274857.44
1754,2872,Hyderabad Branch,Current,1255343.29,146395.68
1755,1026,Delhi Central Branch,Current,1443946.91,78623.41
1756,4661,Pune Branch,Savings,734518.27,236029.31
1757,3814,Delhi Central Branch,Savings,536357.28,36775.06
1758,1579,Pune Branch,Loan,363019.04,114042.94
1759,4052,Bangalore Branch,Loan,593581.02,213158.45
1760,2783,Pune Branch,Current,174278.61,11001.78
1761,1111,Bangalore Branch,Loan,1068029.85,79141.18
1762,485,Kolkata Branch,Savings,1140565.06,128325.15
1763,3924,Pune Branch,Loan,1576964.59,144557.73
1764,864,Bangalore Branch,Loan,1127113.33,295169.34
1765,2613,Delhi Central Branch,Current,1919965.84,270727.48
1766,4864,Chennai Branch,Loan,1380577.89,184808.94
1767,2854,Hyderabad Branch,Loan,816677.79,60067.1
1768,392,Ahmedabad Branch,Loan,244952.31,247991.68
1769,3754,Hyderabad Branch,Loan,1802466.16,94994.8
1770,1968,Pune Branch,Savings,1877105.44,14933.31
1771,4365,Pune Branch,Savings,720652.81,282227.28
1772,3639,Hyderabad Branch,Loan,1284374.75,132874.85
1773,1990,Kolkata Branch,Current,148442.95,229787.21
1774,537,Pune Branch,Savings,109189.13,240351.91
1775,699,Pune Branch,Current,1983211.23,125129.79
1776,846,Delhi Central Branch,Savings,1630515.99,279340.52
1777,3071,Bangalore Branch,Loan,1798580.01,185049.49
1778,743,Chennai Branch,Loan,1067689.19,270364.85
1779,2885,Kolkata Branch,Current,1773563.48,224545.27
1780,3736,Bangalore Branch,Loan,718257.24,82472.63
1781,3006,Hyderabad Branch,Savings,257075.23,214409.93
1782,3880,Mumbai Main Branch,Loan,1489482.2,57770.38
1783,2296,Mumbai Main Branch,Current,234612.73,45151.66
1784,686,Kolkata Branch,Current,1683487.34,220200.58
1785,1611,Pune Branch,Savings,1465488.65,276680.02
1786,4181,Pune Branch,Loan,1063239.49,211148.38
1787,2996,Delhi Central Branch,Current,368214.3,200434.38
1788,4424,Mumbai Main Branch,Current,926876.55,199790.85
1789,690,Ahmedabad Branch,Current,312355.45,81908.82
1790,4451,Kolkata Branch,Current,796926.3,52815.35
1791,3820,Pune Branch,Current,62421.65,191324.19
1792,1843,Bangalore Branch,Loan,1902852.04,228824.09
1793,2867,Hyderabad Branch,Loan,615313.55,246831.76
1794,4643,Ahmedabad Branch,Current,908737.42,44020.47
1795,3284,Hyderabad Branch,Savings,392839.67,179066.24
1796,2165,Pune Branch,Current,1542031.75,42744.4
1797,824,Kolkata Branch,Loan,928639.74,229831.19
1798,4789,Hyderabad Branch,Current,380729.14,37022.46
1799,2271,Chennai Branch,Savings,1395257.73,42316.59
1800,1949,Pune Branch,Loan,1664478.87,184647.85
1801,1549,Pune Branch,Current,1258896.62,54454.78
1802,1648,Mumbai Main Branch,Current,841664.41,34078.62
1803,3538,Kolkata Branch,Current,1736628.15,80892.23
1804,3576,Pune Branch,Savings,385169.01,216505.89
1805,4820,Ahmedabad Branch,Savings,409274.36,5737.93
1806,3909,Delhi Central Branch,Savings,564123.28,190384.95
1807,3765,Pune Branch,Loan,1006619.3,212132.71
1808,4762,Bangalore Branch,Savings,941363.31,207361.08
1809,2815,Chennai Branch,Current,443496.99,292073.2
1810,4376,Bangalore Branch,Savings,680718.9,234358.77
1811,2130,Mumbai Main Branch,Current,1146402.96,113126.24
1812,907,Ahmedabad Branch,Savings,1983396.24,229349.2
1813,3248,Kolkata Branch,Savings,1207968.0,153886.33
1814,3630,Hyderabad Branch,Loan,329266.84,244801.22
1815,4613,Hyderabad Branch,Current,1894928.04,181348.7
1816,22,Bangalore Branch,Current,576615.51,135214.64
1817,4764,Pune Branch,Current,357301.63,78346.79
1818,2596,Mumbai Main Branch,Current,353677.58,292835.36
1819,2471,Ahmedabad Branch,Current,462347.16,276342.6
1820,3884,Ahmedabad Branch,Savings,846704.42,259999.15
1821,4561,Kolkata Branch,Savings,873261.77,258085.6
1822,537,Kolkata Branch,Loan,1572248.01,179320.5
1823,55,Chennai Branch,Savings,1236005.09,90676.65
1824,530,Delhi Central Branch,Current,1310991.74,205325.04
1825,3461,Mumbai Main Branch,Loan,1187082.25,28191.42
1826,2095,Pune Branch,Loan,1138507.33,43788.13
1827,4794,Mumbai Main Branch,Loan,48714.76,235859.48
1828,3714,Mumbai Main Branch,Loan,1817471.86,29512.05
1829,3677,Bangalore Branch,Loan,63026.8,168147.47
1830,1097,Bangalore Branch,Current,99922.41,222801.73
1831,2682,Kolkata Branch,Loan,1593213.65,51265.01
1832,3378,Bangalore Branch,Loan,1864551.86,72434.26
1833,3423,Hyderabad Branch,Savings,22747.59,110845.38
1834,3927,Hyderabad Branch,Savings,707247.22,135218.51
1835,3984,Chennai Branch,Savings,1598472.19,144757.7
1836,3562,Pune Branch,Savings,426975.3,183606.35
1837,157,Ahmedabad Branch,Current,1439075.98,239936.84
1838,1797,Ahmedabad Branch,Savings,1678271.42,68159.82
1839,4587,Kolkata Branch,Loan,798759.03,19048.26
1840,1053,Ahmedabad Branch,Savings,1846818.63,111167.37
1841,2430,Mumbai Main Branch,Current,837650.27,101966.72
1842,2714,Kolkata Branch,Savings,490168.18,227746.15
1843,4108,Bangalore Branch,Loan,933503.39,240915.28
1844,741,Mumbai Main Branch,Savings,207055.43,174489.13
1845,2874,Hyderabad Branch,Savings,1510661.45,66244.44
1846,1213,Bangalore Branch,Loan,443484.37,204166.36
1847,1694,Kolkata Branch,Loan,1234804.79,11210.38
1848,3953,Ahmedabad Branch,Current,991070.3,159422.78
1849,4198,Chennai Branch,Loan,1716863.63,246611.96
1850,1122,Pune Branch,Savings,93039.77,58735.01
1851,2822,Hyderabad Branch,Current,1349830.9,237555.85
1852,1742,Kolkata Branch,Savings,1027447.46,290593.02
1853,2384,Ahmedabad Branch,Loan,908902.17,289016.01
1854,2786,Hyderabad Branch,Loan,1374266.81,22245.67
1855,136,Mumbai Main Branch,Loan,1806080.08,47352.6
1856,1303,Kolkata Branch,Savings,1513939.81,171409.77
1857,5000,Pune Branch,Current,883513.53,230811.78
1858,4132,Mumbai Main Branch,Current,134761.6,53013.7
1859,4698,Hyderabad Branch,Savings,1360010.81,294786.97
1860,3932,Hyderabad Branch,Current,1892316.7,272038.64
1861,4048,Bangalore Branch,Loan,1696632.67,96849.64
1862,1211,Mumbai Main Branch,Savings,1820938.08,91772.56
1863,3135,Kolkata Branch,Current,1170315.61,163257.21
1864,2019,Delhi Central Branch,Savings,198310.92,282141.61
1865,905,Mumbai Main Branch,Current,1495815.08,73418.25
1866,1845,Pune Branch,Current,1975280.1,134694.96
1867,2195,Pune Branch,Loan,1213598.1,47214.63
1868,3383,Hyderabad Branch,Loan,1805424.23,125789.32
1869,959,Bangalore Branch,Loan,1084464.21,292937.72
1870,69,Mumbai Main Branch,Savings,1030152.94,79719.28
1871,479,Hyderabad Branch,Savings,1418042.93,6837.06
1872,4014,Mumbai Main Branch,Savings,816401.22,89079.2
1873,4653,Hyderabad Branch,Loan,623812.96,285886.74
1874,2886,Delhi Central Branch,Loan,1489831.37,151252.22
1875,1039,Pune Branch,Current,795339.33,237559.71
1876,1514,Hyderabad Branch,Savings,612535.63,274532.31
1877,2353,Mumbai Main Branch,Current,1892935.0,103902.22
1878,2279,Ahmedabad Branch,Current,1659175.02,173688.56
1879,1537,Delhi Central Branch,Current,1699359.81,40631.88
1880,4496,Chennai Branch,Savings,1037713.0,88975.93
1881,1718,Pune Branch,Savings,632022.27,156614.26
1882,3918,Kolkata Branch,Loan,1469873.6,224119.83
1883,2838,Ahmedabad Branch,Savings,1010178.32,150505.51
1884,4868,Delhi Central Branch,Savings,1914133.91,141540.11
1885,3595,Hyderabad Branch,Loan,1995829.48,111191.15
1886,1679,Bangalore Branch,Loan,1797154.79,25373.7
1887,4220,Hyderabad Branch,Current,1188408.17,153017.73
1888,4900,Mumbai Main Branch,Current,27547.45,151237.21
1889,2926,Hyderabad Branch,Current,1255622.01,159820.68
1890,1483,Bangalore Branch,Savings,687179.21,28826.25
1891,4873,Ahmedabad Branch,Loan,1991488.43,30354.59
1892,1040,Chennai Branch,Savings,1749138.36,276539.71
1893,4427,Kolkata Branch,Savings,444391.72,154962.77
1894,2254,Chennai Branch,Savings,1587446.66,109909.74
1895,4818,Hyderabad Branch,Current,845822.67,87416.57
1896,1061,Mumbai Main Branch,Current,279923.63,259045.89
1897,1172,Hyderabad Branch,Savings,1398863.04,221984.37
1898,4035,Mumbai Main Branch,Current,1746472.14,267618.12
1899,3000,Bangalore Branch,Savings,922085.7,41403.47
1900,1638,Hyderabad Branch,Current,119408.44,287487.94
1901,3926,Kolkata Branch,Current,549949.78,58078.91
1902,1869,Kolkata Branch,Current,1646404.32,14762.34
1903,850,Bangalore Branch,Loan,395776.95,102098.32
1904,1811,Kolkata Branch,Savings,703055.33,30989.93
1905,1031,Bangalore Branch,Loan,426572.25,185387.66
1906,2505,Mumbai Main Branch,Loan,1173012.4,211482.66
1907,3373,Ahmedabad Branch,Current,803450.04,37990.71
1908,356,Pune Branch,Current,167694.37,222459.21
1909,1118,Chennai Branch,Loan,921690.55,112733.8
1910,2886,Delhi Central Branch,Current,1388753.59,23928.04
1911,3950,Ahmedabad Branch,Savings,123540.91,282393.63
1912,203,Chennai Branch,Loan,910382.08,231531.02
1913,4157,Delhi Central Branch,Current,1652081.87,80204.35
1914,4731,Pune Branch,Current,161947.42,15365.39
1915,987,Hyderabad Branch,Savings,105026.02,180990.69
1916,3801,Pune Branch,Current,1578486.96,261684.33
1917,2136,Delhi Central Branch,Savings,1856201.55,240155.96
1918,125,Bangalore Branch,Loan,1130419.99,225784.94
1919,551,Kolkata Branch,Loan,1646995.88,53247.69
1920,3044,Kolkata Branch,Savings,520239.8,171563.16
1921,886,Pune Branch,Savings,684340.55,217706.09
1922,1601,Chennai Branch,Savings,1759981.44,178024.44
1923,2256,Bangalore Branch,Loan,730700.99,192420.8
1924,4653,Chennai Branch,Current,466901.99,150534.42
1925,2269,Bangalore Branch,Loan,1730021.3,69262.6
1926,3916,Bangalore Branch,Savings,1983743.87,223240.36
1927,2705,Kolkata Branch,Loan,456015.37,189466.9
1928,3918,Hyderabad Branch,Current,781362.89,167270.78
1929,2763,Pune Branch,Loan,1258343.99,113363.56
1930,2473,Delhi Central Branch,Savings,679708.02,10312.84
1931,3165,Hyderabad Branch,Loan,506296.64,257497.54
1932,4257,Hyderabad Branch,Current,1017322.69,27239.91
1933,4332,Bangalore Branch,Current,1190035.29,68004.13
1934,4068,Delhi Central Branch,Loan,1075353.76,96697.0
1935,27,Bangalore Branch,Current,1592487.18,106959.07
1936,2050,Delhi Central Branch,Current,189563.01,237569.22
1937,1980,Delhi Central Branch,Loan,1240939.22,207277.54
1938,3544,Chennai Branch,Savings,1791622.73,9885.94
1939,828,Pune Branch,Current,115401.58,213843.0
1940,4179,Kolkata Branch,Loan,1889587.32,186628.49
1941,4842,Hyderabad Branch,Savings,1232758.04,271489.19
1942,977,Ahmedabad Branch,Current,1205704.59,239030.05
1943,436,Mumbai Main Branch,Loan,139408.48,153584.04
1944,3461,Ahmedabad Branch,Current,357552.57,148243.77
1945,83,Chennai Branch,Savings,1570429.54,292046.37
1946,2710,Kolkata Branch,Savings,177903.69,261834.32
1947,3792,Bangalore Branch,Savings,1379003.12,95170.83
1948,1975,Delhi Central Branch,Savings,477271.79,229059.02
1949,2852,Kolkata Branch,Current,1642190.26,28754.01
1950,3049,Mumbai Main Branch,Savings,46136.76,136092.5
1951,4165,Mumbai Main Branch,Savings,1277601.12,180447.18
1952,240,Ahmedabad Branch,Current,1892535.26,208316.07
1953,4784,Delhi Central Branch,Current,536151.65,148596.7
1954,3414,Hyderabad Branch,Current,66133.44,45615.65
1955,4476,Chennai Branch,Loan,106878.42,40199.53
1956,3226,Bangalore Branch,Savings,625866.85,139800.85
1957,1545,Pune Branch,Loan,258361.98,29641.89
1958,696,Delhi Central Branch,Current,552798.59,14811.17
1959,1202,Hyderabad Branch,Loan,1122020.66,199153.29
1960,361,Hyderabad Branch,Current,6632.94,239687.06
1961,2137,Mumbai Main Branch,Current,1010788.5,8230.48
1962,1703,Delhi Central Branch,Savings,18874.31,192140.34
1963,4763,Bangalore Branch,Loan,1394006.33,50093.17
1964,3373,Ahmedabad Branch,Loan,1586242.94,115517.64
1965,1405,Ahmedabad Branch,Savings,1960136.71,274159.96
1966,2164,Hyderabad Branch,Savings,595836.5,46434.23
1967,4418,Pune Branch,Loan,275594.62,191164.86
1968,3590,Chennai Branch,Current,65240.69,10254.16
1969,3483,Ahmedabad Branch,Loan,1560344.09,136740.4
1970,2258,Bangalore Branch,Loan,1574581.87,63935.81
1971,4022,Mumbai Main Branch,Savings,677157.56,97182.49
1972,1737,Chennai Branch,Current,31330.52,8337.6
1973,1152,Delhi Central Branch,Savings,527121.46,225469.23
1974,2873,Ahmedabad Branch,Loan,1564643.06,230481.2
1975,3669,Ahmedabad Branch,Savings,32016.01,104395.31
1976,4001,Pune Branch,Savings,930674.65,15075.05
1977,2600,Chennai Branch,Current,1342654.64,129764.75
1978,1489,Delhi Central Branch,Savings,1455983.34,232445.27
1979,2842,Bangalore Branch,Savings,1657671.17,98165.29
1980,751,Kolkata Branch,Current,1321873.61,136493.16
1981,4362,Kolkata Branch,Savings,1559030.23,297361.98
1982,2475,Kolkata Branch,Loan,791509.12,144853.56
1983,4735,Pune Branch,Savings,836899.38,34034.6
1984,1619,Chennai Branch,Current,925274.99,198252.93
1985,3186,Mumbai Main Branch,Current,836276.63,177901.14
1986,2524,Chennai Branch,Savings,720589.78,210655.95
1987,3846,Pune Branch,Current,1602862.58,37490.78
1988,3660,Delhi Central Branch,Current,1571125.88,123883.26
1989,1837,Delhi Central Branch,Current,1294657.07,95854.03
1990,1334,Bangalore Branch,Current,659923.76,79903.62
1991,4540,Mumbai Main Branch,Savings,1505492.63,205900.52
1992,4199,Delhi Central Branch,Loan,1046279.36,198747.84
1993,2303,Ahmedabad Branch,Savings,1851023.83,47727.03
1994,690,Mumbai Main Branch,Loan,184832.74,18500.25
1995,2804,Mumbai Main Branch,Loan,198431.79,174832.28
1996,4528,Kolkata Branch,Loan,771269.4,37963.53
1997,320,Mumbai Main Branch,Current,484899.83,99072.12
1998,3239,Chennai Branch,Current,937906.87,243333.13
1999,415,Kolkata Branch,Current,396363.16,276126.68
2000,3389,Bangalore Branch,Loan,281543.51,252763.88
2001,2997,Chennai Branch,Loan,1308474.08,86373.95
2002,4522,Delhi Central Branch,Savings,1886410.88,256193.5
2003,793,Ahmedabad Branch,Savings,1021857.84,146664.87
2004,1393,Kolkata Branch,Loan,1826529.32,216574.19
2005,443,Mumbai Main Branch,Current,895496.12,162016.07
2006,2298,Delhi Central Branch,Savings,1325675.67,223853.94
2007,805,Hyderabad Branch,Current,600923.57,118894.79
2008,2384,Bangalore Branch,Loan,515552.46,132787.86
2009,2572,Mumbai Main Branch,Savings,1121105.67,212626.5
2010,2842,Ahmedabad Branch,Current,1700744.58,8791.35
2011,1043,Pune Branch,Savings,1643943.6,194614.45
2012,818,Pune Branch,Loan,1367969.79,93207.0
2013,3231,Pune Branch,Current,1821776.73,131984.45
2014,3539,Ahmedabad Branch,Savings,1182774.14,278563.09
2015,1505,Bangalore Branch,Current,1447438.04,161523.07
2016,3511,Ahmedabad Branch,Savings,572260.72,57434.86
2017,905,Ahmedabad Branch,Loan,287561.64,113461.71
2018,2240,Pune Branch,Current,1268108.67,177737.38
2019,811,Mumbai Main Branch,Loan,1874753.41,160149.11
2020,4364,Ahmedabad Branch,Current,1022560.25,119332.72
2021,2772,Hyderabad Branch,Savings,118260.72,188815.89
2022,601,Mumbai Main Branch,Current,451277.69,82367.97
2023,4530,Kolkata Branch,Loan,745073.16,142694.32
2024,2825,Delhi Central Branch,Loan,38105.31,34438.33
2025,393,Bangalore Branch,Current,654337.99,152998.29
2026,4358,Ahmedabad Branch,Current,860900.87,227966.14
2027,1580,Mumbai Main Branch,Loan,391773.11,67080.89
2028,3551,Chennai Branch,Current,828025.1,292677.29
2029,4510,Kolkata Branch,Loan,1579387.73,292958.86
2030,2444,Hyderabad Branch,Savings,773648.68,186433.43
2031,802,Hyderabad Branch,Current,489991.05,264917.45
2032,2329,Mumbai Main Branch,Loan,1624712.71,272274.08
2033,1595,Hyderabad Branch,Loan,1935912.88,68418.84
2034,3698,Pune Branch,Savings,6334.01,164625.6
2035,4943,Mumbai Main Branch,Savings,1664983.09,299569.08
2036,746,Pune Branch,Loan,207165.43,195338.19
2037,3024,Chennai Branch,Current,1615107.58,215355.39
2038,3062,Pune Branch,Loan,1321970.09,69256.94
2039,4693,Delhi Central Branch,Loan,1253678.33,20157.39
2040,2558,Kolkata Branch,Loan,1614777.39,219947.27
2041,1730,Bangalore Branch,Current,1082216.28,86121.7
2042,2594,Delhi Central Branch,Savings,195915.47,224319.12
2043,4535,Delhi Central Branch,Loan,39228.43,45789.06
2044,2512,Chennai Branch,Savings,418221.49,222816.99
2045,2126,Kolkata Branch,Savings,526463.97,135709.5
2046,4857,Chennai Branch,Loan,1299202.39,216230.45
2047,4187,Hyderabad Branch,Loan,1619093.31,50223.07
2048,1708,Delhi Central Branch,Loan,1378222.22,77446.66
2049,3968,Pune Branch,Savings,1314235.97,206914.69
2050,4572,Pune Branch,Current,770149.19,109176.69
2051,4273,Chennai Branch,Current,1845468.83,182628.49
2052,4221,Delhi Central Branch,Savings,1901862.05,245861.33
2053,3853,Bangalore Branch,Current,203713.88,181775.39
2054,3238,Hyderabad Branch,Loan,886438.27,88088.5
2055,1685,Chennai Branch,Current,919712.68,29263.3
2056,246,Pune Branch,Loan,1013811.96,169633.05
2057,1821,Pune Branch,Savings,622024.65,255231.03
2058,2335,Bangalore Branch,Savings,1168512.42,48898.25
2059,332,Kolkata Branch,Current,925829.96,133980.49
2060,1558,Hyderabad Branch,Savings,881465.88,217249.69
2061,3394,Bangalore Branch,Savings,1926194.02,292747.64
2062,4105,Pune Branch,Savings,684369.04,285348.75
2063,2271,Chennai Branch,Current,1970392.22,167607.31
2064,1491,Pune Branch,Savings,1315354.26,185933.22
2065,195,Pune Branch,Savings,849167.29,244779.59
2066,14,Hyderabad Branch,Loan,1900082.74,242659.68
2067,3220,Mumbai Main Branch,Loan,1535448.82,190037.6
2068,754,Pune Branch,Current,1024416.39,195082.81
2069,1132,Mumbai Main Branch,Loan,219591.32,154728.11
2070,3312,Pune Branch,Current,1492707.97,95986.92
2071,4195,Ahmedabad Branch,Savings,240472.16,210101.87
2072,2555,Chennai Branch,Loan,726924.33,286573.92
2073,1499,Hyderabad Branch,Savings,1826396.95,203217.6
2074,4539,Hyderabad Branch,Loan,1251545.32,271448.09
2075,2087,Delhi Central Branch,Current,1655758.16,75117.85
2076,974,Bangalore Branch,Loan,1637289.6,226274.97
2077,2406,Ahmedabad Branch,Savings,1872401.29,204300.23
2078,2499,Delhi Central Branch,Current,1333416.72,123756.68
2079,3731,Ahmedabad Branch,Current,55918.13,101627.44
2080,2118,Bangalore Branch,Savings,1561882.36,108233.7
2081,130,Hyderabad Branch,Loan,1325563.96,257465.44
2082,3089,Mumbai Main Branch,Current,685950.36,22373.38
2083,867,Pune Branch,Loan,34425.93,25461.72
2084,2330,Bangalore Branch,Loan,1288352.34,69506.27
2085,4424,Mumbai Main Branch,Loan,1080756.38,100493.55
2086,405,Delhi Central Branch,Loan,1952724.78,252255.1
2087,3214,Bangalore Branch,Savings,599776.63,230528.12
2088,2482,Delhi Central Branch,Current,469359.84,218145.9
2089,281,Kolkata Branch,Current,522553.72,235660.0
2090,836,Bangalore Branch,Loan,1772465.63,130058.08
2091,2343,Bangalore Branch,Loan,1553453.43,104159.47
2092,4525,Pune Branch,Loan,92742.82,36910.13
2093,4593,Hyderabad Branch,Loan,1785438.77,141083.92
2094,3107,Mumbai Main Branch,Loan,244002.16,87220.52
2095,2753,Kolkata Branch,Current,694795.94,145205.44
2096,4137,Bangalore Branch,Current,42363.87,264086.34
2097,2437,Chennai Branch,Savings,979600.34,226338.51
2098,2133,Chennai Branch,Loan,860573.01,162638.85
2099,4822,Pune Branch,Current,506507.31,45181.83
2100,3117,Delhi Central Branch,Loan,1189654.92,179195.66
2101,1440,Pune Branch,Current,744610.76,93736.16
2102,3712,Mumbai Main Branch,Savings,207786.09,237910.02
2103,478,Chennai Branch,Savings,1032608.77,157164.5
2104,2372,Bangalore Branch,Savings,1738868.47,191146.92
2105,27,Ahmedabad Branch,Current,721070.55,35981.63
2106,3390,Ahmedabad Branch,Loan,13165.12,145577.88
2107,2021,Hyderabad Branch,Savings,438786.68,266951.0
2108,4813,Ahmedabad Branch,Loan,1634857.87,110656.18
2109,3389,Bangalore Branch,Loan,919665.29,248712.84
2110,4595,Chennai Branch,Savings,1909930.13,242413.61
2111,3867,Kolkata Branch,Loan,464328.79,291864.23
2112,950,Bangalore Branch,Loan,464264.31,55121.7
2113,1327,Hyderabad Branch,Current,288293.84,88021.57
2114,3722,Mumbai Main Branch,Current,1321245.44,130452.62
2115,709,Chennai Branch,Loan,1473564.39,238938.89
2116,4368,Delhi Central Branch,Current,701121.43,30425.13
2117,2183,Kolkata Branch,Current,536642.21,220094.44
2118,1126,Kolkata Branch,Savings,653237.55,89970.52
2119,4594,Mumbai Main Branch,Loan,36829.82,210794.51
2120,1384,Kolkata Branch,Savings,1544088.82,259519.42
2121,4593,Kolkata Branch,Current,1743036.82,70936.34
2122,973,Mumbai Main Branch,Current,286527.23,74065.58
2123,1848,Kolkata Branch,Loan,1020830.14,227047.27
2124,2511,Pune Branch,Loan,1181341.04,236167.96
2125,3639,Hyderabad Branch,Loan,977181.65,118803.41
2126,648,Ahmedabad Branch,Current,1955160.77,252365.81
2127,2542,Delhi Central Branch,Savings,1800311.35,274660.47
2128,2430,Pune Branch,Loan,943709.61,113442.5
2129,771,Delhi Central Branch,Savings,1016542.06,16798.38
2130,4574,Hyderabad Branch,Savings,1449168.84,278328.39
2131,4950,Bangalore Branch,Savings,1334018.45,71586.11
2132,3528,Pune Branch,Savings,1982381.75,184892.39
2133,4966,Delhi Central Branch,Savings,277623.09,244286.98
2134,3289,Hyderabad Branch,Current,1837232.53,63572.2
2135,106,Mumbai Main Branch,Current,909484.96,188958.38
2136,2301,Bangalore Branch,Current,1261352.06,171241.38
2137,758,Pune Branch,Current,257911.74,271787.05
2138,2662,Ahmedabad Branch,Current,1927341.54,178269.29
2139,3625,Chennai Branch,Current,243290.31,20725.0
2140,3518,Delhi Central Branch,Current,1892064.59,84425.63
2141,3667,Delhi Central Branch,Loan,190973.6,41721.82
2142,2982,Kolkata Branch,Current,731245.37,139087.2
2143,3450,Hyderabad Branch,Savings,1867286.78,1930.81
2144,2316,Ahmedabad Branch,Savings,1940374.94,49506.55
2145,2955,Ahmedabad Branch,Current,321172.92,295126.66
2146,3340,Bangalore Branch,Savings,843124.12,24565.99
2147,3089,Mumbai Main Branch,Savings,964401.8,37818.22
2148,2927,Mumbai Main Branch,Loan,1415039.92,246888.08
2149,2381,Hyderabad Branch,Loan,182155.38,293678.52
2150,3495,Chennai Branch,Current,173362.01,96115.29
2151,3606,Hyderabad Branch,Savings,749477.79,22125.13
2152,2792,Delhi Central Branch,Savings,562285.45,239225.58
2153,3080,Pune Branch,Loan,1256755.78,160575.47
2154,1620,Mumbai Main Branch,Loan,1169313.17,58009.58
2155,2022,Hyderabad Branch,Loan,1534379.57,184631.76
2156,2733,Pune Branch,Savings,629036.22,91181.06
2157,3644,Chennai Branch,Loan,1431065.63,151386.33
2158,3337,Mumbai Main Branch,Current,1387672.19,217582.95
2159,389,Chennai Branch,Loan,578776.72,78234.99
2160,1466,Pune Branch,Savings,953565.2,59526.84
2161,209,Chennai Branch,Current,253496.23,131850.36
2162,3383,Chennai Branch,Loan,1136097.15,295792.27
2163,1548,Delhi Central Branch,Loan,1233384.23,253123.7
2164,139,Delhi Central Branch,Loan,564568.1,83573.74
2165,1886,Mumbai Main Branch,Current,206920.94,92205.75
2166,2318,Bangalore Branch,Loan,83738.45,150513.53
2167,3078,Kolkata Branch,Current,842564.8,98586.57
2168,3136,Delhi Central Branch,Loan,416090.22,260371.45
2169,1170,Bangalore Branch,Savings,735945.23,111958.87
2170,3693,Mumbai Main Branch,Loan,1462829.41,110546.55
2171,2221,Bangalore Branch,Savings,1933334.74,5118.83
2172,4015,Kolkata Branch,Savings,600254.61,83175.14
2173,823,Ahmedabad Branch,Current,66533.04,280322.95
2174,3908,Delhi Central Branch,Current,394371.27,242360.47
2175,3156,Hyderabad Branch,Current,1430934.17,93021.42
2176,4150,Pune Branch,Current,479803.57,207778.37
2177,4372,Delhi Central Branch,Current,1477562.94,202323.72
2178,2096,Ahmedabad Branch,Loan,584011.91,131313.4
2179,3090,Mumbai Main Branch,Savings,111985.9,264132.82
2180,2418,Chennai Branch,Loan,427925.85,191166.4
2181,154,Delhi Central Branch,Current,1333228.59,80706.45
2182,1417,Delhi Central Branch,Savings,938906.91,33051.0
2183,4791,Chennai Branch,Savings,630013.36,193387.83
2184,1232,Kolkata Branch,Savings,193193.8,132481.86
2185,663,Delhi Central Branch,Loan,411205.78,114591.65
2186,4173,Ahmedabad Branch,Current,82287.42,258226.26
2187,532,Kolkata Branch,Loan,27379.89,170577.54
2188,4975,Kolkata Branch,Current,978455.58,17678.89
2189,1128,Kolkata Branch,Loan,379978.62,250261.95
2190,666,Ahmedabad Branch,Loan,516372.4,231662.15
2191,2108,Mumbai Main Branch,Current,73980.89,173342.74
2192,2054,Bangalore Branch,Savings,716921.91,169678.4
2193,716,Kolkata Branch,Loan,425693.96,159696.12
2194,4500,Hyderabad Branch,Loan,1176867.72,32001.87
2195,3690,Ahmedabad Branch,Current,1791426.0,63521.54
2196,1823,Hyderabad Branch,Current,1398981.77,129528.58
2197,1964,Bangalore Branch,Savings,443693.29,17107.57
2198,3280,Bangalore Branch,Savings,1477097.72,44084.14
2199,45,Mumbai Main Branch,Savings,1388978.92,295403.97
2200,776,Delhi Central Branch,Current,520653.65,194232.8
2201,2647,Kolkata Branch,Current,131178.86,164453.7
2202,1621,Bangalore Branch,Loan,1326206.14,144802.27
2203,2748,Chennai Branch,Loan,1180753.99,247976.35
2204,4191,Bangalore Branch,Loan,1104103.15,3667.96
2205,4721,Mumbai Main Branch,Savings,853508.66,202200.54
2206,3075,Mumbai Main Branch,Current,593419.12,152201.79
2207,1693,Mumbai Main Branch,Loan,27484.96,105425.21
2208,2426,Hyderabad Branch,Savings,1128622.68,17380.48
2209,3812,Bangalore Branch,Current,1392736.84,24671.65
2210,4256,Hyderabad Branch,Current,501099.59,225889.46
2211,3497,Delhi Central Branch,Savings,859107.88,92400.94
2212,190,Kolkata Branch,Savings,1700340.61,96170.28
2213,3578,Hyderabad Branch,Current,1232320.47,271468.34
2214,2063,Pune Branch,Loan,652796.71,276175.5
2215,2906,Kolkata Branch,Savings,1042006.2,175913.21
2216,1798,Delhi Central Branch,Savings,1719749.81,73278.11
2217,2790,Chennai Branch,Savings,1843049.85,10292.6
2218,4116,Ahmedabad Branch,Savings,31680.55,105653.97
2219,2745,Bangalore Branch,Savings,36851.16,1666.39
2220,2333,Bangalore Branch,Loan,1821292.26,294447.64
2221,2233,Kolkata Branch,Savings,1984443.23,111127.7
2222,4761,Hyderabad Branch,Loan,555978.42,299089.74
2223,677,Ahmedabad Branch,Loan,969302.97,78286.01
2224,4246,Kolkata Branch,Loan,1403954.57,83123.07
2225,2814,Bangalore Branch,Savings,116142.52,52358.24
2226,1864,Pune Branch,Current,1920437.88,213293.97
2227,2499,Ahmedabad Branch,Loan,657541.23,166636.1
2228,3841,Chennai Branch,Loan,1008958.49,188201.32
2229,4045,Delhi Central Branch,Current,1392246.78,217271.31
2230,3224,Delhi Central Branch,Loan,1447010.98,255299.62
2231,3117,Delhi Central Branch,Savings,287286.51,181324.76
2232,3932,Delhi Central Branch,Current,273735.31,93709.32
2233,2336,Delhi Central Branch,Loan,691006.56,202119.68
2234,4887,Kolkata Branch,Current,253504.24,170052.09
2235,2041,Chennai Branch,Loan,1891847.26,67548.64
2236,4377,Delhi Central Branch,Savings,310325.81,202488.94
2237,2700,Kolkata Branch,Savings,1666088.31,164224.59
2238,3206,Ahmedabad Branch,Loan,812493.58,295081.97
2239,738,Mumbai Main Branch,Savings,40228.42,185453.68
2240,2032,Hyderabad Branch,Current,1206739.72,203759.25
2241,1888,Hyderabad Branch,Savings,583258.32,285351.76
2242,607,Mumbai Main Branch,Savings,955662.71,196852.12
2243,62,Delhi Central Branch,Loan,752708.09,221048.56
2244,1782,Pune Branch,Loan,902225.34,279465.53
2245,3869,Pune Branch,Loan,1601625.64,294260.91
2246,2982,Mumbai Main Branch,Loan,379484.75,213444.6
2247,40,Hyderabad Branch,Savings,967441.53,257868.86
2248,450,Ahmedabad Branch,Current,242068.42,280594.27
2249,2883,Pune Branch,Current,584997.32,73886.64
2250,3768,Hyderabad Branch,Current,1473197.05,289955.85
2251,1058,Ahmedabad Branch,Current,565748.76,128746.03
2252,3882,Bangalore Branch,Loan,1000883.26,10716.28
2253,4193,Pune Branch,Current,983472.07,274257.49
2254,827,Delhi Central Branch,Loan,1339193.97,100774.05
2255,2059,Bangalore Branch,Current,1069665.81,218591.71
2256,3460,Bangalore Branch,Loan,64838.44,29988.28
2257,1998,Mumbai Main Branch,Loan,1065684.61,176310.27
2258,3821,Delhi Central Branch,Current,1689558.03,41965.98
2259,2701,Hyderabad Branch,Current,1108187.6,182311.85
2260,3828,Kolkata Branch,Current,1821075.78,188373.97
2261,2980,Bangalore Branch,Savings,1804282.79,280951.46
2262,184,Kolkata Branch,Current,741238.99,125095.03
2263,2483,Delhi Central Branch,Current,1375032.27,66225.36
2264,1244,Kolkata Branch,Loan,284226.97,11533.25
2265,4312,Hyderabad Branch,Loan,615778.09,7900.66
2266,4492,Bangalore Branch,Current,1795624.69,229030.02
2267,3043,Ahmedabad Branch,Loan,1973560.48,159304.82
2268,1731,Ahmedabad Branch,Savings,576246.97,174281.74
2269,3682,Chennai Branch,Current,499938.84,189172.57
2270,1910,Mumbai Main Branch,Savings,1371220.8,248709.8
2271,30,Pune Branch,Loan,1644043.4,145828.74
2272,3751,Pune Branch,Current,1303223.12,32389.53
2273,621,Bangalore Branch,Loan,857934.3,163758.76
2274,1993,Kolkata Branch,Savings,1414418.38,220677.18
2275,2410,Bangalore Branch,Loan,1627177.57,218705.89
2276,2937,Pune Branch,Savings,235148.02,126749.16
2277,3446,Delhi Central Branch,Current,591403.12,104253.77
2278,4634,Mumbai Main Branch,Loan,1114757.98,196271.44
2279,431,Kolkata Branch,Savings,686637.51,109104.27
2280,2149,Mumbai Main Branch,Savings,1955486.25,123160.65
2281,3722,Mumbai Main Branch,Loan,451719.42,129540.27
2282,1994,Bangalore Branch,Loan,1465865.33,52166.26
2283,1662,Hyderabad Branch,Savings,1450585.19,77245.11
2284,4594,Bangalore Branch,Loan,1782210.61,26265.38
2285,1010,Mumbai Main Branch,Loan,1485956.54,110372.7
2286,2406,Ahmedabad Branch,Savings,1382592.67,119219.59
2287,2782,Hyderabad Branch,Savings,1474183.85,201904.61
2288,1186,Bangalore Branch,Loan,1812890.81,249439.89
2289,4862,Bangalore Branch,Loan,751606.61,76632.29
2290,468,Delhi Central Branch,Loan,1393435.42,289703.4
2291,3090,Chennai Branch,Current,1354842.23,268349.46
2292,2638,Pune Branch,Current,1204897.83,267847.06
2293,1658,Pune Branch,Current,267785.01,216805.29
2294,99,Mumbai Main Branch,Savings,937331.86,84118.12
2295,3690,Pune Branch,Current,1127122.95,282089.15
2296,4254,Hyderabad Branch,Loan,805150.33,166068.99
2297,3461,Ahmedabad Branch,Savings,1810708.0,231347.75
2298,488,Delhi Central Branch,Current,1252555.35,203551.31
2299,1286,Delhi Central Branch,Current,1534211.01,71628.7
2300,2698,Kolkata Branch,Loan,1455818.53,62312.21
2301,849,Delhi Central Branch,Current,1360356.78,30884.72
2302,3470,Bangalore Branch,Current,1154639.27,226739.21
2303,1370,Hyderabad Branch,Current,1353386.72,181916.64
2304,4599,Delhi Central Branch,Savings,256672.07,177103.85
2305,1037,Kolkata Branch,Savings,149923.07,249925.33
2306,4046,Delhi Central Branch,Current,1747814.69,240198.31
2307,399,Ahmedabad Branch,Loan,1499468.14,262047.74
2308,4165,Delhi Central Branch,Savings,1493503.98,233471.91
2309,2650,Ahmedabad Branch,Current,519825.16,78356.4
2310,432,Delhi Central Branch,Savings,1595843.57,160999.24
2311,1010,Hyderabad Branch,Current,1469163.77,229167.03
2312,3893,Pune Branch,Loan,415293.28,156330.3
2313,4540,Delhi Central Branch,Current,1610201.16,97654.22
2314,2820,Delhi Central Branch,Current,1702468.83,8774.6
2315,3337,Pune Branch,Loan,110854.1,22992.42
2316,1841,Chennai Branch,Savings,904188.85,215095.11
2317,4535,Delhi Central Branch,Current,1814261.31,286980.15
2318,2180,Chennai Branch,Loan,1223039.79,134831.39
2319,2469,Chennai Branch,Current,1846959.39,70627.03
2320,3908,Hyderabad Branch,Current,10365.17,7906.0
2321,1710,Bangalore Branch,Savings,1559654.87,3838.42
2322,3026,Delhi Central Branch,Current,1607323.22,223240.69
2323,2233,Kolkata Branch,Savings,1445913.63,145582.7
2324,2989,Ahmedabad Branch,Savings,143131.5,59298.32
2325,3141,Bangalore Branch,Current,211494.72,52645.55
2326,2437,Pune Branch,Loan,994288.89,256539.28
2327,1720,Ahmedabad Branch,Current,1921143.52,269031.45
2328,2799,Ahmedabad Branch,Loan,1249804.91,10210.6
2329,680,Kolkata Branch,Loan,871040.74,42370.81
2330,1468,Ahmedabad Branch,Current,1541667.19,9017.88
2331,2760,Pune Branch,Savings,226389.09,17520.89
2332,2873,Bangalore Branch,Savings,1727431.19,28102.17
2333,2131,Bangalore Branch,Current,1805188.97,275643.42
2334,3027,Chennai Branch,Loan,1171203.61,76320.31
2335,2122,Delhi Central Branch,Loan,723385.14,130825.75
2336,1665,Chennai Branch,Savings,195647.22,158370.76
2337,1724,Pune Branch,Savings,1045478.22,129706.68
2338,2243,Ahmedabad Branch,Current,89377.59,215425.42
2339,4997,Delhi Central Branch,Loan,293231.03,79069.4
2340,4480,Ahmedabad Branch,Savings,277066.83,188750.57
2341,3334,Kolkata Branch,Loan,1311693.82,31346.31
2342,2928,Delhi Central Branch,Current,1061017.96,243599.04
2343,4677,Delhi Central Branch,Loan,986963.12,95119.51
2344,2605,Delhi Central Branch,Savings,1776639.66,67036.2
2345,1171,Pune Branch,Loan,1588116.44,296391.75
2346,3008,Chennai Branch,Loan,1344393.39,126998.84
2347,3331,Mumbai Main Branch,Loan,1423188.12,28342.24
2348,2078,Hyderabad Branch,Savings,132918.17,249203.73
2349,2592,Chennai Branch,Current,52456.19,57742.7
2350,411,Hyderabad Branch,Savings,1961131.73,268817.69
2351,4224,Bangalore Branch,Loan,230328.13,16945.41
2352,25,Bangalore Branch,Savings,1636186.01,224701.68
2353,3814,Kolkata Branch,Loan,808990.22,250496.03
2354,3297,Mumbai Main Branch,Savings,738467.72,267553.95
2355,1647,Kolkata Branch,Current,1877282.19,135962.66
2356,4168,Ahmedabad Branch,Loan,1208046.02,149006.67
2357,2116,Kolkata Branch,Savings,117344.87,25415.62
2358,100,Chennai Branch,Loan,92761.75,183065.93
2359,706,Kolkata Branch,Savings,887480.17,83866.97
2360,3601,Bangalore Branch,Current,1101062.7,200013.78
2361,2223,Mumbai Main Branch,Savings,921313.01,54468.04
2362,2219,Pune Branch,Loan,1509307.83,58420.74
2363,2218,Ahmedabad Branch,Current,454660.0,71622.09
2364,285,Pune Branch,Savings,1635732.8,299770.57
2365,4094,Kolkata Branch,Current,19886.14,257643.8
2366,2650,Ahmedabad Branch,Current,933006.38,83937.83
2367,4799,Bangalore Branch,Savings,815410.37,6381.47
2368,2471,Kolkata Branch,Loan,1037289.54,265000.92
2369,4927,Delhi Central Branch,Savings,1312646.32,37356.66
2370,2467,Kolkata Branch,Savings,907310.08,4813.28
2371,1743,Pune Branch,Current,1587708.22,39295.6
2372,1779,Kolkata Branch,Current,1942159.29,21406.65
2373,1513,Hyderabad Branch,Current,1596173.32,2268.1
2374,2082,Ahmedabad Branch,Current,368133.53,73786.16
2375,1514,Kolkata Branch,Loan,339876.05,44192.4
2376,1921,Bangalore Branch,Current,1128271.61,206841.36
2377,498,Chennai Branch,Savings,652437.99,156134.33
2378,4527,Chennai Branch,Savings,580472.46,283505.66
2379,183,Chennai Branch,Current,74032.72,203173.38
2380,2269,Delhi Central Branch,Current,1211926.92,103701.58
2381,1677,Mumbai Main Branch,Current,1563182.38,139835.59
2382,3523,Ahmedabad Branch,Savings,764245.75,270442.49
2383,564,Delhi Central Branch,Current,663099.37,66009.52
2384,4136,Chennai Branch,Savings,635602.94,64985.37
2385,1299,Pune Branch,Current,66031.05,44348.96
2386,549,Mumbai Main Branch,Current,1707302.69,269899.85
2387,1465,Chennai Branch,Current,1560133.09,79166.82
2388,4425,Ahmedabad Branch,Savings,588757.28,67065.19
2389,3659,Hyderabad Branch,Current,599549.28,112274.11
2390,2053,Delhi Central Branch,Loan,1314155.81,90810.99
2391,3070,Kolkata Branch,Loan,180095.96,282312.42
2392,565,Chennai Branch,Savings,1748320.8,47411.38
2393,3288,Kolkata Branch,Savings,654641.37,254364.94
2394,2617,Pune Branch,Current,1286573.43,270745.06
2395,4855,Chennai Branch,Current,1062193.44,266702.41
2396,3007,Pune Branch,Loan,640845.15,99768.33
2397,4359,Kolkata Branch,Savings,931964.53,291004.57
2398,1267,Ahmedabad Branch,Current,1323037.56,150045.99
2399,4438,Mumbai Main Branch,Current,1226774.06,238449.78
2400,3959,Ahmedabad Branch,Loan,1720789.11,55486.9
2401,4750,Bangalore Branch,Current,709360.85,9097.43
2402,1802,Pune Branch,Savings,1430914.84,273770.4
2403,386,Delhi Central Branch,Current,764182.1,160282.59
2404,1978,Kolkata Branch,Loan,486395.17,196468.52
2405,700,Bangalore Branch,Loan,1337943.98,7158.7
2406,2205,Mumbai Main Branch,Savings,1894522.21,293497.12
2407,4455,Delhi Central Branch,Loan,1576966.18,160660.28
2408,1675,Pune Branch,Savings,1843892.16,186770.17
2409,3283,Bangalore Branch,Current,82104.16,127902.86
2410,1205,Kolkata Branch,Current,1836472.77,270190.45
2411,75,Ahmedabad Branch,Loan,1680578.29,80017.79
2412,3050,Kolkata Branch,Loan,20762.47,182456.26
2413,4847,Kolkata Branch,Current,1639329.94,93558.16
2414,1802,Mumbai Main Branch,Current,10330.98,126910.24
2415,2030,Mumbai Main Branch,Loan,1359625.99,29853.06
2416,2696,Kolkata Branch,Current,778348.47,10416.37
2417,2254,Hyderabad Branch,Current,879488.7,78011.65
2418,4234,Chennai Branch,Savings,1725696.69,83132.82
2419,1895,Kolkata Branch,Loan,1730616.15,37722.27
2420,1024,Pune Branch,Savings,1825336.76,159034.41
2421,1867,Pune Branch,Loan,533449.37,36958.81
2422,4010,Hyderabad Branch,Savings,677722.01,292995.32
2423,612,Kolkata Branch,Savings,83783.72,117109.58
2424,3686,Mumbai Main Branch,Current,389710.36,183931.18
2425,31,Ahmedabad Branch,Loan,1361629.14,270128.82
2426,3064,Bangalore Branch,Savings,1312667.2,291653.45
2427,1550,Hyderabad Branch,Loan,885160.37,73694.1
2428,2053,Pune Branch,Current,501416.38,219616.43
2429,2783,Kolkata Branch,Savings,1837860.54,28743.01
2430,586,Mumbai Main Branch,Current,548557.09,232039.51
2431,4565,Chennai Branch,Savings,1113657.51,90868.5
2432,4563,Mumbai Main Branch,Current,1778896.21,90253.06
2433,221,Bangalore Branch,Savings,1412364.33,240250.75
2434,44,Pune Branch,Current,1440866.91,221346.26
2435,479,Mumbai Main Branch,Current,1068656.81,43245.08
2436,2128,Ahmedabad Branch,Current,1914041.75,159107.11
2437,1250,Hyderabad Branch,Loan,288200.77,257973.22
2438,2153,Pune Branch,Loan,1119630.48,1414.35
2439,3106,Mumbai Main Branch,Current,991408.1,16552.95
2440,1052,Mumbai Main Branch,Savings,1252247.68,271429.09
2441,36,Mumbai Main Branch,Current,1705367.81,6472.95
2442,1722,Ahmedabad Branch,Current,1875719.77,84243.79
2443,3652,Mumbai Main Branch,Loan,1110271.09,146768.62
2444,4471,Bangalore Branch,Current,1467955.17,46534.22
2445,1013,Pune Branch,Loan,872759.79,180832.57
2446,3334,Delhi Central Branch,Savings,1924152.59,286421.98
2447,2651,Ahmedabad Branch,Savings,678384.19,157741.95
2448,3724,Chennai Branch,Loan,301486.34,281284.6
2449,3899,Bangalore Branch,Savings,1683192.57,106757.47
2450,4736,Delhi Central Branch,Savings,806515.14,209685.25
2451,4207,Kolkata Branch,Loan,809567.42,49397.66
2452,1108,Delhi Central Branch,Savings,451336.44,37850.75
2453,1729,Mumbai Main Branch,Current,1096070.01,7590.08
2454,1150,Chennai Branch,Loan,39842.13,41864.79
2455,675,Mumbai Main Branch,Current,519648.77,148376.81
2456,1899,Hyderabad Branch,Loan,12716.11,234586.69
2457,4323,Kolkata Branch,Loan,1170620.32,16563.65
2458,3134,Pune Branch,Current,1079773.04,224404.9
2459,73,Kolkata Branch,Savings,1355648.56,109885.07
2460,2101,Hyderabad Branch,Current,1648670.86,52048.85
2461,2483,Chennai Branch,Savings,889282.01,226860.4
2462,1474,Chennai Branch,Savings,1668852.48,294765.48
2463,4513,Hyderabad Branch,Loan,1576789.8,129226.07
2464,1162,Delhi Central Branch,Loan,595857.99,30696.05
2465,3150,Delhi Central Branch,Loan,1559658.49,237453.62
2466,4993,Chennai Branch,Current,12385.09,203442.94
2467,3923,Bangalore Branch,Loan,171816.54,64173.28
2468,4544,Kolkata Branch,Current,1248656.8,137503.09
2469,4601,Bangalore Branch,Savings,441970.86,260487.57
2470,1894,Mumbai Main Branch,Loan,1495957.6,93527.56
2471,3182,Bangalore Branch,Current,1705152.88,238597.69
2472,4677,Mumbai Main Branch,Current,30950.17,238926.48
2473,2281,Hyderabad Branch,Loan,511116.94,270341.99
2474,2176,Kolkata Branch,Savings,862020.94,262339.04
2475,2,Ahmedabad Branch,Current,195641.51,8618.84
2476,990,Chennai Branch,Current,1295039.36,245231.02
2477,4018,Kolkata Branch,Savings,510727.0,141045.41
2478,2243,Chennai Branch,Savings,915537.7,37743.93
2479,1319,Pune Branch,Savings,1786810.72,274038.89
2480,822,Hyderabad Branch,Savings,357337.41,190644.63
2481,1606,Chennai Branch,Loan,445861.9,147699.59
2482,582,Kolkata Branch,Loan,591483.0,76926.95
2483,3839,Bangalore Branch,Current,486989.09,216245.36
2484,4233,Bangalore Branch,Savings,973226.91,184034.51
2485,4699,Bangalore Branch,Savings,38525.89,138529.23
2486,4941,Kolkata Branch,Savings,715214.31,265854.47
2487,1429,Hyderabad Branch,Savings,1871770.54,257609.18
2488,105,Bangalore Branch,Savings,1510650.11,183339.84
2489,1521,Pune Branch,Savings,1701975.92,94973.53
2490,4290,Kolkata Branch,Current,218773.42,158052.68
2491,4473,Hyderabad Branch,Loan,1449121.96,278145.46
2492,3543,Mumbai Main Branch,Loan,354127.49,96113.67
2493,2562,Mumbai Main Branch,Loan,592786.45,171261.2
2494,942,Pune Branch,Current,1625383.43,295904.74
2495,685,Mumbai Main Branch,Savings,323542.01,105785.65
2496,4335,Bangalore Branch,Savings,1099268.93,240570.73
2497,567,Chennai Branch,Current,1532742.28,227075.46
2498,2200,Chennai Branch,Savings,517622.32,132985.5
2499,2981,Hyderabad Branch,Loan,1865839.84,11905.05
2500,1712,Chennai Branch,Savings,1386449.15,177339.71
2501,1749,Delhi Central Branch,Loan,1353811.14,45438.23
2502,4862,Mumbai Main Branch,Savings,1481624.85,246379.75
2503,4618,Delhi Central Branch,Savings,391636.09,170843.82
2504,629,Bangalore Branch,Savings,529797.72,282658.87
2505,2384,Ahmedabad Branch,Loan,778430.79,293222.09
2506,87,Bangalore Branch,Savings,661195.56,298807.32
2507,1808,Delhi Central Branch,Current,437117.36,296523.33
2508,4567,Delhi Central Branch,Savings,94381.14,122001.56
2509,259,Hyderabad Branch,Savings,68438.41,166834.24
2510,39,Chennai Branch,Loan,1300085.37,106954.95
2511,4597,Chennai Branch,Loan,1430213.92,97215.02
2512,478,Mumbai Main Branch,Savings,1551130.68,20941.16
2513,1788,Kolkata Branch,Loan,71051.99,164800.03
2514,3628,Delhi Central Branch,Savings,1618463.84,152612.15
2515,3932,Chennai Branch,Current,887211.72,49737.73
2516,4788,Bangalore Branch,Current,519702.05,252837.7
2517,1086,Kolkata Branch,Savings,1522670.12,150676.33
2518,1866,Mumbai Main Branch,Loan,1991193.89,197610.45
2519,392,Hyderabad Branch,Loan,1798129.93,113244.8
2520,4895,Hyderabad Branch,Loan,175540.11,5562.2
2521,3837,Bangalore Branch,Savings,1088091.54,93953.95
2522,247,Chennai Branch,Savings,253533.67,63075.17
2523,3920,Pune Branch,Savings,1660340.91,62536.82
2524,508,Ahmedabad Branch,Current,1749118.88,178338.04
2525,759,Pune Branch,Current,779941.07,234725.14
2526,1146,Bangalore Branch,Loan,614993.72,90220.04
2527,1996,Delhi Central Branch,Loan,252536.11,239276.7
2528,3710,Pune Branch,Savings,1450806.55,147770.19
2529,3774,Kolkata Branch,Savings,684190.62,41731.33
2530,4973,Ahmedabad Branch,Savings,1408101.48,290027.32
2531,4326,Chennai Branch,Savings,1238636.83,42278.75
2532,3578,Pune Branch,Current,1005968.86,54116.94
2533,4706,Delhi Central Branch,Current,1203595.46,189530.31
2534,18,Bangalore Branch,Loan,1933503.28,263849.31
2535,3709,Kolkata Branch,Current,1543940.83,296970.19
2536,1470,Mumbai Main Branch,Savings,920453.34,14387.77
2537,283,Ahmedabad Branch,Savings,1461235.04,292379.86
2538,663,Bangalore Branch,Savings,754833.95,131872.28
2539,1494,Delhi Central Branch,Current,1296010.02,75926.19
2540,1147,Pune Branch,Savings,182382.38,272238.44
2541,4575,Chennai Branch,Current,1305688.2,8321.27
2542,2803,Delhi Central Branch,Savings,1591366.33,258365.66
2543,4509,Chennai Branch,Savings,512016.78,296047.36
2544,3477,Pune Branch,Savings,1733435.24,10386.54
2545,119,Delhi Central Branch,Loan,1053811.32,75785.33
2546,3316,Kolkata Branch,Current,648299.75,171716.22
2547,4680,Chennai Branch,Savings,1040343.5,192808.72
2548,3044,Pune Branch,Current,1250995.99,242560.09
2549,3334,Bangalore Branch,Current,686734.03,68582.17
2550,1910,Hyderabad Branch,Savings,323932.07,104310.16
2551,3287,Hyderabad Branch,Current,928724.59,225078.45
2552,1483,Hyderabad Branch,Loan,318674.69,83172.17
2553,4364,Bangalore Branch,Current,183916.71,100106.39
2554,3307,Kolkata Branch,Current,1723625.17,173891.57
2555,3213,Kolkata Branch,Loan,212970.1,167069.12
2556,3462,Ahmedabad Branch,Savings,1874460.53,248850.93
2557,2278,Kolkata Branch,Savings,70603.42,85931.51
2558,4959,Kolkata Branch,Savings,1668566.0,258062.83
2559,4092,Ahmedabad Branch,Savings,1627269.89,108299.26
2560,2630,Hyderabad Branch,Loan,1713192.82,236089.14
2561,1491,Hyderabad Branch,Loan,1879058.04,244923.06
2562,2183,Ahmedabad Branch,Current,386479.4,184739.88
2563,4638,Pune Branch,Savings,513594.77,231792.52
2564,2660,Hyderabad Branch,Current,1594780.3,143421.41
2565,1806,Bangalore Branch,Current,380906.04,52841.66
2566,847,Bangalore Branch,Current,1618707.53,118880.47
2567,3871,Kolkata Branch,Savings,1764705.29,65992.45
2568,204,Hyderabad Branch,Savings,1564609.55,166880.89
2569,4877,Chennai Branch,Current,1818160.95,259322.89
2570,87,Delhi Central Branch,Savings,1076347.4,140544.41
2571,1852,Delhi Central Branch,Loan,788690.59,205039.04
2572,795,Pune Branch,Current,1596078.61,79561.48
2573,2648,Chennai Branch,Savings,1687598.23,255436.58
2574,1168,Chennai Branch,Savings,1092363.57,163009.91
2575,365,Kolkata Branch,Loan,1394340.63,254720.49
2576,2417,Chennai Branch,Loan,1549504.11,171684.78
2577,2408,Kolkata Branch,Savings,1038680.97,190874.82
2578,423,Chennai Branch,Savings,970567.32,130203.62
2579,906,Pune Branch,Savings,1682339.29,295484.03
2580,826,Hyderabad Branch,Loan,1275947.62,41235.88
2581,7,Mumbai Main Branch,Savings,290456.87,182397.05
2582,3974,Hyderabad Branch,Loan,13497.6,120712.93
2583,2619,Delhi Central Branch,Savings,239561.64,209393.37
2584,879,Kolkata Branch,Current,882858.34,14480.88
2585,456,Pune Branch,Loan,1734541.47,207941.22
2586,823,Kolkata Branch,Savings,1525512.82,126187.19
2587,1657,Hyderabad Branch,Savings,39147.33,97059.24
2588,2591,Delhi Central Branch,Loan,1366523.98,234031.35
2589,3410,Hyderabad Branch,Loan,1743544.62,201619.72
2590,2187,Mumbai Main Branch,Savings,1712648.14,14723.07
2591,2906,Kolkata Branch,Loan,160189.38,225889.28
2592,2333,Hyderabad Branch,Loan,919140.09,203172.42
2593,4727,Ahmedabad Branch,Loan,191883.23,106524.68
2594,4035,Delhi Central Branch,Loan,1284421.99,126555.6
2595,4761,Pune Branch,Loan,815467.26,61720.19
2596,3607,Ahmedabad Branch,Current,339528.33,177687.36
2597,4693,Mumbai Main Branch,Savings,137652.18,206397.08
2598,4030,Mumbai Main Branch,Current,1330647.1,91106.01
2599,278,Bangalore Branch,Savings,1945928.38,243547.21
2600,4169,Mumbai Main Branch,Current,144976.94,48377.56
2601,442,Chennai Branch,Loan,1779132.52,41319.64
2602,4729,Ahmedabad Branch,Savings,876835.15,273370.28
2603,283,Ahmedabad Branch,Current,1841561.01,51715.32
2604,2730,Bangalore Branch,Current,1972590.49,112604.32
2605,2686,Hyderabad Branch,Savings,238271.2,154636.49
2606,3837,Bangalore Branch,Savings,1621986.53,219448.58
2607,1332,Chennai Branch,Current,1482475.68,7038.91
2608,3250,Pune Branch,Savings,716347.52,275828.99
2609,3593,Pune Branch,Loan,1216846.82,91447.23
2610,2992,Delhi Central Branch,Savings,1007934.29,187648.3
2611,2520,Hyderabad Branch,Savings,1891107.95,275819.62
2612,4872,Hyderabad Branch,Current,623169.09,210480.58
2613,1092,Chennai Branch,Loan,514024.91,145864.73
2614,1003,Delhi Central Branch,Current,532342.37,120846.13
2615,967,Pune Branch,Savings,164645.31,255837.04
2616,992,Delhi Central Branch,Current,368161.69,240915.69
2617,252,Kolkata Branch,Savings,536806.91,237093.36
2618,1127,Mumbai Main Branch,Savings,441953.77,282276.27
2619,4805,Chennai Branch,Current,630229.2,90299.49
2620,2002,Delhi Central Branch,Current,1483910.55,274638.95
2621,751,Bangalore Branch,Savings,486758.04,174403.89
2622,4714,Bangalore Branch,Current,29566.83,69659.44
2623,2002,Kolkata Branch,Savings,180021.63,124761.11
2624,138,Ahmedabad Branch,Savings,1242379.65,62833.89
2625,1253,Hyderabad Branch,Savings,1414207.69,275111.98
2626,778,Pune Branch,Savings,1668792.76,3042.47
2627,1723,Delhi Central Branch,Current,1585090.29,39548.98
2628,1882,Kolkata Branch,Loan,1978508.99,237478.69
2629,3184,Chennai Branch,Savings,1078699.17,106804.94
2630,3949,Kolkata Branch,Loan,1117935.0,15775.2
2631,2205,Bangalore Branch,Current,1954500.98,12933.19
2632,1079,Ahmedabad Branch,Loan,1750044.8,257515.04
2633,3402,Pune Branch,Savings,106727.85,248234.42
2634,2580,Kolkata Branch,Current,1102960.53,96358.45
2635,4451,Chennai Branch,Loan,1105748.42,9466.99
2636,4899,Kolkata Branch,Loan,1423683.25,214902.64
2637,54,Bangalore Branch,Savings,858311.22,99441.6
2638,1166,Pune Branch,Savings,904243.49,157865.04
2639,2489,Mumbai Main Branch,Savings,1864561.33,183595.58
2640,633,Mumbai Main Branch,Savings,1804365.2,10838.06
2641,1271,Bangalore Branch,Savings,1706912.63,251954.11
2642,3662,Pune Branch,Savings,1517627.74,86260.4
2643,3376,Hyderabad Branch,Current,964084.6,233120.89
2644,437,Hyderabad Branch,Savings,1242140.16,155758.61
2645,4115,Hyderabad Branch,Current,176452.03,205521.48
2646,2428,Mumbai Main Branch,Loan,1838465.12,251158.05
2647,519,Ahmedabad Branch,Current,671677.52,247205.42
2648,56,Chennai Branch,Current,57717.54,167133.78
2649,3609,Bangalore Branch,Loan,1243732.12,248251.12
2650,2948,Kolkata Branch,Current,874842.52,49249.2
2651,4678,Bangalore Branch,Loan,1947799.05,171834.8
2652,4323,Mumbai Main Branch,Current,1071866.27,121030.74
2653,4602,Ahmedabad Branch,Current,891917.9,180379.67
2654,2219,Kolkata Branch,Current,124199.02,32910.09
2655,3876,Mumbai Main Branch,Current,1341893.03,259062.66
2656,3978,Delhi Central Branch,Savings,1669247.52,64278.33
2657,1491,Hyderabad Branch,Loan,1793659.88,177587.46
2658,439,Pune Branch,Loan,1293742.36,170437.54
2659,4328,Bangalore Branch,Loan,1285681.37,214234.47
2660,4433,Chennai Branch,Loan,474807.94,137995.26
2661,667,Delhi Central Branch,Loan,212222.18,285622.37
2662,1623,Bangalore Branch,Loan,796643.47,102728.2
2663,47,Pune Branch,Savings,246408.86,168700.17
2664,4966,Pune Branch,Savings,1519572.25,198142.29
2665,1910,Bangalore Branch,Loan,971160.56,129497.51
2666,3422,Mumbai Main Branch,Current,813357.36,257589.43
2667,3467,Ahmedabad Branch,Savings,733911.05,166210.68
2668,4566,Delhi Central Branch,Current,231757.16,95359.18
2669,4420,Ahmedabad Branch,Current,1964719.55,231252.52
2670,2435,Chennai Branch,Current,798241.44,187081.98
2671,2134,Chennai Branch,Loan,670758.38,84804.63
2672,3362,Hyderabad Branch,Loan,1673404.13,27227.1
2673,4325,Ahmedabad Branch,Savings,996994.8,209086.54
2674,4895,Hyderabad Branch,Savings,1012723.08,270712.29
2675,3003,Mumbai Main Branch,Current,1334543.94,86507.7
2676,1751,Delhi Central Branch,Current,1942278.1,145248.14
2677,1934,Mumbai Main Branch,Savings,1168746.96,93959.44
2678,3826,Hyderabad Branch,Loan,1933737.94,141998.18
2679,3447,Mumbai Main Branch,Savings,827864.65,143066.24
2680,1774,Ahmedabad Branch,Loan,1623795.28,108078.19
2681,998,Hyderabad Branch,Savings,850795.82,42610.53
2682,172,Pune Branch,Loan,126050.49,2060.04
2683,1120,Bangalore Branch,Current,132703.83,281269.9
2684,4073,Kolkata Branch,Current,135415.78,257547.81
2685,3301,Hyderabad Branch,Loan,1082103.77,124038.78
2686,4839,Delhi Central Branch,Loan,1551599.12,156433.39
2687,1872,Delhi Central Branch,Savings,966162.67,158388.45
2688,3380,Chennai Branch,Loan,1236532.82,257083.96
2689,2582,Pune Branch,Current,1072288.69,187808.07
2690,48,Delhi Central Branch,Loan,160687.7,57975.01
2691,3230,Hyderabad Branch,Savings,1244547.59,73125.35
2692,47,Kolkata Branch,Savings,1550627.61,175042.02
2693,3244,Bangalore Branch,Loan,263621.5,294756.48
2694,3239,Kolkata Branch,Loan,1866661.87,57955.06
2695,4636,Bangalore Branch,Current,847425.93,80108.85
2696,4131,Delhi Central Branch,Current,1693440.45,106002.54
2697,1681,Pune Branch,Loan,973501.49,20030.64
2698,2389,Bangalore Branch,Current,514885.12,14888.23
2699,2815,Mumbai Main Branch,Loan,1132946.28,204569.44
2700,3358,Bangalore Branch,Loan,361385.54,124740.45
2701,120,Kolkata Branch,Loan,1425974.97,251675.36
2702,552,Ahmedabad Branch,Savings,447034.39,265122.02
2703,4805,Hyderabad Branch,Savings,1936013.34,74736.1
2704,3254,Bangalore Branch,Savings,390856.58,152943.56
2705,1698,Mumbai Main Branch,Current,1548013.02,171007.38
2706,3073,Delhi Central Branch,Current,1947606.59,280707.61
2707,2563,Delhi Central Branch,Savings,1812808.23,62883.05
2708,3509,Mumbai Main Branch,Loan,41252.01,109407.66
2709,4446,Chennai Branch,Savings,1594454.79,97414.38
2710,40,Bangalore Branch,Loan,1758794.63,51089.6
2711,3022,Kolkata Branch,Loan,21326.84,19877.12
2712,59,Bangalore Branch,Current,189307.13,44586.49
2713,4492,Hyderabad Branch,Current,895963.38,114128.65
2714,2345,Kolkata Branch,Loan,1552732.08,161688.76
2715,1466,Ahmedabad Branch,Current,1187694.3,109667.84
2716,1969,Mumbai Main Branch,Savings,942549.24,1790.57
2717,4806,Mumbai Main Branch,Savings,886695.94,212334.27
2718,1251,Kolkata Branch,Loan,362298.16,239602.58
2719,1015,Bangalore Branch,Loan,706259.29,17558.0
2720,2146,Pune Branch,Current,1055935.84,62998.72
2721,4099,Bangalore Branch,Loan,1435201.74,22993.39
2722,1633,Bangalore Branch,Loan,269471.05,75406.53
2723,1478,Kolkata Branch,Current,1663022.36,217247.36
2724,4518,Mumbai Main Branch,Current,1806423.49,233761.61
2725,741,Pune Branch,Current,1763961.25,31594.34
2726,3821,Bangalore Branch,Savings,585575.62,203573.77
2727,841,Mumbai Main Branch,Loan,1353510.65,205652.93
2728,788,Ahmedabad Branch,Loan,268504.88,130250.11
2729,3682,Pune Branch,Current,1701939.01,81502.2
2730,3040,Delhi Central Branch,Current,1000262.51,194429.32
2731,2774,Ahmedabad Branch,Loan,1562229.82,199539.97
2732,3802,Chennai Branch,Loan,1051631.64,119062.63
2733,3177,Ahmedabad Branch,Loan,10185.55,161209.42
2734,3307,Chennai Branch,Savings,1987093.88,283301.13
2735,3180,Kolkata Branch,Current,902193.6,191605.44
2736,3314,Kolkata Branch,Loan,1593179.8,231666.1
2737,4726,Hyderabad Branch,Savings,633012.61,124736.4
2738,437,Hyderabad Branch,Loan,1140768.25,47404.02
2739,135,Kolkata Branch,Current,596801.76,277687.1
2740,2875,Chennai Branch,Savings,1038711.0,26346.36
2741,3316,Bangalore Branch,Loan,1857056.81,279071.65
2742,1382,Chennai Branch,Current,950237.21,44799.04
2743,717,Mumbai Main Branch,Current,1009555.45,150167.5
2744,954,Hyderabad Branch,Loan,105780.26,211818.48
2745,3802,Kolkata Branch,Loan,1388245.17,30235.39
2746,1443,Bangalore Branch,Loan,744405.96,289134.69
2747,884,Chennai Branch,Loan,796687.25,50296.73
2748,1604,Chennai Branch,Savings,1836417.06,43682.01
2749,1725,Hyderabad Branch,Savings,224691.64,263734.44
2750,163,Chennai Branch,Savings,402070.76,14131.3
2751,4350,Hyderabad Branch,Loan,255054.35,82656.93
2752,2062,Chennai Branch,Loan,1290297.9,215127.93
2753,2358,Pune Branch,Current,286230.6,55383.94
2754,61,Hyderabad Branch,Loan,353130.48,5062.1
2755,2000,Ahmedabad Branch,Loan,1530654.03,265086.16
2756,2503,Pune Branch,Loan,1781990.15,85110.84
2757,4212,Hyderabad Branch,Loan,1765574.95,298786.66
2758,3355,Bangalore Branch,Loan,1058616.49,144467.16
2759,772,Pune Branch,Current,1837643.65,143447.95
2760,1343,Hyderabad Branch,Loan,1981400.12,84174.22
2761,4424,Hyderabad Branch,Current,1981833.63,182009.53
2762,2126,Pune Branch,Current,516650.41,244855.34
2763,623,Pune Branch,Savings,676277.66,236604.44
2764,3798,Kolkata Branch,Loan,646629.62,47549.14
2765,3436,Mumbai Main Branch,Savings,629232.65,189935.87
2766,2341,Kolkata Branch,Loan,587484.34,261331.77
2767,2197,Hyderabad Branch,Current,8139.59,278317.51
2768,156,Kolkata Branch,Loan,886814.6,76760.4
2769,1815,Ahmedabad Branch,Loan,211259.93,67685.5
2770,4213,Pune Branch,Current,1170036.27,37314.03
2771,1034,Bangalore Branch,Savings,293140.33,208345.79
2772,946,Delhi Central Branch,Loan,222169.1,248471.16
2773,4670,Mumbai Main Branch,Loan,899920.16,69594.88
2774,2422,Kolkata Branch,Savings,1861652.99,26567.77
2775,2978,Kolkata Branch,Current,1673719.47,72995.1
2776,1719,Kolkata Branch,Loan,84398.41,97378.18
2777,4457,Pune Branch,Current,1041778.3,232053.39
2778,1095,Bangalore Branch,Loan,1221486.53,136404.16
2779,3306,Chennai Branch,Loan,126891.3,38695.75
2780,3732,Kolkata Branch,Loan,1359676.97,171334.14
2781,1025,Ahmedabad Branch,Loan,928423.29,256353.18
2782,998,Pune Branch,Loan,1610488.28,173496.7
2783,3572,Delhi Central Branch,Current,1555872.09,104214.97
2784,1265,Bangalore Branch,Savings,323507.61,247244.25
2785,4999,Pune Branch,Loan,748772.3,281618.08
2786,4412,Hyderabad Branch,Current,989220.55,88832.5
2787,1042,Hyderabad Branch,Savings,338989.27,214634.85
2788,4624,Kolkata Branch,Savings,561987.82,148150.59
2789,1561,Hyderabad Branch,Savings,628448.72,260898.77
2790,36,Chennai Branch,Loan,694171.14,113633.5
2791,4212,Ahmedabad Branch,Current,206724.45,119347.15
2792,1394,Chennai Branch,Current,1230809.69,59696.4
2793,4659,Ahmedabad Branch,Loan,389794.65,254707.13
2794,3880,Delhi Central Branch,Savings,1551993.53,54922.21
2795,3413,Mumbai Main Branch,Savings,47762.02,176576.96
2796,2005,Pune Branch,Current,1086400.5,297066.5
2797,1309,Kolkata Branch,Loan,256311.25,125443.31
2798,793,Pune Branch,Savings,381742.04,206892.4
2799,1979,Bangalore Branch,Current,281097.57,260125.98
2800,4383,Mumbai Main Branch,Loan,749348.81,288961.06
2801,3645,Kolkata Branch,Loan,464903.01,249799.35
2802,3257,Hyderabad Branch,Current,665847.84,13994.43
2803,2963,Bangalore Branch,Current,1171720.01,92536.26
2804,1380,Pune Branch,Current,1298130.6,163856.1
2805,526,Pune Branch,Loan,572224.08,179045.41
2806,4583,Ahmedabad Branch,Savings,1079612.47,222524.97
2807,399,Pune Branch,Current,1241881.63,188428.4
2808,4994,Chennai Branch,Loan,1199427.25,269438.25
2809,3907,Bangalore Branch,Loan,1220951.15,40407.77
2810,455,Hyderabad Branch,Savings,515736.31,27985.76
2811,790,Ahmedabad Branch,Savings,1915976.5,19773.06
2812,4561,Mumbai Main Branch,Loan,1998770.73,99097.66
2813,3982,Hyderabad Branch,Savings,1729836.39,141903.46
2814,1654,Kolkata Branch,Savings,543067.25,12914.23
2815,2507,Hyderabad Branch,Savings,921461.74,259439.03
2816,4070,Pune Branch,Savings,573698.32,45204.6
2817,3218,Delhi Central Branch,Savings,873838.25,231849.78
2818,4281,Hyderabad Branch,Loan,615890.29,54942.66
2819,770,Hyderabad Branch,Savings,1329745.47,274498.09
2820,4735,Ahmedabad Branch,Savings,1217694.02,116553.23
2821,58,Delhi Central Branch,Loan,1778979.92,92848.72
2822,790,Pune Branch,Savings,210454.81,269247.06
2823,4929,Hyderabad Branch,Current,259527.36,183114.41
2824,2200,Delhi Central Branch,Loan,918670.39,148645.64
2825,3786,Ahmedabad Branch,Savings,579691.12,100731.76
2826,4443,Ahmedabad Branch,Loan,124083.62,77399.54
2827,2094,Bangalore Branch,Savings,482593.87,213622.5
2828,961,Delhi Central Branch,Savings,1079907.71,255102.88
2829,1974,Hyderabad Branch,Loan,1801027.37,222909.83
2830,775,Kolkata Branch,Current,489275.08,153076.74
2831,3275,Ahmedabad Branch,Current,553419.0,142785.38
2832,1733,Hyderabad Branch,Current,127187.64,127316.75
2833,246,Bangalore Branch,Savings,427326.61,19138.01
2834,391,Chennai Branch,Current,1329149.27,235110.06
2835,1996,Hyderabad Branch,Savings,536821.68,195315.68
2836,4338,Ahmedabad Branch,Loan,904238.69,140211.69
2837,3643,Delhi Central Branch,Loan,1044628.9,94043.64
2838,1288,Chennai Branch,Savings,984750.27,21839.44
2839,1004,Delhi Central Branch,Loan,1877639.11,216921.2
2840,4593,Chennai Branch,Savings,1985837.21,25928.92
2841,2806,Chennai Branch,Current,1462537.33,76267.6
2842,3754,Ahmedabad Branch,Savings,490591.24,158871.55
2843,1553,Delhi Central Branch,Current,1817671.98,204961.24
2844,2634,Bangalore Branch,Loan,441314.02,121511.8
2845,1107,Bangalore Branch,Current,1935332.15,70580.46
2846,147,Bangalore Branch,Savings,757749.69,249596.35
2847,2202,Ahmedabad Branch,Current,1181523.64,223272.61
2848,1436,Ahmedabad Branch,Loan,1913243.57,53770.32
2849,1736,Kolkata Branch,Current,691938.69,24780.32
2850,4541,Bangalore Branch,Savings,622742.81,271368.04
2851,1952,Kolkata Branch,Current,790305.58,123361.74
2852,123,Bangalore Branch,Savings,1606226.53,224825.76
2853,1635,Pune Branch,Loan,1061754.1,49663.25
2854,2254,Ahmedabad Branch,Savings,225823.71,81993.01
2855,2854,Mumbai Main Branch,Savings,1353168.67,140142.87
2856,261,Chennai Branch,Savings,926580.61,65113.67
2857,135,Delhi Central Branch,Loan,21658.73,33709.75
2858,2522,Pune Branch,Loan,498045.66,132031.75
2859,3688,Kolkata Branch,Savings,855834.7,69988.03
2860,4370,Chennai Branch,Loan,134539.42,10674.21
2861,2378,Ahmedabad Branch,Loan,378381.43,22741.76
2862,395,Kolkata Branch,Current,1116943.98,111244.73
2863,1782,Mumbai Main Branch,Current,622028.38,238907.39
2864,881,Hyderabad Branch,Savings,931717.32,294728.63
2865,1574,Pune Branch,Loan,1613875.1,259988.99
2866,1171,Kolkata Branch,Loan,882523.87,114600.46
2867,878,Hyderabad Branch,Loan,1443995.09,153773.33
2868,1476,Bangalore Branch,Loan,1194303.02,248323.62
2869,215,Pune Branch,Savings,1774809.07,103981.45
2870,578,Kolkata Branch,Current,1442910.23,154566.43
2871,39,Pune Branch,Current,1082924.75,192223.97
2872,1076,Chennai Branch,Current,1679504.92,245496.34
2873,2036,Ahmedabad Branch,Savings,398225.0,260372.66
2874,1273,Bangalore Branch,Current,1145995.68,296492.58
2875,2977,Pune Branch,Loan,1995183.98,45922.63
2876,460,Hyderabad Branch,Savings,722841.78,69492.79
2877,4943,Delhi Central Branch,Savings,1100706.01,166415.57
2878,1727,Hyderabad Branch,Current,1548437.14,200762.75
2879,1075,Delhi Central Branch,Loan,854188.09,7026.11
2880,4245,Hyderabad Branch,Current,983340.36,83135.36
2881,4211,Pune Branch,Savings,1529113.92,276658.72
2882,1036,Chennai Branch,Loan,990002.42,260762.08
2883,3215,Chennai Branch,Current,1213333.36,267189.59
2884,1444,Ahmedabad Branch,Savings,1562287.52,210748.06
2885,4785,Delhi Central Branch,Loan,814990.2,92344.06
2886,1855,Bangalore Branch,Savings,1137482.44,267152.4
2887,352,Bangalore Branch,Savings,591795.41,299826.32
2888,1248,Hyderabad Branch,Savings,1678179.28,58890.58
2889,4571,Bangalore Branch,Current,383140.97,141871.69
2890,3711,Bangalore Branch,Current,1109001.37,26752.77
2891,4804,Kolkata Branch,Savings,1596042.57,3854.06
2892,2059,Bangalore Branch,Loan,271457.91,193632.92
2893,1333,Bangalore Branch,Loan,56557.58,177687.53
2894,3692,Pune Branch,Savings,1068877.14,157679.88
2895,2571,Kolkata Branch,Current,1002618.2,199172.51
2896,3817,Bangalore Branch,Loan,1773956.39,227872.33
2897,1794,Kolkata Branch,Savings,251354.61,106293.98
2898,3506,Delhi Central Branch,Savings,225782.06,89179.92
2899,3815,Delhi Central Branch,Savings,922839.61,274389.0
2900,3725,Chennai Branch,Savings,1240362.36,51301.99
2901,1696,Chennai Branch,Current,316769.86,164236.11
2902,2219,Mumbai Main Branch,Savings,723852.15,143772.23
2903,2058,Ahmedabad Branch,Current,880410.38,253538.11
2904,1245,Mumbai Main Branch,Current,928778.5,247121.64
2905,3018,Pune Branch,Current,1105076.02,58337.48
2906,4455,Chennai Branch,Current,150250.84,191792.38
2907,2863,Mumbai Main Branch,Loan,1520393.96,37477.96
2908,1395,Ahmedabad Branch,Loan,1297554.47,118812.26
2909,4465,Ahmedabad Branch,Savings,1503414.87,136691.41
2910,4159,Mumbai Main Branch,Loan,1430925.38,296213.26
2911,2294,Mumbai Main Branch,Current,1813905.68,112938.28
2912,2327,Delhi Central Branch,Savings,830775.18,270321.59
2913,1448,Chennai Branch,Current,1322892.2,60368.57
2914,977,Kolkata Branch,Savings,1846641.92,279972.96
2915,3208,Bangalore Branch,Current,606504.26,214689.76
2916,2785,Kolkata Branch,Current,1843989.16,16141.03
2917,3860,Pune Branch,Current,751671.12,256623.56
2918,1039,Mumbai Main Branch,Loan,1848256.05,216623.21
2919,4678,Ahmedabad Branch,Loan,404713.6,100554.22
2920,3021,Chennai Branch,Savings,996435.65,127591.15
2921,3426,Kolkata Branch,Loan,440761.39,58018.88
2922,3131,Hyderabad Branch,Savings,1428776.3,170066.65
2923,2900,Chennai Branch,Loan,617049.11,133863.92
2924,2650,Chennai Branch,Current,1205884.37,35090.36
2925,390,Mumbai Main Branch,Current,1910641.4,276367.29
2926,814,Pune Branch,Savings,772063.47,111947.26
2927,128,Kolkata Branch,Loan,1458857.15,187810.45
2928,4289,Bangalore Branch,Current,572170.63,119174.12
2929,1098,Pune Branch,Current,88204.24,120499.78
2930,2947,Kolkata Branch,Savings,789359.03,58991.84
2931,1013,Bangalore Branch,Loan,936025.55,131079.34
2932,3553,Pune Branch,Savings,1547539.31,77426.72
2933,1276,Chennai Branch,Savings,1605782.77,47219.04
2934,3475,Chennai Branch,Loan,733864.85,294148.47
2935,3146,Delhi Central Branch,Current,714615.76,15319.41
2936,4408,Pune Branch,Savings,173429.75,52099.77
2937,2452,Ahmedabad Branch,Current,535561.25,167807.01
2938,384,Ahmedabad Branch,Savings,41431.47,260490.44
2939,4011,Ahmedabad Branch,Savings,388961.65,264245.46
2940,1836,Bangalore Branch,Savings,1447625.41,293864.19
2941,4922,Ahmedabad Branch,Savings,1211708.45,165119.89
2942,163,Mumbai Main Branch,Current,526610.53,120714.2
2943,157,Kolkata Branch,Loan,1165610.85,60532.36
2944,970,Ahmedabad Branch,Savings,293435.89,266616.14
2945,2736,Hyderabad Branch,Savings,1742732.59,134016.1
2946,711,Bangalore Branch,Current,878302.76,146542.12
2947,3782,Hyderabad Branch,Savings,6516.33,64886.42
2948,3683,Ahmedabad Branch,Loan,1381423.49,174029.66
2949,4601,Chennai Branch,Savings,63500.3,120015.4
2950,1570,Pune Branch,Current,861039.29,62701.57
2951,1395,Kolkata Branch,Loan,1197033.93,214016.38
2952,4424,Mumbai Main Branch,Loan,1778133.26,151569.93
2953,3045,Pune Branch,Loan,126592.51,129990.51
2954,853,Bangalore Branch,Loan,1852666.68,251219.68
2955,596,Hyderabad Branch,Current,1916197.22,114672.49
2956,2593,Chennai Branch,Current,824738.24,130464.88
2957,1774,Mumbai Main Branch,Savings,1133703.59,243895.69
2958,4920,Chennai Branch,Current,1550923.29,43030.1
2959,231,Hyderabad Branch,Savings,172694.24,12100.49
2960,1661,Delhi Central Branch,Savings,823370.47,163803.79
2961,3035,Delhi Central Branch,Loan,1795544.68,15453.21
2962,3295,Chennai Branch,Loan,1319206.72,107966.94
2963,2963,Mumbai Main Branch,Savings,736173.34,133250.16
2964,3910,Pune Branch,Loan,862139.92,268752.29
2965,4712,Ahmedabad Branch,Savings,1248234.49,239263.73
2966,4624,Kolkata Branch,Loan,961930.02,70838.17
2967,2728,Ahmedabad Branch,Loan,1837756.88,111397.49
2968,2669,Ahmedabad Branch,Current,1056570.05,14739.76
2969,4573,Kolkata Branch,Current,1186759.34,72045.41
2970,3456,Ahmedabad Branch,Loan,1871437.32,117191.67
2971,1777,Kolkata Branch,Current,697348.71,98528.71
2972,2079,Ahmedabad Branch,Current,1373462.97,296108.85
2973,3538,Chennai Branch,Loan,860809.74,84154.0
2974,2042,Pune Branch,Current,42010.49,279664.75
2975,4164,Kolkata Branch,Loan,169928.93,121344.51
2976,3628,Ahmedabad Branch,Savings,154871.27,207175.16
2977,4969,Pune Branch,Loan,38154.68,104753.65
2978,1894,Kolkata Branch,Loan,1586243.87,159679.93
2979,1933,Delhi Central Branch,Current,1611984.81,106839.99
2980,4587,Ahmedabad Branch,Savings,91754.71,21360.11
2981,3837,Mumbai Main Branch,Savings,646462.19,45428.99
2982,3841,Kolkata Branch,Loan,1528116.65,193115.77
2983,4079,Kolkata Branch,Current,1250440.74,91390.89
2984,1307,Hyderabad Branch,Current,29396.65,80759.84
2985,1443,Pune Branch,Loan,1614437.76,130217.82
2986,49,Chennai Branch,Savings,490967.96,145682.83
2987,207,Pune Branch,Loan,1986665.09,116484.79
2988,2159,Delhi Central Branch,Current,1059634.73,103314.15
2989,4167,Chennai Branch,Loan,1026990.31,14627.41
2990,78,Mumbai Main Branch,Current,748473.36,291678.96
2991,4504,Chennai Branch,Current,1873790.49,152145.11
2992,4876,Delhi Central Branch,Current,1075754.35,220348.91
2993,2940,Ahmedabad Branch,Current,828503.83,202073.71
2994,4777,Ahmedabad Branch,Savings,1521536.01,178978.01
2995,2683,Delhi Central Branch,Loan,496080.95,4417.42
2996,4144,Mumbai Main Branch,Savings,1460359.95,285795.59
2997,1893,Pune Branch,Current,525229.49,212950.16
2998,106,Pune Branch,Current,1620719.19,205813.16
2999,896,Kolkata Branch,Loan,926945.91,36133.73
3000,4519,Pune Branch,Current,1482881.55,117078.4
3001,4307,Chennai Branch,Savings,567034.24,158259.17
3002,4141,Hyderabad Branch,Current,1946382.16,107720.31
3003,2766,Mumbai Main Branch,Current,1020615.84,129126.21
3004,4201,Pune Branch,Savings,1945006.03,246398.7
3005,1178,Chennai Branch,Loan,588611.34,226734.94
3006,2171,Bangalore Branch,Loan,926321.25,158071.75
3007,3601,Mumbai Main Branch,Loan,1443036.65,237620.83
3008,4106,Kolkata Branch,Savings,1603776.51,119559.5
3009,2748,Hyderabad Branch,Savings,1189802.04,25155.81
3010,2998,Bangalore Branch,Savings,610653.72,64402.08
3011,1967,Pune Branch,Loan,110945.78,129594.1
3012,276,Ahmedabad Branch,Savings,1053474.52,267770.2
3013,3868,Kolkata Branch,Savings,1872031.2,214587.54
3014,3794,Ahmedabad Branch,Loan,409075.99,176811.38
3015,2915,Bangalore Branch,Current,1688560.17,106556.46
3016,3074,Bangalore Branch,Current,1700710.49,248210.41
3017,2815,Chennai Branch,Current,1030295.32,13990.4
3018,1606,Bangalore Branch,Current,1366824.13,155293.43
3019,579,Bangalore Branch,Savings,453898.94,246170.34
3020,2844,Mumbai Main Branch,Current,386094.47,299623.59
3021,1302,Pune Branch,Current,1668997.13,49079.37
3022,4131,Mumbai Main Branch,Current,1541109.41,289838.02
3023,1618,Chennai Branch,Savings,1588714.77,148429.23
3024,260,Delhi Central Branch,Savings,1591891.33,295931.82
3025,1502,Bangalore Branch,Current,817246.65,66382.6
3026,2395,Kolkata Branch,Loan,1325026.95,272742.6
3027,3334,Bangalore Branch,Savings,50295.21,198410.94
3028,810,Delhi Central Branch,Loan,1434822.66,257129.41
3029,563,Ahmedabad Branch,Savings,262834.08,273382.48
3030,2027,Bangalore Branch,Current,416960.94,92171.52
3031,4774,Bangalore Branch,Savings,244179.32,11236.01
3032,1692,Delhi Central Branch,Loan,360553.51,151585.89
3033,815,Chennai Branch,Savings,1463402.31,238422.06
3034,4044,Chennai Branch,Savings,173872.28,128170.01
3035,4599,Hyderabad Branch,Loan,1981608.01,151437.62
3036,4554,Bangalore Branch,Current,1750443.86,280813.43
3037,2385,Kolkata Branch,Current,1737870.94,51370.1
3038,3320,Hyderabad Branch,Savings,1856487.68,281724.78
3039,1164,Kolkata Branch,Loan,488387.44,149116.83
3040,1619,Chennai Branch,Current,831443.49,175647.41
3041,1767,Bangalore Branch,Current,550080.65,238029.79
3042,2839,Pune Branch,Savings,1802305.35,281285.79
3043,4810,Ahmedabad Branch,Current,1430908.53,210938.74
3044,1118,Pune Branch,Savings,1120418.79,127521.37
3045,1895,Mumbai Main Branch,Current,71913.27,55087.47
3046,3274,Ahmedabad Branch,Current,899064.23,50962.39
3047,2897,Mumbai Main Branch,Current,91720.79,170005.26
3048,1824,Delhi Central Branch,Savings,1976533.92,234585.79
3049,3069,Mumbai Main Branch,Loan,1960811.48,27634.88
3050,1400,Delhi Central Branch,Savings,1333207.89,193548.46
3051,828,Mumbai Main Branch,Loan,198750.92,233111.17
3052,1613,Bangalore Branch,Loan,29027.92,174594.85
3053,2484,Bangalore Branch,Loan,1710269.84,139406.9
3054,1963,Ahmedabad Branch,Loan,838154.95,15061.52
3055,2356,Pune Branch,Loan,1920207.9,216190.09
3056,2310,Chennai Branch,Savings,1033279.84,288380.54
3057,4266,Bangalore Branch,Savings,1335363.02,297598.96
3058,1230,Mumbai Main Branch,Loan,707503.95,283961.85
3059,4321,Kolkata Branch,Loan,59204.91,123379.6
3060,4851,Chennai Branch,Loan,892779.39,19464.01
3061,4459,Hyderabad Branch,Loan,1934304.94,233608.97
3062,4306,Ahmedabad Branch,Savings,1982022.45,85721.27
3063,2616,Pune Branch,Savings,303090.51,235123.7
3064,1908,Pune Branch,Current,1328244.78,264169.93
3065,752,Pune Branch,Loan,955410.18,122461.63
3066,3777,Pune Branch,Current,341683.97,172441.9
3067,3009,Pune Branch,Current,432692.23,126495.98
3068,602,Hyderabad Branch,Savings,1992230.55,228536.88
3069,4007,Bangalore Branch,Loan,1920649.47,152147.13
3070,4168,Pune Branch,Loan,1142729.54,73712.31
3071,963,Mumbai Main Branch,Loan,427624.62,138377.98
3072,1507,Delhi Central Branch,Loan,998681.28,262290.94
3073,1465,Bangalore Branch,Loan,601168.3,75088.77
3074,4150,Ahmedabad Branch,Current,435034.62,42719.36
3075,2316,Bangalore Branch,Loan,302195.9,258994.01
3076,4829,Bangalore Branch,Savings,733651.33,165049.44
3077,3207,Ahmedabad Branch,Savings,378284.35,109161.39
3078,772,Ahmedabad Branch,Current,1609361.21,128870.83
3079,721,Pune Branch,Current,214646.25,87717.02
3080,1351,Pune Branch,Savings,1815883.61,70393.86
3081,604,Ahmedabad Branch,Loan,828194.28,285769.73
3082,2297,Chennai Branch,Loan,70780.16,25711.7
3083,4384,Ahmedabad Branch,Current,80435.85,64355.55
3084,976,Pune Branch,Loan,1806657.07,40017.2
3085,4688,Kolkata Branch,Loan,286418.46,11162.09
3086,3205,Kolkata Branch,Loan,1747081.12,274696.46
3087,949,Bangalore Branch,Current,440038.49,118908.28
3088,1725,Chennai Branch,Savings,389863.93,162048.12
3089,1925,Hyderabad Branch,Loan,417060.54,232577.71
3090,3622,Pune Branch,Current,98210.24,150334.87
3091,2351,Ahmedabad Branch,Current,831592.31,41524.23
3092,619,Delhi Central Branch,Loan,1096816.37,15319.28
3093,3888,Mumbai Main Branch,Savings,997925.64,5499.04
3094,2378,Chennai Branch,Loan,613461.03,181887.75
3095,2545,Ahmedabad Branch,Savings,1247855.29,157953.01
3096,4705,Kolkata Branch,Loan,992378.97,186372.33
3097,2622,Mumbai Main Branch,Savings,1333110.98,179094.22
3098,1544,Hyderabad Branch,Current,1406832.38,279594.48
3099,1654,Kolkata Branch,Current,1179008.35,233818.39
3100,3729,Bangalore Branch,Savings,1308554.59,50554.16
3101,4129,Mumbai Main Branch,Loan,1491292.91,213419.49
3102,2303,Bangalore Branch,Savings,1020624.85,72292.24
3103,2223,Ahmedabad Branch,Current,1777939.84,142225.41
3104,611,Mumbai Main Branch,Current,520293.05,204317.54
3105,2628,Ahmedabad Branch,Loan,37234.37,2420.04
3106,142,Chennai Branch,Savings,233237.99,169974.7
3107,1168,Ahmedabad Branch,Savings,375823.61,188470.23
3108,2947,Mumbai Main Branch,Loan,1612077.97,46820.85
3109,4920,Kolkata Branch,Loan,592472.72,78593.43
3110,1109,Chennai Branch,Loan,905388.83,234306.9
3111,4180,Pune Branch,Current,1270169.81,73372.69
3112,2998,Ahmedabad Branch,Loan,291768.59,278752.8
3113,2126,Pune Branch,Loan,1554492.06,286651.08
3114,2860,Ahmedabad Branch,Savings,528242.7,256091.3
3115,2767,Mumbai Main Branch,Loan,1612300.22,251894.35
3116,348,Mumbai Main Branch,Current,1671881.79,286524.06
3117,4403,Bangalore Branch,Savings,1749413.57,57329.96
3118,4216,Bangalore Branch,Loan,500028.86,231169.05
3119,1560,Hyderabad Branch,Loan,190048.17,235934.72
3120,3628,Ahmedabad Branch,Loan,655095.56,37604.46
3121,4896,Mumbai Main Branch,Loan,1406373.12,189284.47
3122,3813,Ahmedabad Branch,Current,770443.39,70754.3
3123,2726,Delhi Central Branch,Savings,186768.48,114740.27
3124,4869,Kolkata Branch,Current,534466.17,112014.77
3125,3619,Bangalore Branch,Loan,1458634.77,93222.46
3126,164,Pune Branch,Loan,562397.59,106537.42
3127,3221,Mumbai Main Branch,Loan,1002127.14,277074.87
3128,3245,Bangalore Branch,Loan,775051.33,14513.72
3129,1825,Hyderabad Branch,Loan,1943133.86,48756.32
3130,237,Delhi Central Branch,Savings,260293.74,21886.32
3131,3888,Bangalore Branch,Loan,603200.76,213593.51
3132,1807,Hyderabad Branch,Loan,554368.36,60787.5
3133,458,Mumbai Main Branch,Savings,1687729.38,75333.43
3134,2761,Ahmedabad Branch,Current,793357.8,183608.6
3135,2338,Hyderabad Branch,Current,1374306.97,125514.39
3136,1365,Mumbai Main Branch,Current,1944445.9,139377.27
3137,1534,Chennai Branch,Loan,1564176.21,281846.95
3138,1588,Mumbai Main Branch,Loan,882626.62,188908.02
3139,2999,Hyderabad Branch,Loan,1031529.71,21701.01
3140,798,Ahmedabad Branch,Loan,765680.4,185824.39
3141,4413,Bangalore Branch,Current,844617.33,238708.14
3142,956,Ahmedabad Branch,Loan,433563.9,170992.94
3143,2815,Hyderabad Branch,Loan,974877.76,250943.47
3144,2572,Mumbai Main Branch,Loan,265068.59,195245.57
3145,868,Delhi Central Branch,Current,984839.3,184585.42
3146,61,Delhi Central Branch,Savings,490376.84,260314.97
3147,2629,Bangalore Branch,Current,1514398.9,80954.98
3148,980,Hyderabad Branch,Current,560589.91,57110.84
3149,1872,Ahmedabad Branch,Savings,841288.57,127607.39
3150,4385,Chennai Branch,Loan,701290.71,34911.1
3151,3361,Bangalore Branch,Loan,1336889.96,8066.95
3152,2105,Bangalore Branch,Current,112768.03,278228.45
3153,2779,Pune Branch,Savings,1533049.44,143827.72
3154,2127,Ahmedabad Branch,Current,1662251.48,159199.04
3155,2078,Pune Branch,Savings,1409630.67,211181.13
3156,3893,Bangalore Branch,Current,1370129.02,256092.79
3157,293,Delhi Central Branch,Loan,1326550.69,110489.85
3158,4898,Chennai Branch,Loan,655626.13,234921.22
3159,4258,Kolkata Branch,Savings,947091.96,38164.45
3160,4630,Mumbai Main Branch,Current,843226.52,35652.42
3161,4510,Mumbai Main Branch,Savings,1980525.45,244590.31
3162,319,Ahmedabad Branch,Loan,1468084.73,179904.64
3163,111,Mumbai Main Branch,Savings,1520814.2,224981.35
3164,4318,Ahmedabad Branch,Current,1991930.87,295372.82
3165,2594,Hyderabad Branch,Loan,691667.8,39374.04
3166,2881,Chennai Branch,Loan,1033836.91,109403.45
3167,1951,Pune Branch,Loan,1580711.76,294642.65
3168,3291,Hyderabad Branch,Current,1703606.04,122110.23
3169,3504,Pune Branch,Current,1827853.76,239917.82
3170,4526,Mumbai Main Branch,Savings,288475.32,282528.12
3171,4551,Chennai Branch,Loan,1683318.94,181339.13
3172,827,Delhi Central Branch,Savings,672723.74,75646.01
3173,2655,Delhi Central Branch,Loan,741047.56,5166.29
3174,779,Mumbai Main Branch,Loan,1609525.02,71508.36
3175,3294,Delhi Central Branch,Savings,638818.7,224399.12
3176,2498,Bangalore Branch,Current,1026863.15,28091.35
3177,4895,Mumbai Main Branch,Loan,741774.47,259019.3
3178,650,Kolkata Branch,Loan,547825.76,100808.39
3179,1005,Kolkata Branch,Loan,736608.62,186486.03
3180,1260,Delhi Central Branch,Savings,509267.98,130521.06
3181,2073,Bangalore Branch,Current,795470.22,279866.98
3182,283,Pune Branch,Current,1153232.49,217529.4
3183,629,Delhi Central Branch,Savings,356892.18,268108.11
3184,1621,Delhi Central Branch,Savings,1027344.22,268539.7
3185,2924,Delhi Central Branch,Current,746547.98,188850.51
3186,2534,Mumbai Main Branch,Savings,80552.91,11439.62
3187,3929,Bangalore Branch,Current,6904.88,116412.74
3188,3794,Pune Branch,Loan,1306128.89,106243.21
3189,4134,Ahmedabad Branch,Loan,929778.18,160479.68
3190,1290,Hyderabad Branch,Savings,435131.98,166526.56
3191,438,Bangalore Branch,Savings,1087935.68,157597.96
3192,3486,Kolkata Branch,Savings,690590.72,151370.58
3193,3465,Pune Branch,Current,1394985.1,252147.35
3194,1283,Hyderabad Branch,Current,216038.71,136242.51
3195,4432,Mumbai Main Branch,Loan,826582.71,189004.88
3196,1786,Mumbai Main Branch,Loan,1698357.63,12247.05
3197,2017,Hyderabad Branch,Savings,1489854.72,44029.75
3198,582,Kolkata Branch,Savings,903873.26,155892.42
3199,123,Pune Branch,Current,708406.47,254389.69
3200,4090,Delhi Central Branch,Savings,1373183.24,185464.95
3201,539,Chennai Branch,Current,404217.82,67387.51
3202,4745,Mumbai Main Branch,Current,1554394.89,231882.88
3203,4002,Chennai Branch,Current,1733016.6,190864.78
3204,1520,Pune Branch,Loan,1644448.25,80087.22
3205,1898,Delhi Central Branch,Loan,1479317.62,91213.72
3206,1301,Ahmedabad Branch,Loan,1535923.75,171938.17
3207,4151,Bangalore Branch,Savings,78254.07,246224.56
3208,4314,Bangalore Branch,Savings,1991091.65,85260.06
3209,1884,Bangalore Branch,Savings,513400.91,157638.79
3210,4104,Kolkata Branch,Savings,880031.1,46698.54
3211,2309,Hyderabad Branch,Current,26398.8,267716.55
3212,458,Kolkata Branch,Savings,1026759.86,171064.37
3213,979,Delhi Central Branch,Loan,1757256.84,246872.21
3214,4838,Bangalore Branch,Current,235839.74,131151.74
3215,3094,Hyderabad Branch,Loan,550247.59,133156.48
3216,1545,Delhi Central Branch,Current,1664593.75,83081.14
3217,4169,Hyderabad Branch,Loan,1354900.52,260614.35
3218,3476,Hyderabad Branch,Loan,1065824.16,200224.38
3219,1503,Ahmedabad Branch,Savings,1988962.3,23264.18
3220,1447,Chennai Branch,Savings,1980225.7,277410.8
3221,4479,Delhi Central Branch,Current,1062770.51,31284.24
3222,1537,Ahmedabad Branch,Current,709149.82,24483.84
3223,684,Ahmedabad Branch,Loan,524021.13,7750.33
3224,4090,Kolkata Branch,Loan,122772.75,129471.3
3225,612,Ahmedabad Branch,Loan,1001135.16,143150.38
3226,1897,Bangalore Branch,Savings,1849826.76,270240.77
3227,249,Kolkata Branch,Current,383612.22,30161.99
3228,3272,Ahmedabad Branch,Loan,1492915.36,121516.49
3229,4317,Mumbai Main Branch,Current,69825.89,259005.32
3230,1908,Hyderabad Branch,Current,688039.31,249370.94
3231,1949,Bangalore Branch,Loan,318751.95,36482.41
3232,4188,Mumbai Main Branch,Savings,278837.12,278140.42
3233,1346,Mumbai Main Branch,Savings,793023.47,121025.13
3234,4790,Chennai Branch,Loan,915039.27,53184.75
3235,729,Pune Branch,Loan,204940.84,81615.09
3236,2327,Pune Branch,Loan,569780.74,62180.55
3237,3085,Pune Branch,Savings,106195.48,71647.57
3238,4232,Bangalore Branch,Current,237910.59,48255.47
3239,3627,Bangalore Branch,Savings,1508845.3,81216.5
3240,1971,Delhi Central Branch,Savings,845539.15,286114.27
3241,903,Delhi Central Branch,Savings,1030824.34,275762.75
3242,378,Hyderabad Branch,Current,343604.05,50777.4
3243,3066,Chennai Branch,Savings,1013940.82,211943.24
3244,30,Hyderabad Branch,Savings,1854407.55,277859.43
3245,1911,Chennai Branch,Current,1988600.5,208766.43
3246,3555,Bangalore Branch,Current,323443.13,207053.97
3247,2451,Chennai Branch,Loan,1634294.52,72169.71
3248,4881,Ahmedabad Branch,Current,44322.91,39912.98
3249,2452,Mumbai Main Branch,Current,1973379.48,264939.38
3250,999,Kolkata Branch,Current,1589786.99,261816.25
3251,4312,Ahmedabad Branch,Current,1167031.82,58293.55
3252,3073,Chennai Branch,Loan,1508495.99,176601.88
3253,2514,Pune Branch,Savings,1531348.85,173447.02
3254,4096,Chennai Branch,Current,559675.01,220970.49
3255,3549,Delhi Central Branch,Current,1496228.77,183000.56
3256,1627,Mumbai Main Branch,Current,1961937.46,133870.34
3257,1841,Delhi Central Branch,Current,476298.86,290316.0
3258,2154,Kolkata Branch,Current,90673.37,259767.11
3259,2936,Kolkata Branch,Savings,1856385.25,184920.03
3260,1265,Ahmedabad Branch,Savings,1932530.88,2936.53
3261,2640,Chennai Branch,Current,710748.09,49989.38
3262,280,Delhi Central Branch,Current,1970978.8,83959.08
3263,1541,Chennai Branch,Savings,331307.15,218899.11
3264,859,Chennai Branch,Savings,1850471.41,294968.63
3265,387,Ahmedabad Branch,Current,1071321.42,49597.77
3266,3672,Pune Branch,Savings,1777608.88,23543.54
3267,66,Kolkata Branch,Current,143096.43,106964.58
3268,1000,Kolkata Branch,Current,634871.73,94707.05
3269,4024,Ahmedabad Branch,Current,414951.28,75863.53
3270,1384,Kolkata Branch,Current,1151172.53,193897.37
3271,4521,Hyderabad Branch,Loan,1171532.65,73910.47
3272,381,Ahmedabad Branch,Savings,1894585.39,185018.55
3273,1346,Mumbai Main Branch,Loan,799255.28,232994.85
3274,4458,Kolkata Branch,Current,263304.42,274844.97
3275,3220,Delhi Central Branch,Current,1365227.27,117279.76
3276,4078,Hyderabad Branch,Current,714199.3,146387.36
3277,456,Pune Branch,Savings,1458797.31,214425.93
3278,2853,Pune Branch,Savings,1656860.21,215861.97
3279,2597,Chennai Branch,Current,324011.47,141865.58
3280,1069,Bangalore Branch,Savings,1918980.5,115207.53
3281,2361,Hyderabad Branch,Savings,1235660.12,237531.85
3282,1677,Delhi Central Branch,Current,1996854.9,252097.01
3283,1062,Bangalore Branch,Loan,1169429.85,208056.52
3284,3960,Hyderabad Branch,Loan,583671.6,231782.37
3285,2907,Hyderabad Branch,Loan,1453127.22,282918.42
3286,4726,Delhi Central Branch,Savings,1490335.4,41652.32
3287,2219,Kolkata Branch,Savings,327458.33,254847.3
3288,4404,Pune Branch,Loan,692544.15,168456.09
3289,3109,Ahmedabad Branch,Savings,955934.89,162495.46
3290,2405,Hyderabad Branch,Loan,20626.57,155034.01
3291,3637,Chennai Branch,Loan,620910.89,70323.28
3292,2620,Delhi Central Branch,Loan,940903.02,140741.12
3293,2389,Kolkata Branch,Current,303876.0,125636.49
3294,1175,Pune Branch,Savings,1160447.01,220196.55
3295,1817,Pune Branch,Loan,208127.99,39965.59
3296,62,Hyderabad Branch,Loan,504668.18,119869.56
3297,738,Bangalore Branch,Savings,1570560.93,257341.55
3298,468,Kolkata Branch,Loan,340921.55,226209.76
3299,4532,Pune Branch,Savings,1884181.26,213935.18
3300,4060,Chennai Branch,Savings,1133736.09,129714.47
3301,2032,Hyderabad Branch,Savings,533994.23,58363.9
3302,914,Bangalore Branch,Current,352967.55,123358.06
3303,726,Mumbai Main Branch,Loan,1494486.2,129010.67
3304,1680,Delhi Central Branch,Current,662288.76,89539.52
3305,4480,Chennai Branch,Loan,1415529.87,62870.7
3306,3321,Kolkata Branch,Savings,1374285.02,191442.81
3307,4846,Chennai Branch,Savings,155172.69,232066.24
3308,3491,Mumbai Main Branch,Loan,406049.59,143564.99
3309,3642,Mumbai Main Branch,Savings,1477015.45,83364.14
3310,4006,Ahmedabad Branch,Loan,1429373.71,261607.77
3311,1248,Chennai Branch,Current,1221078.06,253836.61
3312,2246,Chennai Branch,Loan,588974.17,122039.59
3313,2918,Kolkata Branch,Current,1978324.13,294523.75
3314,3717,Ahmedabad Branch,Savings,908913.54,246490.58
3315,4106,Chennai Branch,Savings,1622742.71,261813.77
3316,707,Pune Branch,Savings,126838.79,67876.17
3317,3146,Kolkata Branch,Current,1261561.66,88759.33
3318,1696,Kolkata Branch,Current,1353673.73,166584.94
3319,726,Pune Branch,Current,1275553.03,205756.4
3320,2448,Kolkata Branch,Savings,1314907.92,202910.32
3321,4287,Delhi Central Branch,Current,1548584.87,283941.22
3322,3029,Ahmedabad Branch,Savings,773316.3,111383.78
3323,300,Kolkata Branch,Loan,270563.21,55069.14
3324,2140,Hyderabad Branch,Current,1325856.5,87779.94
3325,268,Ahmedabad Branch,Loan,742225.55,222590.18
3326,4470,Kolkata Branch,Savings,409719.4,245767.47
3327,1042,Ahmedabad Branch,Savings,866187.96,246356.93
3328,1805,Chennai Branch,Current,527723.8,261182.59
3329,3978,Kolkata Branch,Loan,1166633.48,125728.2
3330,363,Chennai Branch,Current,1451591.62,163266.67
3331,1333,Bangalore Branch,Current,584563.06,52265.46
3332,4151,Ahmedabad Branch,Loan,784561.45,22030.35
3333,4609,Bangalore Branch,Current,729466.35,217179.6
3334,3496,Mumbai Main Branch,Savings,1562749.56,202946.37
3335,1019,Ahmedabad Branch,Loan,268761.23,10777.55
3336,680,Pune Branch,Savings,1996680.43,136237.83
3337,780,Chennai Branch,Current,369554.44,164948.93
3338,2817,Mumbai Main Branch,Loan,1399368.33,177224.01
3339,410,Kolkata Branch,Current,986344.92,215706.95
3340,2734,Hyderabad Branch,Current,1696642.88,235145.05
3341,4580,Hyderabad Branch,Savings,1412387.92,76720.12
3342,1744,Pune Branch,Savings,831691.48,155661.26
3343,1871,Kolkata Branch,Loan,81600.3,99320.39
3344,2432,Pune Branch,Loan,1986010.57,159958.52
3345,2467,Bangalore Branch,Current,186080.69,129694.33
3346,648,Pune Branch,Current,1947684.89,224913.21
3347,4748,Pune Branch,Savings,1449607.37,17969.2
3348,4857,Kolkata Branch,Savings,769525.24,246934.25
3349,1030,Hyderabad Branch,Savings,1014591.39,190858.76
3350,4635,Mumbai Main Branch,Loan,532561.7,62447.6
3351,1512,Ahmedabad Branch,Current,753656.07,124247.91
3352,2882,Bangalore Branch,Current,1568547.88,221854.49
3353,4698,Delhi Central Branch,Savings,119569.94,88330.5
3354,2764,Delhi Central Branch,Savings,1627856.43,3208.89
3355,978,Ahmedabad Branch,Current,329516.18,246663.18
3356,2867,Kolkata Branch,Current,1242372.24,205824.67
3357,3541,Delhi Central Branch,Loan,293422.5,152239.25
3358,600,Pune Branch,Current,1872724.38,43641.64
3359,4820,Hyderabad Branch,Current,731866.06,236034.24
3360,4991,Hyderabad Branch,Savings,580566.13,70159.66
3361,936,Kolkata Branch,Loan,1087864.74,274302.08
3362,3316,Chennai Branch,Current,661638.75,25394.57
3363,2761,Ahmedabad Branch,Current,634863.32,157755.79
3364,1758,Bangalore Branch,Savings,225110.52,130669.84
3365,1821,Hyderabad Branch,Loan,1369103.48,194753.38
3366,806,Kolkata Branch,Savings,322841.17,184038.31
3367,2643,Delhi Central Branch,Current,467457.55,12641.65
3368,4103,Hyderabad Branch,Current,1139103.41,215726.89
3369,4415,Mumbai Main Branch,Savings,1599754.83,110273.82
3370,1747,Pune Branch,Savings,38630.65,164017.25
3371,978,Delhi Central Branch,Savings,122064.98,26409.4
3372,3881,Kolkata Branch,Loan,1872470.43,205969.02
3373,2307,Mumbai Main Branch,Savings,129267.44,286076.57
3374,3732,Delhi Central Branch,Current,1123035.48,186977.13
3375,3086,Hyderabad Branch,Current,1193011.96,283330.48
3376,82,Chennai Branch,Savings,1021033.15,188117.01
3377,2621,Kolkata Branch,Current,1423890.41,170470.43
3378,4916,Chennai Branch,Current,763696.12,203925.02
3379,4359,Ahmedabad Branch,Savings,689103.71,267269.93
3380,2534,Mumbai Main Branch,Loan,1167226.76,42550.93
3381,616,Pune Branch,Current,1233545.36,189763.36
3382,3162,Delhi Central Branch,Loan,1368501.23,290046.43
3383,2623,Chennai Branch,Loan,1701051.08,120584.69
3384,2666,Bangalore Branch,Loan,492745.94,225711.28
3385,2323,Delhi Central Branch,Savings,1260261.72,121785.51
3386,2445,Pune Branch,Loan,347224.31,106544.14
3387,211,Delhi Central Branch,Savings,1512524.91,154933.14
3388,1467,Delhi Central Branch,Current,1539610.8,243400.22
3389,1660,Mumbai Main Branch,Current,917614.81,159464.66
3390,3162,Pune Branch,Loan,229672.58,210597.96
3391,536,Delhi Central Branch,Savings,925333.14,286102.16
3392,2053,Ahmedabad Branch,Loan,741733.03,292848.4
3393,4524,Ahmedabad Branch,Savings,954797.52,150079.56
3394,902,Delhi Central Branch,Savings,1978649.31,26156.66
3395,1838,Bangalore Branch,Savings,1486677.58,129332.66
3396,2315,Pune Branch,Savings,61798.99,156774.17
3397,4977,Kolkata Branch,Current,130365.13,21122.02
3398,430,Bangalore Branch,Savings,943450.03,204919.05
3399,220,Bangalore Branch,Loan,840739.86,78703.3
3400,1774,Ahmedabad Branch,Savings,289012.37,149004.14
3401,3108,Hyderabad Branch,Savings,1083715.4,141261.99
3402,2323,Bangalore Branch,Loan,1682086.51,274141.21
3403,1306,Ahmedabad Branch,Current,636703.08,104440.82
3404,4041,Bangalore Branch,Loan,1585324.26,103645.72
3405,3140,Pune Branch,Loan,1733768.97,37970.64
3406,2596,Ahmedabad Branch,Savings,922179.17,255149.32
3407,3147,Mumbai Main Branch,Loan,1816824.76,195725.4
3408,3170,Bangalore Branch,Loan,343105.4,204284.49
3409,1522,Kolkata Branch,Savings,1122786.14,214560.18
3410,676,Chennai Branch,Savings,863579.97,147787.89
3411,2279,Ahmedabad Branch,Loan,587119.7,216795.16
3412,949,Ahmedabad Branch,Current,1834702.58,91356.19
3413,383,Delhi Central Branch,Loan,1546781.12,174864.27
3414,790,Hyderabad Branch,Savings,16164.83,57723.84
3415,1820,Mumbai Main Branch,Loan,452926.23,54999.7
3416,4527,Kolkata Branch,Savings,1588900.63,153207.64
3417,4470,Delhi Central Branch,Savings,1608664.31,82193.16
3418,1009,Ahmedabad Branch,Loan,229419.05,193908.38
3419,4979,Pune Branch,Loan,1689006.47,72287.01
3420,1049,Hyderabad Branch,Savings,1317808.7,253842.01
3421,4736,Ahmedabad Branch,Current,189971.13,234297.33
3422,186,Pune Branch,Savings,888298.2,100808.37
3423,2981,Ahmedabad Branch,Loan,458299.99,260289.91
3424,3866,Mumbai Main Branch,Savings,340919.29,168362.57
3425,1458,Hyderabad Branch,Loan,46401.3,134351.9
3426,4938,Kolkata Branch,Loan,1926433.32,41578.01
3427,1795,Chennai Branch,Savings,1850701.24,153602.58
3428,1485,Pune Branch,Savings,1551347.74,280017.06
3429,3131,Kolkata Branch,Loan,1941699.29,113804.97
3430,3979,Ahmedabad Branch,Loan,438424.52,226259.11
3431,857,Delhi Central Branch,Current,1206188.66,54324.52
3432,1429,Bangalore Branch,Loan,1276360.07,282525.29
3433,3969,Kolkata Branch,Savings,849318.47,122203.47
3434,4964,Bangalore Branch,Current,1121287.72,74046.46
3435,2220,Pune Branch,Savings,1417800.25,45521.34
3436,71,Hyderabad Branch,Current,1774258.64,182204.06
3437,4560,Mumbai Main Branch,Loan,111747.76,280904.91
3438,4859,Bangalore Branch,Savings,702663.59,8283.62
3439,2057,Bangalore Branch,Savings,336742.29,228612.03
3440,4145,Kolkata Branch,Savings,854730.17,76252.64
3441,2704,Bangalore Branch,Savings,1089962.14,288281.22
3442,112,Kolkata Branch,Savings,1336177.68,45669.73
3443,833,Pune Branch,Savings,1533416.08,81700.25
3444,1186,Bangalore Branch,Savings,1472716.64,198457.1
3445,2454,Hyderabad Branch,Loan,1500685.74,145821.47
3446,439,Bangalore Branch,Savings,852458.4,46205.06
3447,960,Mumbai Main Branch,Current,601874.06,208169.34
3448,889,Bangalore Branch,Loan,1809644.68,101362.02
3449,2862,Chennai Branch,Loan,583795.17,156570.56
3450,1887,Mumbai Main Branch,Savings,1018660.86,43296.49
3451,543,Ahmedabad Branch,Loan,746737.36,102199.76
3452,2007,Delhi Central Branch,Current,1341064.85,107068.41
3453,3168,Ahmedabad Branch,Current,115016.69,195278.7
3454,4460,Bangalore Branch,Savings,1592104.79,162976.78
3455,3795,Pune Branch,Current,1703929.75,39614.68
3456,874,Chennai Branch,Current,1388504.13,173521.26
3457,858,Bangalore Branch,Current,282026.65,243864.08
3458,1437,Bangalore Branch,Current,1588005.8,15596.09
3459,730,Delhi Central Branch,Savings,1310168.0,21110.86
3460,1075,Ahmedabad Branch,Savings,385453.69,292869.12
3461,2179,Bangalore Branch,Loan,1489295.33,251532.32
3462,1557,Bangalore Branch,Loan,849256.97,269966.32
3463,2794,Chennai Branch,Savings,1974156.88,29429.64
3464,1984,Mumbai Main Branch,Savings,800016.19,111825.44
3465,1322,Chennai Branch,Current,1207295.01,33551.47
3466,573,Ahmedabad Branch,Current,1404076.07,94864.06
3467,1900,Chennai Branch,Savings,525952.98,175904.48
3468,3480,Hyderabad Branch,Current,721717.86,240485.52
3469,2653,Chennai Branch,Current,623109.42,289541.53
3470,401,Bangalore Branch,Current,953902.44,150185.34
3471,4307,Mumbai Main Branch,Current,1366929.44,172955.85
3472,2763,Kolkata Branch,Loan,662082.53,234165.35
3473,4348,Chennai Branch,Current,1188599.82,28863.68
3474,3268,Ahmedabad Branch,Loan,246784.47,263512.34
3475,1663,Bangalore Branch,Loan,601527.81,239806.49
3476,2327,Chennai Branch,Loan,1427877.64,288160.17
3477,1910,Hyderabad Branch,Savings,632544.72,119983.52
3478,3310,Mumbai Main Branch,Loan,1418113.29,74220.33
3479,261,Delhi Central Branch,Savings,1252669.07,245242.58
3480,4391,Hyderabad Branch,Loan,118459.32,226495.28
3481,4853,Chennai Branch,Loan,1612396.65,241205.05
3482,3867,Ahmedabad Branch,Current,1354397.38,223913.46
3483,1712,Mumbai Main Branch,Current,505251.34,159100.92
3484,1263,Hyderabad Branch,Savings,859562.6,31535.07
3485,4775,Kolkata Branch,Current,707880.67,289899.87
3486,4409,Chennai Branch,Current,959596.54,184528.46
3487,4865,Delhi Central Branch,Savings,1919450.46,173990.16
3488,3257,Chennai Branch,Savings,1417147.35,259237.72
3489,1580,Chennai Branch,Current,403007.84,78969.41
3490,1184,Ahmedabad Branch,Loan,765406.76,71067.24
3491,3297,Pune Branch,Loan,1696852.41,200183.25
3492,776,Hyderabad Branch,Current,1254361.28,128541.95
3493,666,Kolkata Branch,Savings,148882.64,282135.34
3494,4865,Chennai Branch,Savings,57432.52,199770.33
3495,2338,Delhi Central Branch,Loan,951436.44,159379.77
3496,1778,Chennai Branch,Loan,670052.72,221605.48
3497,2797,Mumbai Main Branch,Current,1837213.95,206964.4
3498,4449,Chennai Branch,Savings,1011460.17,205662.58
3499,2585,Delhi Central Branch,Current,1122184.21,85133.1
3500,1319,Hyderabad Branch,Savings,790216.62,113668.33
3501,4359,Pune Branch,Current,1136021.7,118608.64
3502,3491,Pune Branch,Current,424635.32,98881.55
3503,3835,Delhi Central Branch,Current,450943.41,252423.72
3504,4619,Kolkata Branch,Savings,653465.21,92035.4
3505,2871,Mumbai Main Branch,Loan,1389577.78,31019.78
3506,861,Chennai Branch,Current,1369982.09,238495.25
3507,1829,Pune Branch,Current,1758735.56,180137.25
3508,2304,Delhi Central Branch,Current,1495746.56,297353.59
3509,887,Pune Branch,Loan,66314.02,193635.64
3510,4209,Delhi Central Branch,Loan,1894700.1,71064.44
3511,3393,Kolkata Branch,Loan,1418472.93,270624.57
3512,4443,Hyderabad Branch,Savings,255701.51,88543.5
3513,2763,Ahmedabad Branch,Savings,1705052.62,138615.87
3514,314,Chennai Branch,Savings,716911.82,147811.31
3515,4327,Chennai Branch,Savings,466604.49,37932.33
3516,327,Delhi Central Branch,Loan,1245827.68,124580.72
3517,3947,Ahmedabad Branch,Loan,1794657.71,75762.97
3518,4431,Delhi Central Branch,Current,115499.75,211987.65
3519,615,Kolkata Branch,Current,1180466.77,190054.09
3520,936,Bangalore Branch,Savings,1498144.91,25563.14
3521,1312,Pune Branch,Savings,57497.78,74114.46
3522,84,Pune Branch,Savings,985380.3,196189.99
3523,4607,Bangalore Branch,Current,326429.73,234946.39
3524,1337,Ahmedabad Branch,Loan,1223353.52,58397.51
3525,3467,Chennai Branch,Savings,1784107.32,31639.26
3526,3082,Delhi Central Branch,Savings,504915.07,286154.48
3527,614,Ahmedabad Branch,Current,633008.28,237849.58
3528,1913,Hyderabad Branch,Current,1148615.72,245042.84
3529,3106,Hyderabad Branch,Loan,488478.56,187057.48
3530,1449,Mumbai Main Branch,Savings,1211699.11,246001.96
3531,2510,Mumbai Main Branch,Loan,796842.8,153228.66
3532,653,Kolkata Branch,Loan,1642372.98,216816.39
3533,1341,Pune Branch,Loan,1247938.25,232055.49
3534,3338,Bangalore Branch,Savings,551792.86,13965.74
3535,4350,Kolkata Branch,Savings,283781.41,18716.85
3536,18,Chennai Branch,Savings,1860140.35,6392.44
3537,4208,Hyderabad Branch,Loan,1376994.42,133445.28
3538,3160,Mumbai Main Branch,Current,1832916.07,241528.38
3539,3509,Pune Branch,Current,1027099.35,149218.56
3540,1810,Pune Branch,Loan,1567572.14,283851.66
3541,1855,Hyderabad Branch,Current,1506052.0,33783.8
3542,3191,Bangalore Branch,Loan,197800.88,51887.63
3543,718,Hyderabad Branch,Savings,1884872.89,26185.6
3544,553,Mumbai Main Branch,Savings,1669475.25,226064.77
3545,3477,Ahmedabad Branch,Current,219785.64,74378.99
3546,3938,Delhi Central Branch,Savings,1623624.44,26637.63
3547,1211,Ahmedabad Branch,Current,1818401.12,43878.75
3548,379,Chennai Branch,Savings,1226831.87,183663.01
3549,123,Bangalore Branch,Savings,715193.28,57341.96
3550,3789,Pune Branch,Savings,726703.38,134177.69
3551,2930,Chennai Branch,Current,525080.0,64171.05
3552,3402,Hyderabad Branch,Current,1453731.27,75913.18
3553,522,Delhi Central Branch,Savings,1325825.84,55252.83
3554,1282,Hyderabad Branch,Loan,1488630.97,34564.15
3555,3087,Ahmedabad Branch,Loan,14191.6,32361.19
3556,1804,Pune Branch,Loan,1486813.28,201852.64
3557,4151,Kolkata Branch,Current,1500875.0,211909.38
3558,805,Chennai Branch,Loan,549371.56,124476.94
3559,2109,Chennai Branch,Savings,8855.83,253033.36
3560,385,Ahmedabad Branch,Loan,1247881.6,49075.26
3561,691,Hyderabad Branch,Loan,717332.29,35447.3
3562,2636,Delhi Central Branch,Loan,1789016.69,11425.35
3563,2512,Bangalore Branch,Savings,1520600.89,14046.45
3564,4663,Mumbai Main Branch,Loan,742093.58,36824.81
3565,850,Kolkata Branch,Loan,1069882.17,109215.32
3566,1940,Pune Branch,Current,1901923.21,98512.11
3567,805,Pune Branch,Loan,1272130.68,17741.22
3568,2405,Hyderabad Branch,Savings,911892.72,51951.14
3569,302,Delhi Central Branch,Loan,1645736.4,271517.46
3570,2365,Chennai Branch,Loan,1835073.48,290734.15
3571,2880,Hyderabad Branch,Current,800768.5,224117.21
3572,2010,Hyderabad Branch,Current,1220255.8,14773.0
3573,78,Kolkata Branch,Current,486950.94,98889.31
3574,3421,Hyderabad Branch,Current,687356.22,181944.51
3575,4962,Chennai Branch,Loan,514623.25,190804.54
3576,98,Chennai Branch,Loan,1495072.46,11069.51
3577,4940,Bangalore Branch,Savings,1635269.34,68296.14
3578,4986,Kolkata Branch,Savings,1756073.61,20060.96
3579,2624,Mumbai Main Branch,Savings,1243175.5,151477.79
3580,3779,Chennai Branch,Loan,1335035.86,282239.65
3581,787,Delhi Central Branch,Current,1115702.26,36799.61
3582,3327,Kolkata Branch,Savings,429408.62,279147.46
3583,2670,Hyderabad Branch,Current,856036.29,97714.52
3584,3910,Mumbai Main Branch,Current,70098.92,4722.51
3585,2965,Kolkata Branch,Current,1561716.26,14053.17
3586,3595,Delhi Central Branch,Current,1990658.1,181118.54
3587,4847,Hyderabad Branch,Current,1205030.63,28942.44
3588,492,Chennai Branch,Loan,630553.48,107777.53
3589,3327,Bangalore Branch,Current,1096417.53,135174.33
3590,1037,Ahmedabad Branch,Current,1346709.97,25627.98
3591,3220,Bangalore Branch,Current,12065.5,230038.43
3592,1323,Hyderabad Branch,Savings,1606172.2,299638.06
3593,865,Bangalore Branch,Loan,986619.39,133447.98
3594,3221,Mumbai Main Branch,Savings,1934109.34,72272.19
3595,4931,Bangalore Branch,Current,1691654.1,111468.28
3596,2024,Hyderabad Branch,Current,1144372.68,47030.83
3597,1393,Kolkata Branch,Current,1963037.55,297485.63
3598,1481,Kolkata Branch,Current,1166932.91,198727.59
3599,4123,Bangalore Branch,Current,1021074.79,111694.43
3600,3348,Kolkata Branch,Savings,776311.57,3897.73
3601,4311,Kolkata Branch,Current,1798763.33,138302.26
3602,3910,Bangalore Branch,Current,709380.61,35158.41
3603,3418,Ahmedabad Branch,Loan,713266.0,129710.88
3604,2068,Delhi Central Branch,Savings,1039627.02,106471.53
3605,1157,Ahmedabad Branch,Savings,986743.64,20371.01
3606,1679,Hyderabad Branch,Current,798740.77,282099.95
3607,3262,Hyderabad Branch,Loan,562889.98,268036.62
3608,1391,Kolkata Branch,Savings,501844.08,246862.87
3609,4130,Chennai Branch,Loan,1790094.85,77549.6
3610,2254,Bangalore Branch,Current,1709092.38,231534.22
3611,3671,Bangalore Branch,Savings,1286915.75,53623.26
3612,3969,Chennai Branch,Current,894308.62,147999.23
3613,4518,Hyderabad Branch,Savings,349438.82,116403.25
3614,2982,Mumbai Main Branch,Current,310110.3,19479.46
3615,2490,Kolkata Branch,Savings,797545.07,214296.4
3616,3455,Mumbai Main Branch,Savings,1452020.51,122762.58
3617,2230,Mumbai Main Branch,Current,1651247.19,194052.57
3618,314,Mumbai Main Branch,Loan,1247463.47,164484.03
3619,250,Hyderabad Branch,Savings,561815.47,281083.64
3620,2910,Pune Branch,Current,1392480.36,219219.1
3621,1881,Pune Branch,Current,966213.79,207643.88
3622,3938,Chennai Branch,Loan,1688217.66,50474.34
3623,4189,Chennai Branch,Savings,41500.29,193253.81
3624,2889,Mumbai Main Branch,Loan,1128198.28,127608.28
3625,124,Ahmedabad Branch,Loan,799080.85,216396.46
3626,4458,Bangalore Branch,Savings,942721.48,174016.62
3627,1857,Kolkata Branch,Savings,168859.92,64330.72
3628,703,Kolkata Branch,Loan,409471.84,141089.82
3629,933,Hyderabad Branch,Savings,936236.99,19953.97
3630,1571,Delhi Central Branch,Current,855058.56,60861.84
3631,974,Kolkata Branch,Current,200155.89,271595.94
3632,4818,Bangalore Branch,Current,515415.18,80922.01
3633,3707,Hyderabad Branch,Loan,298855.31,118757.5
3634,4156,Mumbai Main Branch,Loan,1327116.96,6470.19
3635,1175,Kolkata Branch,Savings,969864.68,197143.87
3636,4626,Bangalore Branch,Loan,1892619.31,166294.74
3637,4408,Kolkata Branch,Current,1947878.36,158258.73
3638,1905,Pune Branch,Current,1335292.04,206007.18
3639,974,Delhi Central Branch,Savings,1343870.51,117668.7
3640,4533,Chennai Branch,Savings,1489414.03,245364.68
3641,3557,Ahmedabad Branch,Loan,122525.48,54910.73
3642,4300,Kolkata Branch,Current,338961.27,161023.61
3643,530,Hyderabad Branch,Loan,1131438.83,147657.76
3644,1355,Delhi Central Branch,Loan,1531852.74,175760.22
3645,3227,Hyderabad Branch,Loan,1485620.51,6167.5
3646,4012,Ahmedabad Branch,Current,895812.78,35427.63
3647,251,Hyderabad Branch,Current,414259.08,16031.91
3648,462,Kolkata Branch,Loan,1090950.62,124624.39
3649,4406,Delhi Central Branch,Savings,856171.86,143489.46
3650,2268,Ahmedabad Branch,Current,874412.76,124912.37
3651,2032,Kolkata Branch,Savings,1473818.03,271018.15
3652,4206,Kolkata Branch,Savings,336429.12,169349.19
3653,1365,Chennai Branch,Current,1382796.45,263557.32
3654,715,Chennai Branch,Current,688373.8,262172.38
3655,1047,Bangalore Branch,Loan,1266915.91,243306.6
3656,2368,Pune Branch,Loan,227100.62,120143.53
3657,508,Delhi Central Branch,Savings,535313.0,77244.54
3658,3616,Delhi Central Branch,Savings,1008249.88,205646.58
3659,3569,Bangalore Branch,Current,1136329.93,34658.29
3660,1496,Pune Branch,Savings,1176087.31,212629.07
3661,3200,Hyderabad Branch,Current,1796897.14,213809.72
3662,4734,Hyderabad Branch,Loan,1667959.12,216499.0
3663,274,Mumbai Main Branch,Savings,151439.07,229927.56
3664,3674,Ahmedabad Branch,Loan,1083437.28,59869.64
3665,1116,Bangalore Branch,Loan,1375000.38,279152.18
3666,1699,Ahmedabad Branch,Current,1796170.34,19666.5
3667,171,Kolkata Branch,Savings,1065886.42,150625.13
3668,1094,Bangalore Branch,Loan,183153.48,124758.1
3669,1182,Kolkata Branch,Loan,942893.56,118251.28
3670,2101,Pune Branch,Current,547222.53,229430.17
3671,746,Hyderabad Branch,Current,1648720.97,72927.07
3672,1258,Delhi Central Branch,Current,1259418.83,158102.8
3673,3186,Bangalore Branch,Loan,1124942.74,232829.1
3674,3639,Ahmedabad Branch,Current,1479385.83,217061.71
3675,519,Pune Branch,Current,34097.54,130549.59
3676,35,Hyderabad Branch,Savings,180882.72,196034.03
3677,3856,Hyderabad Branch,Current,1031777.9,80107.72
3678,517,Bangalore Branch,Current,1634652.53,281179.12
3679,1745,Kolkata Branch,Loan,769589.39,78614.83
3680,760,Delhi Central Branch,Savings,127206.55,34247.32
3681,643,Ahmedabad Branch,Savings,978863.41,124798.21
3682,4572,Hyderabad Branch,Current,303052.04,101629.52
3683,949,Mumbai Main Branch,Current,1185179.24,195609.47
3684,61,Mumbai Main Branch,Current,1390276.21,255141.76
3685,1011,Pune Branch,Savings,1503192.21,28449.49
3686,586,Bangalore Branch,Loan,1624716.5,110167.99
3687,4680,Hyderabad Branch,Loan,1067100.8,275351.95
3688,4182,Pune Branch,Savings,20224.25,92564.15
3689,3110,Ahmedabad Branch,Savings,1763419.41,145107.53
3690,2455,Hyderabad Branch,Loan,503923.49,64727.79
3691,4468,Hyderabad Branch,Loan,1089251.22,168022.89
3692,4973,Chennai Branch,Current,357612.69,176052.27
3693,2827,Mumbai Main Branch,Savings,735822.03,177136.02
3694,3239,Chennai Branch,Current,471797.42,238066.46
3695,1773,Mumbai Main Branch,Savings,1220306.97,77268.48
3696,4974,Bangalore Branch,Loan,960054.85,142607.02
3697,3659,Delhi Central Branch,Current,1502581.98,116235.84
3698,3092,Delhi Central Branch,Current,1187835.16,71725.57
3699,408,Hyderabad Branch,Savings,1156590.43,11433.98
3700,2312,Delhi Central Branch,Loan,67958.62,216386.9
3701,3394,Pune Branch,Loan,1087853.14,278829.43
3702,1672,Chennai Branch,Loan,1667648.45,235635.71
3703,3875,Delhi Central Branch,Savings,1874635.41,203335.46
3704,4891,Delhi Central Branch,Savings,169157.38,165895.24
3705,2188,Kolkata Branch,Savings,51627.55,100383.35
3706,3020,Bangalore Branch,Current,1346031.78,62984.24
3707,4784,Pune Branch,Current,563046.28,262719.8
3708,718,Hyderabad Branch,Savings,1978796.48,112534.87
3709,2626,Kolkata Branch,Loan,175921.51,298775.2
3710,1625,Ahmedabad Branch,Current,1200892.73,123503.59
3711,2139,Delhi Central Branch,Savings,1580969.0,151261.07
3712,1899,Delhi Central Branch,Current,1998070.24,3277.94
3713,704,Delhi Central Branch,Savings,1212244.98,117548.11
3714,2699,Hyderabad Branch,Savings,1850561.74,238194.28
3715,1005,Mumbai Main Branch,Loan,615590.74,126494.55
3716,1602,Chennai Branch,Savings,468492.28,286290.87
3717,4595,Ahmedabad Branch,Savings,1995854.55,7448.35
3718,1618,Bangalore Branch,Savings,435011.11,45641.16
3719,2836,Pune Branch,Loan,1004976.45,194110.32
3720,3688,Chennai Branch,Loan,160382.64,83287.52
3721,3944,Chennai Branch,Savings,1642724.17,261592.71
3722,578,Kolkata Branch,Current,1862420.93,130877.87
3723,1199,Mumbai Main Branch,Savings,1442697.95,290167.07
3724,636,Hyderabad Branch,Savings,401689.92,2764.48
3725,682,Hyderabad Branch,Current,1454939.27,124278.72
3726,62,Hyderabad Branch,Loan,1860468.9,299529.95
3727,3488,Bangalore Branch,Current,1424517.47,216034.72
3728,409,Mumbai Main Branch,Savings,1611081.26,104444.21
3729,4898,Chennai Branch,Current,836145.55,52241.07
3730,3996,Chennai Branch,Current,135127.67,263624.14
3731,3055,Kolkata Branch,Savings,1273076.43,283100.96
3732,4719,Ahmedabad Branch,Savings,1353901.84,116560.39
3733,2749,Pune Branch,Current,995156.7,172498.12
3734,1049,Chennai Branch,Loan,1051942.26,93001.79
3735,3021,Chennai Branch,Current,1743253.69,80141.09
3736,4390,Pune Branch,Current,232439.58,189397.26
3737,1778,Bangalore Branch,Current,1205082.89,203536.54
3738,2500,Bangalore Branch,Current,834263.71,134773.32
3739,4460,Bangalore Branch,Loan,1294147.99,128016.42
3740,122,Bangalore Branch,Loan,762683.48,207877.38
3741,4031,Hyderabad Branch,Savings,1315740.1,30660.46
3742,1641,Bangalore Branch,Loan,1160514.78,31771.52
3743,3583,Ahmedabad Branch,Loan,587388.37,66673.11
3744,4222,Pune Branch,Current,1382429.6,18335.57
3745,1978,Delhi Central Branch,Savings,259042.45,270010.51
3746,2332,Mumbai Main Branch,Current,634673.23,13286.65
3747,3498,Ahmedabad Branch,Savings,207810.75,137075.44
3748,1645,Kolkata Branch,Loan,1482674.54,231497.37
3749,1425,Mumbai Main Branch,Current,380519.08,100891.12
3750,562,Chennai Branch,Loan,1526293.43,295462.76
3751,3526,Delhi Central Branch,Current,61759.81,160577.67
3752,2944,Ahmedabad Branch,Loan,1672889.52,29132.68
3753,3896,Ahmedabad Branch,Savings,93640.99,252353.82
3754,730,Pune Branch,Savings,1050987.2,14452.3
3755,955,Bangalore Branch,Savings,1405996.14,154817.51
3756,2700,Bangalore Branch,Savings,1463080.45,138209.78
3757,4593,Bangalore Branch,Current,56020.47,158351.6
3758,813,Hyderabad Branch,Loan,942817.9,220678.66
3759,3609,Ahmedabad Branch,Savings,396269.02,3297.74
3760,3884,Ahmedabad Branch,Loan,721652.04,41050.86
3761,2141,Delhi Central Branch,Savings,1526910.88,292031.89
3762,2074,Ahmedabad Branch,Current,595070.94,164274.32
3763,1877,Delhi Central Branch,Loan,1338936.07,19210.55
3764,4719,Chennai Branch,Current,1919309.79,3914.81
3765,346,Delhi Central Branch,Current,990605.89,279905.22
3766,4667,Pune Branch,Savings,67140.55,163729.13
3767,3134,Hyderabad Branch,Current,1339556.56,104382.48
3768,2466,Ahmedabad Branch,Current,1446076.43,240364.2
3769,4085,Kolkata Branch,Loan,1841649.12,237712.15
3770,4861,Mumbai Main Branch,Current,139515.43,178535.52
3771,1092,Chennai Branch,Current,797655.87,60963.0
3772,255,Kolkata Branch,Current,215935.47,28348.5
3773,1498,Delhi Central Branch,Loan,1253330.26,277372.67
3774,3198,Delhi Central Branch,Loan,657263.07,108032.85
3775,2634,Ahmedabad Branch,Current,484234.74,125773.36
3776,2138,Kolkata Branch,Savings,344400.63,133953.94
3777,1004,Delhi Central Branch,Savings,1269111.31,251480.95
3778,1302,Mumbai Main Branch,Current,1153380.13,29530.76
3779,4293,Ahmedabad Branch,Current,1840071.52,5874.78
3780,1387,Pune Branch,Current,1843230.84,133129.88
3781,3728,Hyderabad Branch,Savings,1343330.32,188956.38
3782,541,Ahmedabad Branch,Savings,1535170.88,116080.8
3783,3157,Hyderabad Branch,Current,250241.4,56493.02
3784,4754,Bangalore Branch,Savings,442580.58,54357.42
3785,1364,Ahmedabad Branch,Current,172901.17,144967.65
3786,117,Bangalore Branch,Current,720598.52,135004.26
3787,3338,Kolkata Branch,Loan,1679515.73,8060.7
3788,4640,Bangalore Branch,Current,1280545.64,113419.78
3789,2996,Delhi Central Branch,Loan,847318.53,175105.99
3790,4928,Delhi Central Branch,Loan,1214444.53,37828.59
3791,2111,Bangalore Branch,Current,890534.4,193680.29
3792,647,Hyderabad Branch,Current,1054641.0,166537.7
3793,4808,Pune Branch,Loan,1541630.8,123758.55
3794,1271,Hyderabad Branch,Savings,779728.67,299681.49
3795,3054,Delhi Central Branch,Loan,520837.75,249628.98
3796,4648,Bangalore Branch,Current,1732916.8,45464.31
3797,2941,Kolkata Branch,Savings,775079.18,55461.97
3798,785,Kolkata Branch,Current,1926433.73,189567.73
3799,2948,Pune Branch,Loan,794101.78,220566.12
3800,4833,Mumbai Main Branch,Loan,1090884.43,53551.7
3801,4884,Pune Branch,Current,1411488.09,261871.53
3802,71,Kolkata Branch,Savings,1642520.59,58959.7
3803,2796,Kolkata Branch,Current,185998.07,4302.61
3804,3859,Hyderabad Branch,Savings,32556.2,186926.12
3805,2319,Kolkata Branch,Loan,711522.73,68664.85
3806,2809,Delhi Central Branch,Loan,1703354.74,62335.56
3807,4981,Kolkata Branch,Loan,480947.56,4008.08
3808,677,Pune Branch,Current,1289580.13,41853.52
3809,3037,Pune Branch,Loan,1034591.55,65672.68
3810,3551,Pune Branch,Current,1427978.79,283195.16
3811,3702,Delhi Central Branch,Savings,1356468.8,51937.18
3812,747,Mumbai Main Branch,Loan,1762259.13,20297.54
3813,4180,Ahmedabad Branch,Current,679273.64,224979.83
3814,3940,Delhi Central Branch,Loan,1461344.66,231669.64
3815,2788,Ahmedabad Branch,Current,864152.73,248256.31
3816,151,Bangalore Branch,Loan,841705.1,284232.69
3817,1093,Bangalore Branch,Loan,913971.89,52587.36
3818,4938,Mumbai Main Branch,Current,730386.98,298700.29
3819,4648,Pune Branch,Savings,1773194.67,75318.01
3820,325,Ahmedabad Branch,Current,1679540.98,235689.26
3821,4888,Chennai Branch,Loan,87386.76,96178.34
3822,1682,Ahmedabad Branch,Loan,99704.51,195387.92
3823,392,Hyderabad Branch,Current,1708651.25,63690.51
3824,3050,Pune Branch,Current,262818.97,255572.84
3825,4719,Bangalore Branch,Current,1628048.93,198673.07
3826,192,Delhi Central Branch,Savings,36203.12,67563.88
3827,2976,Ahmedabad Branch,Savings,89047.04,207879.79
3828,3147,Pune Branch,Savings,335350.78,120700.01
3829,280,Kolkata Branch,Loan,178755.29,202959.75
3830,3568,Bangalore Branch,Current,596048.36,47906.01
3831,1678,Kolkata Branch,Savings,1415352.2,112802.29
3832,224,Kolkata Branch,Loan,1699134.96,242942.52
3833,1931,Kolkata Branch,Current,1972291.62,23021.69
3834,4221,Mumbai Main Branch,Loan,1375246.83,257799.02
3835,2344,Bangalore Branch,Savings,412885.55,106779.42
3836,4013,Chennai Branch,Loan,609831.97,192307.28
3837,3427,Pune Branch,Savings,1524252.52,6767.49
3838,2900,Mumbai Main Branch,Loan,1538617.1,233622.75
3839,2311,Hyderabad Branch,Loan,1398128.4,234763.72
3840,1834,Ahmedabad Branch,Savings,124728.27,47721.33
3841,1949,Ahmedabad Branch,Savings,889936.73,21552.86
3842,1737,Hyderabad Branch,Loan,775122.44,206418.22
3843,82,Mumbai Main Branch,Savings,1027227.37,115944.4
3844,2078,Ahmedabad Branch,Savings,1674740.73,45294.14
3845,389,Kolkata Branch,Loan,857135.79,98615.06
3846,695,Kolkata Branch,Current,1995420.18,73312.32
3847,994,Kolkata Branch,Current,1252000.74,41883.48
3848,4367,Delhi Central Branch,Savings,1068588.8,184826.99
3849,1644,Ahmedabad Branch,Savings,727458.81,208488.39
3850,689,Chennai Branch,Loan,351060.5,195678.87
3851,1825,Hyderabad Branch,Savings,265401.69,183625.73
3852,150,Pune Branch,Loan,527251.02,242681.14
3853,3740,Pune Branch,Loan,608473.25,215101.97
3854,2668,Pune Branch,Loan,1631705.19,169542.23
3855,1147,Pune Branch,Current,616792.19,251342.34
3856,2498,Delhi Central Branch,Current,1081655.03,295340.94
3857,1405,Mumbai Main Branch,Loan,686304.31,191792.41
3858,249,Ahmedabad Branch,Loan,1967214.2,255272.41
3859,3231,Mumbai Main Branch,Loan,1579092.46,290819.7
3860,4279,Chennai Branch,Savings,310231.58,223314.15
3861,1816,Delhi Central Branch,Savings,1980931.59,203010.85
3862,724,Mumbai Main Branch,Loan,806220.43,231642.9
3863,2388,Delhi Central Branch,Savings,398719.83,123415.05
3864,4715,Mumbai Main Branch,Current,1403568.88,97759.61
3865,3714,Bangalore Branch,Savings,1230455.82,17752.87
3866,546,Delhi Central Branch,Loan,1480200.76,139814.61
3867,1654,Ahmedabad Branch,Savings,103959.68,273551.72
3868,4846,Hyderabad Branch,Loan,954433.15,66007.86
3869,4833,Pune Branch,Savings,1243051.06,88683.39
3870,1173,Mumbai Main Branch,Savings,145175.1,168897.87
3871,1763,Ahmedabad Branch,Current,857781.01,281767.77
3872,2958,Bangalore Branch,Loan,650711.16,189641.2
3873,3564,Hyderabad Branch,Savings,1994681.49,223275.64
3874,1519,Chennai Branch,Loan,1994125.44,146681.81
3875,4772,Hyderabad Branch,Current,1717082.04,24008.83
3876,3831,Pune Branch,Current,19204.8,123282.77
3877,1438,Chennai Branch,Current,289509.03,210552.41
3878,2680,Mumbai Main Branch,Loan,1609149.89,52945.96
3879,2498,Pune Branch,Savings,1773191.98,211161.47
3880,1895,Hyderabad Branch,Savings,304989.77,15464.1
3881,4718,Hyderabad Branch,Savings,1111906.02,230842.81
3882,846,Mumbai Main Branch,Current,1528489.43,77843.51
3883,2312,Pune Branch,Savings,1302135.48,163744.13
3884,986,Pune Branch,Current,460604.18,177186.94
3885,4081,Pune Branch,Current,1497838.01,79830.59
3886,1562,Hyderabad Branch,Loan,1328417.65,197963.02
3887,1549,Bangalore Branch,Savings,1215422.88,7505.02
3888,18,Pune Branch,Loan,917556.02,231698.95
3889,1386,Kolkata Branch,Current,780930.53,154221.31
3890,1763,Hyderabad Branch,Savings,94286.58,180802.89
3891,3542,Hyderabad Branch,Current,1552072.93,90660.48
3892,2232,Mumbai Main Branch,Savings,1040891.45,150554.73
3893,1612,Delhi Central Branch,Savings,316283.4,67769.76
3894,2808,Kolkata Branch,Current,255793.76,81513.69
3895,3386,Mumbai Main Branch,Current,1261560.94,148841.1
3896,4442,Ahmedabad Branch,Current,791554.64,218701.82
3897,1757,Delhi Central Branch,Savings,1973288.53,38686.14
3898,4223,Delhi Central Branch,Savings,842243.41,119741.56
3899,510,Kolkata Branch,Loan,1049377.25,95939.89
3900,4806,Pune Branch,Savings,1349281.46,114777.75
3901,122,Kolkata Branch,Savings,201965.46,177112.73
3902,1450,Ahmedabad Branch,Loan,95959.55,249083.66
3903,1661,Bangalore Branch,Loan,1898604.46,21195.29
3904,2101,Mumbai Main Branch,Savings,1836536.72,271418.74
3905,4457,Mumbai Main Branch,Current,1907084.97,229587.9
3906,2670,Pune Branch,Current,1003412.0,291722.14
3907,4329,Mumbai Main Branch,Savings,1975199.54,280062.02
3908,3613,Bangalore Branch,Savings,261278.83,54502.64
3909,743,Kolkata Branch,Savings,1582583.37,161516.15
3910,3404,Kolkata Branch,Loan,585888.19,199338.01
3911,4664,Delhi Central Branch,Savings,1647706.02,138862.09
3912,3678,Bangalore Branch,Current,1241068.4,78713.17
3913,4523,Chennai Branch,Loan,1412971.97,5409.58
3914,3892,Chennai Branch,Loan,1200821.8,83864.29
3915,3602,Bangalore Branch,Loan,32486.63,12190.3
3916,3974,Mumbai Main Branch,Loan,1791459.69,90887.01
3917,4008,Delhi Central Branch,Savings,239754.22,285301.42
3918,884,Mumbai Main Branch,Savings,986961.24,68326.69
3919,3396,Delhi Central Branch,Savings,869503.81,39183.64
3920,156,Pune Branch,Savings,632198.64,66667.61
3921,2512,Kolkata Branch,Current,1086934.22,114766.29
3922,419,Kolkata Branch,Savings,1523981.99,111239.76
3923,2457,Bangalore Branch,Current,888564.28,255953.38
3924,2130,Delhi Central Branch,Current,482646.96,154255.56
3925,1054,Bangalore Branch,Loan,1914262.55,64803.95
3926,4358,Delhi Central Branch,Loan,1589207.75,118943.24
3927,1345,Ahmedabad Branch,Current,1487201.58,98450.75
3928,42,Ahmedabad Branch,Savings,19685.28,229980.19
3929,4882,Bangalore Branch,Loan,1154788.37,94473.54
3930,2437,Pune Branch,Savings,323284.7,282050.56
3931,3359,Kolkata Branch,Savings,886259.42,41710.09
3932,637,Delhi Central Branch,Loan,331336.03,196468.49
3933,4357,Pune Branch,Loan,707842.41,118778.64
3934,420,Hyderabad Branch,Savings,251122.83,284236.15
3935,2770,Delhi Central Branch,Savings,1574843.67,61852.24
3936,2324,Bangalore Branch,Current,870475.17,210615.29
3937,107,Mumbai Main Branch,Loan,1858449.71,245488.59
3938,1163,Delhi Central Branch,Current,1761262.05,19123.65
3939,1979,Pune Branch,Current,1924254.78,243247.11
3940,4074,Delhi Central Branch,Loan,1151939.16,247294.8
3941,2906,Pune Branch,Loan,12946.19,267531.0
3942,1418,Chennai Branch,Savings,454811.76,229373.01
3943,2995,Mumbai Main Branch,Loan,1550810.62,18514.66
3944,1256,Delhi Central Branch,Savings,1531457.23,150826.36
3945,1402,Mumbai Main Branch,Loan,1173360.64,171938.74
3946,1666,Kolkata Branch,Savings,1898638.61,101215.23
3947,1321,Ahmedabad Branch,Current,1771656.57,222142.67
3948,1736,Mumbai Main Branch,Savings,378894.33,29667.96
3949,402,Pune Branch,Current,1669170.13,195621.97
3950,1783,Pune Branch,Current,111713.6,168908.22
3951,3032,Hyderabad Branch,Loan,1945042.99,127566.99
3952,4100,Delhi Central Branch,Loan,1668919.24,250708.13
3953,4786,Delhi Central Branch,Loan,330686.25,225773.43
3954,87,Bangalore Branch,Savings,324847.82,25617.57
3955,4120,Hyderabad Branch,Loan,192341.63,217925.9
3956,4600,Mumbai Main Branch,Savings,1011054.61,284263.14
3957,4001,Mumbai Main Branch,Current,1348827.94,190536.89
3958,2224,Pune Branch,Savings,1446589.2,108088.72
3959,3582,Hyderabad Branch,Current,1521710.01,168107.83
3960,693,Kolkata Branch,Current,432974.98,234313.32
3961,912,Mumbai Main Branch,Savings,1960026.68,42814.79
3962,719,Bangalore Branch,Current,1152748.34,31957.21
3963,1872,Chennai Branch,Current,833544.54,182009.63
3964,2274,Delhi Central Branch,Savings,504201.04,256453.69
3965,914,Ahmedabad Branch,Savings,1747654.72,256629.68
3966,3711,Pune Branch,Savings,620466.1,224264.92
3967,4623,Kolkata Branch,Savings,1525641.97,168129.41
3968,1600,Hyderabad Branch,Loan,1576402.94,184864.86
3969,289,Kolkata Branch,Savings,1442249.69,116080.07
3970,4131,Mumbai Main Branch,Loan,1968854.33,1266.93
3971,4714,Bangalore Branch,Current,729730.95,141871.46
3972,4138,Ahmedabad Branch,Loan,921395.7,278860.09
3973,4350,Chennai Branch,Savings,40400.91,271922.48
3974,4920,Ahmedabad Branch,Loan,352743.47,79287.88
3975,1917,Delhi Central Branch,Loan,152053.6,185686.09
3976,3075,Kolkata Branch,Loan,822787.33,7768.14
3977,4337,Hyderabad Branch,Savings,954392.65,253329.82
3978,3058,Pune Branch,Loan,1586084.24,167754.88
3979,2615,Delhi Central Branch,Current,1897329.16,184747.75
3980,2330,Kolkata Branch,Loan,1855594.77,296056.65
3981,3550,Hyderabad Branch,Savings,1416291.06,151799.55
3982,2537,Mumbai Main Branch,Savings,1532075.37,13091.85
3983,3735,Hyderabad Branch,Current,1517087.74,225192.92
3984,18,Ahmedabad Branch,Current,1594524.58,143979.26
3985,1510,Pune Branch,Savings,1406073.3,21714.09
3986,1873,Bangalore Branch,Current,760613.29,10814.31
3987,1645,Bangalore Branch,Savings,1544464.28,40034.17
3988,2828,Bangalore Branch,Current,387204.95,56679.21
3989,1794,Chennai Branch,Savings,960759.06,184902.82
3990,4883,Bangalore Branch,Savings,510992.46,244014.67
3991,4465,Bangalore Branch,Current,1048522.96,44474.68
3992,3229,Ahmedabad Branch,Loan,552394.89,207167.02
3993,4080,Delhi Central Branch,Loan,1073961.14,171273.62
3994,459,Kolkata Branch,Current,454390.03,179428.26
3995,4163,Ahmedabad Branch,Loan,483771.0,120583.62
3996,874,Hyderabad Branch,Loan,753831.37,276452.63
3997,4530,Mumbai Main Branch,Savings,501415.06,9577.14
3998,3948,Mumbai Main Branch,Loan,536498.67,113150.88
3999,1498,Pune Branch,Loan,1948437.32,51533.13
4000,1929,Delhi Central Branch,Current,1488442.11,220208.25
4001,1904,Mumbai Main Branch,Current,614038.63,213298.84
4002,4758,Mumbai Main Branch,Current,1264403.0,65103.79
4003,468,Chennai Branch,Savings,932621.81,202417.78
4004,4664,Bangalore Branch,Savings,371518.48,238560.34
4005,4331,Bangalore Branch,Loan,704040.45,279695.49
4006,889,Mumbai Main Branch,Loan,195101.09,284408.32
4007,1844,Ahmedabad Branch,Loan,1898172.69,175698.28
4008,1039,Mumbai Main Branch,Current,1653375.9,44868.31
4009,3095,Hyderabad Branch,Current,1098388.69,131727.93
4010,548,Bangalore Branch,Savings,659323.43,245273.12
4011,3909,Bangalore Branch,Savings,777986.82,99623.72
4012,1275,Bangalore Branch,Loan,250574.91,6633.25
4013,2607,Hyderabad Branch,Current,868763.67,67602.87
4014,4850,Pune Branch,Current,1698450.29,166402.54
4015,3631,Chennai Branch,Savings,1446060.96,191778.2
4016,278,Delhi Central Branch,Savings,916471.48,297210.83
4017,2081,Delhi Central Branch,Loan,1851348.12,236577.39
4018,2396,Hyderabad Branch,Current,1456227.51,37769.98
4019,3456,Kolkata Branch,Loan,1393929.36,219980.9
4020,4368,Chennai Branch,Current,1638095.7,114900.19
4021,3646,Mumbai Main Branch,Savings,1512494.29,292485.89
4022,1470,Mumbai Main Branch,Loan,994927.54,55615.05
4023,4600,Pune Branch,Loan,577402.03,258296.18
4024,3957,Hyderabad Branch,Loan,460705.12,242083.23
4025,1283,Delhi Central Branch,Current,177923.36,270245.01
4026,615,Hyderabad Branch,Current,327573.23,98120.91
4027,700,Hyderabad Branch,Savings,393073.79,11527.09
4028,586,Hyderabad Branch,Loan,514175.91,23334.81
4029,4506,Pune Branch,Savings,436072.78,75256.69
4030,80,Pune Branch,Loan,454465.55,33904.06
4031,4070,Chennai Branch,Loan,913844.84,191368.71
4032,22,Ahmedabad Branch,Loan,427781.26,20071.74
4033,2910,Chennai Branch,Current,68963.07,86258.77
4034,3068,Hyderabad Branch,Current,1206261.34,209825.54
4035,1004,Hyderabad Branch,Loan,103962.59,224059.75
4036,1256,Pune Branch,Savings,17565.16,44850.73
4037,3578,Mumbai Main Branch,Current,121097.52,237810.2
4038,4651,Chennai Branch,Current,253297.75,242589.22
4039,4107,Kolkata Branch,Savings,1769495.68,156709.01
4040,3005,Ahmedabad Branch,Savings,601595.86,281261.2
4041,1613,Kolkata Branch,Current,1610152.03,58023.33
4042,3508,Kolkata Branch,Current,1069128.88,25967.2
4043,3959,Pune Branch,Loan,247981.73,120224.42
4044,4964,Pune Branch,Loan,1586439.77,61767.02
4045,2410,Bangalore Branch,Savings,1877645.78,273013.64
4046,818,Bangalore Branch,Savings,1232297.99,75247.42
4047,4820,Delhi Central Branch,Savings,1179562.36,103407.14
4048,4428,Bangalore Branch,Savings,1569910.97,117272.18
4049,3744,Hyderabad Branch,Current,15495.1,218152.21
4050,3103,Mumbai Main Branch,Loan,1147378.21,192508.3
4051,3343,Delhi Central Branch,Current,426927.57,104934.23
4052,2062,Kolkata Branch,Savings,1879213.52,86574.95
4053,598,Ahmedabad Branch,Current,1899052.11,297331.91
4054,4823,Delhi Central Branch,Savings,29444.79,106473.44
4055,524,Hyderabad Branch,Loan,61506.41,37802.26
4056,1362,Pune Branch,Loan,1179648.52,192575.93
4057,4568,Pune Branch,Current,1064063.0,241992.43
4058,1911,Bangalore Branch,Savings,1066946.16,44345.17
4059,351,Chennai Branch,Current,274688.78,108669.26
4060,2641,Kolkata Branch,Loan,246893.97,44987.87
4061,4763,Bangalore Branch,Current,1218773.86,266524.03
4062,927,Kolkata Branch,Loan,1343999.35,92834.57
4063,3497,Delhi Central Branch,Savings,292237.36,21666.72
4064,4864,Hyderabad Branch,Loan,1527481.05,121549.93
4065,87,Mumbai Main Branch,Loan,1956541.33,265597.81
4066,4649,Mumbai Main Branch,Savings,376581.48,217478.56
4067,472,Kolkata Branch,Current,929358.77,88075.44
4068,4214,Bangalore Branch,Savings,255646.15,104653.95
4069,2958,Delhi Central Branch,Savings,404823.2,56818.64
4070,3797,Chennai Branch,Savings,526824.37,187287.45
4071,2036,Ahmedabad Branch,Current,225742.07,286197.22
4072,1112,Chennai Branch,Loan,1920819.74,63399.38
4073,714,Delhi Central Branch,Savings,1458764.71,145225.42
4074,1946,Pune Branch,Savings,562182.64,36065.37
4075,4536,Mumbai Main Branch,Savings,171786.32,225798.88
4076,3679,Kolkata Branch,Savings,1656044.02,86612.52
4077,3773,Kolkata Branch,Current,1312813.88,124007.63
4078,101,Ahmedabad Branch,Loan,828393.12,218265.25
4079,863,Hyderabad Branch,Current,1356983.59,64439.54
4080,1390,Mumbai Main Branch,Savings,876923.23,165256.78
4081,2873,Bangalore Branch,Current,1224653.16,234144.62
4082,1830,Chennai Branch,Savings,1824121.09,59499.81
4083,849,Ahmedabad Branch,Savings,1997633.63,165240.83
4084,1839,Delhi Central Branch,Loan,1584295.53,66471.46
4085,3453,Ahmedabad Branch,Current,838069.06,78240.59
4086,3211,Kolkata Branch,Savings,350044.81,23421.78
4087,1575,Hyderabad Branch,Savings,906896.51,48273.17
4088,1887,Hyderabad Branch,Savings,1219016.37,59627.13
4089,3880,Mumbai Main Branch,Savings,1758010.96,122959.67
4090,932,Ahmedabad Branch,Current,1506957.73,257633.87
4091,2343,Delhi Central Branch,Loan,1621636.62,226756.57
4092,1466,Bangalore Branch,Savings,767695.42,170172.9
4093,1687,Kolkata Branch,Current,359958.01,82695.93
4094,1884,Hyderabad Branch,Savings,838185.64,266164.53
4095,1362,Bangalore Branch,Savings,64026.21,68027.74
4096,4707,Bangalore Branch,Savings,1259029.77,260183.59
4097,4345,Mumbai Main Branch,Savings,1186614.08,203359.31
4098,1034,Mumbai Main Branch,Current,1637637.87,39224.47
4099,629,Bangalore Branch,Loan,672760.79,161546.04
4100,2942,Pune Branch,Savings,1327362.58,151648.09
4101,1793,Ahmedabad Branch,Current,160571.49,176277.39
4102,4629,Mumbai Main Branch,Savings,21127.39,176626.24
4103,792,Pune Branch,Loan,1532014.81,200013.08
4104,2246,Kolkata Branch,Loan,1863116.32,186122.57
4105,1105,Mumbai Main Branch,Current,1677667.67,285740.95
4106,472,Bangalore Branch,Loan,1507384.85,225230.53
4107,3973,Pune Branch,Loan,231695.48,109497.46
4108,2483,Ahmedabad Branch,Loan,1363423.41,1482.0
4109,2762,Ahmedabad Branch,Loan,1723264.94,270813.17
4110,45,Mumbai Main Branch,Loan,262945.6,290918.6
4111,4525,Bangalore Branch,Loan,1901082.33,240343.52
4112,2117,Delhi Central Branch,Loan,1984271.19,249480.79
4113,3975,Chennai Branch,Loan,1733036.69,228582.13
4114,1752,Delhi Central Branch,Current,930555.15,275239.78
4115,2718,Delhi Central Branch,Savings,107349.83,22899.95
4116,2898,Ahmedabad Branch,Current,446978.68,29722.98
4117,2984,Pune Branch,Current,194623.8,25410.87
4118,774,Hyderabad Branch,Loan,1454431.99,132458.15
4119,1928,Pune Branch,Loan,1703981.59,201861.18
4120,1367,Delhi Central Branch,Current,123554.56,229490.17
4121,4308,Hyderabad Branch,Current,1668807.74,242400.0
4122,3242,Hyderabad Branch,Loan,1615104.32,132056.51
4123,911,Mumbai Main Branch,Current,478600.99,61319.0
4124,2188,Pune Branch,Loan,1475716.82,196013.22
4125,2757,Chennai Branch,Current,1641611.35,39852.13
4126,1933,Pune Branch,Current,1924079.38,107462.1
4127,4750,Mumbai Main Branch,Loan,1858808.06,266183.38
4128,3662,Delhi Central Branch,Current,1678324.19,284582.47
4129,1,Ahmedabad Branch,Current,1427157.27,286565.26
4130,134,Pune Branch,Savings,1438312.55,217600.72
4131,3347,Hyderabad Branch,Savings,329035.87,128560.55
4132,2682,Delhi Central Branch,Loan,1180020.09,267924.86
4133,238,Delhi Central Branch,Savings,1490408.99,15917.52
4134,3328,Delhi Central Branch,Current,1534286.35,33430.95
4135,3734,Bangalore Branch,Savings,108931.23,57726.67
4136,1460,Chennai Branch,Savings,1254894.64,141141.51
4137,2766,Hyderabad Branch,Savings,1573112.57,122592.33
4138,4535,Pune Branch,Loan,1477308.76,239951.41
4139,4809,Chennai Branch,Savings,1282210.86,270324.98
4140,2370,Mumbai Main Branch,Savings,557831.62,8109.22
4141,1864,Pune Branch,Current,885863.22,156742.99
4142,3778,Kolkata Branch,Loan,1923865.39,85151.66
4143,876,Kolkata Branch,Loan,847322.27,160550.39
4144,4953,Ahmedabad Branch,Current,1444156.19,181748.7
4145,3273,Hyderabad Branch,Loan,128952.07,55718.4
4146,2172,Hyderabad Branch,Savings,868783.84,291632.26
4147,3776,Mumbai Main Branch,Loan,349723.1,230245.9
4148,1153,Mumbai Main Branch,Current,1764283.07,140018.63
4149,1415,Mumbai Main Branch,Loan,463702.03,235609.69
4150,2007,Pune Branch,Current,129926.34,177498.07
4151,3189,Mumbai Main Branch,Current,10211.12,157824.54
4152,4782,Bangalore Branch,Savings,1712923.56,82227.06
4153,3282,Bangalore Branch,Current,1629852.96,154553.18
4154,2469,Kolkata Branch,Savings,444381.46,130219.73
4155,575,Bangalore Branch,Loan,854374.19,91264.62
4156,2138,Mumbai Main Branch,Loan,888769.7,141779.15
4157,4008,Bangalore Branch,Loan,176887.87,268786.86
4158,2995,Kolkata Branch,Loan,1059963.89,42916.2
4159,2784,Hyderabad Branch,Savings,1275728.16,117831.09
4160,1365,Kolkata Branch,Savings,1050525.6,108199.12
4161,1002,Chennai Branch,Loan,1068094.72,125319.98
4162,3084,Hyderabad Branch,Current,9825.78,219774.06
4163,2499,Pune Branch,Loan,875355.8,209449.66
4164,3103,Delhi Central Branch,Current,1460718.58,17048.62
4165,2903,Ahmedabad Branch,Current,1507492.44,171137.35
4166,2681,Mumbai Main Branch,Current,342327.66,51389.69
4167,4799,Hyderabad Branch,Loan,1380418.11,72201.01
4168,2632,Delhi Central Branch,Savings,1648027.85,157904.66
4169,3334,Mumbai Main Branch,Current,331790.89,170363.37
4170,4824,Mumbai Main Branch,Current,934715.79,106711.17
4171,4808,Mumbai Main Branch,Current,742548.58,82710.28
4172,1169,Ahmedabad Branch,Loan,1604096.1,105463.84
4173,3466,Hyderabad Branch,Current,1553311.22,121738.1
4174,1118,Delhi Central Branch,Savings,1978685.98,265293.16
4175,4462,Pune Branch,Current,470473.27,209085.99
4176,2588,Pune Branch,Savings,98065.98,217383.25
4177,3170,Hyderabad Branch,Current,1929376.1,117475.05
4178,4654,Chennai Branch,Savings,1340967.45,22737.91
4179,3255,Kolkata Branch,Loan,134356.27,102081.49
4180,3440,Pune Branch,Current,1745650.08,173755.71
4181,2578,Hyderabad Branch,Current,1765977.61,2502.58
4182,4071,Mumbai Main Branch,Savings,1749674.16,153487.21
4183,1309,Delhi Central Branch,Savings,30008.13,107657.82
4184,3026,Delhi Central Branch,Current,1088300.66,274958.52
4185,2354,Chennai Branch,Savings,1077293.42,143447.91
4186,2239,Delhi Central Branch,Loan,735603.87,260466.59
4187,1763,Hyderabad Branch,Savings,1028127.6,274614.49
4188,2032,Ahmedabad Branch,Savings,1427880.18,18998.74
4189,2278,Pune Branch,Savings,1971738.66,137256.15
4190,3026,Delhi Central Branch,Loan,1428020.05,174673.73
4191,4270,Chennai Branch,Loan,875088.2,95117.66
4192,3223,Delhi Central Branch,Current,1729974.86,181203.82
4193,3594,Delhi Central Branch,Current,707721.67,255411.62
4194,695,Hyderabad Branch,Loan,1948698.05,118703.55
4195,1687,Bangalore Branch,Savings,775585.92,8492.3
4196,730,Kolkata Branch,Loan,1375414.36,249861.78
4197,4139,Bangalore Branch,Loan,934779.95,173291.98
4198,4856,Bangalore Branch,Current,1232850.75,132101.54
4199,2497,Chennai Branch,Loan,1981380.99,289895.51
4200,447,Bangalore Branch,Current,110358.15,211511.28
4201,2114,Hyderabad Branch,Current,1050232.88,223039.66
4202,2564,Bangalore Branch,Loan,993843.68,249075.98
4203,939,Delhi Central Branch,Current,1367716.13,157670.67
4204,4109,Delhi Central Branch,Loan,629725.26,2167.4
4205,278,Bangalore Branch,Savings,839154.25,59357.53
4206,3286,Mumbai Main Branch,Savings,1465038.24,253856.64
4207,1030,Mumbai Main Branch,Current,990271.73,43134.97
4208,4092,Hyderabad Branch,Current,713672.8,29399.88
4209,2526,Hyderabad Branch,Savings,1984799.75,25790.9
4210,3684,Pune Branch,Savings,551935.67,78385.0
4211,1407,Chennai Branch,Current,525215.12,272590.15
4212,2562,Hyderabad Branch,Current,1528089.74,103892.52
4213,2590,Kolkata Branch,Current,311685.67,260944.38
4214,4123,Pune Branch,Savings,1391466.11,177306.1
4215,780,Chennai Branch,Current,115844.17,79985.94
4216,1920,Chennai Branch,Loan,1869469.0,39057.0
4217,4289,Delhi Central Branch,Savings,457501.23,172496.83
4218,3386,Mumbai Main Branch,Loan,685297.97,196831.99
4219,2096,Chennai Branch,Loan,151454.64,276011.28
4220,4397,Delhi Central Branch,Loan,1930116.2,186747.03
4221,3827,Mumbai Main Branch,Loan,1948373.45,92168.94
4222,4759,Hyderabad Branch,Savings,1409145.43,198562.77
4223,4013,Mumbai Main Branch,Loan,1250087.79,178152.39
4224,3938,Mumbai Main Branch,Current,1505690.26,160124.8
4225,4120,Pune Branch,Savings,307936.95,79172.67
4226,4544,Hyderabad Branch,Loan,1108129.62,186727.59
4227,4340,Bangalore Branch,Loan,345499.78,57861.4
4228,1741,Hyderabad Branch,Current,1835838.24,158118.34
4229,2721,Pune Branch,Savings,272702.54,112466.16
4230,3255,Hyderabad Branch,Savings,954032.24,274043.99
4231,3858,Chennai Branch,Savings,901181.08,183971.74
4232,4285,Bangalore Branch,Current,184216.49,189130.58
4233,3435,Ahmedabad Branch,Current,898563.32,71076.14
4234,1312,Bangalore Branch,Savings,752360.8,60969.57
4235,1784,Hyderabad Branch,Current,681304.67,78276.92
4236,1167,Delhi Central Branch,Current,646660.61,197548.71
4237,665,Delhi Central Branch,Current,97133.5,60776.32
4238,3760,Pune Branch,Loan,1250840.96,196092.86
4239,2616,Ahmedabad Branch,Loan,1773884.04,39692.75
4240,3942,Hyderabad Branch,Loan,338217.91,153448.62
4241,881,Ahmedabad Branch,Current,877254.97,263232.62
4242,1571,Chennai Branch,Current,1324492.44,1208.32
4243,4707,Ahmedabad Branch,Savings,272807.66,3279.13
4244,1828,Hyderabad Branch,Savings,1691480.46,256205.01
4245,1593,Mumbai Main Branch,Current,1645093.36,211744.32
4246,4195,Mumbai Main Branch,Current,829620.49,24782.31
4247,225,Pune Branch,Loan,1151322.1,49299.73
4248,2357,Delhi Central Branch,Current,1772846.59,293106.29
4249,1630,Pune Branch,Savings,359760.37,245031.51
4250,4274,Hyderabad Branch,Current,1987132.53,54621.13
4251,640,Mumbai Main Branch,Loan,822141.19,52844.66
4252,318,Mumbai Main Branch,Loan,1573292.15,283100.19
4253,2126,Hyderabad Branch,Loan,987548.74,243854.2
4254,1302,Kolkata Branch,Current,1120685.37,114517.94
4255,4878,Ahmedabad Branch,Current,1048723.99,274113.77
4256,3390,Ahmedabad Branch,Loan,239465.78,267993.39
4257,3306,Ahmedabad Branch,Loan,1633932.25,273980.0
4258,1155,Ahmedabad Branch,Savings,1541032.04,40709.56
4259,400,Chennai Branch,Current,1721410.56,151941.28
4260,1896,Mumbai Main Branch,Savings,1065209.48,41643.5
4261,4368,Chennai Branch,Current,1212318.83,8077.29
4262,2534,Bangalore Branch,Loan,945662.35,4921.53
4263,2451,Bangalore Branch,Savings,1476214.17,275052.97
4264,3676,Kolkata Branch,Savings,909782.85,192778.19
4265,1101,Bangalore Branch,Current,1686804.15,126902.77
4266,3866,Bangalore Branch,Savings,1452737.31,106643.97
4267,1263,Kolkata Branch,Loan,77482.1,225692.0
4268,1778,Ahmedabad Branch,Current,885849.47,59391.68
4269,3191,Mumbai Main Branch,Loan,1218784.31,109161.84
4270,3077,Ahmedabad Branch,Loan,864762.57,18789.53
4271,3669,Hyderabad Branch,Current,1628670.75,201474.55
4272,4995,Delhi Central Branch,Loan,126862.61,9340.73
4273,2406,Delhi Central Branch,Current,312297.07,191956.19
4274,192,Bangalore Branch,Current,1474544.69,167383.42
4275,254,Hyderabad Branch,Loan,1728363.01,123812.33
4276,1089,Chennai Branch,Current,1119127.65,268565.83
4277,1435,Ahmedabad Branch,Current,1182207.68,293395.7
4278,1207,Bangalore Branch,Current,954056.94,94015.23
4279,2764,Pune Branch,Savings,1275785.65,34645.47
4280,3418,Pune Branch,Current,776789.32,103318.86
4281,3737,Pune Branch,Savings,763894.57,139345.98
4282,8,Pune Branch,Current,1209115.23,36896.25
4283,4839,Chennai Branch,Current,703045.31,197011.22
4284,1655,Pune Branch,Loan,956543.23,183537.78
4285,2169,Ahmedabad Branch,Savings,1328519.77,216132.91
4286,22,Hyderabad Branch,Loan,1889696.54,292306.21
4287,3492,Mumbai Main Branch,Current,749986.59,150401.96
4288,4196,Kolkata Branch,Loan,860720.77,275098.84
4289,4621,Pune Branch,Loan,1857892.41,143577.96
4290,4170,Delhi Central Branch,Savings,1400098.84,209287.63
4291,3309,Hyderabad Branch,Current,1562140.01,255482.32
4292,4969,Chennai Branch,Loan,1223883.17,197476.79
4293,2197,Ahmedabad Branch,Current,739132.31,291058.24
4294,2564,Hyderabad Branch,Savings,568582.5,191915.0
4295,3480,Delhi Central Branch,Loan,167862.64,228327.33
4296,2563,Mumbai Main Branch,Current,1360884.13,188879.11
4297,1238,Chennai Branch,Loan,1538125.1,227092.69
4298,2840,Chennai Branch,Loan,619433.13,171167.06
4299,2584,Ahmedabad Branch,Savings,1991714.4,45460.15
4300,4599,Ahmedabad Branch,Savings,1248100.59,287566.11
4301,1822,Kolkata Branch,Savings,279229.6,154730.2
4302,3613,Hyderabad Branch,Savings,1400503.9,68920.14
4303,2273,Chennai Branch,Savings,1300401.06,46786.76
4304,2948,Ahmedabad Branch,Current,379016.47,194123.86
4305,1981,Mumbai Main Branch,Current,539897.22,123205.52
4306,4433,Mumbai Main Branch,Current,1775811.63,260121.45
4307,2839,Kolkata Branch,Savings,280659.78,130677.49
4308,789,Delhi Central Branch,Loan,618596.66,258157.87
4309,3421,Hyderabad Branch,Savings,645531.93,28900.11
4310,559,Hyderabad Branch,Current,379715.49,131495.85
4311,4374,Delhi Central Branch,Current,1269040.05,288198.79
4312,3548,Mumbai Main Branch,Savings,1134409.99,141403.05
4313,892,Ahmedabad Branch,Loan,798880.67,188163.42
4314,651,Hyderabad Branch,Loan,256157.97,99454.96
4315,4830,Ahmedabad Branch,Loan,754136.81,171005.25
4316,3708,Mumbai Main Branch,Savings,1442475.9,237479.64
4317,4735,Pune Branch,Savings,1531461.15,291993.27
4318,4202,Mumbai Main Branch,Current,1701342.2,233095.55
4319,105,Kolkata Branch,Savings,161515.28,175282.75
4320,1582,Pune Branch,Current,1628474.16,165860.38
4321,1327,Hyderabad Branch,Current,627450.42,153368.67
4322,255,Delhi Central Branch,Current,124660.81,197215.43
4323,3192,Chennai Branch,Loan,1657184.14,82582.75
4324,4972,Pune Branch,Current,962424.99,199459.2
4325,4584,Mumbai Main Branch,Savings,113980.56,182757.7
4326,545,Chennai Branch,Savings,1723894.75,295919.46
4327,3337,Pune Branch,Loan,523567.17,296916.14
4328,4198,Bangalore Branch,Savings,961649.54,218632.92
4329,1118,Mumbai Main Branch,Current,168871.87,106180.76
4330,2224,Chennai Branch,Loan,387508.88,202800.54
4331,1478,Pune Branch,Current,845306.26,32217.02
4332,1314,Delhi Central Branch,Current,251697.51,21549.26
4333,2119,Ahmedabad Branch,Savings,1748760.01,4084.75
4334,237,Kolkata Branch,Loan,590487.62,158969.59
4335,67,Hyderabad Branch,Loan,718139.83,263422.5
4336,1704,Mumbai Main Branch,Savings,1287988.92,20652.24
4337,2456,Pune Branch,Current,1141974.5,41056.52
4338,618,Mumbai Main Branch,Loan,1485178.55,93692.77
4339,2023,Kolkata Branch,Current,1917961.56,34611.11
4340,4353,Ahmedabad Branch,Savings,1734444.75,299355.03
4341,4489,Pune Branch,Loan,12349.05,259382.1
4342,3434,Bangalore Branch,Current,921922.78,50563.54
4343,3437,Hyderabad Branch,Current,1082257.86,154815.59
4344,1084,Pune Branch,Savings,1432270.04,82067.54
4345,1698,Pune Branch,Savings,1642258.68,42767.57
4346,2522,Chennai Branch,Loan,136848.55,79819.16
4347,1032,Kolkata Branch,Loan,1857433.48,51062.91
4348,1093,Pune Branch,Current,760929.98,144243.87
4349,437,Chennai Branch,Savings,64390.39,133539.74
4350,2534,Bangalore Branch,Savings,1501576.68,82476.21
4351,2087,Chennai Branch,Current,1623816.61,62231.6
4352,2044,Ahmedabad Branch,Savings,1122337.65,215057.46
4353,3065,Pune Branch,Loan,1920355.49,21098.51
4354,1849,Delhi Central Branch,Savings,166427.27,226611.69
4355,2387,Ahmedabad Branch,Savings,1992063.36,202010.16
4356,2617,Chennai Branch,Loan,128175.13,109799.28
4357,4248,Kolkata Branch,Savings,979997.96,233592.88
4358,2423,Bangalore Branch,Loan,106226.14,106663.45
4359,2601,Chennai Branch,Loan,1171157.69,43724.48
4360,1989,Delhi Central Branch,Savings,1957501.25,221502.59
4361,177,Ahmedabad Branch,Current,345295.01,292173.62
4362,3009,Mumbai Main Branch,Loan,748965.44,64237.16
4363,2389,Chennai Branch,Savings,771334.46,250618.51
4364,4369,Pune Branch,Loan,540063.64,172348.96
4365,1361,Mumbai Main Branch,Loan,753708.44,19496.73
4366,2899,Bangalore Branch,Savings,719754.53,123030.86
4367,4986,Pune Branch,Loan,1094715.98,128267.74
4368,4426,Kolkata Branch,Savings,217133.5,61883.71
4369,725,Hyderabad Branch,Current,1737510.04,57624.64
4370,137,Delhi Central Branch,Savings,1043090.22,240067.88
4371,2871,Ahmedabad Branch,Savings,374067.13,188882.34
4372,551,Pune Branch,Current,628349.63,102351.16
4373,1859,Pune Branch,Savings,1907214.25,153647.04
4374,4830,Ahmedabad Branch,Savings,201773.03,36657.02
4375,4330,Mumbai Main Branch,Loan,1875229.13,287368.4
4376,3580,Chennai Branch,Savings,527423.34,229084.55
4377,1019,Ahmedabad Branch,Loan,734152.88,89084.05
4378,3795,Chennai Branch,Current,1794901.58,92311.69
4379,1461,Pune Branch,Loan,1795435.64,297629.03
4380,3217,Kolkata Branch,Loan,644224.19,277050.59
4381,3835,Pune Branch,Loan,1232680.81,87053.51
4382,4872,Kolkata Branch,Current,145338.81,207035.86
4383,266,Chennai Branch,Current,1111788.87,125828.4
4384,4485,Chennai Branch,Loan,1463430.64,283497.94
4385,2677,Kolkata Branch,Savings,500047.26,138799.7
4386,3421,Ahmedabad Branch,Loan,1163220.64,260813.1
4387,821,Mumbai Main Branch,Current,386829.32,84915.86
4388,1028,Ahmedabad Branch,Current,1587344.5,238793.09
4389,1515,Delhi Central Branch,Loan,173669.74,84863.69
4390,593,Delhi Central Branch,Current,1689894.89,110161.43
4391,3881,Bangalore Branch,Savings,414769.8,51170.39
4392,4713,Mumbai Main Branch,Loan,148591.14,57013.79
4393,513,Delhi Central Branch,Current,1865077.01,80355.72
4394,796,Kolkata Branch,Savings,355621.84,212678.18
4395,3901,Bangalore Branch,Loan,1305791.06,93928.67
4396,4554,Bangalore Branch,Current,1495268.19,147042.84
4397,4698,Bangalore Branch,Savings,627142.13,55665.59
4398,4408,Hyderabad Branch,Current,1534691.75,31463.32
4399,584,Delhi Central Branch,Loan,179360.63,285795.62
4400,4811,Pune Branch,Loan,1393645.14,216901.97
4401,4331,Mumbai Main Branch,Savings,975345.81,221388.21
4402,4560,Ahmedabad Branch,Loan,349848.09,182361.51
4403,1879,Delhi Central Branch,Current,1188105.68,298227.98
4404,2341,Delhi Central Branch,Loan,710875.74,240359.61
4405,4212,Kolkata Branch,Loan,767836.57,218297.61
4406,699,Delhi Central Branch,Savings,1303748.19,205772.98
4407,4370,Chennai Branch,Loan,1605821.84,221024.32
4408,1280,Hyderabad Branch,Savings,552132.06,2664.15
4409,975,Hyderabad Branch,Savings,736002.19,42570.13
4410,3862,Bangalore Branch,Current,820500.06,288328.34
4411,2453,Mumbai Main Branch,Savings,900792.75,208750.04
4412,408,Ahmedabad Branch,Current,1324806.79,133787.99
4413,369,Pune Branch,Loan,1060876.45,208585.47
4414,471,Hyderabad Branch,Current,1145856.58,229241.52
4415,2415,Hyderabad Branch,Savings,698388.37,261936.88
4416,1215,Ahmedabad Branch,Loan,669480.22,219019.55
4417,46,Chennai Branch,Savings,194597.51,104031.52
4418,1195,Ahmedabad Branch,Savings,1672223.63,215342.14
4419,2634,Chennai Branch,Loan,723145.28,268771.64
4420,4381,Chennai Branch,Current,333190.43,264479.07
4421,3853,Chennai Branch,Savings,187886.82,120368.21
4422,3404,Chennai Branch,Current,808800.95,36921.75
4423,4984,Ahmedabad Branch,Savings,416453.13,98991.33
4424,3910,Hyderabad Branch,Current,68416.28,90459.17
4425,4113,Delhi Central Branch,Current,895536.61,195386.7
4426,4873,Pune Branch,Loan,44211.06,4629.42
4427,2183,Bangalore Branch,Current,481913.39,133184.29
4428,4465,Hyderabad Branch,Savings,938836.39,203687.59
4429,1353,Hyderabad Branch,Savings,1303312.11,205325.4
4430,2358,Mumbai Main Branch,Current,1340529.66,34712.26
4431,681,Ahmedabad Branch,Current,867602.14,291346.72
4432,4928,Mumbai Main Branch,Current,326259.06,158481.5
4433,3262,Hyderabad Branch,Loan,687341.35,232202.07
4434,3156,Bangalore Branch,Loan,123630.41,56833.43
4435,2323,Pune Branch,Savings,83583.25,212408.43
4436,4324,Hyderabad Branch,Loan,1883738.71,90185.81
4437,3064,Pune Branch,Current,1342924.85,82017.25
4438,3846,Mumbai Main Branch,Loan,1633621.51,58233.97
4439,4834,Ahmedabad Branch,Current,639564.02,162374.52
4440,292,Kolkata Branch,Loan,398326.66,9738.86
4441,3731,Ahmedabad Branch,Current,711262.35,21363.2
4442,1253,Delhi Central Branch,Savings,1542937.72,59225.0
4443,2420,Mumbai Main Branch,Current,1434628.61,285720.0
4444,3951,Bangalore Branch,Loan,1531796.77,62848.99
4445,1941,Delhi Central Branch,Loan,1867976.08,146079.34
4446,4739,Pune Branch,Savings,468384.73,232407.24
4447,470,Hyderabad Branch,Savings,970479.86,183874.81
4448,2021,Ahmedabad Branch,Savings,815944.98,68212.89
4449,2593,Mumbai Main Branch,Savings,290053.96,221505.59
4450,750,Delhi Central Branch,Savings,612803.32,82766.89
4451,3217,Ahmedabad Branch,Current,736006.59,291647.19
4452,3119,Delhi Central Branch,Current,1137548.49,281825.02
4453,4416,Ahmedabad Branch,Loan,1988098.99,14027.14
4454,424,Ahmedabad Branch,Current,1661987.4,105970.12
4455,3821,Ahmedabad Branch,Loan,1294028.96,187897.14
4456,1337,Kolkata Branch,Savings,75781.9,263622.94
4457,3799,Chennai Branch,Loan,209070.67,284723.21
4458,3542,Delhi Central Branch,Loan,797035.2,15257.83
4459,4907,Kolkata Branch,Loan,1990409.85,8003.1
4460,2643,Bangalore Branch,Current,1936532.03,59460.19
4461,2587,Hyderabad Branch,Current,1686616.11,47514.08
4462,2844,Bangalore Branch,Savings,373394.75,226945.6
4463,2990,Kolkata Branch,Savings,1726319.96,136686.55
4464,562,Ahmedabad Branch,Savings,325690.21,1951.22
4465,302,Hyderabad Branch,Loan,1308276.49,45943.18
4466,271,Delhi Central Branch,Savings,1929119.68,270748.48
4467,3121,Kolkata Branch,Loan,957133.4,230052.26
4468,3721,Delhi Central Branch,Savings,1022850.17,93910.79
4469,2404,Ahmedabad Branch,Loan,319858.24,278483.4
4470,318,Bangalore Branch,Savings,1834288.53,271872.29
4471,4888,Bangalore Branch,Savings,471965.66,51553.88
4472,2912,Kolkata Branch,Savings,379009.11,275029.71
4473,1284,Ahmedabad Branch,Loan,1357796.78,72731.72
4474,852,Chennai Branch,Current,1126061.47,255897.23
4475,2432,Ahmedabad Branch,Savings,109921.54,72793.52
4476,2784,Hyderabad Branch,Current,160048.32,265920.19
4477,2618,Mumbai Main Branch,Current,456385.44,75127.42
4478,1698,Kolkata Branch,Loan,1339657.36,167294.41
4479,20,Pune Branch,Loan,383258.15,58116.44
4480,630,Pune Branch,Current,720530.37,36545.65
4481,2134,Chennai Branch,Loan,1919851.1,267633.13
4482,2908,Chennai Branch,Loan,1388528.45,269938.6
4483,4638,Hyderabad Branch,Savings,1053918.15,93986.21
4484,422,Ahmedabad Branch,Savings,514603.46,265389.56
4485,2937,Delhi Central Branch,Current,719412.19,182069.3
4486,3079,Ahmedabad Branch,Loan,1440039.33,255741.45
4487,2194,Delhi Central Branch,Savings,1063617.52,34562.87
4488,3735,Bangalore Branch,Loan,1540786.45,279810.52
4489,547,Pune Branch,Savings,434563.84,32337.35
4490,2912,Hyderabad Branch,Current,131415.6,102246.86
4491,4792,Kolkata Branch,Loan,256873.11,279121.39
4492,1053,Ahmedabad Branch,Current,959664.55,184970.53
4493,411,Chennai Branch,Current,1697250.13,23109.66
4494,3736,Ahmedabad Branch,Loan,1827906.55,291092.68
4495,3564,Hyderabad Branch,Loan,885157.76,34650.36
4496,1262,Hyderabad Branch,Loan,398040.65,87081.27
4497,1393,Pune Branch,Savings,700299.42,157031.68
4498,4219,Kolkata Branch,Savings,478371.69,119665.18
4499,961,Mumbai Main Branch,Savings,1871170.12,22417.11
4500,2028,Pune Branch,Loan,550730.79,24415.01
4501,4517,Bangalore Branch,Loan,199876.13,219118.29
4502,494,Chennai Branch,Savings,595939.43,59721.21
4503,58,Delhi Central Branch,Current,1374547.02,262431.38
4504,3078,Mumbai Main Branch,Current,322818.96,2670.35
4505,44,Mumbai Main Branch,Loan,17347.24,124418.39
4506,2085,Mumbai Main Branch,Loan,841424.23,83619.79
4507,3384,Pune Branch,Savings,1908439.14,101512.89
4508,4397,Delhi Central Branch,Savings,1608612.34,156606.85
4509,2169,Hyderabad Branch,Savings,784672.29,177246.04
4510,949,Kolkata Branch,Savings,1635632.6,196188.43
4511,2379,Delhi Central Branch,Current,33710.56,134416.3
4512,2238,Chennai Branch,Savings,5146.98,240300.1
4513,3324,Chennai Branch,Savings,1813043.71,129709.65
4514,4967,Mumbai Main Branch,Current,279976.14,104107.24
4515,1950,Delhi Central Branch,Savings,506473.52,111632.75
4516,1430,Hyderabad Branch,Savings,493100.97,112992.75
4517,4496,Bangalore Branch,Savings,451268.61,15585.41
4518,79,Ahmedabad Branch,Loan,633658.3,239905.6
4519,4639,Ahmedabad Branch,Savings,1373238.14,139121.43
4520,3791,Kolkata Branch,Savings,1654223.28,163619.39
4521,2468,Bangalore Branch,Savings,905649.66,143293.12
4522,3392,Hyderabad Branch,Savings,1827507.65,198518.29
4523,340,Mumbai Main Branch,Loan,969923.33,51693.71
4524,3928,Bangalore Branch,Current,1247055.89,281397.08
4525,1158,Chennai Branch,Savings,1463805.85,139315.28
4526,2810,Bangalore Branch,Current,34302.58,149007.52
4527,770,Mumbai Main Branch,Current,1740097.56,27563.02
4528,4964,Delhi Central Branch,Current,671809.48,227568.01
4529,4111,Mumbai Main Branch,Savings,1346758.65,201899.42
4530,1511,Ahmedabad Branch,Savings,1061777.65,165388.28
4531,1160,Kolkata Branch,Current,70212.08,149190.58
4532,3907,Bangalore Branch,Savings,1704060.83,35577.89
4533,3793,Bangalore Branch,Loan,98780.97,108480.6
4534,4931,Chennai Branch,Loan,1893737.6,230627.79
4535,3092,Hyderabad Branch,Current,1556998.83,90339.51
4536,911,Ahmedabad Branch,Loan,1012032.32,87167.77
4537,687,Pune Branch,Loan,714165.08,219459.84
4538,2025,Hyderabad Branch,Savings,201445.34,194378.24
4539,866,Chennai Branch,Loan,390162.02,241670.4
4540,408,Mumbai Main Branch,Loan,1186427.08,61893.92
4541,3546,Mumbai Main Branch,Loan,822754.12,166532.66
4542,1761,Kolkata Branch,Current,1078647.45,293394.87
4543,2792,Mumbai Main Branch,Loan,435720.39,287852.99
4544,4661,Kolkata Branch,Savings,518362.86,154062.61
4545,975,Pune Branch,Loan,10017.4,186336.38
4546,3295,Kolkata Branch,Current,1595061.51,234609.26
4547,2542,Mumbai Main Branch,Savings,935269.26,210353.22
4548,2247,Delhi Central Branch,Loan,1091864.23,249559.66
4549,2591,Pune Branch,Loan,1641238.46,81673.54
4550,2767,Delhi Central Branch,Loan,1146420.23,212538.37
4551,4290,Pune Branch,Current,1410549.53,3685.22
4552,2489,Ahmedabad Branch,Savings,625872.36,296754.6
4553,2244,Mumbai Main Branch,Savings,24760.91,73561.73
4554,2713,Mumbai Main Branch,Loan,791848.7,31332.62
4555,1240,Ahmedabad Branch,Savings,1240190.2,280021.45
4556,2560,Ahmedabad Branch,Savings,946639.69,170719.67
4557,4214,Mumbai Main Branch,Loan,69732.29,294622.55
4558,3051,Hyderabad Branch,Loan,570306.24,58359.75
4559,4019,Pune Branch,Savings,258699.99,64106.94
4560,2486,Chennai Branch,Savings,1008460.46,136595.27
4561,378,Ahmedabad Branch,Current,963901.33,102855.01
4562,1171,Delhi Central Branch,Current,207303.82,110554.6
4563,2387,Mumbai Main Branch,Loan,1210748.95,140690.17
4564,4907,Delhi Central Branch,Savings,1862724.4,272274.09
4565,1980,Bangalore Branch,Loan,890308.83,295104.18
4566,1024,Bangalore Branch,Loan,702397.9,96404.25
4567,4144,Ahmedabad Branch,Loan,18262.36,40426.31
4568,1845,Chennai Branch,Loan,232365.31,270556.79
4569,4086,Mumbai Main Branch,Savings,1660227.48,20126.72
4570,1151,Ahmedabad Branch,Current,1973534.85,299908.15
4571,4489,Delhi Central Branch,Loan,1340793.92,122320.05
4572,2192,Bangalore Branch,Current,11622.44,182320.36
4573,2372,Mumbai Main Branch,Loan,1473185.36,187477.52
4574,1209,Hyderabad Branch,Savings,431123.66,53676.44
4575,2931,Hyderabad Branch,Savings,765728.06,83526.97
4576,477,Pune Branch,Savings,226738.19,271173.57
4577,2241,Mumbai Main Branch,Current,1985748.76,144169.8
4578,1652,Hyderabad Branch,Current,259304.96,141542.53
4579,2784,Pune Branch,Loan,931015.24,262159.08
4580,4340,Pune Branch,Savings,1664595.81,151932.85
4581,4961,Ahmedabad Branch,Loan,1051784.52,81741.47
4582,2536,Pune Branch,Loan,1280344.98,215847.13
4583,3525,Ahmedabad Branch,Current,824321.61,275525.19
4584,4160,Chennai Branch,Loan,885404.76,200980.98
4585,1044,Hyderabad Branch,Loan,968905.55,150941.32
4586,3416,Hyderabad Branch,Savings,1274898.95,24767.64
4587,2540,Kolkata Branch,Loan,1852065.75,191172.12
4588,1740,Pune Branch,Savings,1635137.6,73416.77
4589,1874,Chennai Branch,Loan,240048.59,181781.96
4590,618,Pune Branch,Current,1213249.39,231956.55
4591,1872,Mumbai Main Branch,Loan,52829.82,294475.17
4592,3030,Hyderabad Branch,Loan,1001207.47,26971.3
4593,1553,Mumbai Main Branch,Current,1322438.4,289305.17
4594,1218,Hyderabad Branch,Loan,1994902.5,248613.35
4595,3143,Hyderabad Branch,Current,1555955.04,32105.5
4596,2382,Kolkata Branch,Loan,1315069.18,52253.13
4597,162,Pune Branch,Loan,190082.06,109235.68
4598,1265,Kolkata Branch,Loan,779731.11,209833.63
4599,2048,Pune Branch,Savings,1218173.54,71316.22
4600,3995,Ahmedabad Branch,Current,1300188.16,270367.84
4601,2294,Pune Branch,Savings,1583965.99,47013.62
4602,83,Mumbai Main Branch,Loan,340708.44,210637.67
4603,4599,Delhi Central Branch,Loan,524909.0,135560.81
4604,4983,Delhi Central Branch,Savings,1747136.29,299472.79
4605,4330,Delhi Central Branch,Current,1436578.5,45252.19
4606,4064,Ahmedabad Branch,Loan,1161523.75,227333.09
4607,4190,Delhi Central Branch,Current,310587.03,8824.96
4608,518,Bangalore Branch,Current,1318993.56,166817.37
4609,3135,Kolkata Branch,Savings,876097.59,115187.25
4610,1870,Mumbai Main Branch,Savings,1746982.19,116739.41
4611,3271,Chennai Branch,Loan,1215369.97,198099.11
4612,4952,Bangalore Branch,Savings,1822839.87,194489.78
4613,407,Delhi Central Branch,Current,1691635.0,149045.5
4614,4505,Mumbai Main Branch,Savings,592354.59,153039.14
4615,3566,Ahmedabad Branch,Savings,640485.51,10453.77
4616,4067,Ahmedabad Branch,Loan,604064.39,286465.44
4617,2701,Ahmedabad Branch,Loan,741015.7,10135.64
4618,2127,Delhi Central Branch,Loan,1377067.38,237070.08
4619,3082,Mumbai Main Branch,Loan,1191136.93,81858.03
4620,1459,Ahmedabad Branch,Savings,1058340.2,185819.33
4621,3952,Ahmedabad Branch,Current,1739381.33,41191.89
4622,4942,Hyderabad Branch,Current,74419.99,174191.14
4623,3935,Pune Branch,Loan,1782809.06,79927.02
4624,2329,Kolkata Branch,Current,1611727.16,252098.16
4625,3007,Hyderabad Branch,Loan,463370.96,37211.06
4626,139,Hyderabad Branch,Savings,16253.69,183323.01
4627,4477,Bangalore Branch,Savings,1982648.7,215710.93
4628,1148,Mumbai Main Branch,Savings,40631.72,35689.03
4629,1113,Pune Branch,Savings,1718367.77,294084.41
4630,2403,Hyderabad Branch,Loan,1874010.04,18542.76
4631,2680,Ahmedabad Branch,Savings,681242.36,182878.72
4632,3566,Delhi Central Branch,Savings,1251559.52,192032.3
4633,50,Hyderabad Branch,Loan,958272.26,74004.63
4634,577,Delhi Central Branch,Current,1759305.15,216586.13
4635,370,Pune Branch,Current,1115456.98,226487.74
4636,4426,Pune Branch,Loan,1901570.48,12714.23
4637,3318,Bangalore Branch,Current,728391.99,206532.89
4638,4973,Chennai Branch,Current,398288.1,157121.13
4639,2697,Delhi Central Branch,Current,975924.34,182935.87
4640,2403,Kolkata Branch,Loan,230890.8,282259.93
4641,2251,Ahmedabad Branch,Savings,1679656.29,51089.02
4642,4242,Kolkata Branch,Savings,987824.79,49066.42
4643,4388,Kolkata Branch,Savings,1238348.1,19996.17
4644,1045,Mumbai Main Branch,Current,585495.06,275741.71
4645,4576,Ahmedabad Branch,Savings,156365.63,88167.97
4646,1343,Ahmedabad Branch,Savings,1543758.45,165333.09
4647,480,Kolkata Branch,Savings,1112015.42,197244.93
4648,4073,Bangalore Branch,Savings,120531.11,136074.59
4649,1995,Bangalore Branch,Loan,1721089.63,235485.2
4650,2887,Bangalore Branch,Current,1594918.09,264745.13
4651,2416,Ahmedabad Branch,Savings,1133443.76,55213.87
4652,2794,Kolkata Branch,Loan,714574.81,128471.37
4653,848,Ahmedabad Branch,Current,797382.31,295264.06
4654,692,Bangalore Branch,Current,117836.53,206722.26
4655,3843,Bangalore Branch,Current,49367.37,213758.21
4656,345,Pune Branch,Loan,489892.0,166372.69
4657,2932,Mumbai Main Branch,Loan,1270156.67,130998.2
4658,2407,Hyderabad Branch,Savings,698475.12,292964.08
4659,5000,Bangalore Branch,Savings,1713610.37,222041.99
4660,24,Hyderabad Branch,Current,927033.82,183638.85
4661,4278,Ahmedabad Branch,Current,937883.89,30958.61
4662,3963,Hyderabad Branch,Savings,1082058.4,75526.83
4663,4584,Mumbai Main Branch,Current,479967.41,222276.0
4664,2008,Bangalore Branch,Loan,56759.5,153663.6
4665,3051,Delhi Central Branch,Savings,1494798.45,126449.17
4666,4904,Mumbai Main Branch,Savings,270124.06,196803.69
4667,3212,Delhi Central Branch,Loan,1843819.32,72939.39
4668,4478,Chennai Branch,Savings,1283553.74,282740.63
4669,1388,Pune Branch,Savings,1598259.36,281783.2
4670,2704,Hyderabad Branch,Current,1689717.31,91405.37
4671,1788,Bangalore Branch,Savings,545518.33,108322.85
4672,392,Hyderabad Branch,Savings,677745.89,298284.16
4673,1345,Kolkata Branch,Loan,1285463.57,7228.37
4674,4973,Mumbai Main Branch,Savings,1307151.14,272678.04
4675,3712,Bangalore Branch,Savings,1613022.94,52824.68
4676,3241,Pune Branch,Savings,283321.1,270106.79
4677,3826,Ahmedabad Branch,Loan,1867508.81,218166.26
4678,2421,Chennai Branch,Savings,1126591.51,147210.51
4679,4233,Chennai Branch,Current,1171984.81,73432.86
4680,4405,Chennai Branch,Savings,779257.83,88847.36
4681,1188,Hyderabad Branch,Current,714266.56,120660.4
4682,3388,Delhi Central Branch,Current,1357671.37,211061.36
4683,616,Hyderabad Branch,Savings,1207095.79,268367.41
4684,1248,Ahmedabad Branch,Current,1726585.52,278607.67
4685,4088,Pune Branch,Loan,112983.87,252356.68
4686,1848,Kolkata Branch,Current,1511495.07,38311.44
4687,3296,Kolkata Branch,Savings,1294238.72,267552.66
4688,84,Chennai Branch,Loan,1031454.92,129293.01
4689,802,Mumbai Main Branch,Current,906617.78,291352.44
4690,4159,Kolkata Branch,Savings,462955.36,7763.62
4691,2689,Bangalore Branch,Current,103684.76,195061.76
4692,525,Pune Branch,Savings,1473214.99,60353.32
4693,2099,Ahmedabad Branch,Savings,725141.99,135244.16
4694,2786,Hyderabad Branch,Savings,556570.17,116348.34
4695,190,Bangalore Branch,Current,796009.36,145332.52
4696,600,Delhi Central Branch,Savings,1500799.28,36547.9
4697,2182,Delhi Central Branch,Loan,38550.52,1948.05
4698,3917,Delhi Central Branch,Savings,1492598.06,289518.29
4699,121,Ahmedabad Branch,Loan,38441.81,118789.11
4700,1012,Mumbai Main Branch,Current,1510769.39,156468.43
4701,1813,Kolkata Branch,Savings,273118.16,230750.23
4702,2471,Delhi Central Branch,Current,7051.71,225051.94
4703,2889,Bangalore Branch,Savings,236096.5,50285.53
4704,4879,Bangalore Branch,Savings,1336450.17,183803.81
4705,39,Kolkata Branch,Savings,1978905.75,104252.8
4706,316,Kolkata Branch,Loan,261992.2,39305.24
4707,2440,Delhi Central Branch,Savings,204251.55,197616.87
4708,741,Kolkata Branch,Current,758486.76,238427.9
4709,242,Kolkata Branch,Current,6420.84,201699.34
4710,1619,Kolkata Branch,Loan,938335.6,106158.69
4711,3506,Pune Branch,Loan,280490.85,243503.63
4712,46,Hyderabad Branch,Loan,691524.94,159399.44
4713,1492,Pune Branch,Current,1746784.1,224567.43
4714,2646,Kolkata Branch,Current,1678179.59,16741.52
4715,2589,Bangalore Branch,Savings,368418.98,270511.99
4716,1183,Kolkata Branch,Savings,1085269.37,150169.47
4717,3565,Kolkata Branch,Loan,584119.17,30526.61
4718,3000,Delhi Central Branch,Current,1403010.06,53208.6
4719,191,Delhi Central Branch,Savings,484526.0,10575.86
4720,382,Ahmedabad Branch,Savings,161128.96,148983.6
4721,2163,Chennai Branch,Loan,800253.41,32894.59
4722,3321,Delhi Central Branch,Loan,896407.83,131317.55
4723,4770,Mumbai Main Branch,Current,1683267.63,46468.55
4724,1700,Kolkata Branch,Savings,1183690.71,248906.67
4725,1108,Mumbai Main Branch,Savings,903217.9,65232.29
4726,3792,Ahmedabad Branch,Savings,834421.91,64543.79
4727,3461,Hyderabad Branch,Savings,344551.63,223782.47
4728,1848,Mumbai Main Branch,Loan,601120.45,220032.03
4729,4201,Kolkata Branch,Current,1623619.55,61465.64
4730,2267,Pune Branch,Current,377934.11,242092.11
4731,1373,Bangalore Branch,Current,1621184.92,149074.49
4732,1662,Delhi Central Branch,Savings,31745.96,44076.73
4733,1749,Ahmedabad Branch,Current,119046.02,282215.67
4734,3762,Chennai Branch,Current,171665.83,144782.64
4735,4515,Ahmedabad Branch,Savings,1344385.31,55750.1
4736,1712,Hyderabad Branch,Loan,319821.34,290263.58
4737,1321,Mumbai Main Branch,Loan,464286.69,121221.88
4738,4059,Delhi Central Branch,Current,1843649.46,9021.84
4739,1678,Pune Branch,Current,1264271.4,25122.78
4740,3551,Kolkata Branch,Current,1779834.55,241556.54
4741,4760,Delhi Central Branch,Current,1348908.28,155836.82
4742,3176,Mumbai Main Branch,Loan,7843.45,15388.45
4743,985,Bangalore Branch,Current,467988.62,191337.71
4744,2713,Ahmedabad Branch,Loan,1449966.64,215076.08
4745,931,Bangalore Branch,Current,912532.64,21111.36
4746,3294,Mumbai Main Branch,Loan,880066.17,248271.69
4747,1754,Mumbai Main Branch,Loan,1195713.99,217737.96
4748,1063,Pune Branch,Loan,613340.32,186129.14
4749,2824,Hyderabad Branch,Savings,1513220.18,240737.62
4750,472,Pune Branch,Savings,359962.26,35840.64
4751,1577,Ahmedabad Branch,Current,12029.14,121556.96
4752,1010,Bangalore Branch,Loan,826291.53,170502.41
4753,799,Pune Branch,Loan,1689889.08,181594.41
4754,3660,Delhi Central Branch,Savings,1297819.84,36996.64
4755,2052,Mumbai Main Branch,Current,1320765.23,132052.98
4756,3420,Hyderabad Branch,Savings,342650.11,179100.73
4757,2892,Kolkata Branch,Savings,1218115.27,128155.38
4758,7,Chennai Branch,Savings,715339.14,190593.33
4759,1081,Pune Branch,Loan,531111.46,87477.25
4760,848,Chennai Branch,Loan,473973.6,88695.85
4761,2591,Chennai Branch,Savings,1845138.64,256312.46
4762,1737,Mumbai Main Branch,Loan,556984.28,86075.62
4763,3563,Bangalore Branch,Savings,1049827.42,85495.87
4764,1203,Ahmedabad Branch,Loan,804694.42,288453.3
4765,709,Bangalore Branch,Current,1330228.94,180896.16
4766,2533,Delhi Central Branch,Savings,1993880.23,174070.37
4767,1170,Bangalore Branch,Loan,1653514.25,162329.98
4768,2582,Ahmedabad Branch,Savings,1986448.81,98550.35
4769,3809,Chennai Branch,Loan,533362.28,225039.64
4770,1923,Kolkata Branch,Current,522717.9,169124.99
4771,4154,Mumbai Main Branch,Current,1573294.96,32089.51
4772,3749,Hyderabad Branch,Savings,745617.64,7250.58
4773,4340,Delhi Central Branch,Loan,313652.14,126489.93
4774,3983,Kolkata Branch,Savings,102284.87,115870.89
4775,3394,Bangalore Branch,Loan,1527118.59,148334.14
4776,1679,Chennai Branch,Current,345691.74,199236.39
4777,78,Hyderabad Branch,Savings,494489.13,211211.13
4778,4847,Delhi Central Branch,Current,1576494.82,113537.06
4779,1050,Kolkata Branch,Savings,1411121.46,78656.32
4780,3021,Kolkata Branch,Savings,1443840.96,156313.3
4781,1344,Chennai Branch,Current,1899985.92,47093.62
4782,4220,Ahmedabad Branch,Current,1903061.03,138944.74
4783,4669,Pune Branch,Current,162307.66,34157.96
4784,3001,Ahmedabad Branch,Loan,1594972.72,172430.99
4785,602,Bangalore Branch,Current,277555.53,114594.73
4786,2836,Chennai Branch,Current,737247.12,28860.53
4787,2002,Pune Branch,Savings,1915014.27,246305.93
4788,218,Mumbai Main Branch,Current,160031.95,161849.27
4789,1395,Ahmedabad Branch,Current,1693704.8,204432.93
4790,2674,Bangalore Branch,Current,1338130.94,72088.68
4791,943,Chennai Branch,Savings,502840.46,148444.53
4792,1972,Mumbai Main Branch,Savings,693494.24,242195.15
4793,3794,Kolkata Branch,Savings,24307.81,277031.45
4794,3177,Hyderabad Branch,Savings,1597982.02,67764.77
4795,3105,Ahmedabad Branch,Current,761921.91,240426.21
4796,494,Ahmedabad Branch,Savings,1574531.07,196552.67
4797,1569,Ahmedabad Branch,Loan,1350622.77,111366.08
4798,158,Chennai Branch,Loan,1477809.45,16130.72
4799,2177,Mumbai Main Branch,Loan,1086813.78,253081.33
4800,2220,Pune Branch,Savings,164432.59,201920.42
4801,2763,Ahmedabad Branch,Savings,1103399.33,287278.08
4802,1622,Bangalore Branch,Current,1943280.34,21583.12
4803,1653,Bangalore Branch,Loan,315654.7,39605.25
4804,4047,Ahmedabad Branch,Savings,1435450.71,287081.58
4805,2149,Hyderabad Branch,Loan,260371.02,150645.02
4806,1810,Hyderabad Branch,Loan,1251788.02,126274.84
4807,2604,Chennai Branch,Current,431826.19,247499.42
4808,1110,Kolkata Branch,Savings,953127.95,178203.81
4809,949,Chennai Branch,Loan,1326315.36,201636.15
4810,1054,Pune Branch,Savings,1056273.45,85822.45
4811,1963,Ahmedabad Branch,Current,283737.24,6437.45
4812,1917,Ahmedabad Branch,Savings,1154732.67,202594.88
4813,4989,Chennai Branch,Savings,1632066.18,67236.31
4814,591,Mumbai Main Branch,Savings,1905683.48,2984.2
4815,2930,Kolkata Branch,Savings,1278440.07,105237.99
4816,2120,Kolkata Branch,Current,1368619.46,197071.39
4817,3455,Delhi Central Branch,Loan,1331485.85,254655.65
4818,2169,Pune Branch,Savings,1753214.34,245767.89
4819,1928,Hyderabad Branch,Current,1240418.28,187593.64
4820,45,Mumbai Main Branch,Savings,939310.01,167860.36
4821,131,Mumbai Main Branch,Current,987001.97,226713.57
4822,1608,Pune Branch,Loan,1220809.73,291511.17
4823,1632,Hyderabad Branch,Loan,114000.77,209247.0
4824,4818,Bangalore Branch,Loan,6569.88,143886.74
4825,673,Chennai Branch,Savings,1266409.86,254226.82
4826,1165,Pune Branch,Savings,878766.19,276947.55
4827,1204,Mumbai Main Branch,Current,42000.28,120362.61
4828,4835,Ahmedabad Branch,Loan,454863.57,197150.14
4829,1041,Mumbai Main Branch,Current,831236.08,58642.47
4830,803,Bangalore Branch,Savings,16441.25,7729.94
4831,3280,Kolkata Branch,Savings,1189456.27,29357.3
4832,1168,Kolkata Branch,Loan,1808991.23,213446.83
4833,4977,Chennai Branch,Savings,1252877.21,211596.67
4834,1316,Chennai Branch,Loan,1921585.07,42950.44
4835,4874,Bangalore Branch,Savings,1146387.25,156480.08
4836,2385,Pune Branch,Savings,577636.05,117890.87
4837,645,Pune Branch,Current,1557505.85,161808.86
4838,2199,Hyderabad Branch,Savings,372981.52,56809.37
4839,2595,Pune Branch,Loan,387446.56,254165.98
4840,2608,Hyderabad Branch,Loan,358745.54,29720.03
4841,1268,Ahmedabad Branch,Loan,535241.41,207917.83
4842,417,Chennai Branch,Savings,1623127.41,240546.99
4843,3420,Kolkata Branch,Loan,942756.47,87444.56
4844,4115,Mumbai Main Branch,Current,124462.5,57015.51
4845,1106,Pune Branch,Current,139349.81,9428.99
4846,105,Kolkata Branch,Loan,272642.86,270252.29
4847,2580,Bangalore Branch,Loan,901964.7,82656.5
4848,4175,Bangalore Branch,Current,804180.49,135855.47
4849,4976,Kolkata Branch,Savings,566294.09,286551.16
4850,137,Hyderabad Branch,Current,739184.29,122048.42
4851,2925,Ahmedabad Branch,Loan,1320384.63,144170.41
4852,4657,Pune Branch,Current,1227045.11,125566.46
4853,3533,Bangalore Branch,Current,541531.7,237209.65
4854,3495,Kolkata Branch,Loan,1135423.28,34971.1
4855,686,Chennai Branch,Loan,200781.33,103853.53
4856,1846,Bangalore Branch,Savings,300350.7,161554.22
4857,1213,Delhi Central Branch,Current,1067063.56,180764.71
4858,4864,Pune Branch,Loan,1017217.81,72743.77
4859,95,Pune Branch,Savings,1199562.27,117760.86
4860,21,Chennai Branch,Savings,342521.91,68843.01
4861,3167,Mumbai Main Branch,Current,936935.3,243346.76
4862,593,Hyderabad Branch,Savings,216631.05,124624.56
4863,4629,Mumbai Main Branch,Loan,1972606.92,260647.0
4864,2140,Chennai Branch,Loan,1406723.63,110800.58
4865,4703,Hyderabad Branch,Savings,1809305.65,71155.5
4866,1312,Ahmedabad Branch,Loan,281337.87,177695.74
4867,4820,Bangalore Branch,Current,209906.35,14836.35
4868,3568,Mumbai Main Branch,Current,945698.59,4959.71
4869,3954,Kolkata Branch,Savings,483195.43,15439.07
4870,1709,Chennai Branch,Current,1391432.19,93881.93
4871,3090,Pune Branch,Savings,467519.08,213953.75
4872,4191,Bangalore Branch,Current,1163173.96,172267.61
4873,4276,Pune Branch,Current,1376470.76,59986.07
4874,129,Mumbai Main Branch,Current,48452.48,50202.86
4875,3241,Chennai Branch,Loan,174247.32,256784.88
4876,786,Ahmedabad Branch,Loan,1379298.66,238581.91
4877,2712,Kolkata Branch,Current,91829.65,173134.93
4878,36,Mumbai Main Branch,Loan,1463538.6,262367.55
4879,1597,Hyderabad Branch,Loan,851280.32,188495.95
4880,3621,Chennai Branch,Loan,890952.93,219251.8
4881,4852,Chennai Branch,Savings,1294671.39,94337.21
4882,4871,Bangalore Branch,Savings,1915032.25,177304.0
4883,3062,Hyderabad Branch,Loan,843197.04,22465.45
4884,887,Bangalore Branch,Loan,593518.82,103381.16
4885,504,Kolkata Branch,Loan,78129.25,40665.33
4886,4157,Bangalore Branch,Savings,1585892.09,275303.95
4887,4363,Kolkata Branch,Current,1395489.85,105516.24
4888,24,Bangalore Branch,Current,563383.5,68916.44
4889,2051,Kolkata Branch,Loan,994929.77,90323.31
4890,3859,Mumbai Main Branch,Savings,392185.87,30976.22
4891,2064,Ahmedabad Branch,Current,1786301.41,245871.71
4892,3782,Delhi Central Branch,Loan,1166286.21,217431.5
4893,4703,Bangalore Branch,Loan,1048357.77,148018.22
4894,554,Hyderabad Branch,Loan,1363087.2,246597.08
4895,3520,Delhi Central Branch,Loan,582317.6,53055.9
4896,4736,Ahmedabad Branch,Loan,793140.61,6953.23
4897,4938,Delhi Central Branch,Savings,1437470.73,3971.08
4898,2576,Hyderabad Branch,Loan,1001825.96,212648.96
4899,3437,Hyderabad Branch,Current,1808723.21,208771.57
4900,1655,Hyderabad Branch,Current,1662069.78,69114.49
4901,1157,Chennai Branch,Savings,752867.0,268762.11
4902,4535,Kolkata Branch,Current,1681722.63,24899.56
4903,2857,Delhi Central Branch,Savings,982182.56,14344.32
4904,1934,Mumbai Main Branch,Current,740132.85,16632.0
4905,3082,Mumbai Main Branch,Savings,775607.58,39774.97
4906,1081,Kolkata Branch,Savings,1810334.54,291076.6
4907,4997,Pune Branch,Current,615706.27,188570.24
4908,1402,Mumbai Main Branch,Savings,230956.07,140623.13
4909,198,Pune Branch,Savings,1428566.59,63923.58
4910,2922,Kolkata Branch,Loan,814790.73,248388.24
4911,2712,Bangalore Branch,Current,289005.49,280540.33
4912,4167,Pune Branch,Savings,1242888.87,216087.85
4913,3409,Hyderabad Branch,Loan,1500261.25,28387.29
4914,699,Kolkata Branch,Current,919661.63,96479.24
4915,4778,Chennai Branch,Current,716154.61,84879.48
4916,1963,Bangalore Branch,Current,40117.45,269330.54
4917,1786,Ahmedabad Branch,Current,1085259.78,6281.93
4918,3232,Hyderabad Branch,Savings,340129.28,134096.96
4919,4703,Ahmedabad Branch,Savings,1987086.62,82515.47
4920,995,Chennai Branch,Savings,696197.33,224297.06
4921,3353,Delhi Central Branch,Savings,1870349.44,228506.62
4922,2775,Bangalore Branch,Loan,1132823.49,225766.92
4923,3368,Chennai Branch,Loan,886171.89,60200.55
4924,524,Mumbai Main Branch,Savings,1611448.75,238562.74
4925,2310,Mumbai Main Branch,Savings,168508.24,158708.28
4926,1724,Delhi Central Branch,Savings,841551.28,187990.31
4927,2960,Ahmedabad Branch,Loan,854160.33,166731.72
4928,1709,Mumbai Main Branch,Loan,215692.32,189597.28
4929,2912,Pune Branch,Current,1755947.55,125428.89
4930,631,Chennai Branch,Savings,626564.31,179344.55
4931,78,Delhi Central Branch,Current,1658266.48,234415.09
4932,3453,Ahmedabad Branch,Savings,1845081.13,175616.59
4933,1889,Chennai Branch,Loan,870549.9,43011.07
4934,1505,Bangalore Branch,Current,276591.04,225128.48
4935,3829,Pune Branch,Savings,1306132.92,218092.77
4936,592,Pune Branch,Savings,811897.01,108563.94
4937,2532,Pune Branch,Savings,1191055.1,125840.13
4938,1805,Ahmedabad Branch,Current,1858487.02,204536.35
4939,135,Hyderabad Branch,Savings,1735963.08,71850.06
4940,3930,Kolkata Branch,Current,330704.39,84472.19
4941,4389,Ahmedabad Branch,Loan,842040.18,37766.57
4942,588,Delhi Central Branch,Savings,178558.49,129877.96
4943,1960,Kolkata Branch,Savings,1292730.51,1811.03
4944,2280,Delhi Central Branch,Loan,1628767.3,90429.14
4945,2456,Ahmedabad Branch,Loan,1680031.07,118544.43
4946,4154,Hyderabad Branch,Savings,238142.7,66398.46
4947,463,Hyderabad Branch,Current,935164.78,289721.4
4948,3289,Delhi Central Branch,Current,7623.16,156063.75
4949,3251,Ahmedabad Branch,Savings,1096233.98,276996.1
4950,4820,Kolkata Branch,Savings,1106172.28,6820.1
4951,3868,Bangalore Branch,Savings,134089.51,168982.92
4952,214,Bangalore Branch,Savings,1859992.34,58721.56
4953,1438,Mumbai Main Branch,Current,1716962.21,135798.53
4954,2770,Delhi Central Branch,Loan,1298028.03,11406.82
4955,3446,Ahmedabad Branch,Savings,300173.01,104390.54
4956,159,Mumbai Main Branch,Loan,1748524.59,94692.24
4957,1037,Ahmedabad Branch,Savings,331529.16,126347.55
4958,418,Mumbai Main Branch,Current,688632.33,197325.65
4959,4575,Chennai Branch,Current,1562090.88,167613.23
4960,4623,Hyderabad Branch,Loan,1676473.89,221868.12
4961,2712,Kolkata Branch,Savings,597903.62,172247.39
4962,2693,Chennai Branch,Loan,1110622.15,112217.75
4963,4292,Chennai Branch,Loan,357732.29,249197.26
4964,1244,Ahmedabad Branch,Savings,918041.88,67161.35
4965,2423,Chennai Branch,Loan,559563.56,10226.89
4966,3083,Chennai Branch,Current,503988.3,164750.91
4967,4683,Chennai Branch,Loan,1584319.32,127871.99
4968,2909,Kolkata Branch,Savings,1380439.89,236009.58
4969,3270,Bangalore Branch,Loan,535116.09,131483.44
4970,4419,Ahmedabad Branch,Savings,1708093.56,44817.84
4971,1414,Bangalore Branch,Savings,702508.1,277867.82
4972,3007,Kolkata Branch,Loan,1087507.29,5525.96
4973,940,Kolkata Branch,Current,1969352.27,44760.89
4974,3784,Pune Branch,Savings,875305.74,284624.24
4975,1705,Hyderabad Branch,Loan,867286.71,10257.4
4976,543,Hyderabad Branch,Current,1844229.21,152080.06
4977,188,Kolkata Branch,Loan,1467086.07,48638.35
4978,4461,Pune Branch,Current,1733431.41,167921.99
4979,739,Kolkata Branch,Loan,1313986.3,181629.05
4980,2465,Bangalore Branch,Savings,1589565.89,165511.62
4981,789,Mumbai Main Branch,Savings,1359400.71,202017.48
4982,4044,Hyderabad Branch,Savings,126029.75,125069.5
4983,2030,Pune Branch,Loan,1853129.59,48183.87
4984,1341,Mumbai Main Branch,Loan,1055280.55,168879.26
4985,1133,Bangalore Branch,Loan,1412571.67,98748.4
4986,3129,Ahmedabad Branch,Savings,1934766.67,243462.08
4987,3045,Hyderabad Branch,Loan,183474.18,107881.74
4988,4452,Mumbai Main Branch,Current,809308.87,218643.84
4989,3524,Hyderabad Branch,Current,329587.62,168911.32
4990,2177,Delhi Central Branch,Current,1659276.03,118350.43
4991,2579,Pune Branch,Current,345059.52,222516.48
4992,3692,Hyderabad Branch,Loan,873961.29,72848.12
4993,769,Delhi Central Branch,Loan,1518850.86,292023.95
4994,1056,Kolkata Branch,Current,563472.76,194377.87
4995,2780,Ahmedabad Branch,Current,603230.8,168880.16
4996,3251,Delhi Central Branch,Current,1843946.76,67592.75
4997,4470,Chennai Branch,Savings,430797.76,142797.88
4998,2556,Kolkata Branch,Current,88442.37,51179.37
4999,4519,Hyderabad Branch,Savings,795382.11,4317.66
5000,2942,Ahmedabad Branch,Savings,469982.34,25853.12
