Customer_ID,Customer_Name,Age,Gender,City,Occupation,Income,Credit_Score,Customer_Tenure,Risk_Category,Online_Banking_Status
1,Michelle Young,52,Female,Hyderabad,Teacher,803097.14,787,10,Low,Active
2,Rebecca Russell,57,Male,Kolkata,Engineer,621249.84,480,6,High,Active
3,Timothy Williamson,60,Male,Bangalore,Teacher,2667055.55,494,9,High,Active
4,Eric Garcia,32,Female,Delhi,Teacher,1076537.58,794,14,Low,Inactive
5,Donald Crosby,24,Male,Hyderabad,Analyst,694987.65,402,14,Low,Active
6,David Gomez,58,Female,Hyderabad,Engineer,689382.58,842,11,Medium,Inactive
7,Mitchell Burns,66,Male,Pune,Teacher,2638247.29,657,12,Medium,Inactive
8,Seth Miller,35,Female,Delhi,Engineer,1710031.69,638,6,Medium,Inactive
9,Samuel Pratt,70,Male,Chennai,Manager,319534.35,571,5,High,Active
10,Melissa Dominguez,70,Female,Ahmedabad,Engineer,2307349.21,836,6,High,Active
11,Juan Brown,66,Male,Kolkata,Analyst,771125.28,825,9,Medium,Active
12,Mark Smith,39,Female,Pune,Teacher,1156283.02,553,11,Medium,Active
13,Connor Bowman,69,Male,Pune,Manager,2611395.51,661,14,Low,Inactive
14,Ricky Adams,53,Female,Mumbai,Doctor,472629.14,665,14,Medium,Inactive
15,Sarah Parker,48,Female,Hyderabad,Doctor,1484391.43,472,4,Medium,Active
16,Patrick Sims,49,Male,Delhi,Teacher,1443657.65,724,8,Low,Active
17,Kirsten Knapp,69,Male,Pune,Teacher,2609068.92,483,12,Medium,Inactive
18,Marcus Olson,45,Male,Delhi,Analyst,2883054.26,414,9,Medium,Active
19,Patrick Fleming,34,Male,Kolkata,Teacher,1078012.53,354,12,Medium,Inactive
20,Jodi Murray,61,Male,Pune,Doctor,1315893.6,653,6,High,Inactive
21,William Richardson,43,Male,Chennai,Teacher,1736803.39,412,7,Low,Inactive
22,Brooke Hill,22,Male,Chennai,Engineer,1762957.08,624,14,Medium,Inactive
23,Michael Bishop,51,Male,Hyderabad,Teacher,1875988.83,574,15,High,Active
24,James Mcintosh,58,Female,Ahmedabad,Doctor,989180.46,584,7,Medium,Inactive
25,Kevin Santiago,39,Female,Kolkata,Business,1999174.47,483,11,High,Active
26,Connor Walters,36,Male,Delhi,Teacher,405904.27,562,13,High,Active
27,Christopher Lewis,43,Male,Mumbai,Business,1742827.19,835,5,High,Inactive
28,George Malone,53,Male,Mumbai,Engineer,2849434.47,552,11,Low,Active
29,Jason Reed,40,Male,Delhi,Business,446456.62,596,9,Low,Active
30,Krista Allen,27,Male,Chennai,Analyst,859711.96,600,11,Low,Inactive
31,Victoria Smith,48,Female,Kolkata,Doctor,2389047.55,503,11,High,Inactive
32,Evelyn Ferguson,21,Male,Ahmedabad,Business,1230490.19,766,3,Medium,Active
33,William Williams,70,Female,Mumbai,Doctor,2766310.75,757,8,High,Active
34,Samantha Sanders,58,Male,Ahmedabad,Manager,1892838.76,580,4,Low,Active
35,Kyle Johnson,46,Male,Chennai,Business,2563177.54,819,14,Medium,Inactive
36,Nathan Howard,28,Female,Pune,Engineer,1900818.29,719,1,Medium,Active
37,Laura Hogan,22,Female,Kolkata,Engineer,613851.0,325,10,High,Active
38,James Mathews,34,Female,Kolkata,Engineer,1213507.69,414,7,High,Inactive
39,Steven Oneill,38,Male,Hyderabad,Doctor,1877040.25,785,8,Medium,Active
40,Rebecca Nguyen,65,Female,Hyderabad,Engineer,1057875.75,816,5,Low,Inactive
41,Derek Lee,33,Male,Pune,Teacher,1240363.97,805,9,Medium,Active
42,Juan Stephens,63,Male,Pune,Engineer,963463.3,584,3,High,Inactive
43,Gregory Pham,68,Female,Delhi,Manager,2085796.8,354,9,Medium,Inactive
44,Christopher Keith,42,Female,Pune,Business,765479.96,782,15,Medium,Inactive
45,Tyler Young,41,Female,Kolkata,Analyst,2814168.66,385,13,Medium,Active
46,Jon Perez,49,Male,Pune,Engineer,308161.82,450,10,High,Active
47,Kathleen Weber,24,Male,Mumbai,Analyst,2659873.26,377,13,High,Active
48,Cody Keller,39,Male,Hyderabad,Business,1290550.51,503,3,High,Active
49,Crystal Brown,40,Female,Bangalore,Doctor,2166748.7,373,14,High,Active
50,Brittany Phillips,29,Male,Bangalore,Teacher,2260596.87,454,1,Low,Active
51,Danielle Deleon,64,Female,Mumbai,Business,2180017.22,577,8,High,Inactive
52,Gregory Martinez,23,Male,Hyderabad,Teacher,1333973.73,572,1,Low,Inactive
53,Shannon Morris,36,Female,Kolkata,Engineer,1764152.24,407,1,High,Active
54,Joseph Robinson,67,Female,Pune,Business,1968792.32,437,15,Low,Active
55,Samantha Sullivan,43,Female,Bangalore,Teacher,2460420.92,770,13,Low,Active
56,Kimberly Lee,28,Male,Kolkata,Doctor,2410654.14,421,14,High,Active
57,Evelyn Burns,67,Female,Delhi,Business,2636054.33,737,12,High,Inactive
58,Angela Liu,21,Male,Mumbai,Manager,1839836.64,444,5,Medium,Active
59,Brian Hester,34,Male,Bangalore,Engineer,2605285.92,531,11,High,Active
60,Lori Miller,65,Male,Hyderabad,Manager,2679303.92,554,3,Low,Inactive
61,Yesenia Armstrong,49,Male,Kolkata,Teacher,2368221.26,665,12,High,Inactive
62,Mark Phillips,68,Female,Hyderabad,Business,774135.12,645,13,Low,Inactive
63,Donna Woods,64,Male,Pune,Manager,1205860.76,681,11,Low,Active
64,Scott Perez,46,Female,Hyderabad,Manager,2947099.16,476,2,Medium,Active
65,Jamie Rodriguez,19,Male,Mumbai,Analyst,513298.7,703,7,High,Active
66,Erika Jones,44,Female,Kolkata,Doctor,2661960.87,721,14,Medium,Active
67,Jamie Brown,19,Female,Ahmedabad,Teacher,566374.04,565,12,High,Inactive
68,Mark Adams,26,Female,Bangalore,Analyst,2810366.23,654,10,Low,Active
69,Joy Lucas,21,Male,Delhi,Doctor,2117639.24,821,3,High,Active
70,Charles Lutz,67,Male,Mumbai,Teacher,1677074.6,539,12,Low,Active
71,David Oneal,52,Male,Mumbai,Engineer,1947740.57,676,4,Low,Inactive
72,Mark Johnson,24,Male,Kolkata,Doctor,704823.34,525,13,High,Active
73,Ray Pham,60,Female,Chennai,Doctor,2531786.58,758,4,Medium,Inactive
74,Tommy Jones,31,Female,Bangalore,Manager,2726754.42,367,7,High,Active
75,Theresa Mcdaniel,33,Female,Hyderabad,Manager,2680768.77,310,12,Medium,Active
76,Tyler Gilbert,30,Female,Kolkata,Doctor,515877.47,451,5,Medium,Active
77,Theresa Kelly,30,Female,Chennai,Analyst,817400.53,575,6,Low,Active
78,Jacob Rodriguez,54,Male,Hyderabad,Teacher,1204167.58,360,2,Low,Inactive
79,Brandon Gonzales,64,Female,Pune,Doctor,1088061.6,719,8,Medium,Inactive
80,James Perkins,61,Male,Pune,Manager,526535.15,461,1,Low,Inactive
81,Amanda Rogers,47,Male,Chennai,Engineer,1994999.7,337,11,Low,Active
82,Linda Hart,53,Male,Hyderabad,Analyst,2202543.84,638,9,Low,Inactive
83,Robert Anderson,49,Female,Pune,Manager,2945535.54,663,2,Medium,Inactive
84,Melissa Lowe,54,Male,Delhi,Manager,985664.11,678,3,High,Active
85,Robert Kramer,24,Male,Hyderabad,Teacher,1158144.21,459,13,Medium,Active
86,Kirsten Wolfe,63,Female,Pune,Teacher,727876.77,573,8,Medium,Active
87,Nicholas Johns,47,Female,Kolkata,Teacher,972504.14,684,7,Medium,Inactive
88,Carmen Woods,24,Male,Ahmedabad,Doctor,2360602.21,568,1,High,Active
89,Jessica Bullock,60,Female,Kolkata,Analyst,1499642.57,338,10,Low,Active
90,Daniel Joseph,32,Male,Bangalore,Business,643327.95,385,15,Low,Inactive
91,Lucas Smith,27,Female,Kolkata,Analyst,1146648.99,580,9,Medium,Inactive
92,Jennifer Lee,60,Female,Chennai,Manager,2791009.5,605,15,Low,Active
93,Richard Mueller,25,Female,Hyderabad,Business,280069.14,792,8,Low,Inactive
94,Belinda Cox,29,Female,Chennai,Analyst,2150618.6,694,15,High,Active
95,Linda Howell,31,Male,Delhi,Analyst,2661587.61,579,14,Low,Active
96,John Vasquez,60,Male,Mumbai,Manager,2622723.83,773,1,Medium,Inactive
97,Christopher Mata,23,Male,Bangalore,Engineer,1186304.11,568,2,Low,Active
98,Jennifer Fisher,55,Female,Bangalore,Doctor,1349788.4,679,5,Low,Inactive
99,Angela Barry,18,Female,Pune,Teacher,899398.63,772,10,High,Active
100,Heather Peterson,64,Female,Bangalore,Engineer,2707841.32,723,13,Medium,Active
101,Nathan Bolton,41,Female,Kolkata,Analyst,877971.05,469,10,High,Active
102,Steven Harris,56,Male,Hyderabad,Engineer,1676561.76,695,2,Medium,Active
103,Joseph Santiago,58,Female,Chennai,Manager,1451106.05,385,4,Medium,Inactive
104,Stephen Ramos,18,Female,Bangalore,Business,372227.19,513,5,Low,Inactive
105,Ashley Schmidt,48,Female,Delhi,Analyst,2066127.43,459,14,Low,Inactive
106,David Jones,38,Female,Ahmedabad,Doctor,2474760.52,785,3,High,Inactive
107,Angela Harrison,47,Female,Delhi,Business,1117916.29,417,15,Medium,Active
108,Jonathon Walker,70,Male,Delhi,Engineer,2555526.2,841,6,Low,Inactive
109,Deanna Barrett,50,Female,Pune,Business,1735240.66,469,12,High,Inactive
110,Michael Torres,39,Female,Bangalore,Engineer,678137.58,411,12,High,Active
111,Timothy Garner,67,Female,Hyderabad,Analyst,1336425.39,573,14,High,Inactive
112,Sherry Evans,44,Male,Kolkata,Doctor,305064.73,800,9,High,Inactive
113,Beth Burton,19,Male,Kolkata,Business,706276.72,508,1,Low,Active
114,Stephen Brown,27,Female,Pune,Manager,892516.65,489,14,Medium,Active
115,Vanessa Carey,60,Male,Ahmedabad,Doctor,2392682.29,584,7,High,Active
116,Debra Rivers,49,Female,Ahmedabad,Manager,382553.85,838,6,Medium,Inactive
117,Kenneth Santiago,60,Male,Mumbai,Analyst,2718984.04,528,7,Low,Inactive
118,Nancy Medina,41,Female,Kolkata,Doctor,359676.65,647,2,Medium,Inactive
119,Penny Pugh,66,Female,Bangalore,Business,406924.65,671,15,High,Active
120,Heather Mcguire,46,Female,Mumbai,Manager,343781.54,639,11,High,Inactive
121,Michael Brown,21,Male,Delhi,Analyst,1374175.12,433,4,High,Active
122,Jacob Wilson,21,Female,Bangalore,Analyst,2526780.42,809,1,Medium,Active
123,Lawrence Hanson,46,Male,Ahmedabad,Engineer,1684133.15,769,1,Low,Inactive
124,Elizabeth Campbell,38,Female,Chennai,Doctor,685884.32,766,10,Medium,Inactive
125,David Ramirez,41,Female,Chennai,Teacher,299733.67,559,2,Low,Active
126,Jeremy Swanson,39,Female,Ahmedabad,Analyst,2314380.59,406,3,Medium,Active
127,Jamie Hardy,58,Female,Mumbai,Analyst,1394498.5,436,1,Low,Inactive
128,Michael Hale,48,Male,Ahmedabad,Engineer,2910704.53,384,1,High,Inactive
129,Tammy Reed,62,Female,Mumbai,Business,2214455.28,588,1,Medium,Active
130,Debra Wells,47,Female,Ahmedabad,Teacher,304926.29,571,10,High,Inactive
131,Sandy Yoder,18,Female,Hyderabad,Teacher,1832093.7,499,10,Low,Inactive
132,Marvin Short,55,Male,Hyderabad,Manager,2978715.16,455,14,High,Active
133,Anne Anderson,52,Male,Hyderabad,Analyst,2820156.75,787,10,Medium,Active
134,Joshua Boyd,18,Female,Hyderabad,Teacher,818073.53,348,11,Low,Active
135,Wayne Wright,38,Male,Mumbai,Manager,2660397.8,435,7,High,Active
136,James Parrish,69,Male,Pune,Doctor,2674948.19,667,13,Medium,Active
137,Michael Simon,61,Female,Delhi,Doctor,278798.44,783,14,High,Active
138,Mary Mcdonald,63,Female,Chennai,Analyst,2889528.24,315,15,High,Active
139,Brian Davis,62,Female,Bangalore,Engineer,2778192.31,630,5,Medium,Inactive
140,Karen Grant,19,Male,Chennai,Teacher,532108.33,326,8,High,Inactive
141,Danny Jarvis,32,Female,Kolkata,Analyst,689111.32,804,3,Low,Active
142,Mark Melendez,53,Male,Hyderabad,Analyst,1072755.84,649,4,Medium,Active
143,Mr. Spencer Young,63,Female,Ahmedabad,Teacher,814512.2,638,8,Medium,Active
144,Bradley Palmer,39,Male,Delhi,Manager,2788664.98,547,2,Low,Active
145,Deborah Long,68,Male,Chennai,Doctor,1013170.73,727,5,High,Inactive
146,Jillian Santos,29,Female,Bangalore,Manager,549981.83,744,4,High,Inactive
147,Tiffany Todd,34,Male,Ahmedabad,Teacher,2044492.65,354,13,High,Active
148,Larry Davis,58,Male,Mumbai,Teacher,1560729.85,845,2,Low,Active
149,Richard Johnston,67,Male,Mumbai,Teacher,964613.12,533,15,Low,Active
150,Catherine Davis,29,Male,Mumbai,Teacher,2898347.95,733,11,Medium,Inactive
151,James Scott,42,Male,Chennai,Analyst,2010291.62,696,5,Medium,Active
152,Beverly Moore,31,Male,Hyderabad,Analyst,1880064.55,479,9,High,Inactive
153,Matthew Orr,49,Female,Mumbai,Engineer,670159.93,353,7,High,Active
154,Cathy Thompson,47,Female,Chennai,Business,2813658.52,748,6,High,Active
155,Matthew Cowan,42,Female,Chennai,Business,1344599.22,586,1,Medium,Active
156,Beverly Strickland,57,Female,Pune,Manager,415091.56,323,6,Medium,Inactive
157,Jerry Patton,49,Male,Ahmedabad,Manager,2603400.1,423,7,Low,Active
158,John Turner,59,Male,Pune,Teacher,1898672.05,808,1,High,Inactive
159,Lance Mayer,50,Male,Ahmedabad,Doctor,1360478.98,370,11,High,Active
160,Steven Wilson,40,Male,Chennai,Doctor,2218068.19,514,7,Low,Active
161,Anthony Turner,29,Male,Kolkata,Manager,2288423.08,503,4,Low,Inactive
162,Christian Alvarado,27,Female,Chennai,Doctor,1677025.45,435,15,Medium,Inactive
163,Bonnie Hamilton,33,Male,Pune,Teacher,2220545.23,564,1,Medium,Active
164,Frank Wallace,55,Female,Bangalore,Engineer,1776855.14,464,6,Low,Active
165,Carla Hicks,32,Male,Bangalore,Teacher,2181987.65,541,7,High,Inactive
166,Kathy Gomez,38,Male,Delhi,Engineer,787424.46,558,7,Medium,Active
167,Sean Lang,50,Male,Chennai,Teacher,1238818.2,538,4,Low,Active
168,Eric Odonnell,64,Female,Hyderabad,Doctor,2880206.0,478,8,High,Active
169,Vernon Williams,33,Male,Chennai,Analyst,1277107.84,734,6,Medium,Inactive
170,Kristina Todd,31,Female,Chennai,Engineer,2844227.88,603,14,Medium,Active
171,Amber Clay,58,Male,Mumbai,Business,900133.22,693,9,Low,Inactive
172,Brittany Shah,65,Female,Chennai,Doctor,2887526.06,587,15,Low,Active
173,Samuel Young,43,Female,Kolkata,Analyst,2024138.15,522,9,Medium,Active
174,Ralph Simpson,48,Female,Pune,Doctor,2104378.96,320,1,Low,Active
175,Michael Hayes,25,Female,Mumbai,Analyst,1666005.31,796,3,Medium,Inactive
176,Leslie Bolton,20,Male,Kolkata,Engineer,2430617.43,606,8,High,Active
177,Christopher Jenkins,54,Male,Bangalore,Manager,1776041.14,612,8,High,Active
178,Judy Roberts DDS,60,Female,Kolkata,Business,2690852.63,318,11,High,Inactive
179,Eric Sanchez,49,Female,Kolkata,Analyst,1108242.49,478,9,Low,Active
180,John Elliott,45,Female,Chennai,Teacher,465155.54,652,13,High,Active
181,Lisa Blake,69,Male,Bangalore,Business,1230836.58,381,3,Low,Inactive
182,Christopher Solomon,34,Female,Kolkata,Engineer,1463225.47,548,1,Low,Inactive
183,Joshua Barber,19,Female,Pune,Teacher,1565914.89,795,12,Medium,Active
184,Ashley Bryant,38,Female,Chennai,Doctor,1929452.08,632,10,Low,Inactive
185,Lori Ortiz,52,Female,Mumbai,Engineer,289605.82,680,15,High,Active
186,Danielle Bell,33,Male,Ahmedabad,Analyst,982417.62,534,4,Medium,Inactive
187,Elizabeth Payne,48,Female,Pune,Engineer,2006764.87,699,12,High,Active
188,Allison Jordan,34,Male,Ahmedabad,Doctor,1458159.6,404,10,High,Active
189,James Miller,38,Female,Delhi,Teacher,2149728.99,759,4,High,Inactive
190,Joseph Wilson,27,Female,Pune,Engineer,1220972.78,406,1,Low,Active
191,Jeffrey Washington,31,Female,Chennai,Business,2183129.41,315,14,High,Active
192,Scott Morgan,53,Female,Chennai,Manager,2528704.01,633,13,Low,Inactive
193,Kayla Perez,19,Male,Kolkata,Analyst,1231451.61,368,15,High,Inactive
194,Angela Adams,64,Male,Hyderabad,Manager,2477480.02,614,12,Low,Inactive
195,Sylvia Williams,57,Female,Pune,Analyst,604021.89,518,8,Low,Active
196,Michele King,64,Male,Chennai,Analyst,1847040.71,691,7,Medium,Inactive
197,Amy Herrera,20,Male,Mumbai,Engineer,2004509.99,726,14,High,Inactive
198,Christopher Brady,68,Female,Delhi,Doctor,1306558.75,376,7,Medium,Active
199,Joseph Williams,48,Male,Kolkata,Business,1414741.85,614,12,High,Inactive
200,Raymond Cunningham,21,Female,Bangalore,Teacher,1178787.47,640,15,Low,Inactive
201,Matthew Singleton,68,Male,Hyderabad,Business,2341157.15,685,5,Low,Inactive
202,John Miller,48,Female,Ahmedabad,Business,2963589.9,398,1,Medium,Active
203,Nathan Green,20,Female,Pune,Teacher,404833.6,308,9,Low,Inactive
204,Karen Cross,36,Male,Mumbai,Analyst,2811120.07,480,3,Low,Inactive
205,William Parker,43,Female,Bangalore,Engineer,2599903.03,582,11,Medium,Inactive
206,Kevin Ford,30,Male,Pune,Teacher,1905590.31,458,14,Low,Active
207,Jeffery Ramos,45,Male,Mumbai,Doctor,302006.39,739,9,Low,Inactive
208,James Wade,67,Male,Delhi,Teacher,1788857.35,530,3,Low,Inactive
209,Melissa Robinson,53,Male,Chennai,Engineer,2472965.37,463,1,Low,Active
210,Edward Horn,38,Female,Kolkata,Business,1355440.54,310,7,Low,Inactive
211,Beth Johnson,27,Male,Ahmedabad,Business,1146315.92,828,11,Low,Inactive
212,William Carter,40,Male,Hyderabad,Analyst,1776840.54,549,13,High,Inactive
213,Steven Johnson,46,Male,Pune,Manager,702438.77,688,9,Medium,Active
214,Judy Valdez,67,Male,Mumbai,Business,2659483.43,419,12,Low,Active
215,Debra Hawkins,49,Male,Pune,Manager,1741114.18,641,11,Low,Inactive
216,David Hernandez,54,Male,Ahmedabad,Business,1727362.64,342,7,Medium,Inactive
217,Logan Thomas,42,Female,Delhi,Doctor,1139717.38,533,12,Medium,Inactive
218,Natasha Howard,70,Female,Ahmedabad,Analyst,1996276.37,638,8,High,Active
219,David George,30,Female,Kolkata,Engineer,1490029.92,575,2,Medium,Active
220,Edwin Moore,19,Male,Delhi,Doctor,445932.26,475,14,Medium,Inactive
221,Jennifer Weber,49,Female,Ahmedabad,Business,795434.55,641,14,Low,Active
222,Linda Jordan,36,Female,Bangalore,Engineer,2583125.87,737,11,Medium,Active
223,Alicia James,39,Male,Hyderabad,Business,968592.14,724,4,Low,Inactive
224,Nicole Anderson,18,Male,Hyderabad,Engineer,1802577.43,410,7,Low,Active
225,Breanna Osborne,65,Female,Kolkata,Doctor,652866.94,593,3,Low,Active
226,Brett Smith,49,Male,Delhi,Teacher,929431.62,486,11,Medium,Active
227,Samantha Lynn,58,Male,Kolkata,Teacher,2823564.24,686,10,Medium,Inactive
228,Mariah Gonzalez,55,Male,Chennai,Doctor,2601725.08,319,9,High,Active
229,Arthur Walker,25,Female,Delhi,Business,2039095.44,342,7,High,Active
230,Casey Lewis,70,Male,Bangalore,Engineer,2877444.76,832,6,Medium,Inactive
231,Jason Gomez,35,Female,Bangalore,Business,1864880.09,659,10,High,Active
232,Sara Murphy,54,Female,Bangalore,Doctor,2529078.0,481,14,Low,Active
233,Mark Harris,37,Female,Kolkata,Analyst,1592648.0,325,10,Medium,Active
234,Gregory Knight,22,Female,Hyderabad,Business,1781398.95,416,8,Low,Inactive
235,Joshua Miller,64,Female,Ahmedabad,Business,2584641.39,847,12,High,Active
236,Jorge Lloyd,62,Male,Kolkata,Business,2393253.94,675,12,High,Inactive
237,Cassandra Collier,62,Female,Pune,Teacher,1748951.98,434,4,Low,Inactive
238,Roberto Duran,37,Male,Pune,Doctor,2608383.53,373,7,Medium,Active
239,Mark Powell,59,Female,Delhi,Manager,385517.05,739,15,Medium,Active
240,Sierra Bennett,42,Female,Mumbai,Manager,1201933.29,710,8,High,Inactive
241,Seth Foster,59,Male,Mumbai,Engineer,2987126.53,534,14,Medium,Inactive
242,Henry Miller,45,Female,Delhi,Engineer,2639800.32,659,6,Medium,Inactive
243,April Stout,21,Male,Kolkata,Business,2891904.57,425,6,High,Inactive
244,Jason Morris,62,Male,Mumbai,Engineer,1043770.45,366,10,Low,Active
245,Christopher Thomas,62,Male,Chennai,Analyst,1387584.08,759,12,Medium,Inactive
246,Reginald Fowler,53,Male,Hyderabad,Engineer,1115796.04,443,11,Low,Inactive
247,Nicolas Hardin,45,Male,Pune,Manager,1482657.97,651,9,Medium,Inactive
248,Brandon Murphy,31,Female,Kolkata,Manager,2334086.23,748,11,High,Active
249,John Arroyo PhD,29,Male,Kolkata,Business,2323629.81,369,5,Low,Active
250,Heather Smith,23,Female,Delhi,Doctor,2604508.32,704,2,Medium,Active
251,Matthew Williams,31,Male,Chennai,Teacher,473135.93,516,12,High,Inactive
252,Lori Summers,64,Male,Chennai,Manager,1379995.29,589,9,Low,Inactive
253,Tina Delgado,61,Male,Bangalore,Doctor,560851.43,418,4,Low,Active
254,Kelsey Day,19,Male,Pune,Manager,2987486.55,480,14,High,Active
255,Derek Johnston,58,Female,Hyderabad,Engineer,620176.32,639,2,High,Active
256,Michael Nelson,69,Female,Mumbai,Engineer,2301563.11,506,11,High,Inactive
257,Cathy Salazar,61,Female,Mumbai,Engineer,2559379.14,831,11,High,Active
258,Derek Francis,67,Female,Chennai,Analyst,2817693.87,816,12,Medium,Active
259,Mrs. Brittney Contreras,68,Female,Bangalore,Analyst,2655978.58,464,1,High,Inactive
260,Stephanie Brown,56,Male,Hyderabad,Teacher,2197160.95,583,2,High,Inactive
261,Kayla Sims,35,Male,Hyderabad,Teacher,2871201.89,528,5,Low,Active
262,Nathaniel Miller,65,Male,Hyderabad,Teacher,693301.05,826,4,Medium,Inactive
263,Donald Nguyen,18,Male,Bangalore,Manager,1187017.6,479,12,Medium,Inactive
264,Daniel Farmer,48,Male,Pune,Engineer,2702751.0,530,10,Medium,Active
265,Christopher Green,67,Female,Hyderabad,Teacher,1943977.53,759,11,Medium,Active
266,Justin Wilson,46,Female,Hyderabad,Manager,683197.09,759,6,Low,Active
267,Anthony Ward,55,Female,Kolkata,Analyst,1033279.64,327,9,Low,Active
268,Sara Tucker,70,Male,Chennai,Engineer,2100402.31,522,9,Low,Active
269,Candace Brown,36,Male,Mumbai,Doctor,1937436.78,565,2,High,Active
270,Rodney Munoz Jr.,31,Female,Kolkata,Analyst,2027684.22,608,3,Medium,Inactive
271,Steven Carr,52,Male,Bangalore,Manager,534750.73,609,6,Low,Inactive
272,Jason Adams,26,Male,Hyderabad,Engineer,1679716.04,742,10,Medium,Active
273,Kelly Roman,47,Female,Bangalore,Doctor,1939770.11,308,13,Medium,Active
274,Caitlyn Sims,35,Male,Bangalore,Engineer,2010328.65,669,4,High,Inactive
275,Matthew Barrera,33,Female,Chennai,Manager,2876133.38,841,2,Medium,Active
276,Gregory Powell,68,Female,Pune,Doctor,1171587.45,325,15,High,Active
277,Erin Jones,56,Male,Chennai,Doctor,2621104.46,307,5,Medium,Active
278,Michelle Johnson,59,Male,Delhi,Business,2428309.09,620,15,Medium,Inactive
279,Stephanie Gonzalez,20,Male,Hyderabad,Analyst,2460364.55,695,10,High,Inactive
280,Kaitlin Arnold,55,Female,Mumbai,Business,975565.24,742,8,Medium,Inactive
281,Carol Patel,26,Female,Delhi,Doctor,2382692.65,786,5,Medium,Inactive
282,Ricky Farley,22,Female,Pune,Analyst,1459508.3,734,14,Medium,Inactive
283,Vicki Andrews,69,Male,Pune,Engineer,2351432.07,486,4,Low,Active
284,Sharon Jackson,34,Female,Delhi,Analyst,2978008.72,688,3,Low,Inactive
285,Paul Johnson,37,Male,Bangalore,Analyst,2859700.83,562,12,Low,Inactive
286,Rebecca Evans,58,Male,Kolkata,Analyst,2806530.2,587,8,Low,Inactive
287,Jennifer Mitchell,25,Female,Kolkata,Engineer,1180434.75,834,1,Low,Inactive
288,Kelsey Matthews,68,Male,Bangalore,Business,2575450.73,530,9,Low,Inactive
289,Lori Johnson,21,Female,Delhi,Business,2685023.44,788,15,Low,Active
290,Jacqueline Lewis,28,Male,Chennai,Doctor,1102267.34,649,15,High,Inactive
291,Anthony Roberts,56,Female,Chennai,Teacher,2286703.39,587,12,High,Inactive
292,Joseph Gutierrez,58,Male,Delhi,Manager,2467681.93,379,5,High,Active
293,Thomas Baker DDS,31,Female,Bangalore,Analyst,726568.45,726,14,Medium,Inactive
294,Theresa Barnes,39,Male,Mumbai,Doctor,842618.38,564,1,Low,Active
295,Christopher Gonzales DVM,63,Male,Bangalore,Manager,1926690.59,360,3,Medium,Inactive
296,Victoria Sosa,38,Female,Kolkata,Doctor,1612058.61,430,4,Low,Active
297,Benjamin Alvarado,37,Female,Kolkata,Analyst,260347.61,467,10,Medium,Active
298,Matthew Collins,42,Male,Bangalore,Manager,482906.03,486,2,High,Active
299,Carolyn Flowers,70,Female,Ahmedabad,Business,1410830.65,394,14,Low,Active
300,Tina Duffy PhD,47,Male,Chennai,Manager,1678977.12,572,2,Medium,Inactive
301,Sean Peck,21,Female,Kolkata,Business,2835011.0,376,10,Medium,Active
302,David Norris,34,Female,Delhi,Manager,640558.87,754,6,Medium,Inactive
303,Christopher Navarro,25,Male,Pune,Doctor,1897924.59,460,14,Low,Inactive
304,John Navarro,42,Female,Bangalore,Doctor,2682027.1,822,1,Low,Active
305,Andrea Clay,30,Male,Mumbai,Doctor,2674365.7,508,10,Medium,Inactive
306,Maria Ingram,18,Male,Kolkata,Engineer,1077617.8,681,12,Low,Active
307,Adam Spence,23,Male,Bangalore,Analyst,1517862.37,407,6,High,Inactive
308,Julie Greene,62,Male,Delhi,Business,521402.61,347,9,High,Inactive
309,Angela Diaz,65,Female,Chennai,Engineer,1487137.72,447,7,Medium,Active
310,Timothy Smith,36,Female,Hyderabad,Engineer,2294102.77,731,4,High,Active
311,Stephen Davenport,43,Female,Hyderabad,Teacher,1650444.36,327,10,High,Inactive
312,Jason Hernandez,65,Male,Hyderabad,Manager,1324993.94,304,12,Medium,Active
313,Timothy Wilson,29,Male,Chennai,Analyst,1230154.4,447,15,Medium,Active
314,Mary Taylor,45,Male,Ahmedabad,Doctor,671504.75,719,8,Low,Active
315,Shawn Walters,66,Male,Ahmedabad,Manager,2692852.56,512,6,Low,Active
316,David Stone,57,Female,Delhi,Teacher,2142309.7,748,4,Low,Inactive
317,Robin Hunter,22,Female,Mumbai,Doctor,2726460.51,489,2,High,Active
318,Lauren Kennedy,25,Male,Chennai,Doctor,546907.01,570,15,Low,Active
319,Craig Johnson,36,Female,Pune,Business,1068998.43,817,11,Low,Active
320,Kelly Allen,41,Female,Hyderabad,Doctor,441861.16,841,5,Low,Inactive
321,Cody Moore,35,Male,Delhi,Analyst,2909585.84,447,1,Medium,Inactive
322,Brenda Foley,41,Male,Delhi,Engineer,2566530.27,535,4,High,Inactive
323,Ryan Davis,33,Female,Kolkata,Business,1902198.69,769,10,Low,Active
324,Kathleen Garcia,41,Female,Ahmedabad,Teacher,1777096.54,800,11,Low,Inactive
325,Andrew Fletcher,50,Female,Hyderabad,Engineer,2202580.7,505,8,Medium,Inactive
326,Linda Thomas,53,Female,Chennai,Manager,802488.83,302,3,High,Active
327,Gregory Dominguez,28,Male,Delhi,Teacher,934014.17,309,15,High,Inactive
328,Kristina Salazar,50,Male,Mumbai,Engineer,1747112.11,824,4,High,Inactive
329,Lauren Miller,45,Male,Delhi,Teacher,1841336.09,833,2,Low,Inactive
330,Ryan Solomon,27,Female,Mumbai,Engineer,2231082.76,771,5,High,Active
331,Anthony Hammond,30,Female,Bangalore,Analyst,1770526.93,644,14,Medium,Inactive
332,Sean Hernandez,44,Male,Chennai,Analyst,606726.71,390,3,High,Active
333,Anthony Chapman,64,Male,Chennai,Engineer,830170.69,420,11,Medium,Inactive
334,Brian Spencer,22,Female,Ahmedabad,Doctor,621524.5,594,5,Low,Active
335,Michael Perry,48,Male,Hyderabad,Engineer,1095506.22,589,15,Medium,Inactive
336,Bruce Jordan,23,Female,Hyderabad,Manager,1396450.62,758,3,Medium,Active
337,Matthew Bennett,57,Female,Pune,Business,396424.68,465,13,Low,Active
338,Vanessa Vega,60,Male,Pune,Analyst,1254671.05,395,2,Medium,Inactive
339,William Hooper,64,Female,Ahmedabad,Business,424179.18,504,15,Medium,Inactive
340,Yolanda Pope,56,Female,Kolkata,Business,1929616.11,455,2,Low,Active
341,Trevor Hall,46,Female,Pune,Business,1276917.52,667,10,Low,Active
342,Matthew Hernandez,58,Male,Pune,Business,2899815.69,394,3,Low,Active
343,Corey Cardenas,50,Male,Kolkata,Teacher,2904494.81,604,3,Medium,Inactive
344,Jeffrey Hanson,59,Male,Chennai,Doctor,2511232.58,613,2,High,Inactive
345,Robert Wilson,38,Male,Ahmedabad,Business,1947266.9,391,1,High,Inactive
346,Kristopher Washington,32,Female,Mumbai,Analyst,585869.29,542,15,High,Active
347,Emily Hall,58,Male,Bangalore,Engineer,1168323.08,783,3,Low,Active
348,Danny Davies,41,Female,Ahmedabad,Analyst,736108.52,483,9,Low,Active
349,Jennifer Reed,28,Male,Bangalore,Manager,589998.8,598,2,Medium,Active
350,James Jones,64,Male,Pune,Manager,749017.77,622,15,Low,Active
351,Julie Robinson,45,Female,Kolkata,Engineer,308531.8,456,1,Low,Active
352,Justin Copeland,53,Female,Delhi,Engineer,1317421.45,658,5,Medium,Active
353,Amanda Mcknight,53,Female,Delhi,Business,625709.62,743,5,Medium,Active
354,Monica Crane,55,Female,Kolkata,Manager,584943.84,590,14,Low,Active
355,Stacey Russell,24,Male,Pune,Manager,1117560.87,647,11,High,Active
356,Thomas Kelly,61,Female,Mumbai,Business,1726371.81,713,8,Medium,Inactive
357,Christopher Lowery,63,Male,Delhi,Manager,440430.11,552,11,High,Inactive
358,Kelsey Brown,69,Male,Mumbai,Teacher,1053432.57,571,12,High,Inactive
359,Christopher Russell,23,Male,Ahmedabad,Teacher,2904812.83,808,12,High,Active
360,Tracy Johnson,57,Female,Chennai,Analyst,1480911.73,650,3,Low,Active
361,Steven Pierce,24,Male,Pune,Analyst,478885.4,739,12,Medium,Active
362,Robert Williamson,39,Female,Mumbai,Business,2892826.42,739,11,Medium,Inactive
363,Phillip Parsons,67,Male,Ahmedabad,Business,514098.96,376,3,High,Inactive
364,Robert Daniel,27,Male,Chennai,Teacher,2457494.94,498,2,High,Active
365,Whitney Meyer,63,Male,Mumbai,Teacher,1810847.36,685,15,Medium,Active
366,Terry Garrison,50,Male,Kolkata,Business,1298008.76,807,12,Medium,Inactive
367,Heather Martinez,28,Female,Bangalore,Engineer,1547180.09,813,1,Low,Active
368,Joseph Washington DDS,55,Female,Kolkata,Engineer,1911162.31,303,5,Low,Inactive
369,Kelly Schneider,42,Male,Delhi,Engineer,2719328.03,540,3,Low,Inactive
370,Mark Harris,69,Female,Pune,Doctor,2886603.56,560,7,Low,Inactive
371,Michael Miller,19,Female,Pune,Analyst,2155246.9,611,12,High,Inactive
372,Austin Ward,41,Male,Hyderabad,Teacher,504411.38,717,10,Low,Inactive
373,Holly Huynh,42,Male,Chennai,Engineer,1523774.45,321,2,Medium,Active
374,April Taylor,37,Female,Pune,Business,2379557.38,712,9,Low,Inactive
375,Ian Burns,57,Male,Pune,Business,2526375.93,530,9,High,Inactive
376,Thomas Johns,55,Female,Hyderabad,Doctor,2217635.45,434,1,Low,Active
377,Daniel Conrad,23,Male,Hyderabad,Engineer,865861.52,811,11,Low,Active
378,Shaun Duarte,53,Male,Bangalore,Doctor,647366.5,608,2,Low,Active
379,Barbara Jimenez,44,Male,Bangalore,Manager,2200067.92,789,1,High,Active
380,Alyssa Solis,59,Female,Chennai,Teacher,526793.79,807,11,Medium,Inactive
381,Luis Russell,27,Female,Delhi,Teacher,2050240.34,597,4,Low,Active
382,Brooke Johnson,28,Female,Kolkata,Teacher,1251304.46,814,13,High,Active
383,Beth Brown,43,Male,Delhi,Teacher,2889810.45,520,7,Medium,Inactive
384,James Burton,64,Female,Delhi,Engineer,414862.67,385,1,Low,Active
385,Gordon Johnson,58,Male,Pune,Teacher,2577127.93,754,9,High,Active
386,John Schneider,67,Female,Ahmedabad,Business,2661514.01,770,9,High,Inactive
387,Brian Vasquez,59,Female,Kolkata,Business,2620650.53,830,12,High,Inactive
388,Timothy Peters,21,Female,Hyderabad,Teacher,766137.95,496,8,Low,Active
389,Joseph Smith,43,Female,Delhi,Teacher,1219117.32,798,2,Low,Inactive
390,Michael Christian,38,Male,Delhi,Business,530535.65,719,15,High,Inactive
391,Mitchell Smith,27,Female,Kolkata,Analyst,2368141.52,683,14,Medium,Active
392,Michael Higgins,68,Male,Pune,Analyst,2159024.59,549,14,High,Inactive
393,Cameron Taylor,53,Female,Mumbai,Manager,2110699.67,470,12,Medium,Active
394,John Smith,54,Female,Delhi,Teacher,1252967.51,463,3,Medium,Active
395,Anthony Ward,19,Male,Kolkata,Business,459766.14,537,8,High,Inactive
396,Joanna Medina,62,Female,Kolkata,Analyst,672499.47,784,7,High,Active
397,Jason Mclean,42,Female,Hyderabad,Teacher,651025.58,835,8,Low,Inactive
398,Jennifer Lowe,30,Male,Hyderabad,Business,1292278.05,726,3,High,Inactive
399,Laura Kerr,69,Male,Delhi,Analyst,2138342.73,680,5,High,Active
400,Kristin Smith,62,Female,Ahmedabad,Engineer,635779.77,351,14,Low,Active
401,Lisa Baker,48,Male,Mumbai,Doctor,2809962.41,806,12,High,Active
402,Patrick Taylor,42,Female,Hyderabad,Manager,2394287.26,324,2,High,Active
403,Rebecca Robbins,22,Male,Pune,Doctor,1502079.75,701,2,Low,Inactive
404,Emily Woods,21,Male,Ahmedabad,Doctor,726941.19,438,2,Low,Active
405,Scott Pineda,33,Male,Mumbai,Engineer,931809.89,675,10,Low,Inactive
406,Erin Campbell,64,Female,Kolkata,Manager,1188469.81,807,2,Medium,Active
407,Michelle Moore,34,Male,Chennai,Business,2382509.05,446,13,High,Inactive
408,Glenn Pugh,43,Female,Bangalore,Manager,1250304.07,592,13,Medium,Active
409,Jamie Dodson,30,Female,Pune,Analyst,1209140.62,720,13,High,Active
410,Anthony Barron,64,Female,Pune,Doctor,1669979.79,577,10,High,Inactive
411,John Oconnell,46,Female,Pune,Business,2625425.57,607,14,Medium,Active
412,Joel Sutton,67,Female,Pune,Doctor,2117736.33,807,15,Medium,Inactive
413,Nicole Johnson,48,Female,Hyderabad,Engineer,1702652.57,542,4,High,Inactive
414,Melissa Thomas,26,Male,Delhi,Engineer,2000421.48,309,4,Low,Active
415,Robert Sanders,53,Female,Chennai,Teacher,284044.99,508,8,Medium,Active
416,Tracy Mitchell,64,Male,Bangalore,Manager,1893672.2,520,9,Medium,Inactive
417,Thomas Jones DVM,19,Male,Delhi,Engineer,1704317.96,712,14,Low,Inactive
418,Sarah Osborne,63,Male,Bangalore,Doctor,1304396.49,592,5,Medium,Active
419,Angela Best,45,Female,Kolkata,Teacher,2322938.76,319,15,High,Active
420,Pamela Cain,46,Female,Pune,Manager,599718.21,440,2,High,Active
421,Jamie Washington,22,Male,Hyderabad,Business,497195.29,601,15,High,Inactive
422,Xavier Clark,58,Female,Hyderabad,Doctor,1118496.47,769,3,Medium,Inactive
423,Christopher Dominguez,64,Male,Mumbai,Teacher,2776481.64,573,9,High,Inactive
424,Jay Hancock,30,Male,Chennai,Business,477208.95,719,6,Low,Active
425,Janet Reyes,45,Male,Pune,Manager,2249864.62,518,15,High,Inactive
426,David Hart,47,Male,Delhi,Analyst,2443189.69,751,15,Medium,Active
427,Jessica Adams,24,Male,Mumbai,Engineer,1929350.09,403,11,Medium,Inactive
428,Donna Smith,66,Female,Chennai,Doctor,2574395.5,411,5,High,Active
429,Dana Garcia,44,Male,Bangalore,Manager,1848845.54,612,3,Medium,Active
430,Teresa Gallagher,29,Female,Delhi,Business,1543148.25,708,15,Low,Inactive
431,David Cruz,21,Female,Bangalore,Doctor,897094.63,331,11,Medium,Active
432,James White,56,Male,Bangalore,Engineer,2375034.93,543,1,Medium,Active
433,James Haas,24,Female,Bangalore,Manager,2336529.82,632,1,Medium,Inactive
434,John Rivera,24,Female,Delhi,Manager,792622.98,715,7,Medium,Inactive
435,Brittany Patrick,29,Male,Bangalore,Business,2231363.55,791,12,Low,Inactive
436,Patrick Richardson,47,Male,Ahmedabad,Engineer,2109290.25,755,15,Medium,Inactive
437,Russell Sexton,20,Male,Bangalore,Teacher,2575413.52,730,8,Low,Inactive
438,Matthew Pittman,34,Male,Hyderabad,Doctor,723665.44,679,7,Medium,Active
439,Calvin Knight,41,Male,Bangalore,Analyst,959051.68,554,1,High,Active
440,James Rodriguez MD,49,Female,Bangalore,Business,2164396.61,405,3,Low,Active
441,Sherry Campbell,63,Female,Kolkata,Manager,2971650.9,506,14,Medium,Active
442,Mary Richardson,21,Male,Hyderabad,Business,1609331.86,643,13,Low,Active
443,Jesse Aguilar,32,Male,Chennai,Engineer,2340914.1,617,4,Low,Inactive
444,James Navarro,28,Female,Hyderabad,Teacher,1880518.1,696,13,High,Inactive
445,Lori Long,27,Male,Kolkata,Business,2973275.34,773,8,High,Active
446,Patricia Mcgrath,27,Female,Ahmedabad,Manager,2010859.36,722,3,High,Inactive
447,Jason Davis,42,Female,Delhi,Business,1550458.98,726,12,Medium,Inactive
448,Joshua Cook,35,Female,Ahmedabad,Teacher,870426.87,308,5,Medium,Active
449,Jennifer Wright,36,Male,Mumbai,Analyst,1504364.85,793,4,High,Inactive
450,Ashley Ford,25,Male,Pune,Business,2206973.92,559,10,Medium,Active
451,Reginald Lee,24,Male,Kolkata,Engineer,908757.34,507,1,Low,Active
452,John Olson,46,Male,Pune,Manager,2437938.56,393,2,Low,Active
453,Stephanie Yu,42,Male,Kolkata,Analyst,335843.51,838,12,High,Inactive
454,David Barber,46,Male,Mumbai,Engineer,1770758.43,462,10,Low,Inactive
455,Adriana Anderson,33,Female,Pune,Teacher,1356007.1,637,9,Low,Active
456,Tracy Lamb,63,Female,Ahmedabad,Business,985694.53,543,1,Medium,Active
457,James Hodges,55,Male,Delhi,Analyst,1457455.25,426,6,Low,Inactive
458,Alan Smith,21,Male,Hyderabad,Manager,2054877.31,764,8,Low,Active
459,James Ellis,54,Female,Ahmedabad,Engineer,1815249.12,630,3,Low,Inactive
460,Matthew Bailey,26,Female,Mumbai,Analyst,2708026.33,620,11,Low,Inactive
461,Marcus Hardin,35,Male,Kolkata,Teacher,1952351.38,717,15,Low,Inactive
462,Marissa Barron,38,Male,Bangalore,Manager,1155612.28,446,13,Medium,Inactive
463,Logan Neal,22,Male,Delhi,Manager,829761.05,537,6,Low,Inactive
464,Michelle Hanson,43,Female,Delhi,Doctor,2149353.88,823,12,Medium,Inactive
465,Kyle Roberts,18,Male,Chennai,Teacher,621596.66,694,14,Low,Active
466,Michael Smith,69,Male,Mumbai,Doctor,2904264.87,812,4,Low,Active
467,Jacob Alexander,39,Female,Delhi,Manager,1044767.42,672,2,Low,Inactive
468,Kristin Alexander,21,Female,Delhi,Manager,1858654.67,580,5,Low,Inactive
469,Helen Carr,62,Male,Chennai,Engineer,1707767.17,584,9,Low,Inactive
470,Sharon Estrada,30,Male,Kolkata,Business,2105105.32,847,6,High,Active
471,Dr. Christopher Green,65,Female,Mumbai,Analyst,2704801.7,415,3,Low,Inactive
472,Anthony Dalton,47,Female,Pune,Teacher,533864.92,480,8,Medium,Inactive
473,Jamie Payne,42,Male,Mumbai,Business,2730709.31,811,15,Medium,Active
474,Veronica Neal,69,Female,Delhi,Teacher,2039205.66,483,13,Medium,Active
475,Vanessa Rogers,65,Female,Chennai,Teacher,1377499.42,309,6,High,Active
476,Gabriel Lutz,21,Female,Mumbai,Engineer,1656167.02,700,2,Medium,Active
477,Kevin Gonzalez,60,Male,Hyderabad,Teacher,1957974.31,315,4,High,Inactive
478,David French PhD,32,Female,Mumbai,Business,765809.99,406,6,Medium,Active
479,Christopher Garcia,44,Female,Pune,Analyst,269393.25,420,2,Medium,Active
480,Amy Kelly,32,Male,Pune,Teacher,2233634.16,459,8,Medium,Inactive
481,Anthony Johnson,24,Male,Kolkata,Analyst,1261258.84,529,5,Low,Inactive
482,Vincent Hale,30,Male,Delhi,Engineer,906631.38,779,1,High,Active
483,Ann Sanders,57,Female,Ahmedabad,Analyst,2077958.56,374,9,Low,Active
484,Bobby Sims,51,Male,Delhi,Engineer,2884921.36,464,9,Medium,Active
485,Vanessa Jensen,54,Female,Pune,Teacher,2320272.84,629,9,Low,Inactive
486,Xavier Carroll,28,Female,Kolkata,Engineer,1809741.11,494,12,High,Active
487,John Colon,48,Male,Hyderabad,Manager,2383579.99,812,15,Low,Active
488,Tiffany Cruz,34,Male,Bangalore,Analyst,2571581.33,312,9,Medium,Active
489,Jason Bowman,67,Male,Delhi,Doctor,1731540.7,805,12,High,Active
490,Megan Christensen,70,Female,Bangalore,Engineer,540277.47,452,15,Medium,Active
491,Shawn George,37,Male,Pune,Engineer,2646548.96,412,6,Medium,Active
492,Brian Finley,68,Male,Mumbai,Engineer,2812374.39,571,12,Medium,Inactive
493,Cynthia Schwartz,70,Female,Delhi,Doctor,1140202.41,822,14,High,Inactive
494,Roy Torres,59,Male,Delhi,Engineer,1966849.03,717,8,Medium,Active
495,Kelly Hernandez,66,Female,Ahmedabad,Manager,1784645.52,343,8,High,Inactive
496,Tamara Young,57,Male,Mumbai,Teacher,1240065.51,330,14,Medium,Inactive
497,Jonathan Hawkins,54,Female,Delhi,Engineer,2970284.54,546,6,High,Active
498,Joshua Mcdonald,33,Female,Hyderabad,Engineer,1890660.97,530,13,Low,Active
499,Eric Tran,44,Female,Bangalore,Engineer,2991056.13,617,1,Low,Inactive
500,Katherine Kemp DDS,33,Male,Bangalore,Doctor,1696087.78,491,14,Low,Inactive
501,Jocelyn Eaton,68,Male,Mumbai,Business,883043.19,777,1,Medium,Inactive
502,Matthew Morris,40,Male,Delhi,Doctor,1413315.29,537,15,High,Active
503,Janice Maddox,50,Male,Delhi,Business,2184577.48,330,11,Low,Inactive
504,Timothy Reid,44,Female,Chennai,Doctor,2804338.8,434,9,Medium,Inactive
505,Karen Bradley,42,Male,Hyderabad,Business,660215.08,680,4,Medium,Inactive
506,Richard Carrillo,66,Female,Kolkata,Engineer,1593688.05,772,10,High,Active
507,David Lewis,24,Male,Ahmedabad,Business,1739070.86,497,7,Low,Active
508,Mary Jenkins,54,Male,Bangalore,Manager,2157988.91,466,10,High,Active
509,James Mendez,58,Male,Chennai,Business,805049.84,738,3,Low,Inactive
510,Anthony Marsh,55,Male,Hyderabad,Manager,2690893.38,614,4,Medium,Inactive
511,Scott Bond,50,Male,Bangalore,Doctor,2344817.59,825,5,Medium,Inactive
512,Desiree Townsend,62,Male,Ahmedabad,Engineer,2590055.83,559,4,Low,Inactive
513,Mr. Bradley Marshall Jr.,21,Male,Pune,Analyst,1182433.47,369,14,Low,Active
514,Benjamin Cooke,67,Male,Pune,Doctor,1480740.77,718,5,High,Inactive
515,Teresa Parrish,54,Male,Chennai,Engineer,1161802.6,700,15,Low,Active
516,David Allen,69,Male,Ahmedabad,Analyst,1171307.25,477,4,Low,Active
517,Tyler Holland,55,Female,Kolkata,Manager,1782980.14,581,14,Low,Inactive
518,Curtis Humphrey,57,Male,Kolkata,Business,2188834.44,668,15,Medium,Inactive
519,Julie Barrera,62,Male,Mumbai,Teacher,2678191.57,366,10,High,Inactive
520,Mr. Gerald Thompson MD,48,Female,Chennai,Doctor,739614.76,336,10,Low,Active
521,Terri Mendoza,30,Male,Kolkata,Teacher,1279402.12,520,3,High,Inactive
522,Eric Gonzales,28,Male,Pune,Teacher,960530.28,499,10,Medium,Active
523,Emily Ford,34,Male,Ahmedabad,Manager,873570.49,618,2,High,Active
524,Kathryn Burke,18,Female,Bangalore,Analyst,1795179.16,803,9,Low,Active
525,James Miller,18,Male,Pune,Teacher,2524380.89,428,13,Low,Inactive
526,Douglas Brown,38,Male,Ahmedabad,Business,1839748.33,727,2,Low,Inactive
527,Elizabeth Bond,51,Male,Kolkata,Teacher,1789910.12,739,13,High,Active
528,Jacob Reynolds,22,Male,Bangalore,Doctor,383190.99,820,5,Low,Active
529,Gary Smith,63,Female,Bangalore,Teacher,2949986.47,371,5,High,Active
530,Scott Little,19,Male,Pune,Teacher,665148.63,726,12,Medium,Inactive
531,Jeffrey Thompson,44,Male,Pune,Manager,1736345.22,664,13,Medium,Active
532,Amber Snyder,36,Female,Chennai,Manager,1813172.17,346,10,Medium,Active
533,Zachary Stone,66,Male,Chennai,Analyst,1826042.76,450,5,Low,Active
534,Angela Taylor,29,Female,Bangalore,Teacher,2517069.48,552,12,High,Inactive
535,Tammy Gentry,56,Male,Hyderabad,Manager,314829.33,825,13,Low,Inactive
536,Ann Rose,40,Female,Mumbai,Manager,2258153.27,715,12,Medium,Inactive
537,Eric Nunez,24,Female,Bangalore,Business,950118.18,654,1,High,Inactive
538,Wendy Myers,43,Female,Bangalore,Manager,2907294.06,754,2,Medium,Inactive
539,Tim Boyle,36,Male,Delhi,Engineer,2493990.44,557,14,Low,Inactive
540,Jackie Lloyd,34,Female,Mumbai,Business,2402470.55,803,4,High,Active
541,Stephanie Rosario,64,Female,Delhi,Business,827536.15,782,7,High,Active
542,Dr. Brenda Edwards,46,Male,Bangalore,Business,2383989.31,797,2,High,Inactive
543,Jose Reed,62,Male,Mumbai,Doctor,2792247.18,480,13,High,Inactive
544,Travis Miller,68,Male,Pune,Engineer,760931.32,729,10,Medium,Active
545,Patricia Day,47,Male,Hyderabad,Teacher,1891027.21,340,1,Medium,Inactive
546,David Robinson,67,Female,Pune,Manager,2410457.44,820,14,Medium,Inactive
547,Nicholas Powell,30,Male,Delhi,Engineer,918089.01,806,5,Low,Active
548,Gabriel Sosa,69,Male,Pune,Teacher,1518290.86,427,2,Medium,Active
549,Ryan Cooley,24,Male,Mumbai,Engineer,2331983.41,827,2,Low,Inactive
550,Aaron Hickman DDS,68,Male,Pune,Manager,551575.81,770,10,Medium,Inactive
551,Michael Gross Jr.,35,Male,Chennai,Engineer,386831.87,807,15,Medium,Inactive
552,Jason Navarro,58,Female,Mumbai,Engineer,2839704.65,370,13,Medium,Active
553,Nathan Williams,49,Female,Ahmedabad,Analyst,1365251.36,790,14,Medium,Active
554,John Guzman,46,Female,Bangalore,Doctor,2151396.3,474,13,High,Active
555,Jeffrey Jones,56,Female,Ahmedabad,Manager,1768396.05,779,2,High,Active
556,Cynthia Henderson,41,Female,Delhi,Teacher,1518803.63,723,1,Low,Inactive
557,Chad Manning,55,Male,Pune,Doctor,2251060.84,614,14,Medium,Inactive
558,Zachary Blanchard,39,Female,Kolkata,Teacher,2657840.37,612,15,High,Inactive
559,Jennifer Ryan,30,Male,Kolkata,Business,1908993.12,318,13,Low,Active
560,Todd Armstrong,26,Male,Kolkata,Doctor,415155.79,786,3,Medium,Active
561,Toni Morgan,57,Female,Chennai,Business,2157627.82,691,15,High,Active
562,Connor Morgan,60,Female,Bangalore,Teacher,1022392.37,495,1,Medium,Inactive
563,Andrew Fowler,68,Female,Ahmedabad,Engineer,280438.4,574,6,Medium,Active
564,Tina Jones,59,Female,Chennai,Engineer,1169205.2,767,12,Low,Inactive
565,Jerry Smith,46,Male,Bangalore,Analyst,1997688.88,486,10,Low,Inactive
566,Kim Rosario,29,Female,Ahmedabad,Teacher,905164.55,724,1,Medium,Active
567,Jennifer Hickman,66,Female,Kolkata,Business,2224666.76,501,15,Medium,Inactive
568,Kristi Bush,68,Male,Delhi,Engineer,1772441.45,539,10,Medium,Active
569,Sarah Vasquez,26,Female,Mumbai,Business,1280274.5,635,9,High,Inactive
570,Jessica Wagner,34,Female,Bangalore,Analyst,1936430.78,759,7,Low,Active
571,Richard Henderson,44,Male,Ahmedabad,Business,1806809.66,594,11,Medium,Inactive
572,Lori Mann,47,Female,Delhi,Doctor,1258492.07,530,7,Low,Inactive
573,Lisa Sullivan,29,Female,Bangalore,Doctor,2853070.17,449,10,Low,Inactive
574,Bonnie Yates,51,Female,Kolkata,Business,627143.59,449,9,Low,Inactive
575,Erica Schmidt,35,Female,Bangalore,Manager,1830755.79,841,7,High,Inactive
576,Brenda Morales,55,Male,Delhi,Doctor,814616.93,612,12,Low,Active
577,Samuel Hayes,59,Male,Chennai,Engineer,1181366.68,812,6,Low,Active
578,Caitlyn Estrada,47,Female,Delhi,Manager,2171818.97,631,6,Medium,Active
579,Jared Barton,18,Male,Kolkata,Teacher,2966966.69,691,5,High,Active
580,Eric Mosley,58,Male,Mumbai,Doctor,812345.75,780,12,High,Inactive
581,Lisa Larson,68,Male,Kolkata,Teacher,264404.81,574,6,High,Active
582,Tara Hill,23,Female,Hyderabad,Teacher,451438.76,364,1,Medium,Active
583,Thomas Black,37,Female,Hyderabad,Business,1381764.41,848,2,Medium,Inactive
584,Jamie Ruiz,55,Female,Chennai,Analyst,1514052.43,338,10,Low,Active
585,Gregory Colon,31,Female,Ahmedabad,Teacher,2171921.96,549,7,Medium,Inactive
586,Michelle Shelton,57,Female,Pune,Manager,2202803.71,550,7,High,Active
587,Amy Cole DVM,37,Female,Ahmedabad,Analyst,727981.99,336,1,Low,Active
588,Gary Jones,36,Male,Bangalore,Business,1760911.43,358,15,Medium,Active
589,Michael Burnett,21,Male,Chennai,Doctor,916117.41,342,8,Medium,Inactive
590,Nathan Edwards,32,Male,Chennai,Business,1564460.58,348,13,Low,Active
591,Christina Salazar,26,Female,Kolkata,Analyst,1574358.81,770,8,Low,Active
592,Glenn Williams,53,Male,Hyderabad,Manager,1992264.92,662,8,Medium,Inactive
593,James Rodriguez,40,Female,Ahmedabad,Engineer,1461345.81,643,7,Low,Active
594,Michael Hahn,65,Male,Mumbai,Business,2088755.16,675,11,High,Inactive
595,Sandra Edwards,50,Female,Pune,Business,639519.3,434,1,Medium,Active
596,Margaret Pope,58,Female,Kolkata,Engineer,1958710.62,328,8,High,Inactive
597,Daniel Sanders,35,Male,Chennai,Analyst,1484863.89,388,2,High,Inactive
598,Samuel Richards,25,Male,Hyderabad,Doctor,1475487.0,664,11,High,Inactive
599,David Rodriguez,57,Female,Pune,Teacher,1844544.87,478,9,Medium,Active
600,Jennifer Rubio,26,Male,Mumbai,Teacher,304159.55,843,15,Low,Inactive
601,Andrew Sanders,33,Male,Kolkata,Business,2847232.21,481,14,Low,Inactive
602,Thomas Jacobs,42,Female,Kolkata,Business,1755717.1,797,2,High,Inactive
603,Valerie Sanchez,58,Male,Chennai,Analyst,2744426.7,806,4,Low,Active
604,Robert Martin,69,Male,Chennai,Manager,2301048.31,543,2,Medium,Inactive
605,Garrett Patel,25,Male,Ahmedabad,Analyst,2590310.05,429,7,Low,Active
606,Rebecca Dunlap,35,Male,Bangalore,Analyst,801727.23,622,14,Low,Inactive
607,Amanda Jones,49,Male,Kolkata,Teacher,784940.51,512,14,Medium,Active
608,Melissa Hanson,63,Female,Pune,Doctor,2425715.04,704,3,Medium,Inactive
609,Casey Gibson,20,Male,Delhi,Teacher,802543.78,681,13,Medium,Active
610,Karen Hunt,64,Male,Chennai,Teacher,2787244.66,356,3,Low,Inactive
611,Debbie Wolfe,23,Female,Ahmedabad,Teacher,299024.24,824,7,High,Active
612,Jason Torres,52,Male,Chennai,Analyst,2378854.19,835,10,High,Active
613,Karen Green,21,Male,Ahmedabad,Business,2708269.69,646,15,High,Active
614,Philip Harmon,62,Male,Hyderabad,Manager,1257066.33,731,3,Low,Inactive
615,Mark Vaughn,19,Male,Hyderabad,Business,2535748.78,443,11,Medium,Active
616,Joel Bell,63,Male,Ahmedabad,Engineer,1449190.25,777,13,Low,Inactive
617,Brad Pena,69,Female,Delhi,Doctor,446898.89,523,6,High,Inactive
618,Rachel Huang,19,Male,Mumbai,Manager,2328275.83,408,1,High,Inactive
619,Brian Scott,18,Male,Chennai,Manager,2542894.06,671,14,High,Inactive
620,Diane Hardy,40,Male,Ahmedabad,Doctor,2017479.16,304,6,Medium,Active
621,Kevin Tucker,65,Male,Bangalore,Business,1479291.57,687,6,Medium,Active
622,Abigail Scott,48,Female,Mumbai,Manager,2592848.35,407,10,Low,Inactive
623,Scott Daniels,37,Female,Pune,Analyst,2752555.92,600,10,Low,Active
624,Oscar Cruz,21,Female,Delhi,Manager,2028456.03,807,6,High,Active
625,Brittany Garcia,65,Male,Hyderabad,Engineer,412056.29,831,1,High,Active
626,Robert Wright,42,Female,Delhi,Manager,2361094.45,405,4,Medium,Inactive
627,David Watkins,62,Female,Hyderabad,Engineer,2607750.02,531,13,Low,Active
628,Sheila Torres,38,Female,Pune,Teacher,2737012.29,826,14,Low,Active
629,Brett Cohen,42,Male,Ahmedabad,Engineer,1295247.77,420,9,Low,Active
630,Melvin Pham,48,Female,Bangalore,Doctor,842466.0,534,12,Low,Active
631,Jeffrey Richards,43,Female,Bangalore,Doctor,596991.21,468,1,High,Inactive
632,William Russell,67,Male,Kolkata,Engineer,1538694.21,486,5,Medium,Inactive
633,Jocelyn Herrera,44,Male,Delhi,Doctor,1436180.95,539,2,Low,Inactive
634,Joseph Gill,61,Female,Chennai,Teacher,308553.3,547,13,High,Inactive
635,Brenda Kirk,41,Male,Chennai,Engineer,826143.55,623,15,Medium,Inactive
636,Wayne Aguilar,49,Female,Hyderabad,Manager,1762062.36,303,2,Medium,Inactive
637,Robin Hernandez DDS,29,Male,Chennai,Doctor,487067.9,409,10,High,Active
638,Thomas Williams,60,Male,Mumbai,Doctor,2342112.19,637,15,High,Inactive
639,Edwin Morales,48,Female,Pune,Manager,2489145.31,647,1,Medium,Inactive
640,Christina Koch,19,Female,Pune,Teacher,2591764.44,701,8,Low,Inactive
641,Michael Hill,21,Male,Bangalore,Engineer,2499032.79,514,12,High,Inactive
642,Rachel Ferguson,55,Female,Mumbai,Engineer,1122303.62,758,4,Low,Inactive
643,John Bates,57,Male,Bangalore,Doctor,482482.11,464,1,Medium,Active
644,Ronnie Contreras,56,Female,Bangalore,Business,2769086.76,454,11,High,Inactive
645,Alice Barnes,35,Male,Mumbai,Teacher,1313586.5,828,4,Low,Active
646,Jesse Carr MD,25,Female,Hyderabad,Analyst,534796.07,795,13,Medium,Inactive
647,Jill Wolf,67,Female,Mumbai,Doctor,2832912.77,324,9,High,Inactive
648,Natasha Hebert,18,Male,Ahmedabad,Manager,2146333.22,407,1,Low,Active
649,Felicia Thompson,30,Female,Delhi,Teacher,2316728.04,476,14,High,Inactive
650,Austin Ortiz,63,Female,Delhi,Doctor,2083428.31,351,8,Medium,Active
651,Robert Williams,39,Female,Delhi,Engineer,1021191.43,628,4,High,Inactive
652,Richard Hamilton,67,Male,Delhi,Business,2030584.05,459,11,Low,Inactive
653,Christopher Allen,51,Male,Chennai,Business,1662809.81,491,10,Medium,Active
654,Trevor Howard,68,Female,Mumbai,Manager,630072.26,446,6,Low,Active
655,Andrea Shepherd,18,Female,Bangalore,Manager,2880438.69,530,7,Low,Active
656,Claudia Hunt,39,Female,Chennai,Business,914528.59,426,3,High,Inactive
657,Louis Anderson,27,Female,Bangalore,Teacher,326680.16,719,9,Medium,Inactive
658,Lori Wilson,22,Male,Hyderabad,Analyst,1241594.92,809,3,High,Active
659,Brett Vargas,45,Male,Pune,Engineer,2838696.57,789,6,Low,Inactive
660,Seth Sanchez,70,Male,Mumbai,Business,902877.01,710,1,Medium,Inactive
661,Alec Scott,18,Female,Pune,Analyst,2033396.63,353,8,Medium,Inactive
662,Brittney Davis,38,Female,Pune,Doctor,984504.59,849,1,High,Active
663,Joshua Shepherd,37,Male,Delhi,Analyst,1580979.31,337,5,Medium,Active
664,Mrs. Lisa Williams,53,Male,Ahmedabad,Manager,693883.04,767,15,High,Active
665,Juan Bernard,68,Male,Mumbai,Teacher,432290.77,536,6,Medium,Inactive
666,Adrienne Wade,24,Female,Bangalore,Business,1436982.65,790,3,Medium,Inactive
667,Jack Riley,44,Female,Pune,Doctor,1472609.06,538,4,High,Active
668,Destiny Frederick,23,Male,Chennai,Doctor,1388354.46,349,4,Low,Active
669,Darren Harris,70,Male,Bangalore,Business,1316403.99,720,14,High,Inactive
670,Joshua Todd,26,Male,Chennai,Analyst,1360104.56,774,4,Medium,Inactive
671,Ryan Montgomery,23,Male,Hyderabad,Doctor,2062770.08,771,6,Low,Inactive
672,Andrew Williams,46,Female,Mumbai,Manager,2626338.93,651,13,Medium,Inactive
673,Maria Sandoval,48,Male,Mumbai,Doctor,1446093.46,538,1,Low,Active
674,James Small,67,Female,Ahmedabad,Business,1964416.1,451,7,Low,Active
675,Megan Ramirez,26,Female,Mumbai,Doctor,1575942.21,573,11,Low,Active
676,Michael Cross,70,Male,Bangalore,Engineer,2029987.26,722,13,Medium,Active
677,Raymond Park,29,Male,Ahmedabad,Engineer,2610660.27,606,9,Medium,Active
678,Alicia Burgess,63,Male,Bangalore,Business,400548.93,485,3,High,Inactive
679,Christopher Mason,31,Female,Delhi,Engineer,2619444.28,416,13,Medium,Inactive
680,Brian James,63,Male,Bangalore,Analyst,1357309.04,348,3,Low,Active
681,John Graham,66,Female,Mumbai,Engineer,1320902.87,606,6,High,Inactive
682,Jesse Campbell,61,Female,Hyderabad,Engineer,876967.12,540,10,Low,Inactive
683,Jeremy Doyle,43,Female,Bangalore,Business,313948.02,334,5,Medium,Active
684,Deborah Hunt,37,Female,Chennai,Engineer,1317321.64,400,5,Low,Active
685,Jasmine Simpson,39,Female,Pune,Engineer,1688135.51,458,3,High,Inactive
686,Michael Watkins DVM,32,Male,Chennai,Engineer,362831.46,322,7,Medium,Active
687,Travis Nunez,37,Male,Hyderabad,Manager,2725537.11,503,1,Medium,Active
688,Jared Roberts,33,Male,Delhi,Teacher,2454759.2,574,1,Low,Active
689,Bryan Davis,62,Female,Delhi,Analyst,1518845.03,408,12,Low,Inactive
690,Frank Gomez,39,Male,Chennai,Doctor,847498.97,670,15,Low,Inactive
691,James Bryant,26,Female,Pune,Doctor,939276.22,408,13,Medium,Active
692,Jamie Henry,48,Male,Delhi,Engineer,967495.07,342,13,Low,Inactive
693,Ronnie Braun,58,Male,Chennai,Doctor,769648.39,695,8,Medium,Active
694,Jessica Chandler,45,Male,Hyderabad,Teacher,2581167.5,625,7,High,Inactive
695,Loretta Hernandez,50,Female,Ahmedabad,Engineer,702029.43,573,9,Medium,Inactive
696,Anthony Perez,21,Male,Bangalore,Engineer,578999.76,644,5,Low,Inactive
697,Justin Vargas,30,Female,Kolkata,Analyst,1344415.13,696,15,High,Active
698,Joy Rivera,34,Female,Ahmedabad,Teacher,1971051.56,538,5,Low,Inactive
699,Whitney Hunter MD,41,Male,Bangalore,Doctor,2651344.82,494,12,Medium,Inactive
700,Leonard Mclaughlin,45,Male,Pune,Manager,1177875.02,794,2,Low,Inactive
701,Angel Larson,57,Female,Bangalore,Manager,764070.71,789,9,Low,Active
702,Jeremy Thompson,18,Female,Delhi,Business,1812576.9,463,4,Low,Active
703,Bailey Brooks,57,Female,Mumbai,Doctor,1983672.25,627,12,High,Inactive
704,Vanessa Howard,42,Male,Bangalore,Engineer,1727551.06,826,2,Low,Inactive
705,Gary Lopez,57,Male,Hyderabad,Teacher,1741795.37,562,4,Low,Active
706,Stephanie Castaneda,44,Female,Kolkata,Business,1630383.7,499,2,Low,Active
707,James Vaughn,22,Male,Ahmedabad,Teacher,1890461.53,312,5,Medium,Active
708,Christopher Kelly,49,Female,Chennai,Manager,259225.99,341,14,High,Active
709,April Pacheco,33,Male,Mumbai,Doctor,1723936.24,815,1,Medium,Inactive
710,Johnny Collins,61,Female,Mumbai,Manager,1862092.8,564,13,Medium,Active
711,Ashley Dawson,48,Female,Kolkata,Teacher,2326501.32,762,6,High,Inactive
712,Joseph Gentry,35,Male,Hyderabad,Business,1991163.57,689,3,Medium,Active
713,Monica Nguyen,28,Male,Delhi,Business,1694338.91,486,6,Medium,Active
714,Sharon Martinez,59,Male,Delhi,Manager,1627539.11,341,10,Low,Inactive
715,Donald Carpenter,28,Male,Delhi,Engineer,631413.61,596,3,High,Inactive
716,Elizabeth Baker,20,Female,Mumbai,Doctor,1956563.32,427,8,Low,Active
717,Judith Gaines,19,Female,Chennai,Manager,953356.43,575,7,Medium,Active
718,Christy Jones,40,Male,Hyderabad,Teacher,2181494.21,638,2,Low,Active
719,Nicole Simpson,19,Female,Mumbai,Business,2980732.52,737,2,High,Active
720,Ronald Miller,39,Male,Kolkata,Engineer,615701.1,768,10,Medium,Inactive
721,Mitchell Page,42,Female,Mumbai,Business,713065.23,545,4,Medium,Active
722,Paul Herman,66,Female,Kolkata,Engineer,1474430.42,434,2,Low,Active
723,Robert Harrison,40,Female,Ahmedabad,Doctor,2650327.39,382,9,High,Inactive
724,Paul Robles,64,Male,Ahmedabad,Doctor,2312747.67,686,9,Low,Active
725,Mrs. April James DDS,55,Male,Kolkata,Manager,881673.78,503,9,High,Active
726,Gary Santos,67,Female,Hyderabad,Business,2893286.48,809,12,High,Active
727,Leslie Wilkerson,24,Female,Pune,Analyst,1148618.71,357,3,Medium,Active
728,Jacqueline Goodwin,65,Male,Pune,Manager,1470079.53,620,10,Low,Inactive
729,Michael Garcia,22,Male,Ahmedabad,Analyst,2427567.21,614,6,Medium,Inactive
730,Claudia Johnson,49,Female,Kolkata,Doctor,2737613.27,642,7,High,Inactive
731,Abigail Walsh,58,Male,Chennai,Analyst,1370823.43,410,4,Medium,Active
732,Jack Johnson,21,Female,Ahmedabad,Business,2799103.87,797,3,Medium,Active
733,Julia King,53,Male,Bangalore,Manager,1316160.81,617,5,Medium,Active
734,Jacob Dixon,27,Female,Ahmedabad,Doctor,2024316.01,824,11,High,Active
735,Nicole Graves,40,Female,Hyderabad,Analyst,1387385.86,488,4,Medium,Active
736,Mary Sims,60,Male,Hyderabad,Teacher,686771.3,588,14,High,Active
737,Daniel Campbell,49,Male,Ahmedabad,Teacher,972214.61,826,4,Medium,Active
738,Danielle Jones,33,Female,Pune,Teacher,1897873.23,548,15,Medium,Inactive
739,Angela Smith,46,Female,Kolkata,Business,1019202.28,821,13,Medium,Inactive
740,Michael Silva,32,Female,Mumbai,Analyst,1486118.93,665,11,High,Active
741,Joseph Johnson,54,Male,Ahmedabad,Engineer,2630036.12,315,6,High,Inactive
742,Lacey Washington,65,Male,Delhi,Manager,1491133.33,457,15,Medium,Active
743,Jordan Johnson,33,Male,Delhi,Analyst,541325.2,398,8,High,Active
744,Danny Rodgers,61,Female,Bangalore,Doctor,2685135.69,681,7,Medium,Active
745,Shaun Thompson,68,Male,Ahmedabad,Analyst,2674454.88,793,11,Medium,Active
746,Michael Gregory,67,Female,Pune,Analyst,1505416.64,643,14,Low,Active
747,Victor Terry,56,Female,Pune,Engineer,1499280.35,461,13,High,Active
748,Lorraine Hernandez,37,Male,Pune,Business,842084.24,561,3,Medium,Inactive
749,Veronica Burns,48,Male,Delhi,Engineer,303821.02,721,9,Low,Inactive
750,Angela Wade,31,Male,Delhi,Business,1473160.32,414,2,High,Inactive
751,Alexander Mclaughlin,28,Female,Kolkata,Engineer,2622924.21,843,1,Low,Active
752,Elizabeth Williams,54,Male,Chennai,Engineer,1988437.94,614,10,Low,Active
753,Mackenzie Gibson,30,Female,Hyderabad,Teacher,883889.63,626,11,Medium,Inactive
754,Toni Browning,42,Female,Kolkata,Analyst,2509647.24,579,12,Low,Inactive
755,Christine Jackson,20,Male,Mumbai,Manager,2674840.62,789,5,High,Inactive
756,Ms. Zoe Cooper,33,Female,Kolkata,Teacher,2592864.51,404,5,Medium,Active
757,Johnny Rowe,51,Male,Chennai,Analyst,1555982.71,641,6,Low,Active
758,William Smith,70,Female,Hyderabad,Analyst,1915247.31,508,8,High,Inactive
759,Tracy Miller,43,Female,Chennai,Business,1707536.15,601,14,Medium,Active
760,David Gray,33,Female,Delhi,Doctor,876676.23,846,8,High,Active
761,Robert Gilbert,29,Male,Kolkata,Teacher,406248.54,571,13,Medium,Active
762,Michael White,54,Female,Kolkata,Analyst,1017216.14,358,11,High,Active
763,Danny Bell,55,Female,Chennai,Teacher,2704754.95,670,7,Low,Active
764,Tyler Anderson,37,Female,Kolkata,Engineer,625349.67,582,9,Medium,Active
765,Jeffrey Jones,22,Male,Delhi,Doctor,2288737.03,314,4,High,Inactive
766,Nicholas Hammond,69,Male,Mumbai,Analyst,2501761.24,578,12,High,Active
767,Jessica Hunter,67,Male,Kolkata,Teacher,2043132.24,687,8,High,Active
768,Randy Anderson,28,Female,Pune,Doctor,1229435.09,628,10,High,Active
769,Jennifer Schmidt,67,Male,Bangalore,Analyst,743094.77,366,10,High,Active
770,Kelly Jones,25,Female,Pune,Business,756023.24,687,7,High,Active
771,Justin Hartman,59,Male,Delhi,Engineer,1164415.18,835,13,High,Active
772,Rodney Clarke,67,Male,Delhi,Teacher,1843951.76,683,3,Low,Inactive
773,Morgan Henderson,59,Male,Delhi,Teacher,1687847.26,788,3,Medium,Inactive
774,Douglas Nguyen,59,Male,Ahmedabad,Manager,1128628.56,545,8,High,Active
775,Tami Nguyen,43,Male,Bangalore,Engineer,438778.26,717,10,High,Active
776,Cynthia Molina,70,Female,Kolkata,Doctor,2507128.77,326,5,Medium,Inactive
777,Breanna Richardson,42,Male,Pune,Engineer,2836221.82,491,14,Medium,Inactive
778,Joe Jenkins,29,Male,Kolkata,Engineer,1338340.37,810,4,High,Inactive
779,Kara Johnson,36,Male,Mumbai,Doctor,868374.13,622,2,Low,Active
780,Jeffrey Thompson,38,Female,Ahmedabad,Manager,734806.86,510,9,High,Inactive
781,Ashley Foster,41,Male,Delhi,Business,275394.48,620,6,High,Active
782,Amber Watson,54,Male,Chennai,Analyst,2294019.7,501,11,High,Inactive
783,Christina Kline,32,Male,Bangalore,Analyst,998504.67,517,12,Low,Active
784,William Sanders,28,Female,Delhi,Engineer,2510263.7,541,5,Medium,Inactive
785,Sarah Cooper,61,Male,Pune,Analyst,1057125.03,572,14,Low,Active
786,Brandon Banks,57,Male,Mumbai,Business,307854.03,408,3,Medium,Inactive
787,Jack Stanley,36,Female,Hyderabad,Analyst,2993258.58,321,14,High,Inactive
788,Patrick Marks,63,Male,Kolkata,Manager,1731662.53,476,6,High,Inactive
789,Dalton Thomas,34,Male,Chennai,Analyst,2629944.94,527,14,Medium,Inactive
790,Adam Guerrero,26,Male,Mumbai,Business,1934136.31,545,6,Low,Inactive
791,Tracy Crawford,68,Male,Mumbai,Business,2295212.33,504,11,Low,Inactive
792,Melissa Valenzuela,48,Male,Delhi,Analyst,2694211.64,452,1,Low,Inactive
793,Keith Aguilar,51,Male,Bangalore,Analyst,384318.32,329,2,Low,Active
794,Kimberly Mosley,21,Male,Chennai,Teacher,2720130.85,523,9,High,Inactive
795,Holly Neal DVM,38,Female,Pune,Business,2426408.58,740,2,Medium,Inactive
796,Angela Brown,43,Female,Bangalore,Engineer,2281066.29,396,8,Medium,Inactive
797,Mrs. Rebecca Leon,50,Female,Chennai,Manager,2983397.46,530,5,Medium,Inactive
798,David Mccarthy,48,Male,Pune,Teacher,940136.1,610,9,Medium,Inactive
799,Jeanne Parker,68,Male,Pune,Doctor,409396.57,727,2,High,Active
800,Susan Bradley,52,Male,Bangalore,Doctor,1422091.55,763,6,High,Active
801,William Yang,50,Female,Pune,Doctor,1717012.3,818,11,Low,Inactive
802,Tina Schroeder,25,Female,Kolkata,Business,1991385.39,805,1,High,Active
803,Roger Watson,33,Male,Pune,Business,814522.98,742,1,Low,Inactive
804,Jon Reyes,56,Male,Pune,Engineer,1545685.14,419,5,Low,Active
805,Robert Ali,47,Female,Mumbai,Analyst,580987.05,382,5,Low,Active
806,Candice Sherman,63,Male,Hyderabad,Business,671464.75,591,12,Low,Active
807,Troy Johnson,18,Male,Bangalore,Analyst,635061.56,689,6,Medium,Active
808,Latasha Maxwell,65,Male,Chennai,Manager,627104.03,305,4,Low,Inactive
809,Tammy Jones,37,Male,Hyderabad,Engineer,260131.88,374,4,High,Active
810,Hannah Kane,33,Male,Chennai,Manager,622899.91,717,9,High,Inactive
811,Dawn Hughes,37,Female,Hyderabad,Business,2353186.7,551,14,High,Active
812,Jessica Allen,60,Female,Pune,Teacher,2042680.68,517,6,Low,Active
813,Matthew Johnson,65,Male,Mumbai,Business,991332.77,391,7,High,Active
814,Kirk Wallace,32,Male,Mumbai,Doctor,2079601.17,548,12,Low,Inactive
815,Kathryn Guzman,49,Female,Pune,Manager,2066016.42,482,7,High,Active
816,Adrian Bailey,36,Female,Hyderabad,Teacher,1516828.12,840,3,High,Active
817,Wesley Hines,28,Female,Bangalore,Business,1621480.62,547,12,Low,Active
818,Curtis Jackson,40,Male,Ahmedabad,Engineer,2337072.0,504,6,Medium,Inactive
819,Melanie Jones,66,Female,Hyderabad,Business,250139.6,813,8,Medium,Active
820,Ricardo Gilbert,31,Male,Ahmedabad,Doctor,2972348.69,433,1,High,Active
821,Thomas Yu,39,Male,Mumbai,Teacher,2249798.79,388,12,Medium,Inactive
822,Angela Terry,22,Female,Hyderabad,Analyst,2391021.16,738,7,Low,Active
823,Hannah Douglas,41,Male,Chennai,Business,2377265.74,797,15,High,Inactive
824,Bernard Nunez,40,Male,Ahmedabad,Teacher,469324.31,595,15,Medium,Inactive
825,Peter Campbell,28,Female,Chennai,Business,1840415.05,629,2,High,Active
826,Steven Diaz,69,Male,Hyderabad,Manager,1004614.6,349,12,Medium,Inactive
827,Hailey Murphy,38,Female,Kolkata,Engineer,1413910.71,458,14,High,Active
828,Theresa Steele,54,Male,Chennai,Analyst,2406898.26,765,3,High,Inactive
829,Gerald Perry,31,Male,Delhi,Teacher,1862100.34,590,3,Medium,Inactive
830,Diana Carter,67,Female,Bangalore,Doctor,2002696.19,783,12,Medium,Active
831,Shari Gray,21,Female,Delhi,Engineer,2628551.67,430,8,Medium,Active
832,Chelsea Klein,64,Female,Hyderabad,Business,2256501.69,738,7,Low,Inactive
833,Christopher Hodges,19,Female,Ahmedabad,Teacher,380653.22,316,14,Medium,Active
834,Craig Wang,43,Male,Pune,Engineer,1081943.51,409,15,High,Inactive
835,Lauren Copeland,43,Male,Hyderabad,Manager,881444.92,425,14,High,Active
836,David Spencer,50,Female,Kolkata,Manager,2023430.31,386,5,Low,Active
837,Angela Rodriguez,54,Female,Pune,Business,2287601.2,393,7,Low,Inactive
838,Jane Vaughn,43,Female,Pune,Engineer,1539028.11,346,12,High,Inactive
839,Christopher Flores,69,Female,Hyderabad,Business,1220318.95,325,4,High,Inactive
840,Regina Phillips,44,Female,Ahmedabad,Teacher,1176611.18,363,7,High,Active
841,Stephen Patterson,22,Male,Kolkata,Manager,1497730.83,332,14,Medium,Active
842,Bruce Mccann,35,Male,Chennai,Engineer,1676621.71,519,13,High,Inactive
843,Christopher Moore,46,Male,Hyderabad,Analyst,952701.22,529,7,Low,Inactive
844,Emily Rice,24,Male,Kolkata,Business,2068299.97,665,2,Low,Active
845,Shelly Wise,28,Female,Pune,Engineer,430451.85,505,3,Medium,Inactive
846,Micheal Gray,20,Male,Kolkata,Engineer,335554.2,419,4,Medium,Inactive
847,Ruth Gill,52,Male,Bangalore,Manager,2824616.28,545,11,High,Active
848,Joseph Perez,63,Female,Mumbai,Business,2757836.67,338,14,High,Inactive
849,Aaron Shaw,52,Male,Chennai,Business,1474335.15,452,15,Medium,Active
850,Ashley Nguyen,69,Male,Ahmedabad,Analyst,2574937.87,622,9,High,Active
851,James Nguyen,51,Male,Hyderabad,Business,1604984.82,484,7,Medium,Inactive
852,Neil Harmon,57,Male,Delhi,Business,1340006.27,529,13,Low,Inactive
853,Ryan Knight,22,Female,Delhi,Doctor,2433161.63,603,4,High,Inactive
854,Craig Beck,47,Male,Pune,Doctor,2265040.5,327,15,Low,Active
855,Michele Weaver,44,Female,Ahmedabad,Manager,1192842.34,683,9,Medium,Inactive
856,Amanda Davis,58,Male,Chennai,Teacher,1188303.62,739,6,Low,Active
857,Dustin Cabrera,25,Female,Bangalore,Teacher,1007189.48,773,5,Medium,Inactive
858,Kevin Garrett,62,Male,Bangalore,Business,1384029.32,532,9,Low,Inactive
859,Justin Wiley,23,Female,Pune,Business,1171345.73,697,12,High,Inactive
860,Lindsay Myers,23,Male,Kolkata,Business,787954.63,811,12,Low,Active
861,Wendy Young,33,Female,Ahmedabad,Manager,1970195.98,322,8,Low,Inactive
862,Kyle Diaz,37,Male,Chennai,Doctor,2238255.07,481,8,Low,Active
863,Michelle Fisher,43,Female,Bangalore,Doctor,1050888.67,781,4,Low,Inactive
864,Sarah Haley,38,Male,Kolkata,Engineer,2417508.08,341,3,Medium,Inactive
865,Thomas Lucas,22,Female,Pune,Analyst,2447049.03,407,13,Medium,Inactive
866,Daniel Wright,37,Female,Ahmedabad,Business,736594.37,684,6,Low,Active
867,Sean Mcgee,61,Female,Delhi,Engineer,2399937.95,637,3,High,Active
868,Terry Hunt,31,Male,Kolkata,Manager,333038.18,322,12,Low,Inactive
869,Patricia Scott,60,Female,Kolkata,Engineer,2156548.32,712,3,Low,Inactive
870,Valerie Sawyer,31,Female,Chennai,Engineer,1031418.92,678,8,High,Active
871,Jason Robertson,48,Female,Ahmedabad,Manager,2211981.93,443,13,Medium,Active
872,James Smith,58,Male,Ahmedabad,Teacher,1248230.34,399,6,Low,Inactive
873,Diane Thompson,63,Female,Mumbai,Teacher,284415.03,409,1,High,Active
874,Lauren Combs,29,Female,Delhi,Teacher,1966842.92,389,11,Low,Inactive
875,Amber Ross,59,Male,Bangalore,Doctor,2874821.92,667,4,Medium,Inactive
876,Barbara Levy,58,Female,Kolkata,Business,1113026.85,657,3,Low,Active
877,Jeffery Pacheco,60,Male,Ahmedabad,Doctor,2275724.46,668,8,Low,Active
878,Brandon Patton,34,Female,Chennai,Analyst,493290.65,302,12,Medium,Active
879,Terry Robinson,32,Female,Hyderabad,Teacher,2081493.61,550,14,Medium,Active
880,Robert Blair,25,Female,Chennai,Doctor,819700.34,392,13,Low,Active
881,Miss Andrea Mejia,20,Female,Bangalore,Business,1459160.18,613,7,Medium,Active
882,Eric Smith,45,Male,Ahmedabad,Manager,1268797.75,713,4,Low,Active
883,Allen Parrish,57,Male,Kolkata,Teacher,1888337.21,788,13,Medium,Active
884,Laurie Saunders,40,Female,Pune,Business,2869599.86,638,10,Low,Inactive
885,Caitlin Hicks,44,Male,Chennai,Engineer,2637944.62,801,4,Medium,Inactive
886,Sonya Noble,26,Female,Hyderabad,Business,1016803.88,726,12,Low,Inactive
887,Tracy Huynh,65,Male,Pune,Analyst,869730.52,355,9,High,Active
888,William Davis,43,Female,Delhi,Teacher,1807253.05,344,4,High,Active
889,Nathaniel Martinez,47,Female,Hyderabad,Teacher,578169.61,694,13,Medium,Active
890,Rebekah Wagner,42,Female,Pune,Business,2217465.93,409,7,Low,Inactive
891,Heather Salas,23,Male,Pune,Teacher,904176.35,454,7,High,Inactive
892,Cynthia Foster,60,Male,Chennai,Doctor,1126856.17,327,1,Low,Inactive
893,Casey Scott,41,Male,Chennai,Business,1978691.13,446,6,Low,Active
894,Kathleen Perez,63,Female,Delhi,Engineer,2704965.77,816,1,Low,Inactive
895,Clinton Clark,62,Male,Ahmedabad,Doctor,1537345.27,436,7,Medium,Inactive
896,Michelle Winters,22,Male,Kolkata,Analyst,2653806.04,368,5,Medium,Inactive
897,Katherine Mason,52,Male,Chennai,Business,2738156.12,331,3,Medium,Active
898,David Jones,56,Male,Hyderabad,Manager,1867353.04,813,10,Medium,Active
899,Laurie Alexander,30,Male,Delhi,Manager,2894751.18,614,15,High,Active
900,Sarah Duarte,51,Male,Mumbai,Analyst,1725909.32,630,3,Medium,Active
901,Tara Doyle,26,Male,Mumbai,Teacher,2265557.65,640,5,High,Active
902,Michael Blackburn,35,Male,Ahmedabad,Manager,389701.57,325,7,Low,Active
903,Scott Mcknight,54,Female,Chennai,Analyst,2417266.99,735,12,Medium,Active
904,Victor Douglas,33,Female,Hyderabad,Engineer,316085.7,532,15,Low,Active
905,Stefanie Murray,49,Female,Bangalore,Business,2865574.13,795,3,Medium,Active
906,Justin Elliott,50,Male,Mumbai,Engineer,2667077.81,415,7,Medium,Inactive
907,Joshua Hopkins,25,Male,Hyderabad,Engineer,2840072.79,831,2,High,Active
908,Erin Garrett,31,Male,Hyderabad,Analyst,1210924.48,789,5,High,Active
909,Michele Thomas,47,Male,Ahmedabad,Doctor,509859.54,691,14,Medium,Inactive
910,Brian English,65,Male,Bangalore,Teacher,2267191.07,796,9,High,Inactive
911,Gary Brooks,61,Male,Hyderabad,Analyst,442138.72,550,2,Medium,Inactive
912,Cheryl Rodriguez,55,Male,Chennai,Teacher,2874902.11,735,11,High,Inactive
913,Glenn Harris,49,Male,Kolkata,Business,2800336.12,302,7,Medium,Active
914,Grace Allen,59,Male,Mumbai,Business,423206.19,345,9,Medium,Inactive
915,Michael Anthony,64,Male,Ahmedabad,Teacher,1894281.38,847,7,Medium,Active
916,Christopher Beck,42,Male,Chennai,Manager,1641938.13,401,11,Medium,Active
917,Gary Price,23,Female,Bangalore,Business,2614101.32,698,6,Medium,Inactive
918,James Holder,49,Female,Ahmedabad,Doctor,1816636.93,349,9,Medium,Inactive
919,Jillian Stephens,19,Female,Kolkata,Engineer,2766169.33,835,15,Low,Inactive
920,John Erickson,64,Female,Mumbai,Engineer,1387904.09,354,12,High,Active
921,Justin Carr,64,Female,Chennai,Manager,1522814.82,405,13,Low,Active
922,Erin Lopez,25,Male,Hyderabad,Teacher,2994579.45,539,12,Medium,Inactive
923,Rebecca Cannon,33,Male,Kolkata,Teacher,702852.2,793,11,Medium,Inactive
924,Melissa Jimenez,40,Female,Ahmedabad,Manager,2252402.51,460,3,Medium,Active
925,Jeffrey Ramos,52,Male,Chennai,Business,828565.68,374,7,Low,Inactive
926,William Brown,58,Male,Hyderabad,Doctor,429030.98,802,9,Medium,Inactive
927,Mrs. Virginia Monroe,51,Female,Kolkata,Business,1251830.35,525,15,High,Active
928,Russell Bass,65,Female,Chennai,Manager,2170592.02,331,14,Medium,Active
929,Rodney Price,49,Male,Chennai,Doctor,2155370.91,603,9,Low,Active
930,John Patel,19,Female,Bangalore,Doctor,335764.3,815,12,Low,Inactive
931,Kyle Jones,29,Female,Ahmedabad,Engineer,2605589.38,513,11,High,Inactive
932,Erik Robertson,30,Male,Chennai,Engineer,1119178.96,844,12,Low,Inactive
933,Gary Cardenas,43,Male,Ahmedabad,Doctor,1063011.66,315,2,High,Inactive
934,Evan Smith,50,Male,Chennai,Manager,345810.11,402,9,Medium,Inactive
935,Laura Harris,49,Female,Delhi,Teacher,2209008.3,832,10,Low,Active
936,Thomas Jefferson,51,Male,Pune,Business,2887915.35,776,6,Medium,Active
937,Briana Salazar,31,Female,Ahmedabad,Manager,2694249.3,562,8,High,Active
938,William Riley,67,Male,Pune,Doctor,2249436.4,834,15,Medium,Active
939,Cody Franklin,53,Male,Chennai,Teacher,2928133.5,557,13,Medium,Active
940,Brett Mitchell,54,Male,Hyderabad,Doctor,347421.85,379,4,Medium,Active
941,Erin Roberts,62,Female,Delhi,Teacher,333394.74,827,11,Medium,Active
942,Kelly Owens,67,Female,Hyderabad,Engineer,2940529.97,694,10,Low,Active
943,Martha Gardner,69,Male,Pune,Business,2841975.57,465,12,Medium,Inactive
944,Alexander Hall,66,Male,Chennai,Manager,747750.43,796,1,Low,Inactive
945,Gary Russell,39,Female,Chennai,Manager,601118.24,665,3,Low,Active
946,Christopher Mcdonald,37,Female,Delhi,Teacher,2831798.97,709,1,Low,Active
947,Jennifer Duncan,60,Male,Kolkata,Business,806767.24,774,14,Low,Active
948,Kevin Terry,70,Female,Delhi,Teacher,2069442.87,559,10,High,Active
949,Jose Carpenter,42,Female,Pune,Engineer,903600.77,791,15,Low,Inactive
950,Victor Williams,30,Female,Hyderabad,Business,347416.6,327,7,Low,Active
951,Adam Rodriguez,51,Female,Mumbai,Doctor,2462990.92,710,2,Low,Active
952,Antonio Shields,37,Female,Mumbai,Engineer,1682776.01,419,5,High,Active
953,Brandon Summers,45,Female,Bangalore,Engineer,2750444.16,650,13,Medium,Inactive
954,Hunter Singleton,19,Female,Hyderabad,Doctor,2340326.12,398,10,High,Active
955,Mark Molina,56,Male,Hyderabad,Doctor,305450.12,477,9,Low,Active
956,Monica Griffin,69,Female,Pune,Analyst,690743.97,613,10,Low,Active
957,Joel Boone,61,Female,Mumbai,Teacher,1504004.05,535,4,Medium,Inactive
958,Ricardo Perkins,60,Male,Hyderabad,Engineer,1534902.52,700,14,Low,Inactive
959,Paula Steele,48,Female,Chennai,Engineer,2783482.43,826,11,Medium,Active
960,Patricia Stewart,42,Male,Delhi,Manager,2725751.24,485,2,High,Active
961,Corey Pennington,59,Male,Mumbai,Doctor,704260.51,596,6,Medium,Active
962,Betty Forbes,49,Female,Hyderabad,Teacher,928570.2,671,7,Medium,Active
963,Leah Montoya,19,Female,Kolkata,Teacher,1834910.74,377,11,High,Inactive
964,Brandon Baldwin,67,Female,Delhi,Analyst,1858004.7,515,9,High,Active
965,Dr. Amy Christian MD,37,Female,Kolkata,Engineer,2929048.3,567,2,Medium,Active
966,Rebecca Young,21,Male,Pune,Engineer,2669170.5,512,13,High,Inactive
967,Jose Browning,50,Male,Hyderabad,Analyst,440354.33,652,11,Medium,Inactive
968,Ashley Nguyen,48,Female,Kolkata,Manager,420610.76,557,10,Low,Active
969,Julia Smith,62,Female,Chennai,Teacher,2959772.94,530,6,High,Active
970,Melissa Moreno,68,Male,Pune,Manager,1810509.86,397,14,Low,Active
971,Timothy Martin,22,Female,Bangalore,Doctor,738715.68,641,11,Low,Active
972,Hannah Delgado,39,Male,Mumbai,Manager,1774327.74,663,11,Low,Active
973,Stephanie Kidd,38,Male,Delhi,Analyst,1124737.19,423,5,Low,Inactive
974,Michelle Anderson,59,Female,Bangalore,Doctor,1429914.78,804,4,Low,Active
975,Daniel Mack,57,Female,Kolkata,Manager,1500919.64,749,14,Low,Inactive
976,Luis Green,64,Female,Mumbai,Teacher,417383.97,678,12,Medium,Inactive
977,Steven Mcmahon,54,Male,Bangalore,Manager,2428808.48,550,3,Medium,Inactive
978,Lawrence Burke,45,Male,Hyderabad,Engineer,1984316.65,696,4,Medium,Inactive
979,Richard Campbell,51,Female,Bangalore,Engineer,2172768.69,508,7,High,Active
980,Lisa Reed,21,Female,Ahmedabad,Doctor,1832653.8,628,5,Medium,Active
981,Catherine Carlson,44,Female,Delhi,Doctor,350229.73,309,12,Medium,Inactive
982,Holly Haley,19,Male,Kolkata,Manager,617195.91,335,8,Medium,Inactive
983,Kevin Webb,25,Male,Hyderabad,Teacher,519378.75,646,7,High,Inactive
984,Brian Herman,70,Male,Hyderabad,Manager,1752915.02,476,11,High,Active
985,Tammy Gomez,43,Male,Delhi,Teacher,2649572.23,665,3,Medium,Inactive
986,Timothy Douglas,19,Male,Mumbai,Doctor,2490826.0,494,4,Low,Active
987,Karen Maldonado,29,Female,Ahmedabad,Doctor,1604167.31,470,4,Medium,Active
988,Jacob Lawson,48,Female,Bangalore,Teacher,1171218.51,541,4,Low,Inactive
989,David Sanders,45,Male,Chennai,Engineer,1267797.67,794,6,Low,Active
990,Kent Robinson,57,Male,Pune,Doctor,1825737.17,313,11,Medium,Inactive
991,Patricia Robinson,42,Female,Pune,Teacher,2585698.17,573,7,Low,Active
992,Marcia Owens,19,Male,Ahmedabad,Business,2870309.53,379,7,High,Active
993,Max Paul,27,Male,Chennai,Analyst,830186.79,773,9,High,Active
994,Mr. Philip Wilson,25,Female,Hyderabad,Analyst,1878211.04,595,5,Medium,Inactive
995,Elizabeth Smith,40,Female,Bangalore,Analyst,813041.83,550,4,Medium,Inactive
996,Margaret Watson,46,Female,Mumbai,Engineer,2261828.63,704,6,Medium,Active
997,Christie Arroyo,21,Male,Delhi,Analyst,2090889.27,800,3,High,Active
998,Sharon Johnson,47,Female,Pune,Teacher,780427.84,396,10,High,Active
999,Christopher Waters,35,Female,Delhi,Business,2435521.33,339,2,High,Inactive
1000,Kevin Young,33,Male,Delhi,Teacher,465197.24,517,9,Medium,Active
1001,Jessica Snyder,46,Male,Ahmedabad,Teacher,580075.94,759,14,Medium,Active
1002,Julia Mann,62,Female,Delhi,Teacher,2768665.99,411,5,Medium,Inactive
1003,Melvin Robinson,19,Female,Bangalore,Teacher,1451512.13,643,5,High,Active
1004,Alexa Nelson,69,Female,Kolkata,Manager,1223324.29,709,9,Medium,Inactive
1005,Patrick Brown II,21,Female,Delhi,Doctor,2917207.15,413,15,Low,Active
1006,Vincent Macias,34,Male,Mumbai,Doctor,964081.01,300,13,High,Active
1007,Jessica Johnson,56,Female,Mumbai,Engineer,708011.49,671,4,Low,Inactive
1008,Mariah Armstrong,35,Male,Pune,Teacher,770227.21,772,15,Low,Inactive
1009,Nicole Cook,36,Male,Mumbai,Manager,1297547.36,574,15,High,Inactive
1010,Luis Cook,53,Male,Delhi,Doctor,1359243.23,522,12,Medium,Active
1011,Alexander Lynn,59,Female,Bangalore,Analyst,1477971.53,668,5,Low,Active
1012,Amber Rose,33,Male,Pune,Engineer,1300710.78,719,10,Medium,Active
1013,Beth Evans,51,Male,Chennai,Manager,1085935.36,606,1,Low,Inactive
1014,Nicole Reid,19,Male,Chennai,Business,361470.76,511,12,Low,Inactive
1015,Rose Joseph,29,Male,Chennai,Business,855449.14,780,15,High,Inactive
1016,Amanda Wright,29,Female,Hyderabad,Doctor,1892228.2,770,7,Medium,Active
1017,David Hoffman,56,Female,Delhi,Teacher,2363305.11,326,3,Medium,Inactive
1018,Ashley Davis,36,Male,Bangalore,Engineer,852533.34,506,2,Low,Active
1019,Christopher Jones,40,Male,Hyderabad,Teacher,675271.55,567,8,Medium,Inactive
1020,Joshua Duncan,26,Female,Hyderabad,Manager,715285.66,377,15,High,Inactive
1021,Linda Cannon,29,Female,Hyderabad,Analyst,2972988.11,476,8,High,Active
1022,Joshua Esparza,59,Female,Hyderabad,Doctor,1134196.44,350,12,Low,Inactive
1023,Willie Powell,39,Female,Hyderabad,Analyst,416613.4,424,14,Medium,Inactive
1024,Charles Johnson,52,Female,Mumbai,Doctor,1981466.52,465,5,High,Active
1025,William Baker,66,Male,Ahmedabad,Engineer,645510.62,565,12,Low,Inactive
1026,Chad Terry,35,Female,Delhi,Engineer,2292116.13,816,6,Low,Inactive
1027,Leslie Lopez,67,Female,Delhi,Manager,1501183.69,637,6,Low,Active
1028,Kevin Brown,23,Female,Kolkata,Engineer,1919315.93,805,8,Medium,Active
1029,Henry Holder,60,Female,Pune,Teacher,743765.26,563,12,Medium,Inactive
1030,Randy Green,48,Male,Kolkata,Manager,2595693.3,802,2,Medium,Active
1031,Jacqueline Kline,60,Male,Chennai,Business,2705007.71,820,1,Medium,Inactive
1032,Melissa Sherman,67,Male,Pune,Analyst,1433827.65,806,1,Medium,Inactive
1033,Randall Coleman,59,Male,Ahmedabad,Engineer,2264246.04,604,12,Medium,Active
1034,Michael Aguilar,47,Female,Delhi,Business,1982257.07,664,5,High,Inactive
1035,Annette Hamilton,46,Male,Kolkata,Manager,1583030.68,396,13,Low,Inactive
1036,Bethany Gonzalez,69,Female,Kolkata,Business,942375.22,588,6,Medium,Inactive
1037,Robin Blanchard,39,Female,Hyderabad,Doctor,1292609.05,818,3,High,Inactive
1038,Tyler Reynolds,56,Female,Delhi,Manager,706283.83,811,11,Low,Active
1039,Christopher Hamilton,51,Female,Pune,Analyst,2464598.15,468,12,Low,Inactive
1040,Paul Williams,23,Male,Kolkata,Engineer,1872697.55,667,11,Medium,Inactive
1041,Michelle Maddox,42,Male,Kolkata,Engineer,2862788.04,684,14,Low,Inactive
1042,James Morales,35,Female,Pune,Manager,641080.71,334,14,High,Active
1043,Luis Moran,69,Female,Bangalore,Engineer,2456789.8,368,7,High,Inactive
1044,Connie Sandoval,59,Female,Kolkata,Engineer,886075.63,650,5,Low,Inactive
1045,April Russell,48,Male,Mumbai,Analyst,1220798.6,572,5,High,Active
1046,Sergio Mercado,28,Female,Delhi,Manager,954120.18,610,13,High,Inactive
1047,Cory Davis,65,Male,Bangalore,Engineer,637725.29,477,12,Medium,Inactive
1048,Cynthia Trujillo,28,Male,Mumbai,Doctor,1369065.96,347,7,Low,Active
1049,Zachary Edwards,36,Female,Ahmedabad,Business,2109204.8,418,10,Low,Active
1050,Amy Miller,22,Female,Mumbai,Analyst,2102011.59,550,6,Medium,Inactive
1051,Anthony Hernandez,59,Male,Hyderabad,Teacher,1833692.07,341,8,High,Active
1052,Brent Frye,28,Female,Delhi,Engineer,2460948.96,564,3,High,Active
1053,Joshua Miller,60,Female,Hyderabad,Engineer,2647976.39,766,3,Low,Inactive
1054,Mr. Jeremy Coleman,47,Female,Ahmedabad,Business,1208664.32,392,11,Medium,Inactive
1055,Alan Gordon,48,Female,Hyderabad,Engineer,2090530.01,589,8,High,Active
1056,Alyssa Martinez,28,Male,Kolkata,Business,2124313.04,555,8,Low,Active
1057,Paul Robinson,22,Male,Mumbai,Business,2650276.15,775,14,High,Inactive
1058,Amber Cooper,18,Female,Ahmedabad,Manager,1845475.77,763,2,Medium,Inactive
1059,Pamela Strong,69,Female,Bangalore,Manager,1905162.84,439,11,Medium,Inactive
1060,Aaron Jones,21,Male,Delhi,Analyst,2225452.4,322,8,High,Active
1061,Anthony Sandoval MD,30,Male,Delhi,Business,1969541.21,386,5,High,Inactive
1062,Andrew Stafford,50,Male,Delhi,Analyst,1186855.51,333,2,Medium,Inactive
1063,Justin Rodriguez,61,Female,Mumbai,Business,353610.59,622,12,High,Inactive
1064,Anthony Holland,63,Male,Delhi,Engineer,1065967.78,830,2,Low,Inactive
1065,Larry Hudson,52,Male,Ahmedabad,Engineer,2225382.04,664,7,High,Active
1066,Joseph Stephens,57,Male,Kolkata,Doctor,2420927.74,446,2,High,Active
1067,Melissa Vazquez,50,Male,Delhi,Manager,1518649.8,796,7,High,Inactive
1068,Kathleen Smith,61,Male,Hyderabad,Analyst,2514825.94,511,2,Medium,Active
1069,Timothy Watson,24,Female,Kolkata,Business,2900081.0,636,14,Low,Inactive
1070,Joseph Webb,47,Female,Pune,Teacher,975249.35,615,3,High,Inactive
1071,Luis Jones,40,Male,Mumbai,Engineer,1897786.83,540,1,Medium,Active
1072,Matthew Moss,41,Female,Kolkata,Analyst,907698.94,480,13,High,Active
1073,Julie Martin MD,19,Female,Chennai,Manager,1589879.76,586,1,Low,Inactive
1074,Yesenia Patterson,38,Male,Mumbai,Analyst,1863987.49,506,15,Medium,Inactive
1075,Robert Sosa,42,Male,Pune,Engineer,2251117.41,427,13,Low,Active
1076,Billy Adkins,68,Female,Chennai,Doctor,1318998.71,374,11,Low,Active
1077,Amanda White,42,Female,Bangalore,Manager,2929134.02,435,3,High,Active
1078,Cameron Romero,52,Male,Ahmedabad,Analyst,2134393.78,782,7,High,Inactive
1079,Matthew Obrien,35,Female,Hyderabad,Analyst,1399901.4,302,10,Medium,Active
1080,Gary Webster,28,Male,Delhi,Engineer,960368.43,357,1,Medium,Active
1081,Cathy Sanchez,65,Female,Kolkata,Engineer,813006.41,819,11,Medium,Active
1082,Abigail Martin,42,Male,Ahmedabad,Engineer,2514338.18,606,10,Low,Active
1083,Maureen Mckenzie,63,Female,Mumbai,Manager,2073598.7,832,14,Low,Active
1084,Stephanie Rodriguez,46,Male,Pune,Doctor,1086754.2,438,11,Medium,Inactive
1085,Stanley Brown,51,Female,Pune,Engineer,2763700.08,795,3,Low,Inactive
1086,John Barnes,18,Male,Kolkata,Teacher,2080102.21,483,6,High,Inactive
1087,Donna Gray,42,Male,Pune,Teacher,1729734.72,844,4,Medium,Inactive
1088,Jackie Brown,25,Female,Hyderabad,Business,862505.99,719,10,Low,Active
1089,Kristina Novak,67,Male,Chennai,Manager,1775746.41,563,3,Medium,Active
1090,Andrea Barnett,32,Female,Chennai,Business,1432752.58,710,8,Medium,Inactive
1091,Rebecca Jones,67,Female,Chennai,Manager,2276421.15,473,1,High,Active
1092,Jessica Briggs,35,Female,Kolkata,Business,2638128.8,533,4,High,Inactive
1093,Danielle Hughes,67,Male,Mumbai,Doctor,2103423.71,415,13,Medium,Inactive
1094,Courtney Richard,54,Male,Delhi,Manager,2395071.36,564,6,Medium,Active
1095,Nicole Keller,47,Male,Chennai,Teacher,1209475.68,396,1,Medium,Active
1096,Jessica Johnson,19,Male,Hyderabad,Manager,1835075.16,811,13,Low,Active
1097,Jeff Davis Jr.,69,Female,Delhi,Doctor,1293916.33,373,6,High,Active
1098,Anthony Colon,48,Female,Ahmedabad,Engineer,2599402.96,837,15,High,Inactive
1099,Breanna Hickman,69,Male,Pune,Business,1562627.69,563,4,Low,Inactive
1100,Kevin Mayo,48,Female,Ahmedabad,Analyst,2893638.76,790,4,Low,Active
1101,Lisa Mitchell,52,Male,Ahmedabad,Teacher,1841991.46,463,15,Low,Active
1102,Nicole Turner,64,Male,Hyderabad,Analyst,1927401.59,415,12,Medium,Active
1103,Amanda Lawson,31,Female,Kolkata,Teacher,897779.68,329,12,Medium,Active
1104,Vanessa King DDS,54,Female,Bangalore,Analyst,1974879.7,654,1,Low,Active
1105,Jonathan Williams,35,Male,Bangalore,Business,783083.06,751,2,Medium,Inactive
1106,Keith Dominguez,50,Male,Pune,Business,2186842.39,742,7,High,Active
1107,Eric Harris,40,Female,Hyderabad,Engineer,1870946.98,826,7,Low,Inactive
1108,Jacob Herman,19,Female,Kolkata,Analyst,311704.74,564,8,High,Active
1109,Scott Lopez,28,Female,Hyderabad,Analyst,2278191.72,485,2,Medium,Active
1110,Tommy Bennett,27,Female,Pune,Analyst,1183514.06,548,12,High,Active
1111,Cheryl Pena,35,Female,Chennai,Doctor,1064040.72,524,13,Medium,Active
1112,Dr. Kevin Mason,58,Female,Chennai,Business,2827280.06,815,7,Medium,Inactive
1113,Kathleen West,67,Female,Bangalore,Business,2848097.98,348,9,Low,Active
1114,Tonya Prince,59,Female,Delhi,Analyst,2886937.3,626,11,Medium,Active
1115,Charlene Valdez,38,Female,Delhi,Analyst,1055464.62,369,7,Low,Active
1116,Laurie Gray,62,Female,Kolkata,Teacher,2040897.14,487,7,High,Active
1117,Nicole Kaufman,60,Male,Pune,Manager,329920.59,488,15,High,Active
1118,Mrs. Mary Griffin,58,Female,Bangalore,Engineer,2830298.15,362,14,High,Inactive
1119,Sheila Wells,61,Female,Bangalore,Doctor,1483817.5,480,8,Medium,Inactive
1120,Lori Bell,53,Female,Ahmedabad,Business,1288190.33,658,3,Low,Inactive
1121,Robert Douglas,45,Male,Mumbai,Analyst,1095325.53,350,2,Low,Active
1122,Gloria Thomas,41,Male,Chennai,Analyst,2190578.89,422,2,Low,Active
1123,Joshua Burke,70,Male,Chennai,Manager,2910017.17,641,14,Medium,Active
1124,Lisa Lester,70,Female,Delhi,Doctor,1599040.13,530,1,Medium,Active
1125,Kendra Carlson,27,Male,Pune,Business,2133793.99,739,1,Low,Inactive
1126,Christina Merritt,29,Female,Hyderabad,Doctor,857217.74,827,6,Medium,Inactive
1127,Lisa Allen,70,Male,Ahmedabad,Engineer,2999919.09,791,2,High,Active
1128,Carolyn Brown,54,Male,Bangalore,Manager,319354.35,777,2,Low,Active
1129,Sarah Chase,44,Male,Mumbai,Business,2423934.54,497,5,Medium,Inactive
1130,Traci Lee,68,Male,Pune,Engineer,2177493.53,554,15,High,Active
1131,Linda Weber,33,Female,Ahmedabad,Doctor,1727087.76,693,7,Low,Active
1132,Katie Alexander,36,Female,Pune,Teacher,1223453.65,756,11,High,Inactive
1133,Heather Alvarez,29,Male,Ahmedabad,Engineer,388919.88,626,13,High,Active
1134,Fernando Gilmore,28,Male,Ahmedabad,Manager,2020874.42,822,4,Medium,Active
1135,Brandon Pollard,62,Male,Delhi,Doctor,1669067.32,712,13,Medium,Inactive
1136,Julia Parks,42,Male,Pune,Analyst,1747246.17,385,6,Medium,Inactive
1137,Peter Henderson,46,Male,Ahmedabad,Teacher,976931.81,761,4,Low,Inactive
1138,Joseph Duncan,34,Male,Bangalore,Manager,1967197.13,785,2,Medium,Inactive
1139,John Aguilar,30,Male,Kolkata,Analyst,1689475.92,637,15,Medium,Active
1140,Brittany Atkins,24,Male,Delhi,Doctor,691188.51,721,8,Medium,Active
1141,Charles Rodriguez,33,Male,Mumbai,Doctor,975240.4,746,15,High,Inactive
1142,Cody Avila,30,Male,Kolkata,Manager,1378549.85,482,13,Low,Inactive
1143,Wendy Davis,22,Male,Delhi,Manager,1103911.19,639,14,Low,Inactive
1144,Melissa Stephens,67,Male,Ahmedabad,Engineer,2575824.97,693,12,Medium,Active
1145,Shannon Powell,24,Female,Delhi,Manager,1824497.73,711,3,Low,Inactive
1146,Rhonda Bridges,20,Female,Delhi,Analyst,1228881.07,777,3,Medium,Active
1147,Brittany Parker,46,Female,Pune,Analyst,365932.52,354,2,Low,Active
1148,Richard Bates,43,Female,Mumbai,Engineer,1287821.36,384,9,Medium,Active
1149,Thomas Church,64,Female,Ahmedabad,Teacher,2482853.27,391,14,Low,Active
1150,Kenneth Doyle,59,Female,Chennai,Engineer,381980.72,515,15,Low,Inactive
1151,Karen Brooks,26,Female,Mumbai,Engineer,1097585.08,602,6,High,Active
1152,Jordan Jones,55,Male,Bangalore,Engineer,552421.18,539,7,Low,Inactive
1153,Laurie Contreras,21,Female,Mumbai,Manager,978896.78,714,6,High,Active
1154,Albert Mccoy,55,Female,Mumbai,Manager,1192271.33,387,9,Low,Inactive
1155,Cynthia Torres,70,Female,Mumbai,Doctor,2776155.39,585,9,High,Inactive
1156,Jennifer Fisher,22,Female,Chennai,Manager,674366.84,589,14,Low,Inactive
1157,Brian Rodriguez,35,Female,Chennai,Teacher,1262828.24,802,12,Medium,Active
1158,Michelle Robinson,62,Female,Bangalore,Business,751152.12,656,2,High,Active
1159,Christopher Novak,59,Male,Mumbai,Analyst,1355858.99,460,12,High,Inactive
1160,Rose Ferguson,58,Male,Pune,Business,550965.59,309,7,Medium,Inactive
1161,William Douglas,57,Female,Delhi,Teacher,2443116.17,528,3,Medium,Active
1162,Mathew Howard,70,Female,Hyderabad,Doctor,2704177.79,600,7,Medium,Inactive
1163,Eric Taylor,51,Female,Pune,Business,501036.12,575,7,High,Active
1164,Erika Wagner,54,Female,Delhi,Teacher,2330690.43,763,5,Medium,Inactive
1165,Oscar Harmon,25,Female,Chennai,Analyst,527174.54,644,6,Low,Inactive
1166,David Smith,53,Male,Ahmedabad,Analyst,2593554.84,738,15,Low,Inactive
1167,Vanessa Baker,47,Female,Mumbai,Analyst,506437.46,801,8,Low,Active
1168,Zachary Blake,44,Male,Bangalore,Doctor,399518.87,589,7,Low,Active
1169,Justin Christian,42,Female,Hyderabad,Engineer,1670090.9,801,10,High,Inactive
1170,Melissa Donovan,31,Male,Hyderabad,Business,651043.96,746,10,Medium,Inactive
1171,William Johnston DVM,25,Female,Delhi,Doctor,1631621.8,424,5,Medium,Active
1172,Jennifer Holden,45,Female,Kolkata,Doctor,2304644.78,790,3,High,Active
1173,Sheila Garcia,28,Female,Delhi,Engineer,456702.72,359,4,Medium,Inactive
1174,Joseph Flores,64,Female,Delhi,Doctor,2965408.3,385,1,High,Active
1175,Susan Wells,70,Female,Bangalore,Analyst,2423533.28,845,5,Medium,Inactive
1176,Natasha Hernandez,39,Male,Bangalore,Business,1645653.73,494,7,Medium,Inactive
1177,Joseph Duncan,67,Male,Bangalore,Teacher,2001284.59,329,13,Medium,Inactive
1178,Julia Phillips,62,Female,Bangalore,Doctor,440464.32,521,12,Medium,Inactive
1179,Matthew Flowers,45,Male,Pune,Manager,2978844.75,453,15,Low,Active
1180,Tonya Mclaughlin,50,Male,Mumbai,Manager,991046.0,791,3,Low,Inactive
1181,Jesse Fuller,38,Female,Delhi,Business,2390012.29,760,5,Medium,Active
1182,Thomas Harris,22,Female,Chennai,Business,1405830.78,804,7,Low,Active
1183,Larry Larson,69,Female,Ahmedabad,Engineer,1200904.24,729,1,Medium,Inactive
1184,Meagan Campbell,67,Female,Hyderabad,Engineer,2477478.31,338,7,High,Inactive
1185,Amber Lane,34,Male,Mumbai,Business,423098.62,729,1,High,Active
1186,Lori Jackson,51,Female,Chennai,Business,2491723.99,442,1,Low,Active
1187,Justin Thompson,34,Female,Mumbai,Manager,1714091.67,699,1,Medium,Inactive
1188,Ashley Collins,39,Female,Mumbai,Doctor,515186.58,804,7,Low,Inactive
1189,Robert Kim,42,Female,Chennai,Teacher,577591.84,403,3,High,Inactive
1190,Kevin Cruz,57,Male,Ahmedabad,Business,2055220.64,659,13,Low,Active
1191,Jim Hill,44,Female,Mumbai,Teacher,689831.97,525,14,Medium,Active
1192,Charles White,32,Male,Kolkata,Manager,2489179.39,628,6,Low,Inactive
1193,Edward Farmer,42,Female,Bangalore,Manager,368907.97,529,11,High,Active
1194,Susan Peterson,55,Male,Hyderabad,Engineer,945453.23,558,6,Medium,Inactive
1195,Scott Harmon,49,Female,Ahmedabad,Business,2540103.36,355,5,Medium,Active
1196,Sara Hughes,39,Female,Bangalore,Manager,1580963.53,495,5,Low,Active
1197,Tonya Rodriguez,56,Female,Hyderabad,Manager,823397.88,451,12,Low,Inactive
1198,Jacqueline Moore,59,Male,Delhi,Engineer,839507.43,381,7,Low,Inactive
1199,Molly Tapia,63,Female,Mumbai,Business,1324046.68,648,8,Low,Inactive
1200,Leslie Russo,50,Male,Bangalore,Analyst,829881.7,521,4,Medium,Inactive
1201,Abigail Elliott,20,Male,Mumbai,Business,992115.93,400,8,High,Active
1202,Kathryn Casey,44,Male,Kolkata,Teacher,1609093.7,585,9,Low,Inactive
1203,Tiffany Watson,31,Female,Bangalore,Engineer,1991816.17,323,8,High,Active
1204,Douglas Martinez,29,Female,Delhi,Engineer,1330536.04,377,10,High,Inactive
1205,Kimberly Wallace,37,Male,Pune,Engineer,2477712.79,615,11,Medium,Active
1206,Hannah Weaver,52,Male,Kolkata,Analyst,1300997.0,498,13,Medium,Active
1207,Cassandra Gonzalez,60,Male,Pune,Doctor,1851836.85,597,8,Low,Inactive
1208,Madeline Blevins,27,Male,Ahmedabad,Teacher,1844307.79,821,13,High,Active
1209,David Jensen,45,Female,Bangalore,Business,2932392.1,584,9,High,Inactive
1210,Christopher Gonzalez,22,Male,Kolkata,Analyst,2757147.78,613,12,Medium,Inactive
1211,Alison Martinez,58,Male,Bangalore,Manager,287153.4,722,13,High,Active
1212,James Bryant,61,Female,Hyderabad,Analyst,2113710.08,811,12,Medium,Inactive
1213,Edward Perez,36,Female,Ahmedabad,Business,1225693.7,469,6,Medium,Active
1214,Danny Stewart,38,Female,Bangalore,Analyst,2471462.78,525,6,Low,Active
1215,Gail Williams,18,Male,Ahmedabad,Engineer,321474.21,635,5,Low,Inactive
1216,Jeffrey Wood,22,Male,Hyderabad,Teacher,1807482.13,444,5,Low,Inactive
1217,Donald Brown,51,Male,Kolkata,Engineer,621846.2,325,3,High,Inactive
1218,Kim Alvarez,67,Male,Chennai,Teacher,1620317.62,626,9,High,Inactive
1219,Michael Munoz,21,Male,Hyderabad,Business,1556604.24,351,8,Medium,Inactive
1220,Stephanie Macdonald,52,Male,Ahmedabad,Doctor,2695320.47,715,1,High,Inactive
1221,Nancy Green,29,Male,Bangalore,Analyst,1587888.91,328,11,Low,Active
1222,Andrew Kim,41,Female,Chennai,Analyst,1474509.7,457,3,Medium,Active
1223,Anne Craig,32,Female,Kolkata,Engineer,2426064.94,444,7,Medium,Inactive
1224,Jessica Petty,67,Female,Hyderabad,Engineer,2149634.58,540,3,Medium,Inactive
1225,Tiffany Rogers,55,Female,Bangalore,Teacher,1984254.82,687,15,Medium,Inactive
1226,Donna Chavez,68,Female,Chennai,Engineer,2173728.5,516,12,High,Inactive
1227,Mark Thomas,28,Male,Ahmedabad,Analyst,448572.27,486,3,Low,Inactive
1228,Karina Roman,20,Female,Mumbai,Doctor,1199046.4,724,4,Low,Inactive
1229,Kenneth Johnson,39,Male,Bangalore,Doctor,2502943.47,609,1,High,Inactive
1230,Valerie Montoya,55,Female,Bangalore,Teacher,2689729.85,606,10,Medium,Inactive
1231,Peggy Cervantes,32,Male,Kolkata,Analyst,1781743.58,381,2,Medium,Active
1232,Jessica Walker,49,Female,Mumbai,Doctor,1562883.25,448,4,Medium,Inactive
1233,Jermaine Atkinson,53,Male,Delhi,Business,913474.7,431,5,Medium,Inactive
1234,Pamela Williams,51,Female,Pune,Teacher,1186627.84,699,15,High,Active
1235,Heather Parker,41,Male,Hyderabad,Teacher,2512949.83,795,7,High,Active
1236,Stacy Blankenship MD,53,Male,Chennai,Business,2579930.37,551,7,Medium,Active
1237,Carrie Cox,56,Female,Pune,Doctor,2258930.95,774,7,Medium,Inactive
1238,Matthew Kirby,32,Female,Hyderabad,Doctor,2081871.87,359,15,Medium,Active
1239,Lori Wright,67,Male,Chennai,Doctor,1692760.35,380,4,Medium,Inactive
1240,John Delgado,69,Male,Mumbai,Engineer,2327632.97,781,6,Medium,Inactive
1241,Melissa Harding,30,Female,Delhi,Manager,2977499.63,423,3,Low,Active
1242,Christopher Sandoval,27,Male,Hyderabad,Teacher,2408583.05,688,15,High,Active
1243,Carrie Wood,26,Female,Mumbai,Teacher,2849985.02,622,4,High,Active
1244,Mrs. Yesenia Leonard,21,Male,Kolkata,Engineer,2030248.65,469,14,Medium,Inactive
1245,Charles Miller,26,Male,Kolkata,Doctor,2546159.83,530,4,High,Active
1246,Jessica Bennett,21,Male,Bangalore,Manager,2411316.52,472,1,Low,Active
1247,Mark Rowe,47,Male,Kolkata,Business,480835.69,550,9,High,Active
1248,Suzanne Conner,44,Male,Bangalore,Manager,1145385.2,548,15,Medium,Inactive
1249,Lauren Roberts,69,Male,Kolkata,Manager,1167571.52,716,14,High,Inactive
1250,John Brooks,66,Male,Bangalore,Teacher,567361.74,419,8,Low,Active
1251,Pamela Riley,39,Female,Hyderabad,Business,1031446.19,375,1,Low,Inactive
1252,Margaret Farmer,51,Male,Bangalore,Teacher,505439.06,359,2,Low,Inactive
1253,Jennifer Mcdowell,30,Female,Ahmedabad,Teacher,1109014.94,827,12,Medium,Inactive
1254,Jacqueline Scott,20,Male,Ahmedabad,Analyst,2751851.96,315,2,Low,Active
1255,James Martinez,53,Female,Chennai,Manager,1200488.43,312,4,High,Active
1256,Kimberly Snyder,38,Female,Delhi,Teacher,1449481.24,830,1,High,Inactive
1257,John Woodward,58,Male,Kolkata,Teacher,2393523.64,623,12,Low,Inactive
1258,David Richards,19,Female,Bangalore,Teacher,1969701.91,386,5,Low,Inactive
1259,Ashlee Reynolds,60,Male,Pune,Teacher,2835820.11,850,3,Low,Active
1260,Erin Gardner,57,Male,Delhi,Manager,2008551.86,626,9,Medium,Active
1261,Jennifer Rivers,58,Female,Ahmedabad,Manager,1231136.58,529,2,Low,Inactive
1262,Kenneth Green,37,Male,Ahmedabad,Doctor,1799036.43,421,9,Medium,Inactive
1263,Robert Jones,24,Female,Mumbai,Engineer,2217204.94,304,15,High,Inactive
1264,Mary Fisher,68,Male,Hyderabad,Engineer,2863852.11,400,4,Low,Active
1265,Kelly Davis,60,Male,Pune,Engineer,2340949.98,413,1,Low,Active
1266,Geoffrey Parker,33,Male,Delhi,Manager,2283492.23,301,10,Medium,Active
1267,Jason Sherman,62,Female,Mumbai,Engineer,411081.93,722,2,High,Active
1268,Benjamin Martin,42,Female,Pune,Business,1366883.68,351,6,High,Active
1269,David Walters,32,Male,Ahmedabad,Manager,2075008.62,410,7,Medium,Active
1270,Brian Snow,66,Male,Hyderabad,Teacher,642702.57,593,3,Medium,Active
1271,Anne Mason,63,Male,Chennai,Engineer,2377977.18,305,2,Medium,Inactive
1272,Peter Abbott,69,Male,Hyderabad,Business,2071902.78,696,12,High,Inactive
1273,Brandi Rodriguez,53,Female,Delhi,Teacher,1546186.57,466,3,Medium,Inactive
1274,Mariah Gonzalez,47,Male,Pune,Engineer,2421872.67,653,9,High,Active
1275,Melissa Ramirez,60,Male,Delhi,Business,2022782.6,688,11,Low,Active
1276,Matthew Davis,54,Male,Ahmedabad,Teacher,2560308.65,738,7,High,Active
1277,Jerry Moreno,18,Female,Mumbai,Analyst,1911152.76,556,10,Low,Inactive
1278,Michelle Holmes,38,Male,Kolkata,Teacher,1541917.61,459,14,Low,Inactive
1279,John Lopez,41,Male,Chennai,Teacher,413661.55,602,14,Low,Active
1280,Eric Buckley,29,Female,Kolkata,Manager,1914696.7,344,2,High,Inactive
1281,Brett Dodson,55,Female,Pune,Manager,741110.11,494,15,High,Inactive
1282,Danielle Clayton,25,Female,Kolkata,Engineer,1376797.72,812,12,Low,Active
1283,Desiree Jones,53,Female,Chennai,Teacher,733471.96,659,15,Medium,Inactive
1284,Kenneth Horn,41,Female,Chennai,Business,1296985.89,642,5,High,Inactive
1285,Donna Vargas,22,Male,Pune,Teacher,308881.91,791,8,Low,Inactive
1286,Alexander Wright,25,Male,Kolkata,Doctor,2647129.37,306,10,Medium,Active
1287,Brittany Green,20,Female,Chennai,Doctor,1260488.62,720,3,Low,Inactive
1288,Lynn Thompson,27,Male,Chennai,Engineer,453430.78,486,1,Medium,Inactive
1289,Brooke Reid,61,Male,Mumbai,Business,2648529.48,692,9,Medium,Inactive
1290,Russell Patel,67,Female,Pune,Doctor,1624955.51,380,4,High,Active
1291,Jill Christensen,56,Female,Pune,Doctor,2424885.86,604,10,High,Active
1292,Victoria Hodge,70,Male,Chennai,Engineer,2709979.9,601,2,High,Active
1293,Colton Conner MD,19,Female,Ahmedabad,Engineer,2872718.89,728,15,High,Inactive
1294,James Church,39,Male,Ahmedabad,Analyst,619111.9,826,11,Low,Active
1295,Joshua Wilson,22,Female,Kolkata,Analyst,1890338.04,835,14,Low,Inactive
1296,Alexis Walker,63,Male,Kolkata,Teacher,2296993.43,686,15,High,Active
1297,Susan Day,44,Female,Hyderabad,Engineer,1423790.43,691,10,Medium,Active
1298,Melissa Cook,21,Male,Bangalore,Engineer,631640.37,673,14,Medium,Inactive
1299,Amanda Reyes,35,Male,Kolkata,Analyst,2663343.11,368,2,High,Inactive
1300,Dustin Copeland,69,Male,Pune,Business,2951850.9,302,4,Low,Active
1301,Christopher Wheeler,22,Male,Ahmedabad,Business,2237619.04,312,13,Low,Active
1302,Matthew Miller,46,Female,Delhi,Analyst,2822442.78,418,7,Low,Inactive
1303,Aaron Gallagher,66,Female,Delhi,Engineer,838471.93,844,11,Low,Active
1304,Melissa Wilson,36,Male,Delhi,Doctor,2256454.83,387,3,Low,Inactive
1305,John Allen,38,Male,Bangalore,Analyst,632379.46,407,13,Low,Active
1306,Adam Gonzales,25,Male,Hyderabad,Engineer,1951359.45,616,12,Low,Active
1307,Tracy Hogan,63,Male,Pune,Doctor,1914420.7,561,9,High,Inactive
1308,Sonya Hardin,40,Female,Ahmedabad,Analyst,1117176.51,688,4,High,Inactive
1309,Sarah Thomas,33,Male,Kolkata,Teacher,766237.89,704,4,Low,Inactive
1310,Elizabeth Austin,25,Female,Ahmedabad,Business,2796208.85,614,3,High,Inactive
1311,Erica Thompson,45,Female,Kolkata,Business,2894433.45,396,1,Low,Active
1312,Karen Johnson,61,Male,Hyderabad,Analyst,844078.94,810,13,Low,Inactive
1313,Veronica Perez,66,Male,Mumbai,Analyst,1932928.79,551,3,High,Inactive
1314,Henry Smith,68,Female,Bangalore,Analyst,1837864.36,846,2,Low,Inactive
1315,Joshua Johnson,26,Male,Delhi,Teacher,1897530.17,327,6,Medium,Active
1316,Barbara Jones,32,Female,Kolkata,Engineer,1724525.97,310,3,Medium,Inactive
1317,Paul Schroeder,69,Male,Mumbai,Doctor,2920979.7,411,5,Low,Inactive
1318,Cheryl Gibson DDS,68,Male,Mumbai,Business,547976.24,495,3,Medium,Active
1319,Katie Saunders,27,Female,Ahmedabad,Doctor,614349.58,362,12,Medium,Inactive
1320,Tracy Stewart,68,Male,Pune,Manager,524755.41,432,13,High,Active
1321,Matthew Leon,62,Male,Bangalore,Analyst,2175163.4,631,6,Medium,Active
1322,Ronald Hawkins,51,Female,Bangalore,Teacher,1957905.68,699,1,Low,Inactive
1323,Stephanie Carey,41,Female,Bangalore,Business,2337603.55,452,15,High,Inactive
1324,Linda Mathis,64,Male,Delhi,Analyst,837643.94,553,4,Low,Active
1325,Paul Hamilton,24,Female,Pune,Business,2666742.17,408,5,Low,Active
1326,Alexandra Wolf,34,Female,Ahmedabad,Business,1549464.32,368,5,Medium,Active
1327,Bonnie Adkins,54,Male,Delhi,Teacher,1281244.4,705,8,Low,Inactive
1328,Cynthia Maddox,26,Female,Chennai,Doctor,1753813.26,431,7,High,Active
1329,Isabella Mueller,70,Male,Delhi,Business,2906096.47,541,1,Low,Inactive
1330,Ms. Emily Green DVM,58,Female,Chennai,Teacher,2566801.31,797,3,Low,Active
1331,Jason Woods,44,Male,Ahmedabad,Engineer,586316.04,483,1,High,Active
1332,Amanda Erickson,31,Female,Mumbai,Teacher,1122856.4,779,3,Low,Inactive
1333,Brittany Nichols,21,Male,Pune,Analyst,2910594.38,555,3,High,Active
1334,April Santos,22,Female,Delhi,Business,369905.75,585,15,High,Active
1335,Patrick Rodriguez,47,Male,Chennai,Manager,2604556.69,425,8,Low,Inactive
1336,Daniel Ramirez,20,Male,Kolkata,Analyst,2201520.3,680,10,High,Inactive
1337,Virginia Rodriguez,53,Female,Chennai,Doctor,2570566.52,502,4,Low,Active
1338,Linda Wilson,70,Female,Kolkata,Analyst,452193.7,627,3,Medium,Active
1339,Jacob Michael,47,Female,Bangalore,Teacher,2865952.9,382,12,Medium,Inactive
1340,Jason Camacho,37,Female,Bangalore,Business,2821045.85,734,15,Low,Active
1341,Matthew Garza,66,Male,Kolkata,Teacher,1000128.68,560,7,High,Inactive
1342,James Bennett,20,Male,Delhi,Business,2383428.54,457,11,High,Active
1343,Diana Chavez,33,Male,Hyderabad,Doctor,794066.37,531,6,High,Inactive
1344,Erin Shannon,25,Male,Kolkata,Doctor,602909.72,407,13,Medium,Active
1345,Richard Jones,54,Male,Ahmedabad,Engineer,2260730.51,821,11,High,Inactive
1346,Charles Smith,65,Female,Kolkata,Doctor,867778.52,671,6,Low,Inactive
1347,Bridget Perez,65,Female,Hyderabad,Engineer,755599.28,741,6,High,Inactive
1348,Laura Hall,19,Male,Kolkata,Engineer,2033125.47,554,3,Medium,Active
1349,Ana Sanchez,50,Female,Delhi,Engineer,1385201.73,794,9,Low,Active
1350,Theodore Ayala,61,Male,Kolkata,Analyst,449839.54,732,6,High,Inactive
1351,Wendy Hays,52,Female,Hyderabad,Doctor,990715.17,383,14,High,Active
1352,Patricia Gordon,23,Male,Hyderabad,Teacher,1510597.34,742,1,High,Inactive
1353,Danielle Brooks,41,Male,Hyderabad,Doctor,1290068.93,718,6,Medium,Inactive
1354,Seth Stout,31,Male,Delhi,Manager,577126.41,347,12,Medium,Inactive
1355,Rachel Barnes,51,Female,Pune,Business,2314961.46,353,6,High,Active
1356,Christina Tucker,51,Female,Kolkata,Doctor,2705734.97,716,5,High,Active
1357,Glenda Phillips,55,Female,Kolkata,Teacher,1982897.3,681,11,Low,Active
1358,Rodney Murray,55,Male,Bangalore,Doctor,2410125.48,797,4,High,Active
1359,Mackenzie Reed,55,Male,Chennai,Doctor,473278.97,732,1,Medium,Active
1360,Bradley Little,54,Female,Mumbai,Teacher,2975640.7,730,5,Medium,Inactive
1361,Angela Herrera,22,Female,Hyderabad,Business,1221310.79,679,3,Medium,Inactive
1362,Taylor Jones,65,Male,Hyderabad,Manager,651049.98,706,1,Medium,Inactive
1363,Steven Jackson,52,Male,Kolkata,Business,1572016.62,724,9,Medium,Inactive
1364,Rhonda Bautista,52,Female,Kolkata,Business,1701189.16,774,8,Medium,Inactive
1365,Peter Little,54,Male,Kolkata,Business,2992813.65,797,3,Low,Active
1366,Jeremy Smith,19,Female,Mumbai,Engineer,2280858.73,522,1,Medium,Inactive
1367,Peter Ward,67,Female,Hyderabad,Manager,1586482.4,737,5,Low,Inactive
1368,Megan Johnson,24,Male,Chennai,Engineer,2406965.97,714,5,High,Inactive
1369,Autumn Scott,61,Female,Pune,Engineer,2785889.3,378,5,Medium,Active
1370,Carlos Hunter,29,Female,Chennai,Doctor,2573014.16,847,10,Low,Inactive
1371,Tara Fuller,35,Male,Kolkata,Teacher,1014238.99,775,4,High,Active
1372,Joshua Arnold,28,Female,Delhi,Business,2162113.04,443,13,Medium,Active
1373,Crystal Erickson,63,Male,Chennai,Business,2965405.84,519,3,Medium,Inactive
1374,Jason Taylor,62,Male,Chennai,Teacher,2443647.04,642,7,Medium,Active
1375,Connor Morgan,26,Female,Pune,Engineer,1490462.0,701,11,High,Active
1376,Gina Reese,57,Female,Mumbai,Doctor,2474094.3,825,1,Medium,Active
1377,Michelle Smith,58,Male,Delhi,Teacher,2570773.17,731,2,Low,Active
1378,Melissa Beltran,55,Male,Mumbai,Analyst,288383.92,746,6,High,Inactive
1379,Mark Hahn,37,Male,Delhi,Manager,2018570.18,668,5,High,Active
1380,April Allen,58,Male,Chennai,Teacher,2275220.25,632,1,Low,Inactive
1381,Nicole Copeland,59,Female,Kolkata,Teacher,1617266.04,507,2,High,Inactive
1382,Manuel Khan,45,Female,Mumbai,Engineer,2324216.46,593,5,Medium,Inactive
1383,Steven Morris,67,Female,Bangalore,Business,887273.66,510,14,Medium,Active
1384,Vanessa Thompson DVM,58,Male,Chennai,Business,485384.02,305,1,Low,Active
1385,John Gallegos,47,Male,Ahmedabad,Business,579910.67,454,15,High,Active
1386,Ruben Montgomery,45,Male,Ahmedabad,Business,1301299.97,736,5,High,Inactive
1387,Nicole Sanchez,55,Male,Hyderabad,Manager,2319774.01,606,7,Low,Active
1388,Rebecca Olson,70,Male,Ahmedabad,Analyst,2146785.64,573,1,High,Inactive
1389,Gregory Ruiz,25,Female,Kolkata,Doctor,1196447.41,357,6,Medium,Inactive
1390,Steven Wilson,66,Female,Ahmedabad,Doctor,513547.83,304,3,High,Inactive
1391,Joseph Lopez,67,Male,Hyderabad,Doctor,935865.0,742,13,High,Inactive
1392,Sheila Evans,23,Male,Chennai,Doctor,2227417.46,381,9,Low,Inactive
1393,Madison Washington,43,Male,Bangalore,Business,1969117.08,798,6,Medium,Active
1394,Joe Nguyen,36,Female,Chennai,Teacher,2628943.63,334,1,High,Inactive
1395,Eric Lewis,24,Male,Delhi,Teacher,805626.95,303,7,Medium,Inactive
1396,Michelle Wilson,35,Female,Mumbai,Manager,2334630.3,721,12,High,Active
1397,Brittany Fox,66,Male,Kolkata,Teacher,521486.89,441,11,High,Active
1398,Janet Jones,30,Female,Hyderabad,Teacher,1353967.68,749,1,Medium,Active
1399,Michael Cross,26,Female,Hyderabad,Analyst,375309.51,326,7,High,Inactive
1400,Ashley Hill,60,Female,Mumbai,Analyst,649657.87,438,15,Low,Active
1401,Lisa Zimmerman,28,Male,Kolkata,Engineer,1151444.03,550,12,Low,Active
1402,Steven Wilson,43,Female,Ahmedabad,Teacher,2107242.76,637,1,High,Inactive
1403,Charles Page,52,Male,Bangalore,Teacher,1176636.83,480,7,Low,Inactive
1404,Melanie Bass MD,32,Male,Bangalore,Manager,514796.72,415,13,High,Active
1405,Tyler Mcintosh,64,Male,Mumbai,Analyst,2080007.58,529,15,High,Inactive
1406,Stephen Lee,30,Male,Bangalore,Analyst,414785.58,476,11,Medium,Active
1407,Elizabeth Lozano,48,Female,Chennai,Engineer,783249.01,540,5,Low,Active
1408,Megan Watkins,56,Male,Pune,Doctor,1214022.42,609,6,Medium,Active
1409,Jason Green,18,Female,Delhi,Manager,2057128.39,394,12,High,Inactive
1410,Frank Wilkinson,19,Male,Bangalore,Analyst,2119119.24,440,4,Low,Active
1411,Samantha Norris,41,Male,Hyderabad,Manager,876088.7,600,8,High,Active
1412,Nathaniel Sanchez,61,Male,Hyderabad,Manager,2869774.02,477,1,High,Active
1413,John Garcia,42,Male,Pune,Engineer,2057118.1,688,5,Medium,Inactive
1414,Wendy Marquez,35,Female,Bangalore,Engineer,2213816.07,611,14,High,Active
1415,Karla Cervantes,56,Female,Chennai,Analyst,974701.35,740,7,Medium,Active
1416,Evan Nichols,34,Male,Pune,Analyst,1872452.9,730,5,Medium,Active
1417,Lori Cowan,62,Male,Hyderabad,Engineer,2637105.99,820,7,Medium,Active
1418,Suzanne Hernandez,48,Male,Pune,Doctor,2373292.26,677,14,High,Inactive
1419,Kevin Williams,47,Female,Ahmedabad,Manager,1815081.1,548,13,High,Active
1420,David Washington,58,Male,Delhi,Manager,524741.06,723,3,High,Inactive
1421,Robert Brown,67,Male,Bangalore,Teacher,2350718.05,764,6,Medium,Active
1422,Lisa Mcclure,25,Female,Hyderabad,Analyst,1191556.13,678,13,High,Inactive
1423,Sandra Wilson,43,Female,Mumbai,Doctor,1836600.47,438,14,High,Active
1424,Jennifer Stokes,66,Male,Ahmedabad,Business,2708373.84,662,12,Medium,Inactive
1425,Brandon Petersen II,63,Female,Chennai,Teacher,1569004.85,329,6,Low,Active
1426,David Golden,31,Male,Delhi,Doctor,1476414.75,794,15,High,Inactive
1427,Danielle Marshall,63,Male,Delhi,Manager,1510907.77,412,1,Medium,Active
1428,Karen Trevino,43,Male,Chennai,Business,2489663.66,818,8,High,Active
1429,Brett Schneider,67,Female,Kolkata,Business,1859679.18,669,11,Low,Active
1430,Joshua Williams,39,Female,Chennai,Analyst,1002168.1,323,14,Medium,Inactive
1431,Samuel Mcgee,50,Male,Chennai,Engineer,793487.71,547,15,Low,Active
1432,Reginald Khan,62,Male,Delhi,Teacher,1122421.21,840,14,Medium,Inactive
1433,Rachel Strickland,37,Female,Chennai,Analyst,1227036.43,311,11,High,Active
1434,Chad Curtis,57,Female,Ahmedabad,Teacher,1051281.69,844,6,High,Active
1435,Albert Ward,61,Male,Ahmedabad,Manager,624645.94,730,3,High,Inactive
1436,Amanda Martin,56,Male,Pune,Teacher,2085063.36,701,12,High,Inactive
1437,Taylor Carrillo,51,Female,Hyderabad,Business,761141.13,774,8,Low,Active
1438,Jasmine Baker,45,Male,Ahmedabad,Doctor,1339496.35,742,1,Medium,Active
1439,Caitlin Patel,39,Male,Chennai,Manager,2320006.06,810,4,High,Inactive
1440,Charles Wilson,32,Male,Bangalore,Doctor,709497.99,621,1,Low,Active
1441,John Larson,35,Male,Mumbai,Engineer,1951992.41,514,4,Medium,Active
1442,Melissa Peterson,70,Male,Ahmedabad,Manager,475566.25,468,4,High,Inactive
1443,Natalie Smith,56,Female,Bangalore,Doctor,1235340.54,844,6,Medium,Inactive
1444,Jessica Velasquez,53,Female,Bangalore,Business,1428791.34,723,7,Medium,Inactive
1445,Melissa Hamilton,68,Female,Kolkata,Analyst,1516008.36,643,9,Low,Inactive
1446,Annette Stewart,65,Male,Chennai,Teacher,1863496.07,769,14,High,Active
1447,Melissa Zamora,39,Female,Hyderabad,Engineer,2108235.45,325,3,Medium,Active
1448,Zachary Torres,30,Male,Chennai,Analyst,2093124.52,757,10,High,Active
1449,Vickie Zamora,43,Female,Chennai,Engineer,1878462.69,430,10,Low,Inactive
1450,Scott Aguilar,31,Female,Hyderabad,Business,2363498.01,824,11,Medium,Active
1451,Danielle Black,34,Male,Chennai,Teacher,858409.87,641,8,Medium,Inactive
1452,Madison White,69,Male,Hyderabad,Doctor,2604845.5,821,14,Medium,Inactive
1453,Benjamin Diaz,33,Male,Pune,Doctor,2796796.16,349,14,High,Inactive
1454,Robert Anderson,47,Female,Hyderabad,Business,2793456.82,672,9,Low,Inactive
1455,Brad Hernandez,26,Male,Bangalore,Teacher,2159783.51,368,2,Low,Inactive
1456,Dawn Young,49,Male,Delhi,Doctor,2806055.28,843,15,Low,Inactive
1457,Jessica Melendez,38,Female,Mumbai,Engineer,2973151.2,644,13,Low,Inactive
1458,Scott Martinez,31,Male,Hyderabad,Analyst,694035.38,453,3,High,Active
1459,Jacob Pitts,56,Female,Hyderabad,Analyst,795571.17,351,12,Medium,Active
1460,Mr. Christopher Phillips,37,Male,Hyderabad,Manager,887034.05,609,7,High,Inactive
1461,Tim Harvey,28,Female,Chennai,Engineer,1023930.64,621,10,Medium,Active
1462,Kelly Barry,45,Male,Bangalore,Business,2863027.38,304,4,Medium,Active
1463,Colleen Garza,68,Female,Pune,Manager,1052809.31,421,9,Low,Active
1464,Michael Jones,66,Male,Mumbai,Engineer,2065824.86,308,8,Medium,Inactive
1465,Michelle Aguirre,46,Female,Delhi,Analyst,1885946.71,320,12,High,Active
1466,Brenda Hanson,34,Female,Delhi,Analyst,1240715.66,768,4,Low,Inactive
1467,John Reid,18,Male,Kolkata,Analyst,371910.86,469,1,Low,Inactive
1468,Shelia Franklin,44,Male,Delhi,Analyst,1144518.75,820,1,Medium,Active
1469,Daniel Sanchez,60,Male,Bangalore,Engineer,652254.17,845,8,Medium,Active
1470,Christina Peterson DDS,46,Female,Hyderabad,Teacher,839832.82,813,8,Medium,Inactive
1471,Mrs. Stacey Smith MD,67,Female,Bangalore,Engineer,1988862.02,733,9,Medium,Inactive
1472,Regina Petersen,23,Male,Bangalore,Manager,1545719.03,353,15,Low,Inactive
1473,Jeremy Buckley,66,Female,Bangalore,Manager,1280512.68,596,10,High,Inactive
1474,Ryan Brown,22,Female,Ahmedabad,Teacher,2565906.21,742,2,High,Active
1475,Jennifer Stevens,24,Male,Chennai,Business,2701406.12,627,2,High,Inactive
1476,Robert Ortiz,28,Female,Bangalore,Teacher,294396.27,575,2,Low,Inactive
1477,Pamela Mills,53,Male,Kolkata,Teacher,2396976.55,624,11,Low,Active
1478,Russell Malone,34,Male,Chennai,Analyst,2433544.76,618,2,Medium,Active
1479,Kyle Ross,18,Female,Delhi,Business,1012686.13,579,14,Low,Inactive
1480,Emily Hobbs,35,Male,Bangalore,Teacher,1204115.45,526,7,Medium,Inactive
1481,Jacob Valdez,45,Female,Ahmedabad,Teacher,894443.7,374,1,High,Active
1482,Adam Allen,35,Male,Ahmedabad,Business,1322777.96,314,8,Low,Inactive
1483,Andrea Craig,59,Male,Chennai,Manager,282022.71,560,10,Medium,Inactive
1484,Karen Mcconnell,49,Male,Chennai,Manager,2015980.52,325,15,High,Inactive
1485,Robert Barnes,51,Female,Chennai,Analyst,462076.08,821,13,Medium,Active
1486,Amy Perkins,45,Female,Pune,Analyst,1254110.29,449,10,High,Active
1487,Colin Gonzalez,69,Male,Ahmedabad,Business,2815001.57,764,14,High,Inactive
1488,Misty Porter,61,Male,Pune,Engineer,1590447.54,394,3,High,Active
1489,Alicia Castro,50,Female,Ahmedabad,Doctor,2797681.34,517,9,High,Inactive
1490,Veronica Johnson,28,Female,Kolkata,Doctor,2602527.69,348,11,Medium,Active
1491,Alexis Gray,46,Female,Delhi,Engineer,1285461.95,701,15,High,Active
1492,Elizabeth Mcguire,20,Male,Pune,Analyst,2099039.86,721,2,Medium,Inactive
1493,Ryan Hartman MD,39,Female,Kolkata,Doctor,1800941.0,783,6,Medium,Inactive
1494,Kathryn James,53,Female,Kolkata,Teacher,380618.1,495,4,Low,Inactive
1495,Laura Miles,66,Male,Bangalore,Analyst,471547.78,474,10,Medium,Inactive
1496,Robert Harris,64,Female,Pune,Teacher,322033.16,680,6,High,Inactive
1497,Matthew Lowe,50,Female,Mumbai,Manager,2967977.34,705,14,High,Active
1498,Lauren Mills,36,Male,Kolkata,Analyst,2347793.39,757,15,Low,Active
1499,Sean Howard,45,Female,Chennai,Engineer,2561664.97,333,9,Low,Active
1500,Leslie Bell,34,Male,Mumbai,Teacher,588333.85,751,1,Medium,Active
1501,Colleen Edwards,41,Female,Kolkata,Engineer,2421372.59,371,8,High,Inactive
1502,Mathew Palmer,44,Male,Chennai,Doctor,2149177.98,680,14,Medium,Inactive
1503,Betty Thompson,41,Female,Delhi,Engineer,2276000.16,814,1,Low,Inactive
1504,Donna Duran,29,Female,Delhi,Business,2667154.94,795,4,Medium,Inactive
1505,Roger Schroeder,60,Female,Kolkata,Business,954429.91,356,10,Low,Inactive
1506,Jonathan White,20,Male,Hyderabad,Doctor,2396846.78,461,12,High,Inactive
1507,Ronald Evans,69,Female,Kolkata,Business,1444628.16,357,4,High,Inactive
1508,Rebecca Smith,30,Female,Hyderabad,Doctor,1939728.35,590,13,Low,Active
1509,Johnny Gibson,33,Male,Bangalore,Teacher,564966.87,727,5,High,Inactive
1510,Samantha Miller,38,Male,Ahmedabad,Business,910734.74,540,4,High,Inactive
1511,Jorge Williams,33,Male,Delhi,Teacher,2090647.04,430,1,Low,Inactive
1512,Brian Braun,47,Female,Kolkata,Teacher,2868503.3,723,7,High,Active
1513,Nicole Rodriguez,18,Female,Kolkata,Analyst,815232.47,838,8,Medium,Inactive
1514,Brandi Baker,58,Male,Pune,Business,1460821.22,329,10,High,Inactive
1515,William Yoder,23,Female,Mumbai,Engineer,342005.61,403,7,High,Inactive
1516,Theresa Holland,32,Male,Bangalore,Analyst,839857.74,624,7,Low,Inactive
1517,Karen Mccarthy,60,Male,Hyderabad,Analyst,1079241.91,408,8,High,Inactive
1518,Miss Courtney Scott DDS,25,Male,Delhi,Manager,1189158.69,633,3,Medium,Active
1519,Allen Alvarez,55,Male,Chennai,Manager,1163568.71,806,15,Medium,Inactive
1520,Mark Morrison II,56,Male,Bangalore,Engineer,648934.52,566,1,High,Inactive
1521,Jason Garcia,28,Male,Ahmedabad,Doctor,1719130.75,729,4,High,Active
1522,Dwayne Scott,29,Male,Bangalore,Teacher,1795306.46,673,3,Low,Inactive
1523,Jacob Smith,25,Male,Mumbai,Analyst,2097464.39,482,10,High,Inactive
1524,John Rodriguez,20,Female,Mumbai,Doctor,1098231.69,645,10,Low,Inactive
1525,Steven Le,67,Female,Hyderabad,Manager,767172.84,673,11,High,Inactive
1526,Dale Barnett,66,Female,Kolkata,Teacher,2017464.68,612,12,Medium,Active
1527,Terri Guerrero,39,Male,Mumbai,Doctor,2849767.38,816,8,High,Inactive
1528,Heather Rogers,58,Male,Hyderabad,Manager,916590.1,634,4,Medium,Active
1529,Kendra Cross,57,Female,Chennai,Manager,414269.4,564,14,Medium,Active
1530,Billy Crawford,37,Male,Kolkata,Doctor,1444225.06,531,1,High,Active
1531,Brendan Olson,65,Male,Chennai,Teacher,1691409.7,506,3,Low,Inactive
1532,Carmen Vasquez,38,Male,Kolkata,Business,1299916.83,524,9,Low,Inactive
1533,Tammy Huynh,61,Female,Delhi,Engineer,1275191.71,377,2,Medium,Inactive
1534,John Mcfarland,23,Female,Mumbai,Analyst,1087510.8,485,10,Medium,Active
1535,Curtis Perez,33,Female,Bangalore,Business,2037872.39,630,7,High,Inactive
1536,Jeffrey Martinez,37,Male,Ahmedabad,Analyst,2082184.07,546,6,Medium,Active
1537,Eric Sanford,56,Female,Chennai,Business,2164570.95,742,9,Medium,Active
1538,Jamie Flores,58,Male,Bangalore,Teacher,1519233.5,722,8,Low,Active
1539,Christopher Webster,50,Female,Kolkata,Analyst,1503676.68,671,3,Low,Active
1540,Kelly Cardenas,59,Male,Chennai,Analyst,1930437.18,802,8,Medium,Active
1541,Mitchell Hernandez,21,Male,Pune,Manager,2357955.49,409,14,Medium,Active
1542,Katherine Johnson,36,Male,Ahmedabad,Analyst,1113181.25,715,8,High,Inactive
1543,Michael Schneider,70,Male,Pune,Engineer,1533212.34,578,11,Medium,Active
1544,John Roberts,47,Male,Pune,Teacher,942848.98,601,10,High,Active
1545,Justin Richardson,19,Female,Delhi,Analyst,1614680.04,787,14,Low,Inactive
1546,Elizabeth Horton,33,Male,Kolkata,Doctor,759470.14,697,5,High,Active
1547,Kelly Jones,21,Female,Ahmedabad,Engineer,2597333.72,574,11,High,Active
1548,Tamara Lewis,59,Male,Bangalore,Teacher,2502108.88,439,7,Medium,Active
1549,Hannah Farmer,44,Female,Delhi,Manager,480328.39,453,15,Low,Inactive
1550,Brittany Choi,69,Female,Pune,Manager,2103517.53,693,14,Low,Active
1551,Rachael Santana,29,Female,Kolkata,Engineer,1980489.85,713,1,High,Inactive
1552,David Benton,34,Female,Mumbai,Manager,500762.03,327,5,High,Inactive
1553,Heather Cunningham,44,Female,Ahmedabad,Doctor,2279175.38,790,13,High,Active
1554,Mrs. Adrienne Garcia DVM,23,Male,Ahmedabad,Doctor,973478.11,333,14,Medium,Active
1555,Robert Cruz,29,Male,Chennai,Manager,1086694.95,785,15,High,Inactive
1556,Joseph Thomas,26,Female,Chennai,Engineer,1203811.04,565,3,High,Active
1557,Mr. Joseph Carter,24,Female,Pune,Engineer,1300789.47,689,7,Medium,Active
1558,Melissa Duffy,23,Male,Chennai,Doctor,1418542.45,365,10,High,Inactive
1559,Wesley Green,37,Female,Delhi,Doctor,2612029.6,322,13,Medium,Active
1560,Paul Scott,21,Female,Chennai,Teacher,2503228.48,694,3,Medium,Inactive
1561,Jennifer Drake,25,Female,Kolkata,Engineer,2760209.53,804,5,High,Inactive
1562,Sarah Smith,44,Female,Kolkata,Teacher,257338.22,583,7,Low,Active
1563,Megan Carter,33,Male,Hyderabad,Analyst,2707201.6,711,7,High,Active
1564,David Santos,35,Male,Ahmedabad,Teacher,1658119.99,409,8,Low,Active
1565,Michael Buck,38,Female,Pune,Doctor,1681786.57,727,2,Low,Active
1566,Eric Rosales,26,Male,Mumbai,Analyst,1369056.74,327,5,High,Inactive
1567,Teresa Simon,57,Female,Mumbai,Manager,1408235.68,770,12,High,Inactive
1568,Daniel Cardenas,43,Male,Chennai,Doctor,1103809.86,563,8,Low,Active
1569,James Bell,65,Male,Kolkata,Engineer,485815.9,737,8,High,Inactive
1570,Kenneth Ramos,20,Male,Bangalore,Manager,2343658.2,454,8,Low,Inactive
1571,Robert Thomas,41,Female,Mumbai,Doctor,2847795.27,743,13,Low,Inactive
1572,Jacob Scott,65,Male,Pune,Manager,1594894.73,646,2,Low,Active
1573,Alexandra Preston,70,Female,Pune,Business,2090071.37,349,14,Low,Active
1574,Kimberly Flores,70,Male,Chennai,Business,2742057.0,403,8,Low,Inactive
1575,Melinda Scott,64,Female,Ahmedabad,Business,687259.94,662,1,Medium,Inactive
1576,Gregory Vargas,65,Female,Pune,Analyst,814877.31,716,11,High,Inactive
1577,Monica Diaz,25,Male,Ahmedabad,Manager,2797637.91,566,1,Low,Active
1578,Jennifer Hinton,33,Female,Ahmedabad,Business,960106.85,643,13,Medium,Inactive
1579,Sean Mejia,39,Male,Chennai,Manager,664479.5,300,1,Low,Active
1580,Greg Clements,31,Male,Ahmedabad,Doctor,2173875.04,831,9,Medium,Active
1581,Matthew Adkins,68,Female,Hyderabad,Doctor,1777380.1,311,13,Medium,Inactive
1582,John Cruz,33,Male,Pune,Teacher,1133288.9,360,15,Low,Inactive
1583,Susan Black,29,Male,Hyderabad,Teacher,839447.18,707,3,High,Active
1584,Kayla Perry,28,Male,Mumbai,Analyst,418680.73,697,11,Low,Active
1585,Melanie Costa,47,Female,Kolkata,Manager,1799642.77,760,8,Low,Active
1586,Henry Sanchez,20,Female,Chennai,Analyst,1704863.8,384,5,Medium,Inactive
1587,Susan Golden,37,Male,Chennai,Business,1131572.97,303,5,High,Inactive
1588,Jeffrey Cantrell,52,Male,Hyderabad,Analyst,1471540.33,828,7,Medium,Inactive
1589,Thomas Patterson,31,Male,Kolkata,Business,1324125.18,595,1,Low,Inactive
1590,David Moore,63,Female,Chennai,Teacher,2614287.46,326,6,Low,Active
1591,Gina Kerr,49,Male,Delhi,Manager,2655151.96,601,2,Medium,Inactive
1592,Morgan Estrada,39,Female,Pune,Manager,2510937.47,693,10,High,Active
1593,Amanda Jefferson,63,Female,Kolkata,Analyst,333913.03,506,12,High,Inactive
1594,Jason Ward,60,Male,Ahmedabad,Teacher,2451980.52,823,9,Medium,Inactive
1595,Joseph Powers,62,Female,Mumbai,Doctor,2052365.54,374,11,Medium,Active
1596,Heather Anderson,65,Female,Kolkata,Manager,1091031.05,388,1,High,Active
1597,Michael Heath,38,Female,Kolkata,Manager,987026.58,821,11,Medium,Inactive
1598,Scott Singleton,46,Female,Hyderabad,Manager,1888863.33,773,10,Medium,Active
1599,Thomas Stone,38,Female,Kolkata,Engineer,346749.25,427,6,Medium,Inactive
1600,Darlene Perry,69,Male,Bangalore,Engineer,1820203.83,658,2,Low,Active
1601,Megan Bell,69,Male,Chennai,Engineer,2532236.16,653,10,Medium,Inactive
1602,Amanda Summers,36,Male,Delhi,Analyst,918259.91,757,7,Low,Inactive
1603,Heather Clark,22,Female,Hyderabad,Manager,2709444.29,368,11,High,Inactive
1604,Shawn King,51,Male,Ahmedabad,Doctor,2190535.18,617,12,Low,Active
1605,Marco Martinez,42,Male,Pune,Teacher,1506215.36,655,9,High,Active
1606,Marissa Munoz,35,Male,Bangalore,Doctor,2905634.63,819,10,High,Active
1607,Matthew Johnson,50,Male,Chennai,Business,2379968.0,371,7,Low,Active
1608,Tina Robinson,58,Male,Hyderabad,Doctor,458034.78,442,11,Low,Inactive
1609,Steven Cruz,20,Male,Hyderabad,Teacher,2746416.75,380,10,High,Active
1610,Grace Cross,34,Male,Bangalore,Manager,1144180.58,419,13,Medium,Inactive
1611,Ryan Massey,38,Female,Ahmedabad,Analyst,1080632.34,561,14,Medium,Active
1612,Garrett Smith,34,Female,Chennai,Doctor,1196775.27,574,3,Low,Inactive
1613,Mark Flynn,67,Male,Mumbai,Manager,1918404.56,814,8,Low,Active
1614,Aaron Mckinney,56,Female,Ahmedabad,Doctor,2613320.8,657,2,Low,Inactive
1615,Margaret Gomez,27,Male,Hyderabad,Doctor,1405228.86,679,11,High,Active
1616,Stacey Brewer,47,Female,Chennai,Doctor,2731378.96,537,10,High,Inactive
1617,Elizabeth Adams,65,Female,Pune,Doctor,505454.13,559,2,High,Active
1618,Katie Rivera,29,Female,Delhi,Analyst,2259026.46,740,15,Medium,Active
1619,Amanda Johnson,29,Female,Pune,Teacher,1118764.54,527,7,High,Inactive
1620,Daniel Vargas,41,Female,Chennai,Business,1716348.37,745,15,Low,Inactive
1621,Marilyn Benjamin,22,Male,Ahmedabad,Teacher,2652424.74,447,11,Medium,Inactive
1622,Mary Franco,45,Male,Bangalore,Manager,2911275.92,469,13,Medium,Inactive
1623,Patrick Yu,57,Female,Bangalore,Doctor,977905.44,790,11,Low,Active
1624,Nancy Davis,48,Female,Bangalore,Teacher,2936917.57,552,2,Low,Inactive
1625,Jessica Wallace,19,Male,Mumbai,Manager,2791027.89,784,3,Medium,Inactive
1626,Jeremy Johnson,37,Male,Bangalore,Analyst,2386061.35,698,10,Low,Inactive
1627,Raymond Wagner,33,Male,Hyderabad,Teacher,525306.63,395,2,Low,Active
1628,Penny Proctor,51,Female,Pune,Doctor,2033757.7,635,1,Low,Inactive
1629,Matthew Archer,70,Female,Delhi,Engineer,531874.5,759,7,High,Active
1630,Kristina Ho,67,Female,Bangalore,Manager,2866129.36,708,6,Low,Inactive
1631,Parker Murphy,61,Female,Hyderabad,Manager,773762.65,317,12,High,Active
1632,Terry Navarro,27,Male,Bangalore,Manager,2805737.65,627,3,Medium,Active
1633,Justin Lyons,35,Female,Ahmedabad,Analyst,2500123.37,508,6,Medium,Active
1634,Jason Wright,51,Male,Hyderabad,Doctor,2636269.66,597,1,Medium,Active
1635,Amanda Patterson,51,Female,Pune,Business,2160449.27,467,6,Medium,Inactive
1636,Janice Johnson,43,Female,Delhi,Business,628236.95,402,6,Medium,Inactive
1637,Justin Rodriguez,38,Male,Ahmedabad,Manager,2428499.02,592,1,Low,Inactive
1638,Robin Lewis,41,Female,Mumbai,Doctor,2079947.55,325,12,High,Active
1639,Ms. Sandra Kaiser,41,Male,Kolkata,Engineer,987597.79,507,15,High,Inactive
1640,Yesenia Nguyen,22,Female,Chennai,Teacher,676240.68,557,6,High,Active
1641,Steven Roberts,29,Female,Mumbai,Analyst,2337996.32,405,8,Low,Inactive
1642,Philip Curtis,68,Female,Pune,Doctor,842605.46,715,1,High,Inactive
1643,Jessica Cain,30,Male,Ahmedabad,Engineer,2684117.29,534,15,Medium,Inactive
1644,Lori Paul,51,Female,Chennai,Analyst,2348804.07,377,9,Medium,Active
1645,Jenna Garcia,58,Male,Delhi,Engineer,2271120.45,452,11,High,Active
1646,Kristi Greene,46,Female,Delhi,Teacher,1245200.27,809,5,Medium,Active
1647,Paige Wells,42,Male,Pune,Business,2371312.2,644,11,Low,Inactive
1648,Nicholas Young,70,Male,Delhi,Manager,852835.95,652,6,Low,Inactive
1649,Kaitlyn Kirby,54,Female,Delhi,Doctor,322389.91,779,3,High,Active
1650,Michael Potter,61,Female,Ahmedabad,Doctor,2923012.27,667,2,Low,Active
1651,Ashley Salas,25,Male,Mumbai,Business,1502955.46,669,13,Low,Active
1652,Cheryl Baker,41,Female,Bangalore,Teacher,1738117.75,742,13,Medium,Inactive
1653,Mary Cooper,40,Male,Delhi,Analyst,447964.16,394,3,Medium,Inactive
1654,Jennifer Nelson,50,Male,Bangalore,Analyst,1924663.23,307,12,Low,Active
1655,Ashley Solis,54,Female,Pune,Teacher,2179932.42,386,15,High,Inactive
1656,Heidi Hill,57,Female,Ahmedabad,Teacher,2910359.35,689,8,Medium,Inactive
1657,Mary Adams,39,Female,Mumbai,Doctor,1649200.95,702,13,Low,Inactive
1658,Amanda Mcgee,63,Male,Ahmedabad,Engineer,928013.29,597,8,High,Inactive
1659,Gilbert Grant,62,Female,Pune,Manager,1399026.49,703,9,High,Inactive
1660,Jesse Jordan,39,Male,Chennai,Business,2429357.7,811,5,High,Active
1661,Kathleen Daniels,50,Female,Delhi,Analyst,495083.2,584,1,Low,Active
1662,Erik Oconnell,70,Male,Pune,Analyst,1684636.61,727,14,Low,Active
1663,Thomas Macdonald,20,Female,Hyderabad,Manager,1543699.66,800,14,Low,Inactive
1664,Scott Wallace,38,Male,Chennai,Teacher,2661637.7,600,3,Low,Active
1665,Joshua Fields,67,Male,Mumbai,Manager,2394287.68,328,4,Medium,Inactive
1666,James Edwards,45,Male,Kolkata,Analyst,2581655.65,487,10,Low,Inactive
1667,Tony Jackson,55,Female,Kolkata,Teacher,2341499.74,429,2,High,Inactive
1668,Ronald Miller,46,Male,Delhi,Analyst,1816523.01,492,3,Low,Inactive
1669,John Dalton,31,Male,Chennai,Teacher,1524393.52,614,14,Medium,Active
1670,Danny Choi,25,Female,Pune,Teacher,400689.3,317,2,Low,Active
1671,Rebecca Glass,52,Male,Chennai,Analyst,2442723.67,539,9,Low,Active
1672,Elizabeth Adams,35,Male,Pune,Analyst,2395656.2,447,11,High,Inactive
1673,Mary Whitney,46,Female,Delhi,Engineer,589594.97,397,14,High,Active
1674,Stephanie Clark,28,Male,Mumbai,Teacher,1758686.75,607,10,Medium,Active
1675,Wendy Ward,48,Female,Delhi,Teacher,1674422.14,639,1,High,Active
1676,Sarah Hurst,56,Female,Pune,Business,2485937.39,565,5,Low,Active
1677,Roy Watkins,62,Male,Hyderabad,Engineer,1320974.15,723,8,Medium,Inactive
1678,Eddie Roy,36,Male,Mumbai,Teacher,1028181.27,413,14,Low,Inactive
1679,Clifford Brown,25,Female,Pune,Analyst,974608.82,469,11,High,Inactive
1680,James Warner,44,Male,Chennai,Analyst,2575174.27,399,8,Low,Inactive
1681,Karen Burch,66,Female,Mumbai,Engineer,2688620.85,818,11,High,Inactive
1682,Ricardo Lewis,35,Male,Pune,Teacher,815866.93,666,14,Low,Inactive
1683,Angela Gonzalez,50,Female,Pune,Engineer,981828.65,540,10,High,Active
1684,Virginia Scott,62,Male,Kolkata,Teacher,2072839.08,620,4,High,Active
1685,Ryan White,37,Female,Bangalore,Doctor,1233830.01,610,2,High,Inactive
1686,Jennifer Chambers,34,Female,Kolkata,Engineer,1691183.7,448,11,Medium,Inactive
1687,Michelle Jones,19,Female,Kolkata,Analyst,311637.71,797,1,High,Inactive
1688,Steven Patel,49,Female,Chennai,Analyst,315234.25,659,11,Low,Inactive
1689,Yolanda Murphy,30,Female,Mumbai,Business,2410612.63,546,6,Low,Active
1690,Rodney Wong,39,Female,Ahmedabad,Engineer,2684052.56,733,4,Low,Inactive
1691,Keith Hunter,39,Male,Delhi,Doctor,1306596.35,333,9,Low,Active
1692,Brian Harrison,66,Female,Bangalore,Engineer,1517843.93,435,12,Low,Inactive
1693,Rebecca Martin,69,Female,Delhi,Analyst,2082900.85,461,9,Medium,Active
1694,Allison Weaver,28,Female,Chennai,Teacher,1187294.94,544,10,Medium,Active
1695,Benjamin Barnes,32,Male,Kolkata,Analyst,1457091.81,600,5,High,Inactive
1696,Christian Haas,69,Male,Kolkata,Engineer,1634720.87,678,9,High,Inactive
1697,Thomas Martinez,19,Male,Delhi,Engineer,762297.66,607,3,High,Inactive
1698,Thomas Moore,45,Male,Chennai,Teacher,551355.4,514,14,Medium,Active
1699,David Smith,44,Male,Chennai,Doctor,2093841.82,747,10,High,Inactive
1700,Ryan Hood,40,Male,Bangalore,Teacher,2644081.58,806,12,Medium,Inactive
1701,Jesse Manning,63,Male,Delhi,Analyst,1273324.77,368,15,Low,Inactive
1702,Mrs. Yolanda Shah DDS,57,Female,Hyderabad,Teacher,909960.86,652,15,Low,Active
1703,Gina Davis,55,Female,Kolkata,Doctor,1069284.89,421,11,Low,Inactive
1704,Clifford Moore,18,Male,Ahmedabad,Manager,2825020.77,717,10,High,Inactive
1705,Veronica Williams,25,Male,Kolkata,Doctor,2284062.8,375,2,Low,Inactive
1706,Savannah Johnson,64,Male,Delhi,Business,2517674.16,472,7,High,Active
1707,Douglas Cruz,18,Male,Bangalore,Teacher,1295188.04,832,15,Medium,Active
1708,Micheal Little,24,Male,Chennai,Doctor,2548206.94,628,4,Medium,Inactive
1709,Derek Morrow,55,Male,Mumbai,Business,1367918.59,673,12,Low,Active
1710,Jeff Oliver,27,Female,Kolkata,Engineer,1252818.99,322,4,High,Inactive
1711,Ricky Robinson,60,Female,Delhi,Business,405911.32,494,11,Medium,Active
1712,Ashley Brooks,46,Female,Hyderabad,Engineer,2702668.42,686,15,High,Inactive
1713,Gabriel Morton,61,Female,Delhi,Doctor,1612101.63,815,5,Low,Inactive
1714,Yvonne Smith,58,Female,Hyderabad,Doctor,1646631.7,820,11,Medium,Active
1715,Molly Bowers,21,Male,Chennai,Manager,353579.39,606,6,Low,Active
1716,Dr. Kevin Moore,42,Male,Kolkata,Manager,2247238.28,485,10,Medium,Inactive
1717,Gabrielle Gonzalez,37,Female,Kolkata,Doctor,1978192.04,667,3,Low,Inactive
1718,Jeanette Smith,63,Male,Pune,Teacher,1451984.09,410,3,High,Inactive
1719,Joseph Dougherty,34,Female,Chennai,Doctor,517426.95,388,10,Medium,Inactive
1720,Kristen Taylor,24,Male,Chennai,Analyst,531233.1,363,6,Medium,Inactive
1721,Anne Taylor,38,Female,Kolkata,Doctor,2721801.45,407,9,Medium,Inactive
1722,Jennifer Harrington,62,Female,Pune,Business,2105198.87,724,2,Low,Inactive
1723,Erik Miller,25,Male,Pune,Doctor,1087359.03,387,13,High,Inactive
1724,Kenneth Peters,45,Female,Pune,Engineer,2252832.59,708,4,High,Active
1725,Gina Cobb,58,Female,Mumbai,Manager,748711.19,795,2,High,Inactive
1726,Dustin Johnson,55,Female,Delhi,Business,2292515.43,775,7,High,Inactive
1727,David Mcdonald,63,Female,Hyderabad,Manager,2289145.3,735,2,Medium,Inactive
1728,James Rogers,58,Female,Hyderabad,Business,2683668.57,354,10,High,Inactive
1729,David Smith,67,Female,Bangalore,Analyst,2533380.85,700,7,Medium,Inactive
1730,Dennis Roberts,46,Male,Delhi,Manager,1713899.55,401,6,Low,Active
1731,Daniel Acosta,26,Male,Chennai,Business,2619250.46,700,8,Medium,Inactive
1732,Amy Dalton,58,Female,Bangalore,Doctor,1429088.23,407,3,High,Active
1733,Matthew Thornton,59,Female,Mumbai,Doctor,2958827.61,510,14,Medium,Active
1734,Michael Ellis,22,Female,Pune,Engineer,1484318.11,487,14,High,Inactive
1735,Dana Armstrong,30,Female,Chennai,Business,2129046.57,384,7,Medium,Inactive
1736,Jacqueline Roman,34,Male,Hyderabad,Engineer,1012897.7,721,15,High,Active
1737,Andrew Russell,46,Male,Bangalore,Doctor,1834324.77,606,14,Medium,Inactive
1738,Veronica Hanson,50,Female,Bangalore,Engineer,444738.75,755,1,Medium,Active
1739,Joseph Reid,55,Male,Hyderabad,Analyst,709424.11,411,8,Medium,Inactive
1740,Whitney Hartman,32,Male,Ahmedabad,Manager,1632614.63,680,9,Medium,Inactive
1741,Tammie Winters,50,Male,Pune,Engineer,465428.25,365,7,Medium,Inactive
1742,Jamie Roberts,70,Male,Kolkata,Analyst,1730207.0,451,2,Medium,Active
1743,James Garcia,29,Male,Kolkata,Manager,2222688.13,848,8,Low,Inactive
1744,Joshua White,41,Female,Mumbai,Engineer,1781802.63,704,3,High,Inactive
1745,Christina Bell,34,Male,Delhi,Analyst,744282.77,388,10,High,Inactive
1746,Charles Mendez,66,Male,Mumbai,Manager,501932.27,639,6,Low,Inactive
1747,William Perkins,56,Female,Hyderabad,Engineer,706308.18,486,1,High,Active
1748,Justin Porter,30,Male,Ahmedabad,Business,1727302.65,713,6,Medium,Active
1749,Joshua Davis,63,Female,Ahmedabad,Teacher,1821269.26,783,10,Medium,Inactive
1750,Joann Wright,70,Male,Pune,Business,2353948.18,357,11,High,Active
1751,John Hawkins,67,Male,Pune,Manager,1793203.35,354,14,High,Inactive
1752,Nathan Clark,59,Male,Mumbai,Teacher,959049.91,379,1,High,Inactive
1753,Helen Carey,36,Female,Delhi,Manager,2519022.08,825,9,Low,Inactive
1754,Lisa Mcclure,44,Female,Chennai,Doctor,527081.56,660,6,Low,Active
1755,Nicole Friedman,42,Female,Pune,Doctor,1903003.47,621,15,Medium,Inactive
1756,James Jensen,61,Female,Hyderabad,Engineer,2428145.51,511,12,Medium,Active
1757,Melanie Thomas,59,Male,Delhi,Business,582167.76,550,10,High,Active
1758,Joseph Martin,23,Female,Bangalore,Analyst,1361225.25,837,11,Low,Active
1759,Courtney Stevens,69,Female,Mumbai,Teacher,638522.23,580,2,High,Active
1760,Lori Robertson,54,Male,Delhi,Business,1686847.17,620,15,Medium,Active
1761,John Brown,41,Female,Bangalore,Teacher,2284446.95,539,3,Low,Active
1762,Nicholas Moody,36,Female,Mumbai,Engineer,2671704.7,457,12,Low,Inactive
1763,Ashley Pierce,21,Male,Pune,Analyst,1535216.49,831,14,Low,Active
1764,Maria Collier,64,Female,Pune,Engineer,320162.61,427,3,Medium,Active
1765,Susan Watts,49,Male,Kolkata,Analyst,1811291.57,514,6,Medium,Inactive
1766,Daniel Payne,34,Female,Delhi,Doctor,2693208.8,517,6,Medium,Active
1767,Tonya Cox,33,Male,Ahmedabad,Manager,308083.59,812,11,Medium,Inactive
1768,Angela Dominguez,53,Female,Hyderabad,Teacher,613024.08,399,10,High,Active
1769,Jasmine Jones,40,Female,Mumbai,Manager,2152184.33,511,2,Low,Active
1770,Clifford Daniel,68,Male,Bangalore,Teacher,2365988.01,688,15,Medium,Inactive
1771,Amber Wilkinson,60,Male,Chennai,Business,2262527.97,508,6,Medium,Inactive
1772,Jessica Scott,42,Male,Delhi,Teacher,1718747.32,346,5,Low,Active
1773,Jaclyn Cohen,53,Female,Pune,Doctor,982442.79,538,9,Low,Inactive
1774,Kristi Davis,48,Female,Delhi,Analyst,668244.15,300,7,Low,Active
1775,Jenny Carlson,30,Male,Bangalore,Business,1884013.53,735,3,Low,Inactive
1776,Christina Elliott,61,Male,Hyderabad,Teacher,2891412.08,746,12,Medium,Active
1777,Martha Martinez,64,Female,Delhi,Engineer,1309074.16,631,12,High,Active
1778,Bethany Howard,70,Male,Mumbai,Engineer,1532976.75,847,9,High,Active
1779,Jon Black,18,Female,Chennai,Manager,2470863.41,650,8,High,Active
1780,Samantha Parker,64,Female,Delhi,Manager,483724.1,845,3,High,Inactive
1781,Ashley Barrett,61,Male,Bangalore,Engineer,1503148.59,795,3,High,Inactive
1782,Cesar Jones,27,Female,Mumbai,Analyst,1720399.58,761,11,Low,Active
1783,Karen Gross,20,Female,Delhi,Business,1082682.7,662,11,High,Active
1784,Helen Pruitt,27,Male,Bangalore,Engineer,2759468.4,487,13,Low,Active
1785,Debra Cox,44,Male,Kolkata,Engineer,2457982.38,681,1,Medium,Inactive
1786,Sydney Jackson,49,Female,Hyderabad,Engineer,2789624.03,669,6,Low,Active
1787,Douglas Cherry,26,Female,Bangalore,Business,958759.35,387,9,Medium,Inactive
1788,Thomas Miller MD,70,Male,Chennai,Engineer,1233991.83,696,14,Low,Inactive
1789,Richard Bartlett,62,Female,Delhi,Manager,2683975.85,747,12,High,Active
1790,Christine Mccullough,57,Male,Ahmedabad,Business,2573099.64,535,13,Low,Active
1791,Sara Rowe,70,Female,Mumbai,Teacher,2641242.37,778,11,Low,Active
1792,Albert Griffin,49,Male,Hyderabad,Doctor,1002812.34,835,15,Medium,Inactive
1793,Darrell Boyd,50,Female,Hyderabad,Teacher,2940711.55,771,2,Low,Active
1794,Benjamin Murray,32,Female,Mumbai,Analyst,1262020.39,739,4,Medium,Inactive
1795,Lauren Thompson,35,Female,Mumbai,Teacher,657818.02,637,14,Medium,Active
1796,Jason Brown,35,Male,Pune,Analyst,2283682.24,616,14,Medium,Inactive
1797,Paul Knapp,59,Male,Kolkata,Business,562463.17,803,10,Medium,Inactive
1798,Michael Reid,42,Male,Ahmedabad,Manager,2037622.1,831,15,Low,Active
1799,Jeffrey Bryant,54,Female,Kolkata,Teacher,1437054.04,491,6,Medium,Active
1800,Henry Tanner,18,Male,Kolkata,Business,409996.77,467,7,Low,Inactive
1801,Isaac Salinas,35,Male,Bangalore,Business,1157419.14,803,5,Low,Inactive
1802,Anthony Collins,54,Female,Pune,Teacher,1874470.86,385,10,High,Active
1803,Allison Bowen,25,Male,Mumbai,Engineer,1044997.51,797,4,Low,Inactive
1804,Robert Kelly,30,Male,Hyderabad,Teacher,1652670.57,486,5,Low,Active
1805,Krystal Reid,49,Male,Hyderabad,Business,411093.92,624,7,Medium,Inactive
1806,Robert Smith,53,Male,Delhi,Engineer,2585966.31,351,11,Low,Active
1807,Elizabeth Jackson,65,Male,Mumbai,Doctor,987371.38,574,7,Medium,Inactive
1808,Linda Rodriguez,48,Female,Kolkata,Manager,2341734.14,708,12,Medium,Inactive
1809,Kayla Wolf,25,Male,Bangalore,Engineer,2886068.45,437,8,Low,Active
1810,Patricia Dean,70,Male,Delhi,Doctor,776043.89,569,9,Low,Active
1811,Valerie Brooks,50,Female,Chennai,Manager,2290510.19,389,13,Low,Active
1812,Tyrone Taylor,67,Male,Ahmedabad,Business,1265918.1,512,11,Low,Active
1813,Jeffrey Ward,37,Male,Kolkata,Business,571958.44,636,8,High,Inactive
1814,Jeffery Smith,64,Male,Pune,Analyst,1996400.91,389,7,Low,Active
1815,Richard West,19,Male,Kolkata,Doctor,1301523.88,678,15,High,Active
1816,Tara Bowen,36,Male,Delhi,Engineer,381523.44,496,15,High,Active
1817,Felicia Phillips,39,Male,Mumbai,Manager,1714705.2,434,13,High,Inactive
1818,Michael Smith,39,Female,Delhi,Teacher,1847637.19,486,13,Low,Inactive
1819,Jessica Robinson,32,Male,Hyderabad,Doctor,2612455.44,659,11,High,Inactive
1820,Dawn Estrada DVM,47,Female,Ahmedabad,Business,741405.71,476,4,Medium,Active
1821,Scott Ray,67,Female,Ahmedabad,Analyst,1441006.88,821,15,Medium,Active
1822,Sarah Hayes,42,Female,Chennai,Analyst,1450451.34,538,8,Low,Active
1823,Amanda Zavala,36,Male,Pune,Manager,2038295.29,698,7,Low,Inactive
1824,Charles Johnson,56,Male,Mumbai,Manager,2936335.57,306,8,Medium,Active
1825,Amy Roberts,23,Male,Hyderabad,Doctor,524763.96,313,10,High,Active
1826,Michael Williams,31,Male,Delhi,Engineer,2617635.29,631,13,Low,Active
1827,Jeffrey Francis,32,Female,Kolkata,Engineer,783939.03,462,5,High,Active
1828,Brittany Flores,32,Female,Bangalore,Analyst,1912292.02,371,13,Medium,Active
1829,Alyssa Sullivan,64,Male,Mumbai,Analyst,827734.65,518,6,Medium,Active
1830,Aaron Stone,25,Male,Hyderabad,Engineer,467622.88,486,12,High,Inactive
1831,Diane Rogers,55,Male,Delhi,Analyst,1334794.62,815,13,High,Inactive
1832,Donna Williams,44,Female,Bangalore,Manager,2582983.89,601,10,Medium,Active
1833,Lisa Williams,23,Female,Ahmedabad,Business,2918753.99,747,3,High,Active
1834,Robert Alvarez,31,Male,Delhi,Analyst,2144321.72,467,1,Low,Inactive
1835,Leslie Valdez,26,Female,Chennai,Teacher,1141637.62,590,10,High,Inactive
1836,Jacqueline Pitts,37,Female,Bangalore,Business,1748480.2,526,7,High,Inactive
1837,Sharon Peterson,48,Male,Chennai,Doctor,532588.83,683,8,High,Inactive
1838,Veronica Miller,30,Male,Ahmedabad,Engineer,2426300.27,814,1,Medium,Active
1839,Benjamin Soto,23,Male,Hyderabad,Teacher,2496298.46,709,12,High,Active
1840,Deanna Moran,63,Male,Pune,Doctor,331450.65,740,4,Medium,Inactive
1841,Laurie Baldwin,45,Male,Hyderabad,Teacher,2357092.14,308,15,Medium,Active
1842,Jennifer Perez,68,Male,Delhi,Engineer,549419.55,572,8,Low,Active
1843,James Diaz,24,Female,Pune,Engineer,2498590.25,565,9,High,Inactive
1844,Benjamin Kline,20,Female,Ahmedabad,Teacher,1079835.55,512,4,Medium,Inactive
1845,Ryan Butler,21,Female,Ahmedabad,Engineer,2099500.11,699,15,Low,Active
1846,Christopher Jones,37,Female,Kolkata,Doctor,431802.44,713,9,Low,Inactive
1847,Lisa Stephens,30,Female,Delhi,Doctor,1333976.66,374,6,High,Inactive
1848,Ms. Linda Barron DDS,19,Female,Mumbai,Analyst,1751574.74,787,8,High,Inactive
1849,Matthew Hoffman,59,Female,Ahmedabad,Doctor,574323.09,339,14,Low,Inactive
1850,Paula James,68,Male,Pune,Engineer,1603421.99,632,3,Medium,Inactive
1851,Jessica Knight,20,Female,Mumbai,Business,500999.17,507,13,High,Inactive
1852,Mark Ortega,42,Female,Delhi,Doctor,1258431.76,773,9,Low,Active
1853,Clayton Wood,18,Male,Kolkata,Teacher,1349231.0,569,5,High,Inactive
1854,Jeremiah Rivera,34,Female,Kolkata,Manager,1952100.19,723,8,Medium,Active
1855,Laurie Morrison,52,Female,Ahmedabad,Business,2314241.05,837,8,Medium,Active
1856,Carlos Leonard,63,Male,Ahmedabad,Manager,2524883.75,410,7,Low,Active
1857,Christina Cole,53,Male,Bangalore,Analyst,843160.52,480,14,High,Inactive
1858,Christopher Jackson,33,Female,Kolkata,Teacher,1220217.15,421,6,Medium,Inactive
1859,Brittany Steele,33,Female,Hyderabad,Teacher,2551311.97,821,15,High,Inactive
1860,Ricky Clark,49,Male,Hyderabad,Doctor,2522020.03,735,11,Low,Inactive
1861,Sherri Hill,33,Male,Pune,Teacher,2207373.63,846,5,High,Inactive
1862,Austin Mitchell,46,Female,Hyderabad,Analyst,493248.21,819,2,Low,Inactive
1863,Amanda Bradford,49,Female,Delhi,Doctor,1172075.82,501,13,High,Inactive
1864,Stephanie Ray,47,Female,Ahmedabad,Manager,1289297.8,341,11,Low,Active
1865,Gary Ray,34,Male,Chennai,Business,1312661.16,685,6,Low,Inactive
1866,Jessica Young,45,Female,Bangalore,Manager,2434182.09,471,2,Low,Active
1867,Mrs. Jaime Wise DVM,69,Male,Delhi,Business,741995.77,461,1,High,Active
1868,Brittany Jones,44,Female,Bangalore,Doctor,2292450.6,792,7,High,Active
1869,Eric Patterson,61,Female,Delhi,Doctor,2920743.62,670,8,Low,Inactive
1870,Joshua Simmons,65,Male,Kolkata,Doctor,849384.89,743,8,High,Inactive
1871,Stephen Butler,23,Male,Pune,Engineer,1191994.2,522,3,High,Inactive
1872,Thomas Hill,62,Male,Mumbai,Business,2299382.57,510,8,Medium,Active
1873,Joshua Brown,25,Male,Hyderabad,Manager,1939976.22,544,14,Low,Active
1874,Pamela Clark,57,Female,Mumbai,Teacher,978648.24,477,2,Low,Inactive
1875,Vincent Martinez,57,Female,Chennai,Business,886732.97,367,4,Low,Inactive
1876,Michelle Young,33,Male,Ahmedabad,Manager,444748.14,761,5,Medium,Inactive
1877,Stephen Price,35,Female,Kolkata,Teacher,1107590.23,656,11,Low,Active
1878,Barbara Olson,28,Male,Bangalore,Teacher,1195284.07,745,11,High,Inactive
1879,Angela Bowman,35,Female,Pune,Analyst,1642314.1,487,14,Medium,Active
1880,Katie Whitehead,21,Female,Chennai,Engineer,935677.97,786,1,High,Active
1881,Tracy Rice,38,Female,Delhi,Business,2767418.39,521,2,Low,Active
1882,Louis Lawson,47,Male,Mumbai,Teacher,445544.55,647,8,Medium,Inactive
1883,Ronnie Martinez,36,Female,Ahmedabad,Analyst,2246376.68,795,5,Low,Inactive
1884,Bridget Clark,41,Female,Delhi,Engineer,1531781.7,315,3,Medium,Active
1885,Jeremy Gould,47,Male,Bangalore,Analyst,443695.83,786,10,Medium,Active
1886,Lauren Schneider,68,Male,Kolkata,Manager,1058864.14,493,4,Low,Active
1887,Brenda Williams,61,Female,Ahmedabad,Engineer,816410.58,795,5,High,Active
1888,Sharon Marks,46,Male,Ahmedabad,Doctor,816570.89,697,15,Medium,Active
1889,Jennifer Rose,18,Female,Bangalore,Manager,1405176.39,695,1,High,Inactive
1890,Samantha Rodriguez,38,Female,Chennai,Analyst,1236572.18,558,7,Low,Inactive
1891,Amanda Miller,21,Female,Kolkata,Manager,2549116.85,590,9,Low,Active
1892,Ernest Bennett,67,Male,Bangalore,Analyst,984735.16,768,15,Low,Inactive
1893,Randall Meyers,33,Female,Pune,Analyst,510032.82,592,2,Low,Active
1894,William George,45,Male,Ahmedabad,Manager,2035967.86,665,6,Low,Inactive
1895,Nicholas Zhang,23,Female,Chennai,Doctor,639974.68,550,1,Low,Inactive
1896,Brian Bush,56,Female,Bangalore,Doctor,916099.16,845,6,Low,Inactive
1897,Karen Madden DDS,18,Female,Mumbai,Teacher,281351.78,681,4,High,Inactive
1898,Richard Parker,65,Male,Mumbai,Analyst,1417712.16,607,3,High,Active
1899,Kevin Smith,26,Male,Ahmedabad,Engineer,341203.85,739,3,Medium,Inactive
1900,Jamie Flynn,37,Female,Pune,Manager,1913738.23,380,1,Low,Inactive
1901,Ryan Cruz,52,Male,Hyderabad,Doctor,1720682.42,777,10,Low,Inactive
1902,Kevin Henry,62,Female,Chennai,Engineer,680407.4,607,7,Low,Inactive
1903,Rachel Collins,70,Male,Delhi,Doctor,1874793.16,509,7,Low,Inactive
1904,Stacey Arias,24,Female,Hyderabad,Doctor,1937905.42,562,4,High,Active
1905,Karen Haley,57,Male,Delhi,Engineer,1265870.44,708,2,Low,Active
1906,Stephanie Davies,33,Male,Pune,Doctor,2265465.57,348,3,High,Inactive
1907,Stephanie Campbell,56,Male,Mumbai,Analyst,2929441.44,783,12,High,Inactive
1908,Jeffery Garcia,24,Male,Chennai,Doctor,1153634.52,554,15,Medium,Inactive
1909,Darius Smith,68,Female,Pune,Engineer,2042970.39,836,4,High,Active
1910,Jason Shaffer,64,Female,Kolkata,Doctor,2771427.78,694,6,Medium,Active
1911,Michelle Garza,49,Male,Ahmedabad,Doctor,2500549.8,445,10,High,Active
1912,Patricia Hayes,64,Female,Ahmedabad,Business,436959.55,577,1,Medium,Inactive
1913,Kristen Johnson,34,Male,Pune,Engineer,1137443.43,772,9,High,Inactive
1914,Kathleen Hutchinson,51,Female,Mumbai,Business,2161263.19,530,2,Low,Active
1915,Joseph Lynch,50,Male,Kolkata,Doctor,1074936.43,326,5,Medium,Active
1916,Shannon Blake,57,Male,Pune,Manager,740664.82,544,14,High,Active
1917,John Clayton,48,Female,Hyderabad,Doctor,2968318.35,424,15,Medium,Inactive
1918,Alicia Jackson,28,Female,Ahmedabad,Business,1424260.68,480,7,Low,Active
1919,Ann Dixon,67,Female,Chennai,Engineer,1964035.91,376,4,Medium,Inactive
1920,Randy Carroll,30,Female,Mumbai,Manager,2159180.17,384,15,Medium,Inactive
1921,Scott Cardenas,18,Female,Mumbai,Teacher,550793.1,685,3,Low,Inactive
1922,Antonio Brown II,24,Female,Kolkata,Engineer,845345.19,427,1,Low,Active
1923,Jennifer Frye,42,Female,Pune,Engineer,538715.65,391,2,Medium,Inactive
1924,Robert Watkins,51,Female,Hyderabad,Engineer,2294240.81,480,2,High,Active
1925,Theresa Jones,44,Female,Ahmedabad,Manager,2900915.16,819,9,Medium,Active
1926,Ms. Ashley Tucker,30,Male,Hyderabad,Manager,766503.5,334,4,High,Active
1927,Kyle Hernandez,56,Male,Bangalore,Doctor,895144.97,744,7,Low,Active
1928,Kyle Harmon,34,Male,Pune,Business,2827087.19,762,15,High,Inactive
1929,Lawrence Johnson,41,Male,Bangalore,Manager,357365.45,798,14,High,Inactive
1930,Jordan Chen,48,Male,Mumbai,Business,959468.98,479,5,High,Active
1931,Jason Sanchez,61,Female,Hyderabad,Analyst,403528.79,482,3,Medium,Inactive
1932,Stephanie Taylor,32,Female,Ahmedabad,Engineer,1505079.09,373,13,Medium,Active
1933,Michael Garcia,66,Female,Kolkata,Business,2985493.81,420,8,Low,Active
1934,Noah Williams,26,Female,Mumbai,Doctor,2316591.69,527,6,Medium,Inactive
1935,Mark Matthews,65,Male,Pune,Engineer,785918.68,622,4,High,Active
1936,Kimberly Morse,55,Male,Ahmedabad,Doctor,2357272.42,343,6,Medium,Active
1937,Amanda Sosa,31,Male,Mumbai,Teacher,2185375.77,804,6,Low,Active
1938,Melissa Williams,64,Female,Hyderabad,Doctor,746717.36,320,15,Medium,Active
1939,Kimberly Patton,22,Male,Pune,Engineer,1057202.49,487,13,Medium,Active
1940,Craig Buchanan,48,Female,Kolkata,Engineer,376784.43,788,8,Low,Inactive
1941,Greg Carter,46,Male,Mumbai,Teacher,265804.05,589,8,Medium,Active
1942,Paul Graves,36,Female,Kolkata,Doctor,1367333.87,316,15,Low,Inactive
1943,Kathleen Serrano,32,Female,Mumbai,Doctor,1696342.87,765,13,Medium,Inactive
1944,David Sutton,43,Male,Mumbai,Analyst,2433288.35,620,14,Medium,Inactive
1945,Morgan Le,37,Male,Kolkata,Teacher,1497786.42,831,8,High,Active
1946,Bradley Scott,42,Male,Delhi,Manager,385794.74,324,13,High,Inactive
1947,Andrew Reed,51,Male,Chennai,Analyst,2482032.27,498,15,High,Active
1948,Christina Smith,22,Male,Delhi,Business,2872972.27,440,7,Medium,Active
1949,Amy Armstrong,35,Male,Chennai,Doctor,1409145.58,548,1,High,Active
1950,Kathryn Vang,60,Female,Delhi,Doctor,761407.6,710,10,Medium,Inactive
1951,William Rivera,34,Male,Ahmedabad,Business,2916013.39,411,4,Low,Active
1952,Brandon Smith,52,Female,Hyderabad,Manager,1051219.88,307,11,Medium,Inactive
1953,Monica Eaton,58,Male,Ahmedabad,Analyst,1026496.39,568,7,High,Inactive
1954,John Boyd,31,Male,Ahmedabad,Engineer,1498072.66,409,12,High,Inactive
1955,Jeffrey Brown,35,Female,Pune,Doctor,1978952.53,764,15,Medium,Active
1956,William Shelton,23,Male,Kolkata,Teacher,2644524.19,750,15,High,Active
1957,Christina Gomez,36,Male,Hyderabad,Engineer,1063068.92,637,2,High,Active
1958,Laura Gordon,50,Female,Hyderabad,Doctor,377324.15,415,2,High,Active
1959,Jerry Mason,63,Male,Delhi,Teacher,2405429.77,808,6,Low,Inactive
1960,Sandy Clay,61,Male,Chennai,Doctor,1144945.02,623,13,Low,Active
1961,Aaron Luna,48,Female,Ahmedabad,Manager,2824260.71,799,10,High,Active
1962,Michelle George,21,Male,Bangalore,Business,278875.9,433,7,High,Active
1963,Christopher Fuller,46,Female,Bangalore,Business,2110972.53,514,15,Medium,Active
1964,Carla Doyle,23,Female,Hyderabad,Analyst,399555.52,757,4,High,Active
1965,Matthew Owens,61,Male,Ahmedabad,Business,1605645.11,431,2,High,Active
1966,Jessica Dixon,54,Female,Mumbai,Teacher,2434762.94,401,10,Low,Inactive
1967,Alex Cabrera,36,Female,Bangalore,Teacher,1296749.32,506,11,Low,Inactive
1968,Howard Duran,40,Female,Bangalore,Teacher,1392251.99,744,7,Medium,Inactive
1969,Carmen Beltran,39,Male,Delhi,Engineer,1956867.56,635,4,Low,Active
1970,Richard Rowland,61,Male,Hyderabad,Doctor,2620078.82,715,12,High,Active
1971,Maureen Griffin,26,Male,Hyderabad,Analyst,970455.8,357,13,Medium,Active
1972,Bianca Contreras DVM,39,Female,Chennai,Business,650673.48,484,12,Medium,Active
1973,Amy King,63,Female,Pune,Analyst,1417083.84,401,15,High,Active
1974,Michael Crawford,42,Male,Chennai,Business,832173.85,334,9,High,Inactive
1975,Dana Young MD,36,Male,Mumbai,Manager,2645681.02,349,9,High,Inactive
1976,Danielle Walker,25,Male,Bangalore,Manager,1138267.47,556,2,Low,Inactive
1977,Angela Parrish,40,Male,Chennai,Doctor,512876.55,735,3,Low,Active
1978,Kimberly Smith,61,Female,Ahmedabad,Teacher,1079417.89,488,4,High,Inactive
1979,Joseph Stephenson,46,Female,Hyderabad,Engineer,2977866.84,477,13,High,Inactive
1980,Grant Roberts,38,Male,Delhi,Engineer,2107233.61,330,10,Medium,Active
1981,Albert Barajas,45,Male,Ahmedabad,Analyst,2200528.62,638,11,Low,Active
1982,Brittany Ford,37,Male,Bangalore,Analyst,758211.87,530,13,Low,Active
1983,Amy Green,64,Female,Hyderabad,Business,1201208.19,432,15,Medium,Active
1984,Amber Smith,43,Female,Chennai,Analyst,350295.53,587,2,Low,Inactive
1985,Amanda Morales,57,Male,Bangalore,Analyst,2443866.78,499,6,High,Inactive
1986,Barbara Sweeney MD,41,Female,Hyderabad,Teacher,1578580.93,682,13,High,Inactive
1987,Benjamin West,64,Female,Chennai,Teacher,340633.44,777,8,Medium,Active
1988,Emily Stephens,46,Female,Delhi,Engineer,2914760.53,410,1,Medium,Inactive
1989,Justin Fisher,49,Female,Mumbai,Engineer,1766336.81,537,11,High,Active
1990,Alexis Jenkins,40,Male,Mumbai,Teacher,415396.4,470,1,Medium,Inactive
1991,Patricia Hayes,70,Male,Hyderabad,Engineer,696049.92,787,13,Medium,Inactive
1992,Chelsea Anderson PhD,52,Male,Kolkata,Doctor,1778109.41,677,6,Low,Active
1993,Cynthia Hill,28,Male,Pune,Business,1276351.68,346,2,Low,Inactive
1994,Kayla Vargas,70,Female,Bangalore,Manager,2614451.63,604,8,Low,Inactive
1995,Robert Combs,32,Female,Bangalore,Engineer,1248381.94,716,2,High,Active
1996,Dale Zamora,34,Male,Pune,Doctor,792200.95,543,9,Medium,Active
1997,Mary Gibson,18,Female,Ahmedabad,Analyst,851849.37,681,7,Low,Inactive
1998,Cynthia Salinas,32,Female,Hyderabad,Engineer,414825.13,552,15,Medium,Inactive
1999,Robin Griffith,57,Male,Delhi,Engineer,2151208.44,409,13,Medium,Inactive
2000,Andrea Harris,27,Male,Delhi,Analyst,857469.54,381,1,Low,Inactive
2001,Derrick Thompson,20,Male,Chennai,Manager,2525773.12,307,14,High,Inactive
2002,Kristina King,52,Male,Delhi,Doctor,1051305.54,592,15,Low,Inactive
2003,Julian Collins,30,Female,Bangalore,Manager,2167574.35,594,4,Low,Inactive
2004,Denise Davis,66,Male,Pune,Doctor,1325427.33,545,2,Low,Inactive
2005,Derek Reyes,36,Male,Mumbai,Doctor,2984661.44,414,8,Medium,Inactive
2006,Derek Anderson,31,Female,Pune,Engineer,1129106.09,563,13,Medium,Inactive
2007,Michael Smith,18,Male,Chennai,Doctor,1287198.16,548,9,Medium,Active
2008,Andrea Key,47,Female,Hyderabad,Doctor,380254.3,354,14,High,Active
2009,Miranda Smith,47,Male,Pune,Manager,2608393.87,590,7,Medium,Active
2010,Jason Aguilar,68,Male,Bangalore,Engineer,481405.53,801,4,Low,Inactive
2011,Nicholas Johnson,23,Female,Ahmedabad,Engineer,2101724.85,413,6,Medium,Active
2012,Joseph Ramirez,43,Female,Kolkata,Engineer,2331166.76,735,9,Low,Inactive
2013,Francisco Galvan,55,Female,Hyderabad,Manager,2266389.24,713,9,High,Inactive
2014,Jonathan Webb,38,Female,Mumbai,Engineer,1434675.44,827,13,High,Active
2015,Jason Mcdaniel,49,Male,Ahmedabad,Engineer,595852.5,486,5,Low,Active
2016,Janet Harris,69,Female,Delhi,Manager,1179427.94,510,11,Medium,Active
2017,Patrick Johnson,42,Female,Ahmedabad,Teacher,2133455.17,716,10,High,Inactive
2018,Jennifer Oconnor,48,Female,Chennai,Manager,2581074.32,737,7,Medium,Active
2019,Kristi Barton,50,Female,Mumbai,Analyst,867611.78,410,15,Low,Active
2020,Jonathan Armstrong,39,Male,Hyderabad,Analyst,534980.16,762,12,High,Inactive
2021,Stephanie Bond,64,Female,Kolkata,Engineer,2603974.96,352,15,Low,Inactive
2022,Amanda Fisher,48,Female,Kolkata,Engineer,2037781.68,828,8,Low,Inactive
2023,Laura Dunlap,52,Male,Bangalore,Teacher,2875567.41,553,8,Medium,Active
2024,Kristen Wallace,24,Female,Mumbai,Engineer,335185.5,844,3,Low,Active
2025,Bobby Caldwell,37,Female,Hyderabad,Doctor,2790931.56,677,13,Low,Active
2026,Cheyenne Meyer,26,Female,Delhi,Analyst,2475585.68,534,2,Low,Active
2027,Kelly Rasmussen,19,Female,Bangalore,Engineer,1031454.0,469,6,Low,Active
2028,Isabel Smith,24,Male,Delhi,Doctor,1480496.39,760,14,Medium,Active
2029,Patricia Espinoza,22,Male,Bangalore,Engineer,1273543.24,653,10,Medium,Inactive
2030,Megan Kent,70,Male,Hyderabad,Business,1973177.6,629,14,High,Active
2031,Shannon Day,24,Male,Mumbai,Analyst,988511.96,654,2,Medium,Active
2032,Lori Reyes,54,Female,Bangalore,Business,694822.07,377,15,High,Inactive
2033,Gregory Coleman,66,Female,Delhi,Engineer,2104287.21,356,14,High,Active
2034,Edwin Phillips,29,Male,Delhi,Doctor,2786062.71,626,1,High,Active
2035,John Moore,48,Female,Bangalore,Manager,463344.01,552,8,High,Inactive
2036,Sharon Lopez,67,Female,Pune,Engineer,2571425.95,330,14,Medium,Active
2037,Michael Thompson,22,Female,Pune,Doctor,2618125.49,800,12,Medium,Active
2038,Donald Golden,56,Male,Pune,Analyst,1942271.73,530,1,High,Active
2039,Henry Cummings,61,Male,Kolkata,Manager,1052712.29,540,3,Low,Inactive
2040,William Winters,36,Male,Ahmedabad,Business,1551206.35,326,14,High,Inactive
2041,Casey Williams,31,Male,Bangalore,Analyst,1041231.77,555,5,Medium,Inactive
2042,Charles Wiley,69,Female,Chennai,Doctor,2967985.21,330,4,Low,Active
2043,Tiffany James,41,Male,Bangalore,Manager,2916071.96,386,13,High,Inactive
2044,Diana Lopez,57,Female,Hyderabad,Business,2374445.47,558,8,Medium,Inactive
2045,Laura Russell,26,Male,Chennai,Manager,1574949.78,840,1,High,Inactive
2046,Travis Anderson,62,Female,Bangalore,Doctor,760568.08,329,2,High,Active
2047,Sydney Solomon,61,Male,Chennai,Manager,716992.02,477,13,High,Inactive
2048,Kelly Wilson,29,Male,Chennai,Engineer,1694763.93,450,14,Medium,Inactive
2049,Juan Johnson,45,Female,Mumbai,Doctor,1007245.7,654,14,Medium,Inactive
2050,Samantha Torres,56,Male,Hyderabad,Manager,1138618.43,336,2,High,Inactive
2051,Caitlyn Gibson,31,Male,Ahmedabad,Doctor,1426547.28,715,14,High,Active
2052,Rebecca Gonzalez,42,Female,Hyderabad,Engineer,901371.43,731,13,Medium,Inactive
2053,Stephen Sweeney,41,Female,Bangalore,Business,1014812.47,620,3,Medium,Inactive
2054,Richard Mora,44,Female,Delhi,Doctor,575039.3,692,1,Medium,Inactive
2055,Megan Ramos,39,Male,Ahmedabad,Manager,739824.63,508,15,High,Inactive
2056,Matthew Curtis,23,Male,Ahmedabad,Doctor,2696544.79,367,5,High,Active
2057,Jill Hudson,43,Female,Chennai,Doctor,1469132.84,733,6,Medium,Inactive
2058,Jeffrey Williams,65,Male,Pune,Business,2713689.2,494,12,High,Active
2059,Laura Turner,31,Male,Hyderabad,Teacher,1434598.78,476,13,Low,Inactive
2060,Timothy Hampton,43,Female,Mumbai,Doctor,2968932.26,364,6,Low,Active
2061,Karen Duke,31,Female,Kolkata,Engineer,1509610.33,437,8,High,Active
2062,Richard Henry,55,Female,Chennai,Doctor,1254997.88,658,1,Medium,Inactive
2063,Amanda Wright,66,Female,Hyderabad,Teacher,2657638.83,381,15,Low,Inactive
2064,Bradley Dalton,37,Male,Pune,Analyst,1136110.97,452,3,Medium,Active
2065,Pamela Johnston MD,39,Female,Bangalore,Analyst,1170600.38,400,8,Low,Active
2066,Michael Goodwin,25,Male,Hyderabad,Analyst,2654813.52,401,3,High,Active
2067,Dorothy Butler,68,Female,Hyderabad,Business,1053274.07,625,3,Low,Inactive
2068,Tyler Farmer,62,Male,Hyderabad,Business,501136.02,614,11,Medium,Inactive
2069,Michael Edwards,24,Female,Bangalore,Manager,695227.63,811,13,Low,Active
2070,Thomas Hoffman,68,Female,Hyderabad,Business,406700.49,687,1,Low,Inactive
2071,Mrs. Kristina Ayala,47,Male,Mumbai,Engineer,1018173.9,801,3,Low,Inactive
2072,Ian Graham,48,Male,Mumbai,Analyst,2550045.71,808,13,High,Active
2073,Steven Knapp,42,Male,Hyderabad,Analyst,572462.05,358,1,Low,Inactive
2074,Heather Burns,31,Female,Hyderabad,Analyst,354602.62,543,2,High,Active
2075,Xavier Rivera,54,Male,Delhi,Business,2962208.66,442,2,High,Active
2076,Roger Watson Jr.,57,Female,Kolkata,Engineer,2822815.87,833,4,Medium,Inactive
2077,Dr. James Chandler,31,Female,Delhi,Engineer,1480885.7,400,10,High,Active
2078,Mary Ramirez MD,19,Male,Mumbai,Manager,1298858.96,469,3,High,Inactive
2079,Kyle Campbell,42,Male,Mumbai,Doctor,368110.42,802,7,High,Inactive
2080,Leslie Harris,27,Female,Bangalore,Manager,2768825.24,768,15,Low,Inactive
2081,Darlene Martinez,53,Female,Pune,Teacher,2296613.18,444,3,Low,Active
2082,Mrs. Michelle Mcclure,46,Male,Bangalore,Teacher,2178575.02,383,11,High,Inactive
2083,Veronica Moore,26,Male,Ahmedabad,Analyst,2578637.73,501,9,High,Active
2084,Darius Anthony,51,Female,Delhi,Manager,273486.96,571,2,Medium,Inactive
2085,Nathan Hernandez,55,Female,Mumbai,Doctor,1110022.21,376,5,High,Active
2086,Gregory Graham,53,Female,Pune,Engineer,506643.32,541,6,Medium,Inactive
2087,Kevin Underwood,30,Male,Chennai,Business,975436.04,786,12,High,Inactive
2088,Lori Mendez,60,Female,Kolkata,Teacher,611824.86,716,3,Medium,Inactive
2089,Krystal Baker,41,Male,Hyderabad,Business,575641.38,615,10,High,Inactive
2090,Kenneth Perez,27,Male,Ahmedabad,Business,1205082.51,561,7,Medium,Inactive
2091,Christine Holmes,25,Male,Kolkata,Engineer,2627975.74,628,13,Medium,Active
2092,Brittany Carroll,70,Male,Chennai,Engineer,274653.39,585,13,Medium,Inactive
2093,Brittney Fox,29,Female,Kolkata,Teacher,2031898.96,562,13,Medium,Inactive
2094,Ann Cooper,30,Female,Bangalore,Analyst,1254782.5,679,12,Medium,Active
2095,William Roberts,32,Female,Chennai,Analyst,769478.32,746,11,Low,Inactive
2096,Brandon Bean,41,Male,Pune,Manager,1506085.15,309,12,Medium,Active
2097,Heather Combs,66,Male,Delhi,Engineer,1515100.43,487,1,Medium,Inactive
2098,Jonathan Melendez,42,Male,Chennai,Manager,2738697.29,549,7,High,Active
2099,Russell Walker,23,Female,Pune,Manager,1071399.84,368,13,High,Active
2100,Miss Sharon Chapman DDS,57,Female,Hyderabad,Analyst,1970564.09,690,4,High,Active
2101,Kristine Baxter,51,Female,Chennai,Teacher,1967558.22,831,2,Low,Inactive
2102,Mrs. Tina Johnson,66,Female,Kolkata,Doctor,1028859.7,569,9,Medium,Inactive
2103,Jill White,21,Female,Ahmedabad,Business,530472.28,312,5,High,Active
2104,Joshua Howard PhD,62,Male,Delhi,Doctor,789064.86,792,2,Medium,Inactive
2105,Donald Murphy,40,Male,Hyderabad,Teacher,916173.86,706,9,Low,Active
2106,Timothy Campbell,33,Female,Kolkata,Analyst,1061434.82,785,8,High,Inactive
2107,Edward David,70,Male,Hyderabad,Business,839037.39,834,3,High,Inactive
2108,Helen Williams,53,Female,Ahmedabad,Manager,1678492.87,621,10,High,Active
2109,Kevin White,60,Male,Hyderabad,Analyst,632540.85,598,5,High,Active
2110,Ivan Hamilton,20,Female,Mumbai,Engineer,2826348.83,767,12,Medium,Inactive
2111,Brian Stanley,34,Female,Chennai,Engineer,1830976.95,645,9,Low,Inactive
2112,Jessica Ferguson,66,Male,Chennai,Doctor,805770.57,839,12,Low,Inactive
2113,Victoria Shepherd,51,Female,Mumbai,Teacher,2158879.51,490,11,Low,Inactive
2114,Robert Waller,31,Male,Chennai,Teacher,1948549.97,618,14,Low,Active
2115,Miguel Mason,23,Female,Delhi,Business,1926537.04,407,1,Medium,Inactive
2116,Kathryn Webster,53,Female,Kolkata,Business,1068099.52,649,11,Medium,Inactive
2117,Matthew Peters,60,Female,Ahmedabad,Engineer,1870423.19,781,12,High,Active
2118,Alexandra Singleton,40,Female,Kolkata,Business,477611.26,803,14,High,Inactive
2119,Steven Hill,51,Female,Kolkata,Business,1207896.8,483,12,Low,Active
2120,Ashley Lee,52,Female,Pune,Analyst,553994.25,429,9,High,Active
2121,Kelly Richardson,24,Female,Bangalore,Manager,1873868.69,604,5,High,Inactive
2122,James Taylor,56,Female,Hyderabad,Doctor,1345643.4,576,13,High,Inactive
2123,Linda Golden,60,Female,Bangalore,Analyst,1972177.31,483,4,Medium,Inactive
2124,James Mayo,45,Male,Delhi,Teacher,863714.8,814,5,High,Active
2125,Brooke Gomez,49,Male,Pune,Analyst,1869300.0,319,7,Low,Inactive
2126,Audrey Navarro,28,Female,Hyderabad,Manager,1589863.37,646,9,High,Active
2127,Lisa Munoz,37,Female,Bangalore,Analyst,1151375.68,345,8,Low,Active
2128,Christopher Velasquez,38,Female,Mumbai,Doctor,634481.88,753,12,Low,Active
2129,Linda Vazquez,29,Male,Hyderabad,Teacher,1190302.96,747,10,Low,Inactive
2130,Adam Wells,38,Male,Hyderabad,Manager,1981414.29,521,4,High,Inactive
2131,Matthew Strong,56,Female,Mumbai,Teacher,1418635.65,736,10,Low,Active
2132,Kaitlyn Jennings,24,Male,Hyderabad,Business,2907688.99,692,15,High,Inactive
2133,Mark Hardy,35,Male,Delhi,Business,1611660.86,502,14,High,Active
2134,Dr. Sandra Marquez,63,Male,Ahmedabad,Teacher,531461.77,513,4,Medium,Inactive
2135,Timothy Henderson,37,Male,Ahmedabad,Manager,1424639.26,313,14,Medium,Active
2136,Brittany Neal,39,Female,Bangalore,Teacher,1121206.28,409,9,Low,Inactive
2137,Beth Hughes,42,Male,Delhi,Teacher,679123.73,363,12,Low,Active
2138,Michelle Edwards,34,Female,Hyderabad,Engineer,584890.67,478,8,Medium,Active
2139,Susan Davis,27,Female,Pune,Business,1242114.28,441,9,Low,Inactive
2140,Erika Bowman,60,Female,Bangalore,Teacher,2788721.13,413,10,High,Inactive
2141,Charles Nichols,51,Male,Ahmedabad,Doctor,1220427.2,831,13,High,Active
2142,Christine Williams,34,Female,Mumbai,Doctor,600822.91,308,6,Medium,Inactive
2143,Joseph Murphy,34,Female,Pune,Teacher,1365651.79,842,14,Medium,Inactive
2144,Sean Gonzalez,31,Female,Bangalore,Engineer,2025859.01,683,7,Low,Active
2145,Scott Campbell,35,Male,Ahmedabad,Analyst,2919544.23,537,5,Low,Inactive
2146,Joshua Bennett,23,Female,Kolkata,Doctor,2769952.52,345,15,Low,Inactive
2147,Misty Bryant,32,Female,Chennai,Manager,1109597.88,398,8,Low,Active
2148,Barbara Anderson,54,Female,Pune,Analyst,2110602.06,668,14,Low,Active
2149,Amanda Elliott,67,Female,Ahmedabad,Business,1196214.85,585,11,Low,Active
2150,Dana Snyder,18,Male,Ahmedabad,Doctor,2931148.74,721,12,High,Active
2151,Brian Adams,60,Male,Hyderabad,Teacher,2447165.38,597,8,Medium,Inactive
2152,George Chaney,41,Female,Mumbai,Doctor,2643278.82,546,1,Low,Inactive
2153,Adam Williams,63,Female,Kolkata,Doctor,1015059.07,465,6,Medium,Active
2154,Debbie Lewis,45,Male,Kolkata,Engineer,792278.52,605,13,Low,Inactive
2155,Roger Clarke,42,Female,Hyderabad,Engineer,1053669.57,714,3,Low,Inactive
2156,Jordan Kennedy,26,Female,Pune,Engineer,1070686.87,376,4,Low,Inactive
2157,Casey Bailey,39,Male,Mumbai,Engineer,1558643.36,311,8,High,Inactive
2158,Paul Gutierrez,56,Female,Kolkata,Business,1509869.83,307,8,Medium,Inactive
2159,Karen Taylor,67,Male,Pune,Engineer,1168368.95,847,6,Medium,Inactive
2160,Hunter Burch,69,Male,Mumbai,Manager,2046721.75,667,7,Medium,Inactive
2161,Maxwell Butler,51,Male,Ahmedabad,Analyst,2824095.96,756,11,High,Active
2162,Linda Porter,62,Female,Mumbai,Teacher,2774722.06,642,6,High,Active
2163,Erica Bradley,58,Female,Kolkata,Manager,934209.74,365,15,Low,Active
2164,Robert Adams,20,Female,Ahmedabad,Analyst,1794495.14,680,11,Medium,Inactive
2165,Nathaniel Hunter,58,Male,Bangalore,Engineer,2979816.29,507,8,High,Active
2166,Daniel Cox,49,Male,Kolkata,Engineer,1628438.55,641,14,High,Active
2167,Emily Allen,43,Male,Bangalore,Doctor,250257.24,717,8,High,Active
2168,Eric Brewer,45,Female,Delhi,Doctor,1616299.74,838,7,High,Inactive
2169,Jessica Solis,34,Male,Pune,Engineer,1096138.06,389,14,Low,Inactive
2170,Susan Little,61,Male,Pune,Analyst,2227527.66,645,4,Low,Inactive
2171,George Bradley,40,Male,Delhi,Business,1838581.96,323,5,Low,Inactive
2172,Nicholas Weber,58,Female,Hyderabad,Analyst,600713.36,709,8,Low,Active
2173,Barbara Munoz,28,Female,Hyderabad,Engineer,2140126.54,577,15,Medium,Active
2174,Samuel Hooper,20,Female,Hyderabad,Teacher,460458.06,754,7,Low,Inactive
2175,Alicia Franklin,43,Male,Hyderabad,Doctor,2876765.03,407,8,Low,Active
2176,Danny Hernandez,23,Female,Kolkata,Manager,1427555.8,510,11,Low,Active
2177,Anthony Williams,59,Male,Mumbai,Manager,840114.86,751,8,High,Inactive
2178,Lisa James,22,Female,Delhi,Teacher,1815679.07,422,1,High,Active
2179,Charles Armstrong,56,Male,Ahmedabad,Engineer,1070974.68,417,11,Low,Active
2180,Victor Rhodes,49,Male,Ahmedabad,Teacher,1927189.36,455,9,High,Active
2181,Donald Martin,25,Male,Chennai,Doctor,2303436.12,528,9,High,Active
2182,Robert Lee,34,Male,Delhi,Analyst,291911.88,638,15,Low,Inactive
2183,John Walters,28,Male,Pune,Teacher,2659561.03,565,12,High,Active
2184,Cory Melendez,51,Female,Chennai,Business,2381191.59,779,5,Medium,Active
2185,Nicholas Stout,28,Female,Kolkata,Teacher,683903.69,839,4,Low,Inactive
2186,Brandon Bennett,60,Female,Pune,Engineer,1549729.86,380,8,High,Inactive
2187,Christopher Hill,38,Female,Delhi,Business,1411706.55,665,9,Medium,Inactive
2188,Joseph Carlson,67,Female,Delhi,Manager,1036160.7,785,15,High,Active
2189,Katherine Edwards,69,Male,Hyderabad,Engineer,2844460.14,741,5,Medium,Active
2190,Patricia Boyd,44,Female,Hyderabad,Engineer,2131771.88,694,6,High,Active
2191,Adam Wilson,32,Male,Pune,Analyst,300263.29,633,1,Medium,Active
2192,Amanda Holt,28,Female,Ahmedabad,Teacher,2152544.86,336,15,Medium,Active
2193,Sandra Christensen,23,Male,Mumbai,Engineer,656815.08,591,10,Low,Active
2194,Bryan Murphy,53,Female,Pune,Teacher,922604.58,402,7,High,Active
2195,Justin Williams,60,Female,Delhi,Engineer,383310.44,516,9,Low,Inactive
2196,Courtney Frye,70,Male,Hyderabad,Doctor,1517345.47,367,8,Medium,Active
2197,Matthew Nelson,58,Male,Pune,Doctor,2638989.36,301,12,High,Inactive
2198,Mary Gomez,24,Female,Bangalore,Teacher,456028.0,640,2,Medium,Inactive
2199,Crystal Thompson,45,Male,Ahmedabad,Teacher,2436541.81,794,1,Medium,Inactive
2200,Nichole Armstrong,49,Male,Ahmedabad,Teacher,2764620.92,642,3,High,Inactive
2201,Nicholas Fields,55,Female,Chennai,Engineer,369073.88,539,1,High,Active
2202,Holly Mcdonald,65,Male,Ahmedabad,Business,2691265.89,796,11,Low,Inactive
2203,Gary Riggs,28,Female,Kolkata,Engineer,1051885.8,360,4,Medium,Active
2204,Bryan Peters,27,Female,Hyderabad,Manager,2887812.59,757,3,High,Inactive
2205,Michael Mendoza,45,Male,Chennai,Manager,594765.36,495,3,Medium,Active
2206,Tiffany Hampton,69,Male,Hyderabad,Business,1464908.37,594,9,Low,Active
2207,Robert Blanchard,32,Male,Delhi,Teacher,2842396.44,760,12,Medium,Inactive
2208,Sonya Oconnor,64,Female,Delhi,Analyst,1037466.39,699,2,High,Inactive
2209,Lydia Solomon,30,Male,Mumbai,Business,2395797.83,372,6,Medium,Active
2210,Jordan Walker,55,Male,Kolkata,Analyst,1342446.41,635,2,Low,Inactive
2211,Tamara Vang,69,Female,Hyderabad,Analyst,1971873.91,487,5,High,Inactive
2212,Jennifer Simmons,32,Male,Ahmedabad,Doctor,1976538.55,603,8,Medium,Active
2213,Isabella Rodriguez,59,Female,Hyderabad,Manager,1379130.67,644,5,Low,Inactive
2214,Michael Lee,61,Male,Pune,Teacher,2503127.92,391,10,Low,Inactive
2215,Raymond Brown,62,Male,Hyderabad,Teacher,770103.79,812,3,Medium,Inactive
2216,Meagan Rose,58,Male,Ahmedabad,Doctor,384998.14,364,15,Medium,Inactive
2217,Larry Harrison,54,Female,Mumbai,Business,547811.39,731,6,High,Inactive
2218,Steven Mccann,45,Female,Bangalore,Doctor,2738919.57,807,9,High,Active
2219,Jacob Brown,45,Female,Bangalore,Teacher,1745588.65,797,4,Low,Inactive
2220,Tara Mcdonald,58,Male,Ahmedabad,Engineer,506034.69,428,9,High,Inactive
2221,John Williams,19,Male,Kolkata,Doctor,2232535.06,308,1,Low,Inactive
2222,Gary Burns,62,Male,Mumbai,Analyst,997729.59,782,5,Medium,Inactive
2223,Jeffrey Sanchez,69,Male,Mumbai,Teacher,610322.21,756,13,Low,Inactive
2224,Shane Daniels,27,Male,Delhi,Engineer,759194.99,693,14,High,Active
2225,Anthony Wilson,38,Female,Pune,Analyst,2847739.21,626,7,High,Inactive
2226,John Miller,51,Male,Hyderabad,Business,288945.63,746,8,Medium,Active
2227,Kathy Green PhD,45,Female,Mumbai,Business,2554133.43,794,14,High,Inactive
2228,Julie Wallace,53,Female,Chennai,Manager,1899765.38,770,8,High,Inactive
2229,Douglas Kirk,30,Male,Mumbai,Doctor,938297.12,417,1,High,Active
2230,Lisa Johnson,69,Male,Chennai,Teacher,2729355.58,412,8,Low,Inactive
2231,Brenda Price,42,Male,Ahmedabad,Teacher,1785536.33,360,5,Medium,Active
2232,Natalie Smith,69,Female,Ahmedabad,Analyst,1924640.93,713,10,Medium,Active
2233,Jonathan Roberson,27,Male,Delhi,Manager,2651179.74,505,12,Low,Inactive
2234,Alexa Jacobs,50,Male,Delhi,Teacher,1551835.32,389,10,Medium,Active
2235,Ann Wright DVM,30,Male,Hyderabad,Business,435205.72,404,3,Medium,Active
2236,Robert White,46,Female,Kolkata,Business,2111135.5,656,7,High,Active
2237,Derek Olson,23,Male,Chennai,Business,2504315.33,633,12,Medium,Active
2238,Sharon Blackwell,51,Male,Kolkata,Doctor,426717.06,459,3,Medium,Active
2239,Amy Bautista,54,Female,Chennai,Doctor,2504388.69,379,2,Low,Active
2240,Lori Ball,43,Female,Bangalore,Manager,1392828.22,809,11,Low,Inactive
2241,Emily Chandler,57,Male,Hyderabad,Business,2414956.11,303,12,High,Inactive
2242,Anne Brown,42,Female,Ahmedabad,Teacher,887726.51,619,12,High,Active
2243,Timothy Black,25,Female,Pune,Doctor,645609.85,347,5,High,Inactive
2244,Tiffany Arnold,40,Male,Ahmedabad,Business,584313.91,482,6,Low,Inactive
2245,Kristen Dawson,32,Male,Chennai,Teacher,927603.08,428,9,Low,Active
2246,Randall Jones,33,Female,Bangalore,Manager,578798.22,525,3,Medium,Inactive
2247,Charlotte Scott,31,Female,Delhi,Teacher,2203166.77,530,7,Low,Inactive
2248,Carrie Holder,61,Male,Bangalore,Manager,832809.76,350,2,Medium,Inactive
2249,Christopher Johnson,47,Male,Hyderabad,Engineer,2021857.84,637,12,Low,Inactive
2250,Tony Hayes,31,Male,Ahmedabad,Manager,2292501.98,739,5,Low,Active
2251,Dawn Phillips,64,Female,Delhi,Manager,1992435.21,646,1,Medium,Active
2252,Bobby Vega,67,Male,Hyderabad,Engineer,1607200.88,439,9,Low,Inactive
2253,Mr. Aaron Henry,58,Female,Ahmedabad,Manager,1628280.98,794,6,Low,Inactive
2254,Crystal Peterson,27,Male,Kolkata,Manager,334686.8,601,1,High,Active
2255,Carolyn Rodriguez,59,Male,Bangalore,Teacher,2666147.24,546,6,High,Active
2256,Tiffany Martin,47,Male,Kolkata,Teacher,1345681.04,410,7,High,Inactive
2257,Vickie Leonard,55,Female,Ahmedabad,Analyst,2779039.2,842,13,High,Inactive
2258,Wesley Lewis,54,Female,Ahmedabad,Teacher,333445.65,408,9,Medium,Inactive
2259,Gary Stein,38,Female,Bangalore,Analyst,607549.84,801,1,Medium,Inactive
2260,Danielle Stein,23,Male,Mumbai,Analyst,2702417.36,403,11,Low,Active
2261,Ricky Miller III,24,Female,Chennai,Doctor,1522792.36,491,10,High,Inactive
2262,Tyler Burke,69,Male,Hyderabad,Business,2307372.63,841,2,Medium,Inactive
2263,Brittany Glenn PhD,44,Male,Delhi,Analyst,2403650.85,823,4,Medium,Active
2264,Alex Lowery,65,Male,Mumbai,Engineer,2171548.69,630,15,Medium,Inactive
2265,Adrienne Miller,39,Male,Kolkata,Manager,668397.02,395,13,High,Active
2266,Scott Pham,67,Female,Pune,Teacher,350600.41,467,7,Medium,Inactive
2267,Kevin Owen,28,Female,Hyderabad,Manager,2004851.45,568,3,High,Active
2268,James Scott DVM,53,Female,Hyderabad,Manager,2590700.15,696,10,Low,Active
2269,James Nelson,57,Female,Hyderabad,Analyst,653927.32,621,14,Medium,Inactive
2270,James Cantu,30,Female,Kolkata,Business,469227.74,654,14,High,Active
2271,Lauren Jones,67,Female,Bangalore,Teacher,1997312.4,462,6,Low,Active
2272,Jamie Little,57,Female,Pune,Business,2898935.31,386,11,High,Active
2273,Christopher Cook,57,Male,Kolkata,Teacher,660494.0,545,5,High,Active
2274,Courtney Pierce,67,Female,Delhi,Analyst,2144758.29,608,5,Low,Inactive
2275,Ryan Kim,24,Female,Pune,Business,2122047.87,701,4,Medium,Active
2276,Mark Bullock,46,Male,Kolkata,Teacher,2614423.54,456,8,High,Active
2277,Kayla Scott,43,Male,Delhi,Teacher,2852077.66,562,1,Low,Inactive
2278,Patrick Myers,61,Female,Chennai,Teacher,1529744.16,828,6,Medium,Active
2279,David Wilson,54,Female,Hyderabad,Business,1980681.75,846,15,Medium,Active
2280,Emily Mitchell,28,Female,Mumbai,Teacher,2498978.85,815,11,Medium,Inactive
2281,Christopher Hill,34,Female,Pune,Engineer,2836944.35,556,6,Medium,Inactive
2282,Patty Marshall,34,Female,Pune,Teacher,1319928.14,781,4,Low,Active
2283,Beverly Johnson,49,Female,Chennai,Engineer,872817.13,683,2,Medium,Inactive
2284,Max Robbins,68,Male,Delhi,Manager,778395.12,796,12,High,Active
2285,Daisy Perez,50,Female,Pune,Doctor,1147271.77,454,13,Low,Inactive
2286,Jamie King,53,Female,Ahmedabad,Analyst,2395612.5,484,13,Medium,Inactive
2287,Taylor Watts,46,Female,Hyderabad,Analyst,1720802.04,609,5,High,Inactive
2288,Sara Hill,64,Female,Kolkata,Analyst,824341.04,407,4,Low,Active
2289,Monica Davis,39,Female,Bangalore,Engineer,1834862.72,429,13,Medium,Inactive
2290,Kelly Thomas,60,Female,Mumbai,Analyst,2863169.58,823,10,Low,Active
2291,Ryan Lopez,63,Male,Ahmedabad,Doctor,2832199.9,793,8,Medium,Inactive
2292,Roberta Jordan,50,Male,Kolkata,Engineer,1868474.24,715,6,Medium,Active
2293,Mark Pham,40,Female,Pune,Business,1493982.19,366,11,High,Inactive
2294,Raymond Cortez,64,Female,Delhi,Business,912490.23,661,10,High,Inactive
2295,Daniel Ayala,29,Female,Ahmedabad,Analyst,2064548.99,387,14,High,Active
2296,Gina Richmond,62,Female,Pune,Doctor,2857447.0,562,7,Low,Inactive
2297,Stephanie Johnson,50,Male,Bangalore,Business,2195938.18,460,4,High,Inactive
2298,Mark Murray,21,Male,Hyderabad,Analyst,1130795.37,486,3,Low,Inactive
2299,Bruce Thomas,56,Male,Kolkata,Business,1332717.42,303,11,Medium,Active
2300,Christopher Young DDS,19,Female,Ahmedabad,Engineer,2753605.08,422,14,High,Inactive
2301,William Martinez,65,Male,Kolkata,Doctor,487886.32,601,13,Medium,Active
2302,Samuel Hull,60,Female,Mumbai,Teacher,1468295.35,326,3,Medium,Active
2303,Scott Lee,24,Female,Hyderabad,Manager,1481305.69,431,3,High,Inactive
2304,Michael Hall,54,Male,Pune,Engineer,1196502.01,794,13,High,Active
2305,Terry Nguyen,61,Female,Chennai,Business,1321812.6,709,7,High,Active
2306,Nathan Simon,61,Male,Kolkata,Doctor,1273866.58,385,6,Medium,Inactive
2307,Barbara Lucas,51,Male,Hyderabad,Analyst,1206203.47,827,11,Low,Active
2308,Brian Tran,54,Female,Bangalore,Engineer,469085.52,720,8,High,Inactive
2309,Karen Jones,48,Female,Delhi,Doctor,843224.31,358,8,Medium,Inactive
2310,Kimberly Jackson,26,Female,Hyderabad,Manager,500036.46,835,14,Low,Active
2311,Ann Lewis,37,Male,Kolkata,Business,884329.72,400,10,High,Inactive
2312,Justin Roberts,61,Female,Delhi,Business,1571576.57,440,7,Low,Active
2313,Brett Marshall,54,Female,Pune,Analyst,1180482.12,811,12,Low,Inactive
2314,Jeanette Lin,34,Female,Kolkata,Analyst,2613916.55,764,10,Medium,Inactive
2315,Philip Schultz,58,Female,Ahmedabad,Analyst,2186277.79,380,3,High,Active
2316,Gabriel Oliver,42,Male,Bangalore,Manager,1964870.42,629,14,Low,Inactive
2317,Kevin Gaines,21,Male,Pune,Engineer,2713807.42,739,11,Medium,Inactive
2318,Mark Daugherty,45,Female,Hyderabad,Doctor,2395422.87,566,8,Medium,Inactive
2319,Matthew Harris,32,Male,Bangalore,Business,549554.89,807,12,Low,Inactive
2320,Andrew Dean,50,Female,Ahmedabad,Engineer,1287151.01,320,15,Low,Active
2321,Carla Walker,61,Male,Pune,Engineer,2191788.79,763,14,Low,Inactive
2322,Linda Casey,50,Male,Mumbai,Business,1768106.01,619,10,High,Inactive
2323,Mary Howard,49,Female,Bangalore,Engineer,2014065.67,319,11,High,Active
2324,Ronald Mcintyre,24,Male,Bangalore,Manager,2710790.07,702,3,Medium,Active
2325,Leonard Higgins,55,Male,Mumbai,Manager,2237155.4,763,14,High,Inactive
2326,Michael Munoz,45,Female,Mumbai,Business,1598826.81,552,7,Low,Inactive
2327,Todd Garcia,27,Female,Mumbai,Analyst,2410942.68,366,4,Medium,Active
2328,Kimberly Cohen,37,Male,Mumbai,Business,2795669.59,815,10,High,Active
2329,Donna Warren,54,Female,Bangalore,Doctor,2074169.54,350,8,Low,Active
2330,Elizabeth Pineda,43,Male,Mumbai,Manager,728847.14,396,9,Medium,Active
2331,Kimberly Hart,33,Female,Ahmedabad,Teacher,2837302.06,549,7,Medium,Active
2332,Ann Walters,46,Female,Kolkata,Teacher,929555.97,837,15,High,Active
2333,Lisa Lee,40,Female,Pune,Engineer,477259.86,848,15,Medium,Inactive
2334,Sarah Merritt,35,Male,Pune,Manager,1274988.8,535,4,Medium,Inactive
2335,Scott Becker,42,Female,Hyderabad,Analyst,2051979.5,655,7,High,Active
2336,William Jones,39,Male,Hyderabad,Teacher,2284939.34,482,15,Low,Active
2337,Dennis Mcdonald,57,Female,Pune,Business,1520390.6,341,14,Low,Active
2338,Gregory Shelton,42,Male,Ahmedabad,Teacher,1370061.37,711,1,Low,Inactive
2339,Paul Juarez,33,Female,Hyderabad,Doctor,1857762.07,702,11,Low,Active
2340,David Krause,67,Female,Bangalore,Teacher,1847684.73,557,4,Low,Active
2341,Raymond Cunningham MD,44,Female,Hyderabad,Teacher,2327632.08,401,13,Medium,Active
2342,Jenny Lee,38,Female,Hyderabad,Business,1249758.31,590,6,High,Active
2343,Shane Zamora,28,Female,Delhi,Doctor,1405982.62,617,4,Medium,Active
2344,Heather Hicks,53,Female,Delhi,Manager,2901503.76,685,9,High,Active
2345,Melissa Burke,37,Female,Ahmedabad,Engineer,2185269.5,808,3,High,Inactive
2346,Raymond Haynes,40,Male,Bangalore,Engineer,1924687.85,519,2,High,Inactive
2347,Daniel Matthews,63,Male,Hyderabad,Analyst,2488293.16,329,13,Medium,Active
2348,Chad Patterson,61,Male,Kolkata,Teacher,2569928.12,762,4,Low,Inactive
2349,Ricky Perry,43,Female,Ahmedabad,Doctor,2346873.1,713,8,High,Active
2350,Sarah Ross,66,Male,Pune,Teacher,1205208.19,541,13,High,Active
2351,Louis Sanford,20,Male,Ahmedabad,Analyst,1819540.83,382,1,High,Active
2352,Ana Jones,52,Female,Kolkata,Doctor,1145600.51,396,1,Medium,Active
2353,Lee Johnson,61,Male,Kolkata,Analyst,2228389.87,809,14,Medium,Active
2354,Victoria Brown,38,Male,Hyderabad,Teacher,1689349.07,660,4,Medium,Active
2355,Chloe Bird,48,Male,Kolkata,Engineer,2510178.28,386,3,Low,Inactive
2356,Andrew Poole,69,Male,Pune,Analyst,1692433.47,530,4,Low,Active
2357,Matthew Perez,52,Female,Bangalore,Doctor,2880996.13,762,12,Low,Inactive
2358,Kim Herrera,43,Female,Mumbai,Analyst,1240131.4,507,2,High,Inactive
2359,James Velasquez,29,Female,Bangalore,Doctor,1077276.87,315,6,Medium,Active
2360,Brittany Clay,53,Female,Delhi,Engineer,1347995.66,749,9,Medium,Active
2361,Carrie Allen,60,Female,Delhi,Business,2883736.91,403,5,Medium,Inactive
2362,Mr. Alexander Cruz,44,Male,Ahmedabad,Manager,2850775.15,312,6,Low,Active
2363,Andrew Hunter,28,Female,Mumbai,Manager,2493816.23,612,7,High,Active
2364,Rachel Johnson,37,Female,Chennai,Teacher,903454.94,641,4,High,Inactive
2365,George Davis,32,Male,Pune,Business,2170161.87,791,7,Low,Active
2366,Joshua Rivera,52,Male,Delhi,Manager,1815308.88,313,8,Low,Inactive
2367,Chelsea Young,19,Female,Delhi,Teacher,1962547.78,573,10,High,Inactive
2368,Kyle Mahoney,25,Female,Mumbai,Analyst,1680113.72,309,13,High,Active
2369,Kimberly Riggs,40,Female,Delhi,Business,845570.94,821,14,Low,Inactive
2370,Jeffrey Gomez,25,Male,Bangalore,Teacher,1360603.22,585,13,High,Active
2371,Jennifer West,25,Male,Pune,Doctor,2911019.25,452,4,High,Active
2372,Shannon Mendoza,44,Male,Delhi,Manager,2479019.17,608,2,High,Inactive
2373,Heather Lopez,26,Female,Pune,Analyst,2221249.21,730,1,Medium,Active
2374,Brandi Patrick,70,Female,Ahmedabad,Doctor,1124532.96,559,9,Low,Inactive
2375,Christopher Silva,57,Male,Chennai,Engineer,1201863.39,520,9,Low,Inactive
2376,Danielle Maxwell,58,Female,Mumbai,Business,596182.74,378,3,Low,Active
2377,Deborah Barrera,26,Female,Pune,Engineer,1706207.38,765,4,High,Active
2378,Heather Burnett,41,Female,Kolkata,Analyst,429063.74,430,2,Medium,Inactive
2379,Laurie Silva,48,Female,Kolkata,Teacher,622626.54,473,15,Medium,Active
2380,Mr. Jeffrey Meyer,40,Female,Ahmedabad,Manager,1796260.15,352,7,High,Inactive
2381,Nicholas Perez,47,Male,Ahmedabad,Business,2761320.69,817,14,Medium,Inactive
2382,Eric Cannon,39,Male,Chennai,Business,1140294.91,510,11,High,Inactive
2383,Dawn Williams,23,Male,Bangalore,Engineer,2403622.6,344,8,High,Inactive
2384,Joseph Friedman,60,Male,Bangalore,Business,710046.36,446,9,Medium,Inactive
2385,George Walton,28,Male,Pune,Manager,2833951.11,548,1,Low,Inactive
2386,Jonathan Neal,31,Female,Bangalore,Engineer,1956791.18,344,14,High,Active
2387,Christopher Fisher,39,Male,Hyderabad,Teacher,379554.8,350,11,Medium,Active
2388,Joseph Smith,57,Female,Hyderabad,Analyst,2143984.19,593,4,High,Active
2389,John Mitchell,49,Female,Bangalore,Business,980480.36,791,14,High,Inactive
2390,Ronald York,69,Male,Ahmedabad,Teacher,1933173.23,396,12,Medium,Inactive
2391,Joann Lopez,35,Female,Hyderabad,Manager,2234327.02,693,13,Low,Active
2392,John Meadows,19,Male,Bangalore,Teacher,2503405.83,592,13,Low,Active
2393,Robert Long,39,Female,Mumbai,Analyst,2360637.59,410,15,Medium,Inactive
2394,Adam Watkins,19,Male,Bangalore,Doctor,1965535.94,810,13,Medium,Inactive
2395,Shaun Montgomery,56,Male,Mumbai,Analyst,488337.54,719,7,Low,Active
2396,Taylor Cobb,49,Female,Chennai,Analyst,1614954.31,548,11,High,Inactive
2397,Tracy Bradshaw,28,Female,Delhi,Business,1673677.36,694,15,High,Inactive
2398,John Martin,55,Female,Chennai,Manager,593060.32,727,14,High,Inactive
2399,Michael Hanson,65,Male,Pune,Engineer,251346.15,529,7,High,Active
2400,Kylie Dodson,61,Female,Kolkata,Analyst,818588.04,608,3,Low,Active
2401,Daniel Perez,41,Male,Kolkata,Business,2717583.59,455,10,High,Inactive
2402,Lisa Wright,34,Male,Mumbai,Business,732726.99,425,11,High,Inactive
2403,Jennifer Robles,66,Female,Hyderabad,Manager,932529.21,850,5,High,Inactive
2404,Tracy Weber,24,Male,Delhi,Analyst,1782717.74,736,8,Low,Inactive
2405,Diana Thomas,31,Female,Bangalore,Engineer,776035.91,729,11,Low,Inactive
2406,Cassidy Larson,37,Female,Pune,Teacher,1042701.32,789,7,Low,Inactive
2407,Lisa Adams,32,Female,Mumbai,Manager,2297208.45,483,5,Low,Active
2408,Deborah Perez,65,Female,Ahmedabad,Business,347804.23,614,15,Medium,Inactive
2409,Kayla Graves,39,Male,Pune,Teacher,2290925.51,708,7,Medium,Active
2410,James Collins,41,Male,Mumbai,Doctor,1755340.45,343,15,Medium,Active
2411,Michelle Clark,39,Male,Bangalore,Doctor,2193087.82,574,1,Low,Inactive
2412,John Bartlett,55,Male,Ahmedabad,Business,1469657.74,547,3,High,Active
2413,Sue Watson DDS,29,Male,Hyderabad,Teacher,2171645.24,340,1,High,Inactive
2414,Mercedes Ross,40,Female,Delhi,Teacher,2361192.44,746,5,Medium,Active
2415,Lisa Jones,20,Male,Delhi,Business,2218317.69,692,5,High,Active
2416,Amy Thompson,26,Male,Kolkata,Analyst,1162408.7,828,2,Low,Active
2417,Timothy Garner,64,Female,Hyderabad,Doctor,1736518.93,619,3,Medium,Inactive
2418,Tracie Guzman,31,Male,Delhi,Business,901151.69,359,5,Low,Inactive
2419,Willie Thompson,49,Male,Hyderabad,Doctor,1793109.3,527,3,Low,Active
2420,Kristen Miller,45,Male,Kolkata,Engineer,2324257.39,570,8,Medium,Active
2421,Jerry Dawson,37,Female,Delhi,Teacher,1678811.4,829,4,Medium,Active
2422,Jimmy Pierce,61,Female,Ahmedabad,Engineer,2526328.72,493,8,Low,Active
2423,Katherine Scott,37,Female,Chennai,Engineer,2974865.49,392,4,High,Active
2424,Alicia Hanson,60,Female,Delhi,Teacher,1434655.57,718,1,High,Active
2425,Terri Rangel,64,Female,Delhi,Engineer,2651405.15,614,10,Medium,Inactive
2426,Jessica Perez,45,Male,Hyderabad,Analyst,1353757.48,613,1,High,Active
2427,Scott Leach,20,Female,Mumbai,Business,2450882.0,368,8,Medium,Inactive
2428,Ray Gonzalez,23,Female,Bangalore,Teacher,2900638.75,813,13,High,Inactive
2429,Brenda Smith,36,Female,Ahmedabad,Manager,2859321.97,428,11,High,Inactive
2430,Philip Shepard,24,Male,Hyderabad,Analyst,264603.55,790,3,Low,Active
2431,Morgan Brady,49,Male,Chennai,Engineer,1371414.59,438,6,Medium,Inactive
2432,Ryan Parker,35,Female,Ahmedabad,Teacher,2083317.93,795,1,Medium,Active
2433,Brian Brown,40,Male,Ahmedabad,Analyst,1294311.35,403,6,Medium,Inactive
2434,Jonathan Manning,25,Female,Pune,Teacher,1163253.51,379,10,Medium,Active
2435,Nicholas Robertson,58,Male,Pune,Doctor,2685576.21,761,6,Medium,Inactive
2436,Gabrielle Rhodes,48,Male,Hyderabad,Teacher,2193823.96,844,1,Medium,Inactive
2437,Benjamin Turner,57,Female,Bangalore,Business,2940702.19,781,12,Medium,Inactive
2438,Victoria Moreno,33,Female,Ahmedabad,Teacher,1372089.76,678,3,Medium,Active
2439,Amanda Richmond,57,Female,Pune,Engineer,2752246.65,492,12,High,Inactive
2440,Brandon Williams,59,Male,Bangalore,Analyst,1425476.6,834,9,Medium,Active
2441,Amber Mendoza,47,Male,Mumbai,Engineer,1691485.39,386,3,Medium,Inactive
2442,Karen Hurley,36,Female,Pune,Engineer,2601998.07,585,3,Medium,Inactive
2443,Sharon Burke,51,Male,Mumbai,Doctor,2800712.48,521,11,High,Inactive
2444,Marie Garrison,47,Female,Kolkata,Business,1881477.15,572,5,High,Active
2445,Matthew Rodriguez,34,Male,Chennai,Manager,2319369.92,319,15,High,Inactive
2446,Drew Young,29,Male,Mumbai,Manager,1676456.45,833,3,Low,Active
2447,James Barrett,26,Female,Hyderabad,Manager,2957189.08,523,8,Low,Active
2448,Christine Baker,45,Female,Kolkata,Doctor,2563727.74,791,10,Medium,Active
2449,Jacob Norman,25,Female,Ahmedabad,Doctor,2801924.58,532,10,Medium,Active
2450,Kelly Morgan,44,Female,Pune,Doctor,2521878.86,487,1,Medium,Inactive
2451,Christopher Pineda,55,Female,Mumbai,Doctor,1171191.39,342,11,Low,Inactive
2452,Melissa Brown,46,Female,Bangalore,Teacher,2618231.96,529,4,Medium,Inactive
2453,Tara Dawson,42,Male,Chennai,Business,1460621.5,694,4,Low,Inactive
2454,Denise Nguyen,30,Male,Mumbai,Business,1460095.37,528,8,High,Active
2455,Eric Harris,22,Female,Mumbai,Doctor,2228340.84,305,2,High,Inactive
2456,Lori Maddox,39,Male,Chennai,Business,798756.43,674,14,Medium,Inactive
2457,Carolyn Diaz,52,Female,Mumbai,Manager,2997661.53,350,6,Low,Inactive
2458,Kelly Stout,68,Male,Mumbai,Teacher,2407437.55,304,10,High,Inactive
2459,Lee Oconnell,19,Male,Delhi,Business,2575586.79,360,6,Medium,Active
2460,Dana Solis,56,Male,Pune,Business,758845.77,431,13,Medium,Inactive
2461,Charles Acevedo,30,Female,Pune,Business,2553220.53,695,7,Medium,Inactive
2462,Amanda Young,58,Female,Bangalore,Manager,1589645.19,404,2,High,Inactive
2463,James Lopez,18,Male,Hyderabad,Doctor,2653211.61,338,2,Low,Active
2464,Marissa Kim,23,Male,Hyderabad,Engineer,743964.21,589,3,Medium,Inactive
2465,Jack Freeman,62,Male,Bangalore,Engineer,1418299.05,698,2,High,Active
2466,Stephen Rodgers,68,Male,Pune,Business,648870.44,510,3,Medium,Active
2467,Albert Hancock,65,Male,Mumbai,Doctor,609480.95,677,4,High,Active
2468,Melissa Hess,56,Male,Mumbai,Manager,2561751.74,603,13,Medium,Inactive
2469,Teresa Lopez,26,Male,Chennai,Teacher,2832812.74,411,10,High,Inactive
2470,Joel Gonzales,68,Female,Pune,Business,2561935.81,451,2,Medium,Active
2471,Robert Thomas,47,Female,Hyderabad,Manager,523545.43,451,9,Low,Active
2472,Rebecca Barnes,29,Male,Ahmedabad,Business,2487924.41,589,15,High,Inactive
2473,William Arnold,55,Male,Mumbai,Doctor,2663455.22,564,6,High,Active
2474,Emily King,33,Female,Hyderabad,Doctor,934282.03,719,2,Low,Inactive
2475,Ashley Oneill,55,Female,Ahmedabad,Analyst,2699312.74,720,14,Low,Inactive
2476,Claudia Cox,36,Female,Hyderabad,Business,1709997.33,500,15,Low,Active
2477,Matthew Delacruz Jr.,18,Male,Ahmedabad,Business,2285079.84,349,15,Low,Active
2478,Jennifer Curry,60,Female,Bangalore,Manager,728933.13,374,2,High,Active
2479,Diane White,25,Male,Pune,Engineer,2346330.74,319,9,High,Inactive
2480,Melissa Lewis,69,Female,Hyderabad,Analyst,2491120.26,507,7,High,Inactive
2481,Adam Hunt,27,Male,Kolkata,Business,1302681.34,792,9,High,Active
2482,Eric Knox,20,Male,Pune,Analyst,2177028.73,533,2,Medium,Active
2483,Mr. Christopher Norman,34,Male,Mumbai,Engineer,2687529.81,497,7,Medium,Active
2484,Kimberly Johnson,49,Male,Kolkata,Doctor,2822715.69,607,14,Low,Inactive
2485,Christopher Park,34,Male,Ahmedabad,Manager,1319902.24,500,15,High,Inactive
2486,Daniel Lynch,44,Female,Kolkata,Business,660353.26,592,9,High,Inactive
2487,Lisa Velazquez,70,Male,Pune,Engineer,301076.31,823,6,Medium,Inactive
2488,Sarah Williams,50,Female,Bangalore,Teacher,563888.7,847,1,Low,Inactive
2489,Dennis Taylor,62,Female,Mumbai,Business,1792270.72,816,11,Medium,Inactive
2490,William Holmes,60,Male,Ahmedabad,Teacher,2688072.14,421,11,High,Active
2491,Stacy Torres,35,Female,Ahmedabad,Engineer,2780723.28,527,9,High,Active
2492,Katherine Stephens,66,Male,Pune,Doctor,2505385.07,486,6,High,Active
2493,Ricky Page,64,Male,Mumbai,Business,2587668.17,404,13,Low,Inactive
2494,Laurie Carroll,68,Male,Pune,Business,2526195.14,397,15,Medium,Inactive
2495,James Perez,38,Female,Bangalore,Doctor,1860271.25,463,3,Medium,Inactive
2496,Rebecca Berry,50,Male,Kolkata,Teacher,781505.06,843,11,Medium,Active
2497,Amy Lewis,34,Male,Mumbai,Manager,2148582.85,595,9,Medium,Active
2498,Erika Hall,26,Female,Chennai,Doctor,1976570.68,336,9,Medium,Inactive
2499,Ronald Banks,50,Female,Ahmedabad,Analyst,840528.7,661,2,Low,Active
2500,Rachel Robbins,28,Male,Bangalore,Engineer,2419262.27,428,14,High,Inactive
2501,Stephen Pena,66,Female,Pune,Engineer,2487523.44,382,7,High,Inactive
2502,James Ritter Jr.,24,Male,Kolkata,Analyst,314072.33,573,11,Medium,Active
2503,Elizabeth Davis,63,Female,Chennai,Doctor,2871230.04,355,7,Medium,Inactive
2504,Donna Decker,59,Female,Ahmedabad,Engineer,2574763.46,725,3,Low,Active
2505,Tracy Berry,26,Male,Hyderabad,Engineer,2551101.52,599,11,Medium,Active
2506,Angie Lee,46,Female,Bangalore,Analyst,1474629.27,489,4,Medium,Active
2507,Autumn Vega,61,Male,Delhi,Engineer,906601.12,667,15,High,Inactive
2508,Valerie Burke,68,Male,Ahmedabad,Doctor,1079094.89,558,5,High,Active
2509,Jack Savage,35,Male,Ahmedabad,Doctor,2251828.87,614,12,Low,Inactive
2510,Christopher Coleman MD,28,Male,Kolkata,Engineer,2298247.34,315,13,Low,Active
2511,Max Johnson,28,Male,Pune,Doctor,679376.12,530,6,High,Active
2512,Jessica Jennings,50,Female,Hyderabad,Analyst,1038164.99,422,7,High,Inactive
2513,Joseph Anderson,23,Male,Bangalore,Engineer,1025355.46,780,9,Medium,Inactive
2514,John Smith,43,Male,Chennai,Engineer,1509746.57,539,12,Medium,Inactive
2515,Cindy Park,49,Female,Bangalore,Business,1898199.05,782,5,Low,Inactive
2516,Kimberly Harper DVM,47,Male,Mumbai,Doctor,394121.86,331,13,Low,Inactive
2517,Richard Knight,29,Male,Delhi,Manager,291622.42,404,6,Medium,Inactive
2518,Justin Hale,18,Female,Delhi,Teacher,1876598.79,449,1,High,Active
2519,James Clay,27,Male,Delhi,Teacher,1136733.59,323,1,Medium,Active
2520,Tiffany Roth,48,Male,Kolkata,Analyst,1247008.85,536,2,High,Active
2521,Aimee Kennedy,67,Male,Kolkata,Manager,405019.34,726,15,Low,Inactive
2522,Whitney Olsen,61,Male,Mumbai,Manager,2458404.75,594,1,Medium,Active
2523,Ashley Horton,24,Male,Chennai,Teacher,2277868.83,447,10,Low,Inactive
2524,Natasha Morton,28,Female,Bangalore,Engineer,2280423.27,844,2,Low,Inactive
2525,Heather Nguyen,70,Male,Ahmedabad,Analyst,634557.27,621,1,Medium,Active
2526,Jennifer Johnson,30,Male,Bangalore,Manager,265752.83,460,1,High,Active
2527,Rhonda Martinez,70,Male,Bangalore,Doctor,257212.41,704,11,High,Active
2528,Connie Baker,50,Male,Delhi,Business,529019.85,631,12,High,Inactive
2529,Janet Wilkinson MD,53,Male,Delhi,Manager,1476555.77,722,4,High,Inactive
2530,Melissa Hartman,29,Female,Delhi,Business,626546.33,506,15,High,Inactive
2531,Michael Lee,49,Female,Delhi,Manager,554704.77,794,9,Low,Active
2532,Ronald Bartlett,23,Male,Kolkata,Teacher,720787.4,519,11,High,Inactive
2533,Anthony Thomas,46,Female,Ahmedabad,Engineer,313465.7,486,14,Low,Active
2534,Tina Owen,35,Male,Delhi,Teacher,2899853.98,592,12,High,Active
2535,Maria Brown,43,Female,Pune,Business,2926096.08,595,10,High,Active
2536,Diana Smith,24,Male,Pune,Analyst,1491847.63,307,5,Medium,Inactive
2537,Debra Wright,44,Male,Chennai,Manager,1635358.7,749,2,High,Active
2538,Jonathon Morris,28,Male,Mumbai,Analyst,639968.51,372,2,Medium,Inactive
2539,Samantha Lewis,63,Male,Chennai,Doctor,1668052.87,621,1,Low,Inactive
2540,Kristina Guerrero,27,Female,Pune,Business,1431309.51,537,7,High,Inactive
2541,Yesenia Rose,21,Female,Ahmedabad,Engineer,784509.01,537,5,Medium,Active
2542,James Wood,49,Male,Mumbai,Business,528653.37,630,11,Low,Inactive
2543,Jessica Martinez,41,Male,Hyderabad,Doctor,2613908.93,706,6,High,Inactive
2544,Troy Butler,53,Female,Ahmedabad,Engineer,2060177.64,450,8,Low,Active
2545,William Suarez,64,Female,Mumbai,Doctor,2141853.04,468,13,Low,Inactive
2546,Spencer Nguyen,66,Male,Pune,Engineer,1740390.65,573,14,Medium,Active
2547,Ashley Patterson,70,Male,Chennai,Manager,2201134.24,749,10,Low,Active
2548,Danielle Thompson,64,Female,Kolkata,Engineer,357960.07,516,5,High,Active
2549,Brandon Phelps,46,Female,Chennai,Doctor,298646.15,785,8,High,Active
2550,Julia Yoder,61,Female,Kolkata,Teacher,2960492.07,377,3,High,Inactive
2551,Larry Lewis,54,Female,Ahmedabad,Engineer,2802997.0,521,10,Low,Inactive
2552,Gregory Williamson,37,Female,Delhi,Manager,2270157.46,361,12,Low,Active
2553,Kelly Garcia,63,Male,Pune,Business,1596279.6,618,7,Medium,Inactive
2554,John Smith,45,Female,Delhi,Manager,1179076.02,489,6,Low,Active
2555,Garrett Castro,53,Female,Pune,Manager,2440207.2,549,5,Low,Active
2556,Amanda Nichols,57,Female,Kolkata,Teacher,287024.34,684,15,Medium,Inactive
2557,Michelle Pollard,63,Female,Mumbai,Doctor,1446947.78,745,4,Medium,Inactive
2558,Heidi Blair,36,Male,Delhi,Doctor,298382.51,845,3,Low,Active
2559,Ruben Bond,60,Female,Bangalore,Doctor,2225976.39,806,1,High,Active
2560,Joel Evans,66,Female,Pune,Teacher,1292705.08,645,3,High,Inactive
2561,Vanessa Drake,33,Male,Ahmedabad,Business,1080795.8,306,5,Medium,Inactive
2562,Regina Terry,70,Male,Hyderabad,Teacher,2938552.59,849,11,Medium,Inactive
2563,Kimberly Wagner,61,Male,Mumbai,Engineer,504152.01,666,15,Medium,Inactive
2564,David Trujillo,43,Male,Delhi,Doctor,428675.19,769,12,Low,Inactive
2565,Brenda Miller,52,Female,Pune,Analyst,1032719.59,320,8,High,Active
2566,Sabrina Moore,34,Female,Pune,Manager,2219295.03,484,9,Medium,Active
2567,Jose Hayden,33,Male,Bangalore,Business,2697516.99,396,2,High,Inactive
2568,Roger White,70,Male,Ahmedabad,Engineer,1793406.79,740,7,Low,Inactive
2569,Jonathan Cook,63,Male,Delhi,Engineer,2681806.1,785,2,Medium,Active
2570,Dana Crawford,24,Female,Ahmedabad,Business,321571.2,437,4,High,Inactive
2571,Brian Preston II,28,Female,Delhi,Teacher,309064.8,722,6,High,Inactive
2572,Christopher Martin,23,Female,Mumbai,Business,833333.12,306,7,High,Inactive
2573,Linda Young,44,Male,Kolkata,Manager,348857.82,773,12,High,Inactive
2574,Kimberly Anderson,41,Male,Ahmedabad,Manager,2841706.39,847,8,High,Inactive
2575,Sarah Benson,61,Male,Pune,Doctor,689730.19,694,5,High,Inactive
2576,Jennifer Swanson,69,Female,Delhi,Engineer,1768790.6,546,14,Medium,Active
2577,Brandon Smith,27,Female,Pune,Manager,2027325.8,664,4,High,Active
2578,Zachary Richardson,18,Male,Bangalore,Teacher,1625583.44,440,12,Medium,Active
2579,Holly Campbell,40,Female,Ahmedabad,Analyst,2226602.78,636,8,Low,Inactive
2580,George Warren,50,Female,Hyderabad,Engineer,1388111.66,534,1,Medium,Active
2581,Amber Silva,57,Female,Bangalore,Teacher,545997.68,481,13,Low,Active
2582,Mr. Tyler Harris MD,26,Female,Mumbai,Teacher,1727888.77,463,12,Low,Inactive
2583,Thomas Carlson,22,Female,Ahmedabad,Doctor,2079592.97,345,7,Medium,Inactive
2584,Debra Oliver,19,Female,Kolkata,Teacher,1998583.79,756,5,Medium,Active
2585,Elizabeth Tucker,30,Female,Delhi,Business,1877807.69,582,10,Medium,Active
2586,Debra Guzman,43,Female,Hyderabad,Engineer,2883218.73,506,15,Low,Active
2587,Joseph Howell,19,Female,Bangalore,Manager,735149.29,318,2,High,Active
2588,Brett Patel,28,Male,Pune,Doctor,2491070.21,621,9,Medium,Inactive
2589,Lydia Graham,33,Male,Hyderabad,Doctor,825051.41,356,9,High,Inactive
2590,Stephen Fischer,70,Female,Kolkata,Business,333144.98,680,15,High,Active
2591,Christopher Hale,57,Female,Pune,Business,424302.31,818,8,High,Inactive
2592,Jonathan Hammond,23,Male,Chennai,Doctor,1859054.35,792,2,Medium,Active
2593,Jonathon Myers,54,Male,Delhi,Analyst,2537876.62,358,6,Low,Active
2594,Todd Rice,67,Female,Ahmedabad,Teacher,2319021.9,764,15,High,Active
2595,Kevin Medina,28,Male,Kolkata,Teacher,1538622.69,314,10,High,Inactive
2596,Jamie Burns,34,Male,Ahmedabad,Engineer,1159665.89,405,8,High,Inactive
2597,Angel Larson,52,Male,Chennai,Teacher,2422665.78,553,4,High,Active
2598,Tina Ross,41,Female,Mumbai,Engineer,1753306.29,529,4,Low,Inactive
2599,Johnny Smith,59,Male,Ahmedabad,Analyst,1507956.54,551,13,High,Inactive
2600,Monica Walsh DVM,42,Male,Chennai,Business,688692.07,445,9,Medium,Inactive
2601,Jeremy Welch,33,Male,Ahmedabad,Business,1254870.85,479,3,High,Active
2602,Katherine Sanders,45,Male,Mumbai,Engineer,1829364.2,684,15,High,Inactive
2603,Tina Bennett,42,Male,Hyderabad,Analyst,2023857.15,835,11,Low,Inactive
2604,Marissa Young,38,Male,Bangalore,Engineer,2087541.23,510,15,High,Inactive
2605,James Olson,35,Male,Mumbai,Business,593048.11,592,15,High,Active
2606,Joshua Hansen,54,Male,Bangalore,Analyst,900889.42,542,7,Medium,Inactive
2607,Sean Cole,44,Female,Kolkata,Analyst,2776069.87,528,15,High,Inactive
2608,Brian Anderson,60,Female,Pune,Doctor,1906098.51,844,3,High,Inactive
2609,Luke Ingram,29,Male,Pune,Teacher,1682050.5,476,13,Medium,Inactive
2610,Joanne Thomas,34,Male,Hyderabad,Engineer,1847525.43,645,7,Low,Active
2611,Christopher Green,56,Male,Ahmedabad,Analyst,1413263.23,377,10,Low,Active
2612,Ronald Howard,50,Male,Pune,Manager,305404.74,359,7,Low,Inactive
2613,Charles Callahan,38,Male,Kolkata,Analyst,1278317.89,478,8,High,Inactive
2614,Leslie Daniels,67,Male,Bangalore,Engineer,1851485.39,605,11,Medium,Inactive
2615,Allen Massey Jr.,51,Female,Pune,Teacher,1557402.94,313,11,Low,Active
2616,Sherry Murillo,27,Female,Delhi,Doctor,384291.56,711,13,Medium,Active
2617,Jason Allen,22,Male,Chennai,Analyst,2273800.18,342,7,Medium,Active
2618,Jacqueline Woods,43,Male,Mumbai,Teacher,619752.75,788,14,High,Inactive
2619,Curtis Johnson,43,Male,Ahmedabad,Engineer,1658806.56,728,13,High,Inactive
2620,Daniel Santos,20,Female,Mumbai,Business,1800378.74,829,4,Medium,Active
2621,Omar Mitchell,28,Female,Chennai,Engineer,1563060.18,541,4,High,Inactive
2622,Rita Moore,62,Female,Ahmedabad,Doctor,2149100.46,433,8,High,Inactive
2623,Virginia Williamson,64,Male,Bangalore,Doctor,2172718.39,803,10,High,Inactive
2624,Tracy Foster,18,Female,Mumbai,Teacher,2219630.53,512,10,Low,Inactive
2625,William Roberts,46,Female,Ahmedabad,Analyst,1673503.36,824,10,High,Inactive
2626,Robert Harris,24,Female,Chennai,Business,977120.74,455,7,High,Active
2627,Kayla Simmons,43,Male,Pune,Teacher,2468094.56,778,13,High,Active
2628,Beth Harris,28,Female,Kolkata,Doctor,2198369.83,589,12,Medium,Inactive
2629,Brett Snow,18,Male,Pune,Teacher,2958748.13,798,5,Low,Active
2630,John May,26,Male,Mumbai,Business,1923447.25,825,5,Low,Active
2631,Ariel Poole,39,Female,Bangalore,Manager,2815151.46,619,8,Medium,Active
2632,Annette Atkinson,39,Female,Pune,Manager,955307.12,355,2,Low,Active
2633,Danny Vazquez,34,Male,Delhi,Business,2662537.79,823,12,Low,Inactive
2634,Penny Cummings,50,Female,Chennai,Engineer,1632667.68,410,13,Low,Active
2635,Alicia Miller,23,Female,Bangalore,Engineer,2735120.45,415,13,Low,Active
2636,Marcus Rivera,30,Female,Delhi,Manager,1523868.87,812,12,Low,Active
2637,Chelsea Cabrera,53,Male,Delhi,Engineer,1037835.02,338,9,Medium,Inactive
2638,Lori Durham,40,Male,Kolkata,Engineer,425526.63,435,5,Low,Inactive
2639,Stacey Skinner,64,Female,Kolkata,Manager,1875281.42,519,9,Low,Inactive
2640,Duane Walters,46,Male,Pune,Manager,1989232.74,823,7,Medium,Inactive
2641,Michael Davis,61,Female,Pune,Business,284915.94,666,12,High,Active
2642,Tyler Gomez,34,Female,Bangalore,Business,1848580.63,638,4,Low,Active
2643,Julie Smith,44,Female,Ahmedabad,Business,1128797.51,530,7,Low,Active
2644,Patricia Brown,41,Male,Kolkata,Teacher,1265241.09,565,8,Medium,Active
2645,Lindsay Williams,19,Female,Hyderabad,Teacher,1283103.59,627,14,Low,Inactive
2646,Brenda Stewart,18,Male,Bangalore,Teacher,2952309.53,765,3,Medium,Active
2647,Anne Bridges,31,Male,Kolkata,Analyst,2667019.18,804,10,Low,Inactive
2648,Philip Caldwell,35,Male,Mumbai,Manager,614564.44,547,1,Medium,Active
2649,Molly Garrett DDS,31,Male,Pune,Teacher,624542.11,749,1,Low,Active
2650,Anthony Hernandez,49,Female,Hyderabad,Analyst,2324922.89,621,7,Low,Active
2651,Danielle Williams,57,Male,Kolkata,Business,753173.01,669,15,Low,Active
2652,Jennifer Murphy PhD,66,Female,Bangalore,Manager,683652.76,579,10,Medium,Inactive
2653,Michael Yates,31,Male,Mumbai,Business,727431.61,389,12,Low,Inactive
2654,Erika Camacho,26,Female,Chennai,Business,2415099.35,329,11,High,Active
2655,Corey Dawson,31,Male,Chennai,Doctor,1870646.6,512,14,Low,Active
2656,Patrick Strickland,21,Female,Bangalore,Engineer,2784503.39,550,1,High,Inactive
2657,Lindsey Lee,35,Female,Pune,Teacher,1218286.89,422,2,Medium,Active
2658,Tracy Thomas,38,Male,Mumbai,Teacher,797979.84,775,2,Low,Active
2659,Sarah Guerrero,23,Male,Pune,Manager,1110863.0,824,4,Medium,Inactive
2660,Joel Watson,29,Male,Delhi,Business,2632602.37,501,7,Medium,Inactive
2661,Julia Stafford,44,Male,Ahmedabad,Business,944234.54,613,11,Low,Inactive
2662,Cynthia Briggs,25,Male,Ahmedabad,Business,656214.18,727,10,Low,Inactive
2663,Nicole Davenport,48,Male,Pune,Engineer,2550927.27,554,6,High,Inactive
2664,Peter Swanson,46,Female,Delhi,Analyst,1764003.21,590,15,High,Inactive
2665,Donna Buckley,33,Male,Chennai,Manager,2385062.46,336,3,Medium,Inactive
2666,Brian Lopez,49,Male,Kolkata,Manager,2965061.48,571,13,Low,Active
2667,Elizabeth Hancock,32,Male,Delhi,Analyst,748039.54,319,12,High,Inactive
2668,Michael Newman,57,Male,Hyderabad,Doctor,627965.09,525,2,Low,Inactive
2669,Anna Stewart,66,Male,Pune,Analyst,756053.39,828,3,Medium,Active
2670,Donald Yang,43,Male,Hyderabad,Doctor,2543590.23,808,3,Low,Inactive
2671,Jacob Valencia,18,Male,Pune,Analyst,2976688.56,352,7,High,Inactive
2672,Willie Ramsey,20,Male,Pune,Manager,1435714.68,647,5,Medium,Active
2673,Brian Carson,68,Female,Kolkata,Manager,2587601.59,723,9,Medium,Active
2674,Juan Odom,26,Male,Kolkata,Analyst,561283.33,447,15,Medium,Inactive
2675,Sara Grimes,41,Male,Chennai,Manager,1308361.99,841,12,Medium,Inactive
2676,Steve Garner,47,Male,Bangalore,Doctor,1577036.19,353,11,Low,Active
2677,Steven Cook,52,Female,Pune,Manager,2757197.49,420,11,High,Active
2678,Anita Gardner,40,Female,Bangalore,Engineer,834390.33,757,1,High,Inactive
2679,Alan Cherry,50,Male,Ahmedabad,Doctor,1266981.71,542,11,Medium,Inactive
2680,Mrs. Casey Smith,25,Female,Pune,Engineer,2157456.61,335,9,Low,Inactive
2681,Karen Conner,40,Female,Delhi,Doctor,1339756.45,774,9,High,Active
2682,Joshua Wilkinson,33,Male,Chennai,Analyst,1490603.2,675,8,Medium,Inactive
2683,Mary Lloyd,37,Male,Bangalore,Teacher,2998046.75,788,13,Medium,Inactive
2684,Peggy Waters,26,Female,Kolkata,Engineer,2030410.57,379,11,High,Inactive
2685,David Jackson,32,Female,Chennai,Analyst,2429927.56,321,6,Low,Active
2686,Mrs. Kelly Bonilla,67,Female,Hyderabad,Teacher,635904.07,365,5,Medium,Inactive
2687,Kerry Mcgee,59,Male,Ahmedabad,Doctor,2263362.02,330,14,Medium,Active
2688,David Miller,26,Male,Kolkata,Business,2387902.86,615,10,Medium,Active
2689,Daniel Delgado,49,Male,Kolkata,Business,399516.45,649,9,Low,Active
2690,Jesse Middleton,45,Male,Pune,Business,2418534.54,790,4,High,Inactive
2691,Kathleen Peters,50,Female,Pune,Doctor,1476642.86,369,2,Medium,Active
2692,Kelsey Hale,61,Male,Delhi,Teacher,1575156.76,415,15,Low,Active
2693,Danielle Anderson,34,Female,Bangalore,Doctor,1201431.52,733,10,Medium,Active
2694,Ethan Navarro,21,Male,Mumbai,Teacher,2768582.02,603,11,Medium,Inactive
2695,Kenneth Martin,26,Female,Bangalore,Manager,2524351.24,572,9,High,Active
2696,Emily Galvan DVM,42,Female,Bangalore,Analyst,356661.97,362,5,Low,Inactive
2697,Mckenzie Smith,23,Male,Mumbai,Doctor,459186.19,431,4,Medium,Inactive
2698,Pam Bernard,27,Female,Delhi,Engineer,2263201.28,654,3,High,Active
2699,Jonathan Strickland,41,Male,Delhi,Teacher,408586.38,456,14,High,Inactive
2700,Jason Baker,40,Male,Delhi,Manager,787370.74,822,1,High,Active
2701,Margaret Cowan,67,Male,Hyderabad,Analyst,1313228.31,343,9,High,Inactive
2702,Wanda Harper,33,Female,Chennai,Analyst,2869584.13,735,11,High,Inactive
2703,Cody Wallace,18,Female,Mumbai,Engineer,2258918.31,572,2,High,Active
2704,Michele Bailey,54,Male,Chennai,Teacher,2059870.03,496,6,Low,Active
2705,Dr. Anna Garcia,23,Female,Ahmedabad,Analyst,1416472.02,479,10,Medium,Active
2706,Chelsea Cortez,65,Female,Hyderabad,Engineer,2794435.1,332,11,Medium,Inactive
2707,Kevin Willis,34,Male,Chennai,Teacher,2345242.76,755,6,Medium,Active
2708,Nicole Reynolds,23,Female,Delhi,Analyst,2577759.57,778,5,Medium,Active
2709,Lucas Mills,38,Male,Pune,Analyst,513461.64,610,5,High,Active
2710,Jimmy Yoder,54,Male,Delhi,Engineer,312461.92,624,8,Low,Active
2711,Maria Black,31,Male,Hyderabad,Business,2035451.58,473,2,Medium,Inactive
2712,Scott Howard,57,Male,Hyderabad,Doctor,2649298.25,796,8,High,Inactive
2713,Gabriel Wilson,53,Female,Hyderabad,Analyst,1107020.0,395,6,Medium,Inactive
2714,Dana Nguyen,27,Male,Pune,Business,1974306.88,394,12,High,Inactive
2715,Daniel Simmons,54,Male,Delhi,Business,1463634.28,683,6,Low,Inactive
2716,Brian Valenzuela,34,Female,Ahmedabad,Business,378970.79,607,1,Low,Active
2717,Christopher Barrett,37,Female,Chennai,Teacher,364698.09,846,6,High,Inactive
2718,Joshua Warren,63,Female,Mumbai,Doctor,1130199.84,675,2,Medium,Active
2719,Joanna Martin DDS,53,Female,Bangalore,Doctor,562178.86,767,10,High,Active
2720,Natalie Johnson,31,Female,Mumbai,Doctor,643573.75,539,5,Medium,Active
2721,Kayla Schultz,28,Female,Ahmedabad,Manager,663539.51,597,11,High,Active
2722,John Soto,68,Male,Ahmedabad,Teacher,1787084.46,596,3,High,Inactive
2723,Jeffrey Gonzales,50,Male,Kolkata,Business,1707289.79,505,10,High,Inactive
2724,Rodney Watts,58,Male,Hyderabad,Manager,2277093.2,321,3,High,Inactive
2725,Christopher Barnes,35,Male,Kolkata,Manager,1999338.28,364,1,High,Inactive
2726,Bruce Hines,60,Male,Chennai,Business,1697142.32,488,6,Low,Inactive
2727,Jennifer Anderson MD,30,Male,Hyderabad,Analyst,1024730.08,413,9,High,Inactive
2728,Amy Hawkins,69,Female,Delhi,Teacher,2234232.0,603,14,High,Active
2729,Elizabeth Andrews,57,Female,Delhi,Teacher,1678268.74,584,11,Low,Inactive
2730,Andrea Rogers,58,Male,Hyderabad,Analyst,1280323.37,677,3,High,Active
2731,Justin Gilbert,20,Female,Chennai,Engineer,2012832.19,452,10,Medium,Inactive
2732,Leslie White,68,Male,Chennai,Teacher,2278136.2,453,4,High,Inactive
2733,Tyler Perry,50,Male,Pune,Doctor,816574.24,760,4,Medium,Inactive
2734,Mr. Adam Mejia,69,Male,Hyderabad,Doctor,1745344.94,327,11,Medium,Inactive
2735,Phillip Ingram,19,Male,Chennai,Doctor,475602.28,737,2,Low,Active
2736,Aaron Serrano,37,Female,Chennai,Teacher,577268.51,447,12,High,Inactive
2737,Jill Chang,62,Female,Hyderabad,Engineer,1983256.55,322,10,High,Inactive
2738,Matthew Hines,39,Male,Mumbai,Doctor,2029309.63,749,9,Low,Inactive
2739,Amber Walton,18,Male,Delhi,Engineer,1403825.2,566,1,Medium,Inactive
2740,Robin Gross,20,Female,Delhi,Business,1059344.38,598,14,High,Inactive
2741,Bradley Shah,20,Male,Hyderabad,Analyst,2077185.24,790,10,Medium,Inactive
2742,Thomas Hendricks,35,Female,Delhi,Teacher,1787310.21,591,10,Low,Active
2743,Pamela Johnson,18,Male,Bangalore,Manager,2077727.13,786,11,Medium,Active
2744,Annette Bailey,22,Male,Ahmedabad,Teacher,2373747.59,640,12,High,Active
2745,William Long,36,Male,Hyderabad,Business,2519799.78,689,12,Low,Inactive
2746,Ashley Conner,37,Female,Hyderabad,Analyst,1144111.02,498,9,High,Inactive
2747,Amanda Martinez,43,Female,Mumbai,Business,2386646.12,389,10,Medium,Inactive
2748,Tyler Morales MD,32,Male,Chennai,Engineer,1965733.72,709,14,Medium,Active
2749,Michael Adams,54,Female,Ahmedabad,Teacher,2764460.87,809,4,High,Inactive
2750,Regina Miller,37,Female,Chennai,Analyst,1403632.34,821,6,Low,Active
2751,Sara Davis,54,Male,Ahmedabad,Engineer,1468291.57,311,8,Medium,Inactive
2752,Sara Torres,65,Female,Ahmedabad,Engineer,1992091.84,451,10,Medium,Active
2753,Wayne Miller,31,Female,Chennai,Manager,667382.95,805,6,Medium,Active
2754,Abigail Chavez,34,Female,Bangalore,Teacher,2936566.78,711,15,High,Inactive
2755,Steve Newton,62,Female,Ahmedabad,Teacher,1040926.97,626,2,High,Active
2756,Kevin Wong,53,Female,Hyderabad,Manager,1491402.49,531,13,High,Active
2757,Cory Richardson,64,Female,Kolkata,Business,819980.91,525,1,Medium,Active
2758,Crystal Ball,38,Female,Bangalore,Manager,2188809.16,497,1,Low,Inactive
2759,Bianca Smith,49,Female,Delhi,Teacher,1575326.87,778,1,Medium,Inactive
2760,Sue Ramirez,42,Male,Delhi,Doctor,2947879.73,303,12,Medium,Active
2761,Joseph Cummings,22,Male,Pune,Doctor,2465081.7,753,14,Medium,Active
2762,Geoffrey Hernandez,49,Male,Kolkata,Analyst,1132298.33,758,14,Medium,Active
2763,Brandon Smith,49,Male,Ahmedabad,Business,2759826.35,360,6,Low,Active
2764,Crystal Vance,66,Male,Hyderabad,Teacher,776186.96,662,1,Medium,Active
2765,James Cole,58,Female,Pune,Business,2289391.48,741,5,Low,Active
2766,Felicia Arnold,68,Male,Ahmedabad,Analyst,1098942.7,642,6,High,Active
2767,Justin Morales,66,Male,Kolkata,Doctor,713779.86,721,3,Medium,Inactive
2768,Jenna Bailey,67,Male,Bangalore,Business,299683.02,308,8,Low,Active
2769,Scott Hayes,33,Male,Mumbai,Teacher,2760872.54,339,1,Medium,Inactive
2770,Benjamin Goodwin,57,Male,Pune,Manager,2037138.65,768,1,Medium,Active
2771,Kelly Garcia,32,Male,Pune,Doctor,1972093.56,303,12,Medium,Active
2772,Jonathan Stuart,38,Female,Delhi,Analyst,410329.08,730,8,High,Inactive
2773,Carl Lee,45,Male,Chennai,Teacher,1142983.93,834,15,Low,Active
2774,Theresa Ochoa,44,Male,Bangalore,Doctor,2060116.88,548,5,Low,Active
2775,James Barrera,30,Female,Delhi,Manager,1367744.49,596,8,Medium,Inactive
2776,Ms. Tiffany Ritter,48,Male,Mumbai,Manager,1365404.29,496,5,High,Active
2777,Matthew Nicholson,49,Female,Bangalore,Manager,662653.21,450,4,Low,Active
2778,Patricia Ewing DDS,22,Female,Chennai,Teacher,1524809.61,451,1,Low,Inactive
2779,Patricia Thomas,26,Male,Kolkata,Analyst,1364966.92,596,1,High,Active
2780,Joanna Sanchez,54,Female,Hyderabad,Analyst,422164.34,805,2,High,Inactive
2781,Lisa Snyder,47,Male,Delhi,Analyst,2705815.18,769,9,High,Inactive
2782,Matthew King,57,Male,Bangalore,Doctor,1345055.3,569,1,High,Inactive
2783,Blake Thompson,29,Male,Bangalore,Business,877248.96,594,10,Medium,Active
2784,Jennifer Murphy,18,Female,Kolkata,Engineer,2697137.45,335,12,Low,Active
2785,Sean Craig,39,Female,Kolkata,Doctor,1177751.89,489,12,Medium,Inactive
2786,Ashley Palmer,29,Female,Delhi,Manager,1484414.37,593,15,Medium,Inactive
2787,Brittany Davenport,58,Female,Mumbai,Teacher,461434.45,824,11,High,Active
2788,Elizabeth Smith,36,Male,Bangalore,Teacher,1009936.84,763,3,Low,Inactive
2789,Allison Murray,41,Female,Bangalore,Engineer,967523.64,715,10,High,Active
2790,Jacob Smith,54,Female,Bangalore,Business,997173.59,788,7,High,Inactive
2791,Shannon Hunter,64,Male,Pune,Manager,1841112.19,385,6,Medium,Active
2792,Jordan Love,47,Female,Pune,Analyst,2909126.47,653,1,Low,Inactive
2793,Melanie Miller,21,Male,Mumbai,Teacher,639261.66,462,5,Medium,Active
2794,Elizabeth Schmidt,64,Male,Delhi,Business,1273506.0,777,5,Medium,Inactive
2795,Gabriel Lewis DDS,54,Female,Kolkata,Engineer,2577149.02,776,11,Medium,Inactive
2796,Jessica Hess,64,Male,Mumbai,Business,1032407.84,798,13,High,Inactive
2797,Stephanie Smith,49,Male,Bangalore,Business,414196.41,423,4,Medium,Inactive
2798,Michael Fox,34,Male,Pune,Engineer,1665042.78,300,4,Medium,Inactive
2799,Joseph Wilson,22,Male,Ahmedabad,Engineer,612604.39,512,11,High,Inactive
2800,Leonard Mosley,48,Female,Hyderabad,Doctor,1126291.69,327,9,High,Inactive
2801,Susan George,70,Male,Ahmedabad,Engineer,1000422.38,522,11,High,Inactive
2802,Richard Bailey,56,Female,Mumbai,Business,1412713.45,553,5,Medium,Inactive
2803,Madison Wilson,59,Male,Chennai,Teacher,2549155.51,766,5,High,Active
2804,Tammy Roberts,55,Male,Chennai,Doctor,2208580.34,504,3,Low,Active
2805,Dr. Phillip Jones,64,Female,Ahmedabad,Teacher,2450967.14,436,12,High,Active
2806,Katie Schmidt,55,Male,Pune,Doctor,2272538.0,827,7,High,Inactive
2807,Samuel Johnson,35,Female,Kolkata,Analyst,1451801.44,351,12,High,Active
2808,Tammy Glenn,29,Female,Chennai,Manager,661616.92,514,3,Medium,Inactive
2809,Brandon Wilson,35,Male,Hyderabad,Analyst,1431876.62,760,6,Low,Inactive
2810,Sean Hamilton,46,Male,Delhi,Manager,1403096.09,434,8,Low,Active
2811,Melissa Skinner,31,Female,Mumbai,Teacher,471474.24,611,12,Medium,Active
2812,Michelle Wilson,34,Male,Pune,Doctor,476816.3,730,8,Medium,Active
2813,David Newman,32,Male,Hyderabad,Analyst,338539.7,674,14,High,Inactive
2814,Brianna Ryan,36,Male,Ahmedabad,Engineer,1464886.22,817,6,High,Active
2815,Kimberly Kaiser,55,Female,Hyderabad,Analyst,1630497.9,605,11,High,Inactive
2816,Laura Bates,30,Female,Chennai,Analyst,1344083.25,473,10,Low,Active
2817,Manuel Allen,44,Female,Bangalore,Manager,1252309.06,791,13,Low,Inactive
2818,Veronica Dixon,66,Male,Bangalore,Teacher,873845.44,521,5,Low,Active
2819,Holly Cervantes,36,Female,Chennai,Business,2825389.07,520,15,Low,Active
2820,Rita Ramsey,18,Male,Hyderabad,Engineer,1771836.04,691,4,Medium,Active
2821,Brenda Miller,42,Male,Kolkata,Doctor,2403622.08,365,2,High,Active
2822,Sandra Short,32,Male,Mumbai,Teacher,2693065.08,433,1,Medium,Inactive
2823,Dr. Ernest Miller,23,Male,Kolkata,Analyst,2373408.32,651,15,Low,Inactive
2824,Vanessa Smith,50,Female,Delhi,Engineer,2375926.74,620,5,Low,Inactive
2825,Joseph Dixon,65,Female,Delhi,Manager,1329685.15,678,13,High,Active
2826,John Hayes,63,Male,Bangalore,Analyst,507311.27,537,1,Medium,Active
2827,Brenda Lopez,30,Female,Chennai,Manager,737798.81,382,13,Low,Inactive
2828,Holly Hawkins,46,Male,Mumbai,Business,2646481.91,787,3,Medium,Inactive
2829,Edward Carter,29,Female,Pune,Teacher,1540871.19,404,4,Medium,Inactive
2830,Clayton Velazquez,43,Female,Pune,Engineer,1356261.68,651,10,High,Inactive
2831,Lori Reynolds,31,Female,Mumbai,Teacher,536570.96,553,5,Low,Active
2832,Richard Randall,60,Male,Delhi,Doctor,2486057.37,766,14,Medium,Active
2833,Gloria Henderson,31,Male,Ahmedabad,Manager,2305867.24,349,6,Medium,Active
2834,Allen Hill,57,Male,Mumbai,Analyst,857608.35,515,8,Medium,Inactive
2835,Miss Heather Daniels MD,18,Male,Ahmedabad,Manager,1366238.56,756,9,Low,Inactive
2836,Allison Trujillo,40,Female,Chennai,Doctor,1777459.15,645,6,High,Active
2837,Ashley Jones,59,Male,Mumbai,Analyst,2390931.58,491,11,Medium,Inactive
2838,Rose Rodriguez,31,Male,Chennai,Engineer,2829847.44,459,4,Low,Inactive
2839,Matthew Peters,70,Male,Pune,Doctor,598197.69,392,14,Medium,Inactive
2840,Darren Thomas,40,Male,Hyderabad,Business,1281028.05,756,9,High,Inactive
2841,Antonio Davis,62,Female,Delhi,Business,2798101.1,589,8,Low,Inactive
2842,Joann Griffith,36,Male,Kolkata,Teacher,2431639.09,660,14,High,Inactive
2843,Bonnie Dennis,58,Female,Chennai,Doctor,2683547.14,539,1,Low,Active
2844,Nancy Johnson,28,Female,Hyderabad,Teacher,2898846.4,595,1,High,Active
2845,George Thomas,24,Male,Pune,Analyst,2640338.13,791,3,High,Active
2846,Matthew Ellis,24,Female,Bangalore,Business,883968.02,376,7,Low,Active
2847,Stacie Phillips,52,Female,Mumbai,Analyst,2155309.34,590,11,High,Inactive
2848,Maria Simmons,38,Female,Pune,Engineer,1305665.61,321,12,Medium,Inactive
2849,Wendy Smith,59,Female,Bangalore,Teacher,2982813.49,405,5,High,Inactive
2850,Sean Boyd,21,Female,Chennai,Engineer,304990.58,800,5,High,Active
2851,Victoria Page,27,Male,Ahmedabad,Teacher,2578128.59,448,1,Low,Inactive
2852,Nicole Collins,64,Male,Bangalore,Engineer,2150867.78,640,12,Medium,Active
2853,Jason Mclaughlin,67,Male,Kolkata,Business,391146.38,641,10,Low,Inactive
2854,Anthony White PhD,26,Male,Hyderabad,Manager,1579297.42,809,14,Low,Inactive
2855,Michael Gibson,59,Male,Kolkata,Business,810809.28,664,3,Medium,Active
2856,Cory Nguyen,33,Male,Chennai,Manager,2055191.92,850,1,High,Inactive
2857,Heidi Ellis,69,Male,Chennai,Analyst,709958.08,690,5,High,Inactive
2858,Whitney Smith,53,Male,Ahmedabad,Teacher,2369770.55,302,13,Medium,Active
2859,John Chang,33,Female,Hyderabad,Manager,1218476.56,752,2,High,Active
2860,Felicia Juarez,58,Male,Hyderabad,Engineer,2373836.16,731,12,Medium,Active
2861,Lisa Lin,36,Female,Mumbai,Analyst,1471248.17,686,11,High,Active
2862,Brandon Williams,34,Female,Ahmedabad,Analyst,1896083.41,583,1,Low,Active
2863,Eric Griffin,33,Male,Pune,Teacher,1395011.96,833,5,Medium,Active
2864,Anthony Shepherd,61,Male,Delhi,Doctor,2458615.28,501,1,Low,Active
2865,Ryan Luna,21,Female,Kolkata,Doctor,2112214.93,425,13,Low,Inactive
2866,Curtis Howard,18,Male,Kolkata,Manager,1354109.76,665,9,Medium,Inactive
2867,Eric Clark,52,Male,Kolkata,Manager,1441819.92,691,4,Medium,Active
2868,Lacey Smith,34,Female,Hyderabad,Teacher,328709.68,414,6,Low,Active
2869,Ashley Perez,66,Male,Chennai,Engineer,1517563.79,459,15,Medium,Active
2870,Michael Baker,19,Male,Chennai,Manager,926486.96,566,11,Low,Inactive
2871,Jessica Fletcher,52,Female,Pune,Business,636919.75,513,13,Medium,Inactive
2872,Kendra Stewart,21,Female,Ahmedabad,Analyst,2020869.79,713,8,Medium,Active
2873,Kelly Berg,27,Female,Mumbai,Doctor,910241.97,720,9,Low,Active
2874,Calvin Jones,55,Male,Mumbai,Manager,2896320.66,445,3,High,Inactive
2875,Leah Burgess,65,Male,Delhi,Engineer,2289137.54,808,10,High,Inactive
2876,Paul Davis,68,Male,Bangalore,Manager,1047990.98,775,8,Medium,Active
2877,Matthew Morales,21,Female,Mumbai,Business,2992065.59,363,14,High,Inactive
2878,William Rodriguez,43,Male,Chennai,Engineer,402058.22,796,11,High,Active
2879,Raymond Lopez,57,Male,Hyderabad,Doctor,837322.85,576,2,High,Inactive
2880,Lauren Sherman,21,Female,Delhi,Analyst,348386.6,820,1,High,Active
2881,Douglas Luna,53,Male,Hyderabad,Business,2150865.87,381,9,Medium,Inactive
2882,Todd Douglas,23,Female,Delhi,Engineer,1551061.81,677,4,Low,Active
2883,Deborah Williams,21,Female,Chennai,Doctor,1798820.27,827,10,Low,Active
2884,Michael Klein,31,Female,Mumbai,Manager,1492766.94,384,5,Low,Inactive
2885,James Wilson,42,Female,Mumbai,Engineer,2263446.51,563,12,High,Inactive
2886,Janet Huffman,63,Male,Hyderabad,Analyst,1735847.56,393,3,High,Active
2887,Ronald Diaz,55,Male,Delhi,Manager,1386512.84,520,15,High,Inactive
2888,Joe Eaton,63,Male,Hyderabad,Teacher,1337287.37,745,4,Medium,Active
2889,Zachary Thomas,57,Male,Ahmedabad,Teacher,2679482.2,770,11,Medium,Active
2890,Anthony Lewis,55,Female,Hyderabad,Business,2553075.65,730,11,Medium,Inactive
2891,Aaron Rubio,58,Female,Chennai,Business,1385989.22,327,13,High,Inactive
2892,Howard Carter,24,Male,Pune,Doctor,2855913.22,345,6,Low,Active
2893,Cindy Barr,47,Male,Chennai,Engineer,2804020.27,361,13,Low,Inactive
2894,Paula Thomas,57,Female,Kolkata,Teacher,1717556.18,801,8,High,Active
2895,Catherine Schneider,35,Female,Hyderabad,Analyst,2727927.96,307,8,High,Active
2896,Kimberly Roberts,28,Female,Ahmedabad,Doctor,2903025.49,556,3,Low,Active
2897,Brian Brown,18,Female,Kolkata,Analyst,1991945.13,780,14,Medium,Active
2898,James Sweeney,52,Male,Pune,Doctor,2207784.51,808,5,High,Inactive
2899,Allison Hall,38,Female,Ahmedabad,Teacher,1437043.39,625,7,Low,Active
2900,Zachary Ramirez,56,Male,Hyderabad,Business,479498.21,501,8,High,Inactive
2901,Anthony Thomas,56,Female,Pune,Business,2485526.28,455,10,Medium,Active
2902,Marcus Butler,20,Female,Bangalore,Teacher,1973761.61,801,12,High,Inactive
2903,Linda Burch,47,Female,Pune,Business,2168941.65,811,1,High,Inactive
2904,Elizabeth Gonzales,55,Female,Mumbai,Teacher,2928261.36,591,8,Medium,Active
2905,Shannon Avery,24,Male,Bangalore,Analyst,843505.9,555,4,Medium,Inactive
2906,Kaylee Baker,68,Female,Chennai,Doctor,961173.02,389,5,High,Inactive
2907,Nicholas Walsh,44,Male,Kolkata,Business,364900.14,811,12,High,Inactive
2908,William Perry,30,Female,Pune,Business,809422.61,757,9,Medium,Active
2909,Jason Soto,46,Female,Ahmedabad,Engineer,556571.61,438,7,Medium,Active
2910,Casey Nguyen,31,Female,Chennai,Engineer,2493924.13,598,12,Medium,Inactive
2911,Jeffrey Howard,61,Female,Delhi,Doctor,748705.42,568,10,High,Inactive
2912,Ashley Bradley,55,Male,Mumbai,Manager,1683916.49,379,8,Medium,Inactive
2913,John Gonzalez,33,Male,Bangalore,Teacher,2707424.9,727,11,High,Inactive
2914,James Reyes,26,Male,Hyderabad,Teacher,2859461.29,773,12,High,Active
2915,Rita Williams,58,Male,Chennai,Business,1410043.33,349,15,Low,Active
2916,Kayla Martinez,46,Female,Delhi,Doctor,1248420.12,354,6,High,Active
2917,Jeremy Rios,29,Female,Ahmedabad,Engineer,1537260.22,365,11,Low,Inactive
2918,Gina Hester,24,Male,Chennai,Manager,1481349.12,696,12,High,Inactive
2919,Melissa Thomas,57,Female,Bangalore,Manager,1581631.06,310,7,Low,Inactive
2920,Steven Stephens,29,Female,Bangalore,Analyst,1583262.6,443,7,High,Active
2921,Andrea Mata,70,Female,Kolkata,Doctor,936018.87,801,15,High,Active
2922,Michelle Adams,35,Male,Kolkata,Doctor,2783548.99,750,10,Low,Inactive
2923,Martha Smith,34,Male,Delhi,Engineer,2259790.78,442,5,Low,Active
2924,Brandy Jones,68,Male,Pune,Manager,2913067.89,460,5,Medium,Inactive
2925,Brian Valdez,20,Female,Mumbai,Doctor,2475831.06,490,2,Medium,Active
2926,Rachel Harrington,36,Male,Chennai,Analyst,2322710.39,305,7,High,Inactive
2927,Scott Rodriguez,25,Male,Delhi,Doctor,1725903.25,397,13,Low,Inactive
2928,Cathy Rodriguez,55,Male,Mumbai,Doctor,1185362.66,469,12,High,Active
2929,Daniel Weaver,48,Female,Pune,Engineer,1203135.23,577,7,Medium,Active
2930,Michelle Smith,43,Female,Chennai,Manager,2894929.67,580,3,Medium,Active
2931,Lisa Wade,59,Male,Bangalore,Business,2714795.96,392,8,Medium,Inactive
2932,Carolyn Webster,60,Male,Ahmedabad,Business,2624131.67,498,10,Low,Active
2933,Erin Murray,34,Male,Pune,Engineer,2865695.94,337,7,High,Active
2934,Lisa Weaver,29,Male,Kolkata,Doctor,2384024.72,811,7,Medium,Inactive
2935,Michael Stewart,57,Male,Bangalore,Analyst,2776893.89,642,1,Medium,Active
2936,Robert King,46,Male,Ahmedabad,Teacher,2213445.68,834,12,Medium,Active
2937,Amy Scott,23,Male,Mumbai,Business,1600401.8,512,12,Low,Active
2938,Tiffany Jones,28,Female,Kolkata,Engineer,2029228.04,536,10,Medium,Active
2939,Heather Murphy,55,Male,Ahmedabad,Doctor,795545.63,310,1,Low,Inactive
2940,Joshua Nash,48,Female,Pune,Engineer,1723323.39,705,13,Low,Active
2941,James Jones,59,Female,Kolkata,Business,622483.41,706,1,Medium,Inactive
2942,Gerald Pineda,49,Female,Delhi,Manager,2268690.12,718,13,Low,Active
2943,Lawrence Anderson,63,Female,Chennai,Doctor,1710244.02,364,7,Medium,Active
2944,Rachel Schmidt,54,Female,Pune,Business,1185700.73,464,10,Low,Inactive
2945,Earl Shea,61,Male,Delhi,Business,933793.97,351,14,Low,Inactive
2946,Lori Mckee,20,Male,Delhi,Engineer,982332.32,427,4,High,Active
2947,William Foster,58,Male,Pune,Business,368124.85,689,9,Low,Inactive
2948,Jennifer Brown,32,Male,Delhi,Engineer,2299605.75,820,13,High,Inactive
2949,Steve Lambert,50,Female,Mumbai,Manager,424328.14,536,14,High,Active
2950,Benjamin Acosta,62,Male,Bangalore,Business,1897495.93,507,2,Low,Active
2951,Brian Rivera,39,Female,Pune,Analyst,1069977.08,357,6,Low,Inactive
2952,Sara Gallagher,51,Male,Chennai,Business,1569777.46,772,3,High,Active
2953,Bradley Foster,53,Male,Hyderabad,Manager,1501492.25,597,5,Low,Active
2954,Tiffany Mclean,65,Male,Chennai,Teacher,252358.01,457,15,Low,Active
2955,Jennifer Schneider,28,Female,Bangalore,Doctor,257095.8,788,3,Low,Active
2956,John Thomas,43,Male,Kolkata,Business,2784383.57,649,15,Low,Inactive
2957,Julie Lester,46,Male,Ahmedabad,Business,451230.9,344,15,Medium,Active
2958,Michael Williams,20,Male,Bangalore,Manager,1159713.34,494,7,High,Inactive
2959,Kyle Collins,27,Male,Hyderabad,Analyst,1909350.24,400,6,High,Inactive
2960,Brett Cannon,49,Male,Kolkata,Manager,1842722.81,425,6,High,Inactive
2961,Rodney Warren,55,Female,Delhi,Manager,474506.0,632,7,Medium,Inactive
2962,Tamara Jackson,35,Male,Mumbai,Analyst,2690075.05,414,8,High,Active
2963,Monique Golden,19,Male,Kolkata,Doctor,453737.14,523,4,Medium,Inactive
2964,Patrick Horton,37,Male,Kolkata,Teacher,1720485.31,778,3,Medium,Active
2965,Carol Potter,51,Male,Hyderabad,Doctor,1633456.25,668,11,Medium,Active
2966,Sarah Alvarado,34,Male,Mumbai,Doctor,437424.45,403,7,Low,Active
2967,Anthony Chapman,45,Female,Delhi,Doctor,521836.37,720,8,Low,Active
2968,Brenda Singh,44,Male,Kolkata,Manager,1345648.91,679,10,Medium,Inactive
2969,Anthony Pratt,55,Female,Mumbai,Engineer,2531578.68,829,13,Medium,Inactive
2970,John Montgomery,38,Female,Ahmedabad,Manager,622866.97,508,11,Medium,Active
2971,Zachary York,70,Male,Kolkata,Manager,843503.06,467,14,High,Inactive
2972,Jessica James,55,Male,Chennai,Doctor,1819167.99,652,6,Low,Active
2973,Daniel Anderson,46,Female,Bangalore,Business,1005451.03,802,6,Medium,Inactive
2974,Abigail Brown,39,Male,Bangalore,Doctor,1922342.41,849,3,High,Inactive
2975,Daniel Hughes,38,Male,Hyderabad,Teacher,2989859.09,548,5,Medium,Inactive
2976,Derrick Fisher,52,Female,Hyderabad,Teacher,2301261.59,828,7,High,Active
2977,Erin Morris,60,Female,Ahmedabad,Manager,754567.5,543,13,High,Inactive
2978,Michael Wall,18,Male,Ahmedabad,Analyst,1089405.37,778,15,Low,Inactive
2979,Eric Keller,48,Female,Kolkata,Analyst,2809704.64,749,8,Low,Active
2980,Wanda Rodriguez,18,Male,Ahmedabad,Analyst,1739302.56,429,8,Medium,Active
2981,Jesse Little,59,Female,Mumbai,Teacher,1064112.11,618,4,High,Inactive
2982,Kyle Knapp,69,Female,Ahmedabad,Engineer,1873867.28,806,4,Medium,Active
2983,Timothy Taylor,46,Male,Pune,Doctor,1978262.17,635,12,High,Inactive
2984,Mrs. Jessica Gutierrez,46,Male,Hyderabad,Teacher,945629.9,423,7,High,Inactive
2985,Nicole Williams,25,Male,Hyderabad,Teacher,1232406.97,814,4,Low,Inactive
2986,Alexander Hughes,32,Male,Delhi,Engineer,2868829.95,705,5,Low,Active
2987,Richard Hill,23,Female,Hyderabad,Teacher,2831109.26,635,9,Low,Inactive
2988,Karen Knight,21,Female,Mumbai,Business,993287.76,848,6,Medium,Inactive
2989,Desiree Sherman,44,Female,Chennai,Manager,437606.79,690,10,Medium,Active
2990,Marc Wilson,44,Male,Chennai,Engineer,2086659.46,376,15,Low,Inactive
2991,Shaun Thomas,63,Male,Kolkata,Analyst,1066954.75,833,3,Medium,Active
2992,Rachel Peters,67,Female,Ahmedabad,Manager,1344853.29,398,15,Medium,Active
2993,Andrea Williams,58,Female,Pune,Engineer,1059108.69,626,10,High,Inactive
2994,Kimberly Peterson,24,Female,Ahmedabad,Business,975511.28,470,15,Medium,Active
2995,Danielle Williams,58,Female,Hyderabad,Engineer,2779838.16,303,2,High,Inactive
2996,Daniel Ortega,31,Female,Pune,Doctor,2598262.69,536,9,High,Inactive
2997,Andrew Phillips,69,Male,Hyderabad,Engineer,2242252.63,791,14,High,Inactive
2998,Rachel Contreras,43,Male,Chennai,Engineer,577534.58,694,3,High,Active
2999,Tracie Clarke,68,Male,Hyderabad,Doctor,1236107.76,652,6,Low,Inactive
3000,Jesus Schaefer,27,Male,Chennai,Teacher,2126601.32,481,2,Medium,Inactive
3001,Alan Johnson,18,Female,Bangalore,Engineer,2985281.16,682,13,Medium,Inactive
3002,Krista Conrad,70,Female,Ahmedabad,Business,1448927.75,600,8,Low,Inactive
3003,April Rodriguez DVM,47,Female,Bangalore,Analyst,2333702.43,569,12,Low,Active
3004,Andrew Paul,46,Male,Delhi,Manager,542510.84,583,1,Low,Active
3005,Debra Mendoza,43,Female,Ahmedabad,Manager,1476065.65,372,2,High,Active
3006,David Lawson,50,Male,Hyderabad,Teacher,301996.75,329,10,Medium,Active
3007,Lisa Simmons,53,Female,Mumbai,Analyst,437246.59,487,1,Low,Inactive
3008,David Deleon,59,Female,Mumbai,Manager,1571406.76,309,4,Low,Active
3009,Carlos Sanchez,42,Male,Mumbai,Analyst,2766558.6,349,3,Medium,Inactive
3010,Maria Snow,45,Male,Delhi,Business,1167734.64,736,6,High,Inactive
3011,Nicholas Wells,36,Female,Delhi,Doctor,2008069.04,754,14,Low,Active
3012,John Martin,46,Male,Bangalore,Business,1735583.07,310,12,High,Inactive
3013,Anthony Nguyen,53,Male,Pune,Analyst,855751.07,406,8,High,Active
3014,Sarah Lee,46,Female,Pune,Engineer,1345213.21,828,12,High,Inactive
3015,Steven Perez Jr.,65,Female,Kolkata,Business,2933849.74,525,7,Medium,Active
3016,Michael Martin,24,Female,Chennai,Teacher,2004557.45,486,8,High,Inactive
3017,Alexis Cervantes,45,Male,Ahmedabad,Teacher,510287.33,311,4,High,Inactive
3018,Matthew Fisher DDS,40,Female,Delhi,Doctor,1006453.73,652,10,Medium,Inactive
3019,Holly Fowler,39,Male,Ahmedabad,Doctor,2578628.03,742,5,High,Active
3020,Rita Foster,19,Female,Delhi,Business,1034913.41,544,15,Low,Inactive
3021,Kimberly Brooks,37,Male,Mumbai,Business,814627.9,689,2,Medium,Active
3022,Justin Hughes,39,Male,Hyderabad,Manager,351454.26,734,14,Medium,Inactive
3023,Michael Nelson,45,Male,Kolkata,Analyst,2160386.22,792,8,Low,Active
3024,Sheila Lindsey,24,Male,Bangalore,Manager,2283014.9,809,14,Medium,Inactive
3025,Julia Vega,69,Female,Mumbai,Manager,2241807.03,642,12,High,Active
3026,Lauren Singleton,43,Male,Ahmedabad,Business,2079511.3,579,13,Medium,Inactive
3027,Kenneth Kemp,65,Male,Kolkata,Teacher,2949442.11,688,9,Low,Active
3028,Kelly Woods,22,Female,Bangalore,Teacher,1973933.66,318,11,Low,Inactive
3029,Ruth Brown,69,Female,Ahmedabad,Teacher,503674.17,763,10,Low,Inactive
3030,Christopher Adkins,33,Female,Hyderabad,Business,549916.4,444,5,High,Inactive
3031,Margaret Marsh,20,Female,Mumbai,Business,1108839.07,323,14,Medium,Active
3032,Wayne Hall,66,Female,Bangalore,Business,647485.05,836,9,High,Inactive
3033,Dustin Mitchell,52,Female,Ahmedabad,Analyst,562814.44,489,10,Low,Inactive
3034,Kaitlin Powell,30,Female,Pune,Doctor,1444138.67,572,8,High,Inactive
3035,Danielle Nunez,36,Female,Delhi,Manager,1483594.97,382,1,High,Active
3036,Travis White,59,Male,Hyderabad,Teacher,1419192.81,746,7,High,Inactive
3037,David Frazier,67,Female,Bangalore,Teacher,1780062.15,541,15,Medium,Active
3038,Charles Lopez,39,Female,Kolkata,Analyst,935842.35,446,14,Low,Inactive
3039,Stephanie Kelly,35,Female,Pune,Engineer,2724902.93,848,4,High,Active
3040,Blake Richardson,45,Female,Kolkata,Teacher,1953747.48,490,11,High,Active
3041,Taylor Smith,27,Male,Chennai,Doctor,820427.67,708,10,Low,Inactive
3042,Gabriel Williams,25,Female,Kolkata,Teacher,2646166.53,491,12,Low,Active
3043,Richard West,49,Male,Mumbai,Doctor,2459876.08,351,10,Medium,Active
3044,Kristine Price,57,Female,Kolkata,Manager,1437440.62,788,8,Medium,Active
3045,Michelle Moss,45,Female,Ahmedabad,Manager,1046890.67,304,6,High,Active
3046,Cheryl Santos,49,Male,Kolkata,Engineer,1873971.0,331,14,Low,Active
3047,Debra Richardson,51,Female,Pune,Manager,1753371.47,419,8,Low,Inactive
3048,Linda Leblanc,51,Male,Pune,Analyst,2661470.26,766,4,High,Active
3049,Steven Calderon,19,Female,Mumbai,Manager,2921012.49,672,11,Low,Inactive
3050,Jennifer Wright,59,Female,Kolkata,Teacher,1007215.12,622,9,Medium,Active
3051,George Bryant,60,Male,Bangalore,Business,2067309.52,312,12,High,Inactive
3052,Christina Fleming,66,Female,Kolkata,Doctor,1046644.6,416,10,Medium,Active
3053,Justin Reid,41,Female,Ahmedabad,Analyst,1444345.42,339,10,Low,Inactive
3054,Roger Brooks,18,Female,Delhi,Doctor,827872.16,813,12,High,Inactive
3055,Elizabeth Greene,36,Female,Mumbai,Teacher,2105273.48,380,12,Medium,Inactive
3056,Amber Estrada,26,Male,Delhi,Engineer,504600.35,652,13,High,Active
3057,Mary Burns,28,Male,Kolkata,Doctor,974995.91,679,7,High,Active
3058,Jeffrey Lopez,18,Female,Mumbai,Analyst,958709.25,816,7,High,Active
3059,Shane Kelley,56,Female,Delhi,Business,2181602.95,451,5,Low,Active
3060,Nicole Mills,24,Female,Chennai,Teacher,1467339.86,618,1,High,Active
3061,Donna Barnes,23,Female,Ahmedabad,Teacher,2371352.43,516,5,Low,Active
3062,Amanda Powell,37,Male,Pune,Business,381372.42,819,15,Low,Inactive
3063,Nancy Harmon,19,Female,Mumbai,Doctor,2728313.58,520,15,Low,Inactive
3064,Christopher Bauer,26,Male,Chennai,Manager,2338223.03,831,9,Low,Inactive
3065,Bryan Garcia,25,Female,Pune,Teacher,2785844.04,417,13,Medium,Active
3066,Jessica Clarke,30,Female,Delhi,Business,2725537.55,582,3,High,Inactive
3067,Joanne Bowers,32,Male,Bangalore,Teacher,545299.55,632,10,Low,Active
3068,Paige Chavez,69,Male,Bangalore,Manager,1843046.18,353,10,Medium,Active
3069,Jennifer Vargas,19,Male,Bangalore,Engineer,576610.46,381,5,Low,Inactive
3070,David Johnson,46,Male,Bangalore,Manager,1797530.75,812,3,High,Inactive
3071,Adam Mata,20,Male,Kolkata,Manager,1728345.22,825,3,Medium,Active
3072,Michelle Barrett,52,Male,Delhi,Analyst,780012.38,322,1,High,Inactive
3073,Jeremy Ross,32,Male,Hyderabad,Analyst,837363.23,847,3,High,Active
3074,Keith Anderson,27,Male,Bangalore,Manager,2523205.16,752,2,Medium,Active
3075,Dawn Ford,58,Female,Chennai,Business,978998.74,671,13,Medium,Inactive
3076,Amanda Rogers,39,Female,Chennai,Engineer,477498.03,459,3,High,Inactive
3077,Linda Knight,40,Male,Mumbai,Teacher,2222639.94,705,15,Medium,Active
3078,Deanna Conner,40,Male,Chennai,Doctor,400734.45,522,3,Medium,Active
3079,Jason Howard,47,Male,Chennai,Business,692981.82,545,7,Low,Active
3080,Julia Evans,68,Female,Pune,Doctor,2682979.7,517,12,Medium,Inactive
3081,Robert Nelson,52,Female,Chennai,Analyst,2061120.86,611,4,Low,Active
3082,Deborah Nolan,50,Female,Chennai,Business,1586345.24,690,13,High,Active
3083,Deanna Mitchell,18,Male,Mumbai,Engineer,1039866.67,771,2,Medium,Active
3084,Mrs. Jillian Rodriguez MD,55,Female,Ahmedabad,Doctor,1949588.35,332,12,Low,Inactive
3085,Michelle Bowers,56,Male,Ahmedabad,Doctor,430939.86,523,1,High,Active
3086,Courtney Gould,36,Female,Chennai,Analyst,2264174.47,420,8,Low,Inactive
3087,Erica Hart,33,Male,Kolkata,Analyst,1136957.81,641,12,Low,Active
3088,Vickie Hartman,63,Male,Delhi,Doctor,350093.81,850,13,Medium,Active
3089,Jon Warren,56,Female,Kolkata,Teacher,1603086.86,744,1,Medium,Active
3090,Jennifer Wang,62,Male,Kolkata,Doctor,319156.06,700,13,Low,Inactive
3091,Randy Martinez,35,Female,Chennai,Engineer,1515879.89,479,2,High,Inactive
3092,Nathaniel Ashley,39,Female,Chennai,Business,1553784.37,485,3,Medium,Active
3093,Carolyn Bailey DDS,51,Male,Hyderabad,Doctor,2795651.94,603,8,High,Active
3094,Thomas Cain,58,Male,Mumbai,Engineer,2195840.94,550,12,Medium,Active
3095,James Gill,31,Male,Ahmedabad,Engineer,1648758.94,395,6,Low,Active
3096,Brian Lopez,34,Male,Pune,Analyst,527958.22,739,11,High,Active
3097,Jeffrey Moore,49,Male,Pune,Analyst,2286398.9,508,12,Low,Active
3098,Brittany Coffey,66,Male,Delhi,Doctor,2352505.66,818,14,Low,Active
3099,Cynthia Bond,21,Female,Kolkata,Analyst,859142.3,612,2,High,Active
3100,Jeffrey Stephens,25,Female,Delhi,Doctor,2351838.14,739,5,Low,Inactive
3101,Tracy Simpson,60,Male,Pune,Analyst,281370.02,592,4,High,Active
3102,Yolanda Johnson MD,65,Female,Kolkata,Teacher,2664769.43,332,14,High,Inactive
3103,Michael Little,60,Female,Delhi,Engineer,825753.63,465,5,High,Inactive
3104,Becky Gay,53,Male,Hyderabad,Business,1105649.39,832,15,Low,Active
3105,Ellen Rose,21,Male,Bangalore,Teacher,1747895.16,527,2,High,Active
3106,Phyllis Bailey,68,Female,Delhi,Business,1752217.08,519,15,High,Active
3107,Ian Hall,20,Male,Delhi,Manager,1418528.52,836,1,Low,Active
3108,Ana Hansen,18,Female,Mumbai,Business,583310.56,439,10,Low,Inactive
3109,Gregory Daniels,66,Female,Chennai,Business,314590.92,678,3,Low,Active
3110,Joseph Douglas,18,Female,Mumbai,Manager,2026836.22,318,15,Medium,Inactive
3111,Martha Walker,19,Male,Hyderabad,Business,1927858.56,709,11,Medium,Inactive
3112,Jesse Hanson,51,Male,Pune,Teacher,824257.12,785,11,High,Inactive
3113,Anthony Anderson,66,Male,Ahmedabad,Analyst,527951.21,849,2,Low,Inactive
3114,Kelly Callahan,44,Female,Hyderabad,Analyst,310997.09,580,9,Medium,Active
3115,Daniel Baldwin,38,Female,Chennai,Business,1423222.85,448,14,Medium,Inactive
3116,Samantha Irwin,54,Male,Hyderabad,Teacher,1919202.79,485,15,Low,Inactive
3117,Zoe Martinez,68,Male,Pune,Analyst,2981740.14,315,3,Low,Inactive
3118,Todd Wright,55,Male,Kolkata,Business,2065255.96,378,13,High,Inactive
3119,Michelle Howard,25,Male,Kolkata,Analyst,1214345.47,443,11,Low,Active
3120,Andrew Paul,31,Male,Pune,Doctor,1525431.93,457,1,Medium,Inactive
3121,Steven Black,21,Male,Hyderabad,Analyst,2781242.54,522,6,Low,Active
3122,Pamela Oconnor,34,Male,Ahmedabad,Engineer,2849521.33,773,13,High,Active
3123,James Ellis,51,Male,Kolkata,Business,1849460.78,840,2,Low,Inactive
3124,Isaac Tucker,23,Male,Bangalore,Business,325910.46,411,3,Medium,Inactive
3125,Michael Mendoza,67,Female,Bangalore,Business,983310.18,328,14,Low,Inactive
3126,Patrick Camacho,62,Male,Delhi,Business,1375281.79,312,11,Low,Active
3127,Jill Garrett,59,Male,Mumbai,Business,463442.19,638,10,Medium,Inactive
3128,Vincent Sanchez,22,Female,Kolkata,Business,1674248.94,593,4,Medium,Inactive
3129,Lisa Gibson,33,Female,Delhi,Business,2818948.94,575,5,Low,Inactive
3130,Sharon Baker,31,Male,Delhi,Business,1450049.51,492,3,Medium,Inactive
3131,Corey Reed,32,Male,Hyderabad,Teacher,1448797.78,301,3,High,Active
3132,James Lopez,43,Female,Hyderabad,Doctor,479855.67,767,2,Medium,Active
3133,Jamie Scott,33,Male,Hyderabad,Doctor,883692.92,809,5,Low,Active
3134,Joseph Gutierrez,65,Female,Chennai,Business,1998213.71,366,7,High,Inactive
3135,Crystal Gay,29,Male,Mumbai,Business,623530.63,848,14,Low,Inactive
3136,Ronald Elliott,28,Male,Bangalore,Analyst,2710292.78,804,1,Low,Active
3137,Emily Cunningham,33,Male,Ahmedabad,Engineer,1065869.92,602,10,High,Active
3138,Troy English,37,Female,Hyderabad,Business,2263278.53,380,8,Low,Active
3139,Eric Davis,49,Female,Delhi,Teacher,1763187.42,643,8,Low,Inactive
3140,Steven Adams,68,Male,Hyderabad,Teacher,380434.71,808,7,High,Inactive
3141,Sarah Morgan,59,Female,Pune,Business,1015184.66,736,12,High,Inactive
3142,Angela Perry,48,Female,Ahmedabad,Analyst,930211.45,357,11,Medium,Inactive
3143,Deborah Robinson,51,Male,Ahmedabad,Business,2785202.67,772,13,High,Inactive
3144,Christopher Walsh,49,Male,Ahmedabad,Doctor,2120068.22,693,11,High,Active
3145,Alexis Stewart,57,Female,Ahmedabad,Analyst,2691302.88,538,7,Low,Inactive
3146,Charles Smith,68,Female,Hyderabad,Doctor,2378503.68,360,12,Low,Inactive
3147,Brittany Reed MD,48,Female,Ahmedabad,Business,1254284.98,835,5,Medium,Inactive
3148,Ian Ramirez,23,Male,Delhi,Manager,956097.41,528,6,High,Active
3149,Melanie Barker,57,Male,Ahmedabad,Engineer,2405957.96,473,3,High,Active
3150,Jessica Edwards,38,Male,Mumbai,Engineer,1857167.59,795,11,High,Inactive
3151,Timothy Hubbard,26,Female,Ahmedabad,Doctor,2524149.38,569,14,Low,Active
3152,Mallory Lopez,36,Male,Delhi,Doctor,1369490.4,810,7,Low,Inactive
3153,Philip Nelson,30,Male,Hyderabad,Engineer,1169143.25,481,8,Low,Active
3154,Tyler Black Jr.,18,Female,Delhi,Manager,1752098.39,381,7,Medium,Inactive
3155,Brian Lozano,26,Male,Chennai,Engineer,2553831.28,707,11,Low,Active
3156,Melissa Jackson,27,Male,Kolkata,Doctor,1773093.5,460,3,High,Inactive
3157,Hayley Gonzalez,48,Female,Hyderabad,Doctor,1136606.54,583,5,Low,Inactive
3158,Kristy Morris,67,Male,Hyderabad,Manager,1057220.55,405,4,High,Inactive
3159,Michelle Bush,58,Female,Delhi,Doctor,1714958.33,742,15,Medium,Inactive
3160,Christina Macdonald,64,Male,Hyderabad,Teacher,2435617.39,414,4,High,Inactive
3161,Anthony Stephenson,63,Male,Chennai,Doctor,668061.16,405,1,High,Inactive
3162,Dennis Ray,59,Male,Hyderabad,Manager,1891843.99,460,14,High,Active
3163,Lisa Williams,69,Female,Kolkata,Analyst,1597900.91,629,13,Medium,Inactive
3164,Eric Russell PhD,63,Female,Delhi,Analyst,600013.19,373,11,High,Inactive
3165,Shawn White,56,Male,Pune,Analyst,795293.63,387,6,High,Inactive
3166,Jennifer Mcfarland,46,Male,Mumbai,Analyst,1911691.39,592,12,Low,Active
3167,Nathan Jackson DDS,51,Female,Kolkata,Engineer,2263873.64,618,9,Medium,Inactive
3168,Michael Allen,39,Male,Hyderabad,Doctor,1009977.5,356,7,Medium,Inactive
3169,Joseph Matthews,41,Male,Chennai,Manager,2761378.54,559,6,Low,Active
3170,Jerry Garcia,24,Male,Ahmedabad,Engineer,1131435.97,742,12,Low,Active
3171,Monique Jones,59,Female,Ahmedabad,Manager,985072.43,798,12,Medium,Active
3172,Tabitha Petty,62,Female,Pune,Teacher,1619621.39,496,15,High,Active
3173,Bruce Oliver,48,Male,Chennai,Business,1142304.18,847,4,High,Inactive
3174,Wanda Fisher,22,Female,Mumbai,Teacher,2251279.62,611,15,Low,Inactive
3175,Sara Wilkerson,53,Male,Pune,Teacher,1362869.82,434,13,Low,Inactive
3176,Tracy Lara,26,Male,Delhi,Engineer,2769577.56,505,14,Low,Inactive
3177,William Dunn,35,Male,Mumbai,Business,1890031.32,597,12,Medium,Inactive
3178,Robert Shea,27,Female,Ahmedabad,Analyst,1726669.72,568,11,High,Inactive
3179,Michelle Miller,66,Male,Hyderabad,Analyst,982168.78,570,11,Low,Inactive
3180,Randy Bass,22,Male,Ahmedabad,Manager,364841.33,451,11,Low,Inactive
3181,Hannah Garcia,25,Male,Ahmedabad,Doctor,2693602.75,812,1,High,Active
3182,Lisa Baker,36,Female,Chennai,Teacher,2977980.35,646,15,Medium,Active
3183,Keith Johns,41,Female,Pune,Engineer,1371496.29,356,10,Medium,Inactive
3184,Donald Morgan,50,Female,Ahmedabad,Doctor,754066.2,630,5,Medium,Active
3185,Terry Reed,25,Male,Hyderabad,Analyst,2176636.54,537,5,High,Active
3186,Lauren Garcia,36,Female,Delhi,Doctor,727754.42,687,12,Low,Inactive
3187,Melinda Pineda,53,Female,Pune,Manager,1368745.69,849,11,High,Inactive
3188,James Gill,52,Female,Mumbai,Manager,1586864.88,374,4,High,Inactive
3189,Douglas Jacobs,19,Male,Hyderabad,Manager,940487.05,420,5,Low,Active
3190,Michelle Baldwin,58,Male,Delhi,Manager,2433555.05,305,11,Low,Active
3191,Jennifer Richards,23,Female,Bangalore,Teacher,1772668.49,432,8,High,Active
3192,Kristine Allen,30,Male,Ahmedabad,Teacher,2085095.61,762,10,High,Inactive
3193,William Bruce,54,Male,Delhi,Analyst,1028531.34,363,14,Medium,Active
3194,Charles Clark,56,Female,Kolkata,Analyst,2000498.16,567,2,Medium,Active
3195,Dawn Harvey,67,Male,Hyderabad,Doctor,2547498.65,687,11,Low,Active
3196,Alvin Vazquez,50,Female,Kolkata,Manager,2187645.22,720,7,Low,Active
3197,Justin Roberts,55,Male,Hyderabad,Manager,423961.5,706,9,Medium,Active
3198,Nicholas Colon,27,Male,Kolkata,Engineer,322480.65,652,8,Low,Inactive
3199,Tyler Burns,27,Female,Ahmedabad,Business,2640600.42,677,10,Low,Inactive
3200,Jacob Harmon,52,Male,Delhi,Teacher,2733976.79,320,15,Medium,Inactive
3201,Brett Williams,20,Female,Ahmedabad,Business,581523.4,823,9,Low,Active
3202,Robert Barnett,28,Female,Chennai,Engineer,2794265.36,715,11,Low,Active
3203,Amanda Garza,38,Male,Hyderabad,Business,1507513.37,756,1,High,Active
3204,Karen Holt,44,Male,Bangalore,Manager,2086481.28,473,15,High,Inactive
3205,Brittney Watson,69,Male,Delhi,Business,1427474.47,805,9,Low,Inactive
3206,Cassandra Chavez,27,Female,Chennai,Teacher,1005436.86,785,6,Medium,Inactive
3207,Mark Swanson,35,Female,Chennai,Manager,1793218.14,337,9,High,Active
3208,Leonard Harris MD,53,Female,Mumbai,Manager,1141516.02,405,8,High,Active
3209,Colleen Daniel,59,Male,Kolkata,Analyst,2375148.74,466,3,High,Inactive
3210,Beth Rodriguez,20,Female,Kolkata,Doctor,1489373.03,417,5,Medium,Inactive
3211,Ellen Colon,47,Male,Bangalore,Teacher,2308019.86,534,1,High,Active
3212,Travis Silva,45,Female,Kolkata,Analyst,2451367.5,632,1,High,Inactive
3213,Angela Rodriguez,61,Male,Mumbai,Business,2787821.76,328,4,High,Active
3214,Christopher Sanders,32,Female,Mumbai,Teacher,2156782.5,327,3,High,Inactive
3215,Madison Hayden,61,Male,Pune,Manager,2607722.67,514,13,Low,Active
3216,Daniel Johnson,18,Male,Ahmedabad,Doctor,2463676.92,739,6,Low,Active
3217,Amanda Ingram,45,Male,Bangalore,Engineer,375364.31,478,10,High,Active
3218,Anthony Burton,30,Female,Pune,Doctor,2115724.9,775,7,High,Inactive
3219,Christopher Miller,63,Male,Bangalore,Business,1143024.54,772,1,Medium,Inactive
3220,Jesus Robbins,20,Male,Chennai,Analyst,2945695.14,499,7,High,Inactive
3221,Ricardo Smith,26,Male,Bangalore,Analyst,2681574.01,703,11,High,Inactive
3222,Sandra Lee,38,Female,Chennai,Manager,2402546.07,546,5,Medium,Active
3223,Samantha Murphy,35,Male,Chennai,Engineer,1779349.08,710,8,High,Active
3224,Tracy Garcia,31,Male,Chennai,Doctor,698977.35,757,9,Medium,Active
3225,Amy King,55,Female,Bangalore,Teacher,257491.71,411,4,Low,Active
3226,Carol Robertson,65,Male,Bangalore,Manager,2213362.75,332,14,Medium,Inactive
3227,Robert Gibson,59,Female,Bangalore,Teacher,2064913.08,455,4,Low,Active
3228,Kathy Russo DVM,61,Female,Hyderabad,Engineer,2116007.19,315,8,Low,Inactive
3229,Zachary Howard,24,Male,Bangalore,Manager,2199349.72,416,13,High,Inactive
3230,Craig Sweeney,69,Female,Hyderabad,Engineer,707557.0,373,7,Low,Inactive
3231,Joseph Thompson,23,Female,Pune,Analyst,2798429.3,503,6,Low,Inactive
3232,Michael Shields,43,Male,Mumbai,Engineer,2496109.3,466,12,Medium,Inactive
3233,Larry Bush,68,Female,Ahmedabad,Manager,2832883.7,413,14,High,Active
3234,Eric Davis,22,Female,Pune,Doctor,1241251.97,442,3,Medium,Active
3235,Nicholas Jones,37,Female,Delhi,Teacher,1503776.49,776,6,Medium,Inactive
3236,Isaac Freeman,29,Female,Bangalore,Business,1586051.93,511,4,High,Inactive
3237,Michelle Prince,34,Female,Chennai,Manager,965834.43,625,12,Medium,Inactive
3238,Nancy Aguilar,18,Female,Hyderabad,Business,1170226.01,646,14,Low,Inactive
3239,Victoria Cobb,30,Male,Pune,Doctor,1756877.37,804,14,Medium,Active
3240,Nancy Graves,61,Female,Kolkata,Analyst,2142388.99,812,15,Medium,Active
3241,Joshua Brooks,52,Male,Hyderabad,Manager,2554217.8,821,13,Low,Inactive
3242,Jessica Wolfe,64,Female,Delhi,Analyst,741293.93,313,2,Low,Inactive
3243,Steven Stewart,56,Female,Pune,Manager,2771536.52,818,15,Medium,Inactive
3244,Amy Miller,35,Female,Hyderabad,Analyst,447632.17,443,14,Medium,Active
3245,Logan Wu,67,Male,Hyderabad,Manager,2573283.47,835,3,Low,Active
3246,Luke Potter,67,Male,Ahmedabad,Doctor,2307175.75,457,15,Low,Inactive
3247,Joshua Gutierrez,35,Female,Chennai,Analyst,1691862.8,746,3,High,Inactive
3248,Gabriel Hughes,24,Male,Delhi,Manager,2433895.64,846,6,Low,Inactive
3249,Krystal Durham,25,Male,Hyderabad,Teacher,1129186.43,643,12,Medium,Active
3250,Victor Hayes,66,Female,Pune,Manager,1308907.36,383,9,Medium,Active
3251,Brian Hutchinson,27,Female,Kolkata,Business,1023811.63,515,13,Medium,Active
3252,Alexandra Webb,20,Female,Delhi,Business,2449395.82,652,14,High,Active
3253,Ricardo Smith,46,Male,Hyderabad,Engineer,699000.19,317,12,High,Inactive
3254,Kara Hammond,39,Female,Pune,Engineer,635561.92,573,3,Low,Inactive
3255,William Maldonado,38,Female,Kolkata,Business,2029513.52,699,6,Medium,Inactive
3256,Corey Luna,46,Male,Kolkata,Analyst,397628.25,737,9,Medium,Active
3257,Blake Jackson,66,Female,Ahmedabad,Manager,2059973.38,348,6,Low,Inactive
3258,Kimberly Smith,22,Female,Delhi,Doctor,2232866.78,506,11,Medium,Active
3259,Brittney Beard,33,Male,Mumbai,Engineer,465335.5,359,11,Medium,Active
3260,Jamie Glass,63,Female,Pune,Analyst,2281961.81,629,2,High,Active
3261,Jake Strong,18,Male,Pune,Teacher,1675723.19,429,7,Medium,Active
3262,Michelle Flores,56,Male,Chennai,Engineer,1756299.2,745,10,High,Inactive
3263,Karen Sampson,64,Female,Ahmedabad,Business,695424.0,370,8,Low,Active
3264,Jennifer Mcdonald,66,Male,Ahmedabad,Business,1891742.94,697,14,High,Inactive
3265,Russell Rivas PhD,42,Male,Delhi,Engineer,2589714.24,340,7,High,Inactive
3266,Mike Burns,32,Male,Bangalore,Engineer,456899.59,737,13,High,Active
3267,David Fox,27,Female,Chennai,Engineer,1102633.46,747,13,Low,Active
3268,Matthew Patterson,67,Male,Bangalore,Doctor,2732996.54,460,5,High,Inactive
3269,Thomas Foley,43,Female,Hyderabad,Manager,2529360.82,576,5,High,Inactive
3270,Sharon Solis,69,Male,Ahmedabad,Doctor,975852.29,715,11,Low,Inactive
3271,William Patterson,62,Male,Chennai,Manager,1493294.1,318,6,Low,Active
3272,Jennifer Mcguire,27,Female,Hyderabad,Doctor,1911917.58,823,14,High,Inactive
3273,Sandra Huynh MD,36,Male,Pune,Business,1476788.15,811,15,High,Active
3274,Austin Carpenter,25,Male,Kolkata,Doctor,1472752.61,722,13,Low,Active
3275,Heather Raymond,66,Male,Delhi,Doctor,2856419.54,781,5,High,Active
3276,William Pacheco,57,Male,Chennai,Analyst,371609.95,436,8,Medium,Active
3277,Walter Scott,50,Male,Delhi,Manager,2223598.3,524,8,Medium,Active
3278,Jacob Hudson,65,Male,Bangalore,Manager,2295973.74,501,1,Low,Active
3279,Michael Scott,43,Female,Pune,Doctor,2994918.91,509,12,High,Active
3280,Anthony Dominguez,27,Male,Chennai,Doctor,1988793.95,741,14,High,Inactive
3281,Joshua Levine,39,Male,Mumbai,Business,1407414.48,669,2,High,Inactive
3282,Misty Gill,56,Male,Ahmedabad,Analyst,2764249.01,360,15,Low,Active
3283,Pamela Day,38,Female,Bangalore,Doctor,2220634.44,576,13,Low,Inactive
3284,Jeffrey Hill,62,Male,Delhi,Engineer,1004203.0,321,6,Low,Inactive
3285,Isaiah Hill,28,Female,Bangalore,Business,1089515.46,831,7,Medium,Inactive
3286,Ashley Hall,52,Female,Kolkata,Doctor,1848684.95,567,11,High,Inactive
3287,Jason Montgomery,22,Male,Hyderabad,Teacher,2391308.15,847,8,High,Active
3288,Andrew Huang PhD,39,Male,Chennai,Doctor,1654965.69,542,2,Low,Inactive
3289,Leonard White,64,Female,Pune,Business,1352010.23,796,3,Low,Active
3290,Paula Morris,53,Male,Mumbai,Engineer,1761941.44,425,11,High,Active
3291,Vincent Duke,47,Male,Chennai,Business,1525224.86,695,15,Low,Inactive
3292,Matthew Oneal,67,Female,Ahmedabad,Teacher,2776540.74,785,6,Low,Inactive
3293,Sean Benson,37,Male,Ahmedabad,Doctor,2540507.0,635,13,Medium,Inactive
3294,Ethan Nolan,34,Female,Mumbai,Business,2001543.2,371,11,Medium,Inactive
3295,Tracy Phillips,46,Male,Chennai,Business,984861.14,729,14,Medium,Inactive
3296,Derrick Martinez,43,Female,Kolkata,Business,252455.87,839,13,High,Inactive
3297,Allison Johnson,69,Female,Pune,Engineer,1315866.03,438,10,Medium,Inactive
3298,Mariah Warren,63,Female,Pune,Engineer,1792873.69,798,14,Medium,Inactive
3299,Brenda Brooks,65,Male,Hyderabad,Doctor,521787.4,710,9,Medium,Inactive
3300,Rebecca Smith,20,Male,Delhi,Business,2359254.66,305,8,High,Active
3301,Antonio Thomas,19,Male,Kolkata,Teacher,429611.21,490,2,Low,Active
3302,Rachel Massey,38,Female,Hyderabad,Manager,346260.97,707,12,High,Inactive
3303,Samantha Petersen,49,Female,Bangalore,Doctor,1924181.68,725,7,Low,Inactive
3304,Brittany Diaz,42,Male,Ahmedabad,Teacher,2742451.31,346,5,High,Active
3305,Kendra Kirk,26,Female,Bangalore,Engineer,2627750.28,558,15,Medium,Inactive
3306,Brian Nguyen,36,Male,Ahmedabad,Analyst,2169228.21,627,2,Medium,Inactive
3307,Kyle Bailey,62,Female,Delhi,Analyst,1159418.49,824,4,High,Active
3308,Alfred Johnson,45,Male,Hyderabad,Manager,1269502.92,327,9,Low,Inactive
3309,Laura Pollard,46,Male,Bangalore,Analyst,2383062.45,694,9,Medium,Inactive
3310,Christina Jackson,53,Female,Mumbai,Analyst,2854549.8,560,1,Low,Active
3311,William Cunningham,25,Male,Delhi,Manager,841147.86,667,15,High,Active
3312,Mark Lopez,20,Male,Delhi,Teacher,521534.15,727,9,Medium,Inactive
3313,Jessica Thomas,22,Female,Pune,Teacher,1132930.15,694,10,Medium,Active
3314,Michael Johnson,56,Female,Pune,Teacher,1972251.11,330,11,Medium,Inactive
3315,Robert Garcia,57,Male,Hyderabad,Teacher,697170.22,424,1,Medium,Active
3316,Rebecca Parker,32,Female,Delhi,Manager,1902858.99,772,2,Low,Inactive
3317,Andrea West,32,Male,Mumbai,Business,374467.93,568,14,Low,Inactive
3318,David Sanders,24,Male,Hyderabad,Engineer,2704322.47,485,6,Low,Active
3319,Amanda Stein,39,Male,Bangalore,Manager,1457405.85,723,6,High,Active
3320,Chris Bradshaw,49,Male,Ahmedabad,Business,778081.14,541,15,Low,Inactive
3321,Michelle Byrd,30,Female,Hyderabad,Manager,261659.02,723,1,Medium,Inactive
3322,Justin Myers,21,Female,Delhi,Manager,1235093.51,735,15,Medium,Active
3323,Brandon Garcia,40,Female,Bangalore,Manager,1242651.93,351,13,Medium,Active
3324,Raymond Davis,46,Male,Bangalore,Teacher,889390.35,625,5,Low,Active
3325,Glenn Davis,56,Female,Bangalore,Teacher,529252.86,759,4,Medium,Inactive
3326,Rachel Harrison,64,Male,Ahmedabad,Analyst,1563791.67,755,11,Medium,Active
3327,Richard Jackson,50,Female,Ahmedabad,Business,2623630.9,492,4,High,Inactive
3328,Joseph Romero Jr.,51,Male,Pune,Manager,2635381.21,709,9,High,Inactive
3329,Heather Williams,67,Male,Hyderabad,Business,1585727.49,490,14,Low,Inactive
3330,Nicolas Downs,40,Male,Chennai,Engineer,1677383.77,835,12,Medium,Active
3331,Denise Wallace,26,Female,Chennai,Teacher,1800168.06,808,7,High,Active
3332,Leah Ramirez,24,Male,Mumbai,Business,2695094.87,473,5,Medium,Active
3333,Michael Smith,66,Male,Hyderabad,Manager,2328578.9,790,14,Low,Active
3334,Kevin Lozano,43,Female,Bangalore,Business,403174.78,640,1,High,Active
3335,Melanie Gomez,61,Female,Bangalore,Business,860451.21,555,2,Low,Active
3336,Connie Moore,46,Female,Pune,Engineer,2799523.4,532,4,High,Inactive
3337,Kathleen West,48,Male,Ahmedabad,Doctor,2531861.47,472,12,Medium,Inactive
3338,Amanda Murillo,62,Male,Pune,Teacher,2221121.05,610,6,Medium,Active
3339,Theresa Adams,47,Male,Ahmedabad,Manager,1798722.46,660,13,Medium,Inactive
3340,Erika Romero,40,Male,Kolkata,Engineer,1644557.23,729,1,Medium,Active
3341,Colleen Clay,50,Female,Mumbai,Manager,528692.13,316,6,High,Active
3342,David Moore,53,Female,Delhi,Teacher,2224405.51,767,6,Low,Inactive
3343,Jackie Sweeney,58,Female,Chennai,Engineer,344459.29,779,12,Medium,Inactive
3344,Samantha Kim,29,Female,Chennai,Teacher,2098016.0,387,12,High,Inactive
3345,Emily Horton,40,Male,Chennai,Manager,306516.75,326,12,High,Inactive
3346,Peter Pittman,67,Male,Delhi,Analyst,1202114.95,807,2,Low,Inactive
3347,Stephanie Morris,33,Male,Bangalore,Analyst,361000.89,476,7,Low,Inactive
3348,Thomas Mills,64,Male,Mumbai,Analyst,2474821.49,542,5,Low,Inactive
3349,Audrey Hudson,38,Female,Kolkata,Engineer,945964.48,339,8,High,Inactive
3350,Shawn Sparks,43,Female,Hyderabad,Engineer,2630932.22,517,9,Low,Active
3351,Raymond Lopez,49,Male,Kolkata,Manager,1909558.37,360,1,High,Active
3352,Charles Ellison,34,Female,Mumbai,Doctor,367186.57,760,2,High,Inactive
3353,Lawrence Stokes,25,Female,Kolkata,Manager,945696.21,371,5,Low,Active
3354,Rebecca Shea,22,Male,Delhi,Engineer,2770989.97,815,2,Medium,Inactive
3355,Amy Foster DDS,61,Male,Bangalore,Doctor,567097.61,496,5,High,Inactive
3356,Thomas Thomas,62,Male,Bangalore,Manager,639872.34,737,5,High,Active
3357,Heather Palmer,29,Female,Delhi,Engineer,1220478.9,738,11,High,Active
3358,Victoria Lee,43,Female,Delhi,Analyst,2747720.74,588,2,Medium,Inactive
3359,Stacey Scott,28,Female,Bangalore,Doctor,1924949.1,374,15,Medium,Active
3360,Rick Rodriguez,61,Female,Ahmedabad,Doctor,1177470.05,427,8,Low,Inactive
3361,Michael Berry,56,Female,Chennai,Teacher,1602405.78,594,10,High,Inactive
3362,Leslie Lee,47,Female,Kolkata,Engineer,2023992.28,709,5,High,Inactive
3363,James Miller,30,Female,Ahmedabad,Doctor,2285474.92,312,9,High,Inactive
3364,Melissa Davies,43,Male,Hyderabad,Manager,1352740.48,701,8,Medium,Active
3365,Angela Howard,53,Female,Kolkata,Business,1148432.57,346,10,High,Active
3366,Stephanie Ellis,20,Female,Mumbai,Business,1784385.66,301,14,Medium,Inactive
3367,Tina Morrow,18,Female,Ahmedabad,Manager,811174.43,492,9,Medium,Active
3368,Trevor Robertson,26,Female,Pune,Analyst,2778380.28,840,6,Low,Active
3369,Michelle Conrad,24,Male,Mumbai,Manager,1738847.1,828,13,Low,Inactive
3370,Anthony Washington DDS,52,Female,Delhi,Teacher,2926214.8,341,9,Low,Inactive
3371,Joshua Beard,28,Male,Bangalore,Teacher,2533542.47,695,2,Medium,Inactive
3372,Stephen Hill,52,Female,Bangalore,Engineer,315827.52,777,15,Low,Active
3373,Sharon Cruz,67,Male,Delhi,Engineer,1320959.77,421,6,High,Inactive
3374,Timothy Crawford,42,Female,Mumbai,Manager,1945563.6,550,6,High,Active
3375,Erica Martinez,36,Male,Chennai,Business,2835309.14,581,4,Low,Inactive
3376,Shane Johnson,26,Male,Pune,Manager,729185.46,400,6,High,Inactive
3377,Christopher Wilson,20,Female,Ahmedabad,Doctor,1654938.39,316,10,Medium,Active
3378,Linda Hensley,55,Female,Pune,Teacher,2361306.49,300,10,Low,Active
3379,Emily Roberts,23,Female,Bangalore,Analyst,891948.35,753,13,High,Inactive
3380,Michelle May,36,Female,Bangalore,Business,2542146.12,493,5,High,Active
3381,Joseph Medina,23,Male,Bangalore,Engineer,2026829.86,630,12,High,Inactive
3382,Deborah Ponce,19,Female,Ahmedabad,Business,1099624.16,344,2,Medium,Active
3383,Elizabeth Andrews,21,Male,Bangalore,Business,2220512.71,718,14,Low,Active
3384,Jessica Chaney,63,Female,Ahmedabad,Doctor,928890.78,346,15,Medium,Inactive
3385,Colleen Sharp,22,Male,Chennai,Doctor,438971.68,508,11,Low,Active
3386,Richard Foster,49,Female,Hyderabad,Manager,2759494.01,734,4,Low,Active
3387,Connie Hebert,53,Male,Bangalore,Doctor,562700.56,459,9,Low,Active
3388,Shelly Pena,19,Female,Pune,Business,2486436.83,584,7,High,Active
3389,Justin May,60,Male,Chennai,Analyst,918284.73,728,13,Low,Inactive
3390,Jacob Perez,32,Male,Kolkata,Business,274640.88,367,1,High,Inactive
3391,Samantha Davidson,47,Male,Chennai,Doctor,1663574.14,472,9,Low,Inactive
3392,Debra Jackson,63,Female,Delhi,Business,378538.09,537,15,Low,Active
3393,Mark Huffman,32,Female,Bangalore,Teacher,2549617.76,368,4,High,Active
3394,Darren Smith,28,Male,Pune,Manager,555182.32,747,6,Low,Inactive
3395,Robert Brown,33,Female,Pune,Teacher,469872.75,573,5,Low,Inactive
3396,Richard Richardson,23,Male,Delhi,Teacher,2489024.38,825,10,Low,Inactive
3397,Pamela Huang,27,Male,Chennai,Teacher,1556251.26,311,6,High,Inactive
3398,Aaron Jenkins,38,Male,Delhi,Business,1750263.3,620,14,Low,Inactive
3399,Thomas Craig,42,Female,Ahmedabad,Engineer,1241339.84,737,6,Medium,Inactive
3400,Valerie Miller,47,Female,Hyderabad,Business,1533281.11,758,10,Medium,Active
3401,Scott Mitchell,46,Male,Pune,Manager,1555500.56,658,5,Low,Inactive
3402,Ashley Lopez,46,Male,Mumbai,Business,1738959.73,620,7,Medium,Active
3403,Ethan Hill,59,Male,Ahmedabad,Analyst,1777402.88,830,5,Low,Inactive
3404,Maria Mayo,31,Male,Delhi,Teacher,728956.11,410,11,High,Active
3405,Jacob Obrien,50,Male,Mumbai,Teacher,2401260.1,646,3,Medium,Active
3406,Timothy Montgomery,42,Female,Delhi,Teacher,2101843.68,699,1,High,Inactive
3407,Sharon Rodriguez,70,Female,Chennai,Teacher,2343892.13,823,9,Medium,Inactive
3408,Eileen Richardson,37,Female,Bangalore,Engineer,852461.08,534,7,Medium,Inactive
3409,Mrs. Jill Wagner MD,62,Female,Ahmedabad,Business,690501.3,507,9,High,Active
3410,Heidi Campbell,53,Female,Bangalore,Teacher,1040463.94,699,8,High,Active
3411,Michael Smith,22,Male,Delhi,Analyst,1540232.98,395,15,Low,Active
3412,Joseph Cox IV,19,Male,Pune,Business,1800182.98,503,4,High,Inactive
3413,Eugene Chen,61,Female,Ahmedabad,Manager,1791860.29,396,10,High,Inactive
3414,Nicholas Clark,47,Female,Kolkata,Analyst,2275307.43,329,12,Medium,Inactive
3415,Kelly Peterson,48,Male,Hyderabad,Engineer,2470180.48,354,8,High,Active
3416,Jessica Calderon,56,Female,Hyderabad,Business,620791.63,599,6,Low,Inactive
3417,Brittany Lee,26,Female,Delhi,Analyst,2825435.51,359,10,High,Inactive
3418,Joseph Herrera,47,Male,Mumbai,Doctor,2003985.3,302,6,Low,Active
3419,Derrick Harrison,29,Female,Hyderabad,Manager,2826274.02,548,6,Medium,Active
3420,Amanda Ford,70,Male,Bangalore,Doctor,824655.62,410,6,Low,Active
3421,Patricia Miller,41,Male,Kolkata,Manager,1615868.7,655,15,Low,Inactive
3422,William Martin,33,Female,Hyderabad,Doctor,1299182.78,317,13,Low,Inactive
3423,Maria Pratt,47,Female,Chennai,Doctor,2869625.64,553,6,Medium,Inactive
3424,Sean Carter,65,Male,Delhi,Analyst,568960.42,744,7,High,Active
3425,Dana Dominguez,68,Male,Kolkata,Teacher,2284964.24,704,8,Low,Inactive
3426,Jay Lee,53,Male,Pune,Engineer,1976653.79,624,6,Low,Active
3427,Trevor Smith,40,Female,Delhi,Business,1209472.04,710,1,High,Inactive
3428,Melinda Benson,23,Male,Chennai,Manager,2410706.56,419,3,Medium,Inactive
3429,Duane Shea,67,Female,Bangalore,Teacher,626448.95,725,4,Low,Inactive
3430,Kristin Rivera,60,Male,Kolkata,Business,871494.38,698,3,High,Inactive
3431,Steven Rivera,48,Female,Ahmedabad,Teacher,1145050.34,829,12,Low,Inactive
3432,Olivia Taylor,37,Male,Mumbai,Teacher,2112581.31,634,7,Medium,Active
3433,Sarah Boyd,46,Male,Kolkata,Doctor,713509.55,390,12,Low,Inactive
3434,Brianna Garcia,61,Male,Hyderabad,Manager,2024631.8,337,2,Medium,Inactive
3435,Dr. Yolanda Perry,57,Female,Pune,Analyst,2318399.13,694,13,High,Active
3436,Jason Stewart,70,Male,Bangalore,Doctor,997721.07,480,3,High,Inactive
3437,Amber Dixon,37,Female,Hyderabad,Teacher,1345193.14,410,15,Medium,Inactive
3438,George Jackson,29,Male,Pune,Teacher,2964039.78,504,11,Medium,Active
3439,Roberto Williamson,49,Male,Mumbai,Manager,2314029.7,392,6,Low,Inactive
3440,Tony Mooney,66,Female,Hyderabad,Analyst,441652.39,535,12,Medium,Inactive
3441,Jose Garcia,69,Male,Ahmedabad,Business,1405233.48,697,11,Low,Active
3442,William Jones,22,Male,Hyderabad,Engineer,377512.15,532,4,Low,Inactive
3443,Heather Morris,64,Male,Bangalore,Engineer,1602420.95,521,12,Medium,Inactive
3444,Amanda Contreras,59,Male,Chennai,Manager,1133858.1,661,7,Low,Active
3445,Aaron Humphrey,40,Female,Bangalore,Business,946889.1,849,8,High,Active
3446,Deborah Gibson,58,Female,Chennai,Doctor,2375614.86,332,7,High,Active
3447,Cindy Whitaker,52,Male,Pune,Manager,1290515.09,555,5,Medium,Inactive
3448,Emily Berry,32,Male,Bangalore,Teacher,470765.66,308,3,High,Active
3449,Michele Tran,24,Male,Ahmedabad,Engineer,2559666.24,486,15,Low,Inactive
3450,Michael Tucker,31,Female,Bangalore,Analyst,1415827.51,659,1,Low,Active
3451,Travis Knight,22,Male,Pune,Business,1937529.61,550,14,Medium,Active
3452,Matthew Jones,65,Female,Hyderabad,Analyst,2806495.21,483,10,High,Active
3453,Michael Hogan,64,Male,Chennai,Engineer,2163000.15,356,5,High,Inactive
3454,Phillip Morales,31,Male,Pune,Analyst,1160435.73,670,4,High,Active
3455,Eric Lee,25,Female,Delhi,Manager,2911433.42,340,8,Medium,Active
3456,Paul Cook,55,Female,Bangalore,Engineer,2731643.35,356,9,Medium,Inactive
3457,Kimberly Stewart,55,Female,Mumbai,Manager,2861389.38,785,3,Medium,Active
3458,Michelle Tanner,37,Female,Chennai,Business,514978.8,592,3,High,Inactive
3459,Justin Shepherd,47,Male,Chennai,Doctor,1767131.57,385,6,High,Inactive
3460,Amanda Jones,43,Female,Hyderabad,Engineer,2239783.16,580,10,Medium,Active
3461,Alexander Morrison,46,Male,Kolkata,Business,645323.04,669,9,Low,Active
3462,Dr. Bobby Carrillo,47,Male,Kolkata,Teacher,2007985.77,539,9,Medium,Inactive
3463,Scott Arnold,41,Male,Pune,Teacher,1001193.22,584,15,High,Active
3464,John Rojas,29,Female,Chennai,Engineer,1561577.22,730,6,High,Active
3465,Madison Mcpherson,57,Female,Delhi,Doctor,616278.26,480,7,Low,Active
3466,Mary Reyes,27,Male,Hyderabad,Engineer,1416985.68,517,8,Medium,Inactive
3467,Kendra Williams DDS,27,Male,Pune,Doctor,608679.97,832,3,Low,Active
3468,Alison Rios,27,Female,Chennai,Teacher,2151628.32,311,1,Low,Active
3469,Samuel Barnett,64,Male,Hyderabad,Engineer,1752657.8,623,6,High,Inactive
3470,Joseph Torres,29,Female,Mumbai,Engineer,438164.72,609,3,Medium,Inactive
3471,Debbie Powers,59,Female,Chennai,Analyst,2078253.39,672,7,High,Active
3472,Jessica Richardson,43,Male,Kolkata,Doctor,367342.74,540,6,Medium,Active
3473,Mark Carrillo,38,Female,Chennai,Analyst,308895.07,399,11,Low,Inactive
3474,Elizabeth Sanchez,67,Male,Pune,Manager,1471229.26,598,4,High,Active
3475,Kent Williams,37,Male,Bangalore,Teacher,534520.89,673,1,Low,Active
3476,Donald Allen,68,Female,Hyderabad,Business,724805.13,335,7,Medium,Active
3477,Samantha Casey,63,Female,Mumbai,Doctor,425431.8,811,11,Medium,Inactive
3478,Robert Olsen,63,Male,Bangalore,Doctor,379050.56,543,3,High,Inactive
3479,Mary Wright,45,Female,Delhi,Manager,727215.76,503,7,Low,Inactive
3480,Victoria Benton,55,Female,Mumbai,Analyst,1138516.48,576,9,High,Active
3481,Michelle Carr,28,Male,Chennai,Business,1332917.04,416,7,Low,Inactive
3482,James Gray,45,Male,Chennai,Doctor,1038767.4,595,8,Low,Active
3483,Troy Brown,28,Male,Bangalore,Engineer,622817.2,699,13,Low,Active
3484,Teresa Pace,29,Female,Mumbai,Analyst,696801.39,524,5,Low,Active
3485,Nicholas Robinson,30,Female,Pune,Doctor,2938042.08,449,13,Low,Inactive
3486,Ashley Lawson,45,Female,Hyderabad,Doctor,2180359.59,773,3,Medium,Inactive
3487,Heather Ray,51,Female,Hyderabad,Doctor,2307631.5,316,12,Low,Active
3488,Brittany Haas MD,60,Female,Pune,Business,2434077.16,802,3,Low,Inactive
3489,Angela Griffith,50,Female,Ahmedabad,Business,335828.24,365,14,High,Active
3490,Johnny Harris,25,Male,Hyderabad,Analyst,1500051.01,381,12,Medium,Active
3491,Justin Marsh,52,Male,Hyderabad,Teacher,619909.67,530,7,High,Inactive
3492,Christopher Hughes,30,Male,Hyderabad,Doctor,492407.21,498,13,Low,Active
3493,Kurt Norton,57,Female,Delhi,Manager,2023000.32,402,10,Low,Active
3494,Robert Trujillo,68,Female,Ahmedabad,Teacher,907653.71,567,7,Medium,Inactive
3495,William Hamilton,56,Male,Hyderabad,Business,727017.27,367,10,High,Inactive
3496,Matthew Shepherd,49,Male,Hyderabad,Engineer,2127630.81,401,11,Medium,Inactive
3497,Tiffany Wilson,56,Female,Mumbai,Manager,2573313.52,334,15,Low,Inactive
3498,Matthew Welch,42,Female,Ahmedabad,Analyst,2502297.83,843,14,Medium,Active
3499,Steven Golden,29,Male,Bangalore,Manager,663846.73,559,4,High,Active
3500,Cynthia Wise,49,Male,Mumbai,Engineer,351636.02,451,6,Medium,Inactive
3501,Erin Wells,44,Male,Chennai,Teacher,514973.15,718,9,Medium,Active
3502,Laura Davis,62,Male,Delhi,Engineer,1683778.25,668,1,Medium,Active
3503,Jacob Escobar,55,Male,Hyderabad,Engineer,1578088.62,308,12,Low,Inactive
3504,Jeffrey Rose,21,Male,Chennai,Doctor,1621034.23,578,8,Medium,Inactive
3505,Michelle Kane,50,Female,Ahmedabad,Doctor,521873.98,475,3,Low,Inactive
3506,Patricia Smith,29,Female,Pune,Business,803233.56,780,9,Low,Active
3507,Michael Taylor,57,Male,Ahmedabad,Engineer,2542718.82,793,4,High,Active
3508,Mark Werner,33,Male,Bangalore,Analyst,2405236.98,489,1,Medium,Active
3509,Darrell Lara,41,Male,Pune,Manager,2688656.58,433,5,Low,Inactive
3510,Megan Morrison,56,Male,Mumbai,Manager,726421.75,378,7,Medium,Active
3511,Amber Murphy,49,Female,Delhi,Teacher,2474532.71,527,13,Low,Inactive
3512,David Best,59,Male,Ahmedabad,Teacher,890395.9,363,13,Medium,Active
3513,Annette Castillo PhD,36,Male,Ahmedabad,Manager,2598624.97,675,8,Medium,Active
3514,Joshua Stanley,23,Female,Hyderabad,Analyst,2271909.35,730,7,High,Active
3515,Amanda Mata,28,Female,Mumbai,Manager,1819326.14,444,1,Medium,Active
3516,Elizabeth Alexander,30,Female,Mumbai,Manager,607622.77,734,1,Medium,Active
3517,Cheryl Brown,19,Male,Chennai,Teacher,2637136.54,561,9,Medium,Inactive
3518,Jeremy Jones,64,Female,Hyderabad,Analyst,1028450.0,558,8,Low,Inactive
3519,Joseph Miller,27,Male,Kolkata,Manager,2288725.11,816,12,Low,Inactive
3520,Joanne Gregory,49,Male,Hyderabad,Manager,486626.5,552,2,High,Inactive
3521,Kenneth Hansen,22,Female,Mumbai,Engineer,568022.66,445,3,Medium,Active
3522,Susan Villanueva,25,Female,Mumbai,Manager,1754354.21,496,10,Low,Inactive
3523,Mark Watson,38,Male,Hyderabad,Manager,2967496.61,366,4,High,Active
3524,Matthew Romero DDS,47,Male,Chennai,Engineer,852644.02,816,13,Low,Active
3525,Kathleen Jarvis,69,Female,Delhi,Manager,1089696.84,683,11,Low,Active
3526,Ralph Bennett,21,Male,Pune,Teacher,2749916.62,389,13,Low,Inactive
3527,Miguel Flores,28,Male,Ahmedabad,Engineer,1160355.68,615,13,High,Active
3528,Jennifer Flores,33,Female,Ahmedabad,Engineer,558717.24,443,3,Low,Inactive
3529,Jeffrey Pratt,67,Male,Pune,Analyst,740748.44,426,5,Low,Active
3530,Sarah Hall,47,Male,Pune,Doctor,698534.29,612,8,Low,Active
3531,Melissa Henderson,38,Female,Bangalore,Business,363852.08,308,14,Low,Inactive
3532,Christopher Holloway,43,Female,Hyderabad,Manager,2678442.59,437,11,Low,Active
3533,Denise Peterson,44,Female,Pune,Engineer,263874.03,730,4,High,Inactive
3534,Christopher Armstrong,30,Male,Mumbai,Manager,2548385.62,760,12,Low,Active
3535,Mitchell Koch,52,Male,Ahmedabad,Teacher,2839307.36,754,15,Low,Active
3536,Nichole Weber,23,Female,Pune,Doctor,1049150.48,544,5,Medium,Inactive
3537,Veronica Curry,42,Male,Ahmedabad,Engineer,2515529.28,816,5,Medium,Inactive
3538,Amber Webb,46,Female,Ahmedabad,Teacher,282534.65,516,13,Medium,Inactive
3539,Carrie Bush,64,Male,Ahmedabad,Doctor,1601192.61,754,14,High,Inactive
3540,Cynthia Johnson,61,Female,Delhi,Doctor,893340.66,657,13,Low,Inactive
3541,Brandi Wilson,57,Female,Bangalore,Business,1306994.21,477,6,Low,Active
3542,John Marshall,69,Male,Mumbai,Business,525231.3,383,2,Medium,Active
3543,Jeffrey Eaton,41,Female,Bangalore,Analyst,2555194.83,700,11,High,Inactive
3544,James Kim,51,Female,Hyderabad,Business,604756.1,758,2,Medium,Inactive
3545,Cameron Lindsey,66,Male,Pune,Analyst,1739526.12,714,7,Medium,Active
3546,Victor Sparks,44,Female,Bangalore,Analyst,380826.55,431,8,Medium,Active
3547,Robert Simmons,24,Male,Pune,Engineer,1181061.56,680,11,Medium,Inactive
3548,Katrina Harper,20,Male,Mumbai,Analyst,475823.39,391,9,Low,Inactive
3549,Jimmy Higgins,30,Male,Bangalore,Analyst,2874464.97,633,11,Low,Inactive
3550,Brandi Walker,63,Male,Kolkata,Engineer,375981.39,723,9,Medium,Active
3551,Joshua Castillo,54,Female,Pune,Teacher,2250842.27,494,8,Low,Inactive
3552,Kevin Blackwell,24,Female,Chennai,Business,558368.96,724,8,High,Inactive
3553,Andrew Snyder,24,Female,Pune,Teacher,585867.42,616,11,Low,Inactive
3554,Debra Bishop,32,Male,Chennai,Engineer,1906223.01,771,4,High,Active
3555,Matthew Joyce,26,Male,Bangalore,Manager,947649.05,628,1,Medium,Active
3556,Matthew Wise,68,Female,Mumbai,Manager,2114120.0,413,9,Medium,Inactive
3557,George Moore,53,Female,Delhi,Doctor,571869.51,443,6,Low,Inactive
3558,Luke Johnson,50,Female,Ahmedabad,Analyst,647249.92,496,14,High,Inactive
3559,Kenneth Miller,54,Male,Delhi,Business,1114441.65,584,15,Medium,Inactive
3560,James Miles,55,Female,Pune,Engineer,2904748.39,523,3,High,Inactive
3561,Nathan Moreno,43,Male,Chennai,Teacher,1260090.78,708,1,Low,Active
3562,Tiffany Rush,34,Female,Mumbai,Manager,1272743.47,451,3,Low,Active
3563,Michelle Blankenship,34,Female,Ahmedabad,Doctor,407411.19,560,1,Medium,Inactive
3564,John Adams,61,Male,Chennai,Business,434184.56,344,5,Medium,Active
3565,Michael Bailey,23,Female,Bangalore,Doctor,2501627.04,365,2,Medium,Inactive
3566,Mackenzie Haas,27,Female,Mumbai,Manager,2839431.12,585,11,High,Inactive
3567,Robert Henderson,30,Male,Chennai,Manager,1028085.16,510,7,High,Inactive
3568,Rachel Taylor,57,Female,Bangalore,Manager,1527317.52,346,12,Medium,Active
3569,Dr. Dave Brown,46,Male,Hyderabad,Teacher,1995571.07,531,8,Low,Active
3570,David Moore,22,Male,Hyderabad,Engineer,938832.87,433,4,High,Active
3571,Jordan Gordon,26,Male,Ahmedabad,Engineer,2596339.24,477,10,Medium,Inactive
3572,Vickie Jones,57,Female,Pune,Manager,2978415.6,419,14,Low,Inactive
3573,Lisa Sloan,56,Female,Ahmedabad,Analyst,536364.28,518,11,Low,Inactive
3574,Lori Bennett,63,Female,Mumbai,Teacher,587624.66,712,2,Medium,Inactive
3575,Melissa Smith,33,Male,Kolkata,Doctor,2739036.84,838,10,Medium,Active
3576,Eric Hayes,39,Female,Kolkata,Analyst,2313018.65,832,3,Medium,Inactive
3577,Paul James,66,Female,Delhi,Teacher,2971051.56,443,12,Medium,Inactive
3578,Heather Woodard,65,Female,Chennai,Analyst,2890901.88,446,10,Medium,Inactive
3579,Steven Alvarez,22,Male,Delhi,Teacher,2168671.35,568,11,High,Active
3580,Mary Perkins,66,Female,Bangalore,Teacher,2056326.5,429,7,Medium,Active
3581,Maria Mathews,67,Male,Chennai,Analyst,1638745.79,398,14,High,Active
3582,Christopher Hardy,70,Male,Chennai,Teacher,1930407.52,433,14,High,Active
3583,Sarah Clark,27,Male,Chennai,Doctor,2334800.06,766,6,Low,Inactive
3584,Richard Bryant,48,Female,Chennai,Analyst,1345632.99,415,5,Low,Inactive
3585,Alfred Cole,34,Male,Pune,Analyst,1568814.29,756,6,Medium,Active
3586,Brian Miller,59,Female,Pune,Business,285812.53,473,8,Low,Inactive
3587,Dr. James Butler PhD,68,Female,Mumbai,Doctor,2361103.37,837,1,High,Active
3588,Susan Rodriguez,22,Male,Pune,Engineer,1530275.51,463,10,Medium,Active
3589,Jason Cox,48,Male,Mumbai,Business,1270385.98,558,13,Low,Active
3590,Brittany Brown,43,Female,Delhi,Engineer,1036142.59,705,14,Medium,Inactive
3591,Shelley Huffman,40,Female,Delhi,Manager,2012279.35,613,8,Low,Active
3592,Nathan Armstrong,70,Female,Bangalore,Engineer,1939110.45,373,7,Medium,Inactive
3593,Lisa Sandoval DVM,35,Male,Kolkata,Doctor,1113278.96,576,11,Low,Active
3594,Jacob Fletcher,58,Male,Hyderabad,Doctor,2196269.28,500,11,Low,Inactive
3595,Michael Flores,70,Female,Pune,Doctor,2475121.85,758,13,High,Active
3596,Brian Jones,50,Female,Hyderabad,Manager,2523223.04,507,1,Low,Active
3597,Katherine Andrews,41,Male,Delhi,Engineer,2229082.38,609,14,Low,Inactive
3598,Phillip Gordon,49,Female,Bangalore,Engineer,1620408.32,361,1,Low,Inactive
3599,Eric Ramos,69,Male,Mumbai,Analyst,2573278.06,619,11,Low,Active
3600,James Peters,52,Female,Hyderabad,Engineer,1745207.74,633,11,Low,Inactive
3601,Penny Smith,50,Male,Chennai,Doctor,1384426.56,665,4,Low,Inactive
3602,Ronald Bailey,50,Female,Hyderabad,Doctor,1160825.73,459,3,High,Inactive
3603,Terry Sanders,49,Male,Kolkata,Engineer,1394802.86,498,6,High,Active
3604,William Atkins,51,Female,Delhi,Teacher,2700982.38,339,2,Medium,Inactive
3605,Natalie Mcdonald,66,Male,Bangalore,Manager,731199.77,390,15,Medium,Inactive
3606,Melissa Baker,65,Female,Kolkata,Manager,2740647.48,394,4,Low,Inactive
3607,Bethany Weber,61,Female,Bangalore,Teacher,791002.79,547,11,High,Inactive
3608,Lauren Freeman,25,Female,Pune,Business,2447219.31,732,4,High,Inactive
3609,Daniel Murphy,67,Male,Mumbai,Teacher,828305.55,601,5,Medium,Inactive
3610,Brittany Good,20,Male,Chennai,Business,2280826.06,425,6,Low,Inactive
3611,Richard Jackson,68,Male,Ahmedabad,Engineer,1670349.75,757,12,Low,Active
3612,Joseph Pena,68,Male,Delhi,Business,2105563.35,465,11,High,Active
3613,Joshua Liu,67,Female,Ahmedabad,Doctor,2071670.89,576,2,High,Inactive
3614,Kristin Clarke,69,Female,Bangalore,Doctor,1643261.68,520,1,Low,Inactive
3615,Corey Maldonado,68,Female,Mumbai,Doctor,1729854.81,720,9,Medium,Inactive
3616,Sarah Robertson,65,Female,Mumbai,Engineer,1950083.95,826,10,Medium,Inactive
3617,Margaret Esparza MD,56,Male,Kolkata,Business,1083410.81,484,5,Medium,Active
3618,Wendy Walsh,61,Male,Kolkata,Doctor,1962647.54,621,2,Low,Inactive
3619,Anna Fox,30,Female,Bangalore,Doctor,436250.14,554,11,Low,Inactive
3620,Kiara Lawson,41,Female,Kolkata,Doctor,1051731.07,569,4,Low,Active
3621,Erica Gibson,19,Female,Delhi,Engineer,724506.47,827,5,Medium,Inactive
3622,Crystal Ferguson,36,Male,Chennai,Teacher,2098775.85,394,8,High,Inactive
3623,Michael Parks,62,Female,Pune,Analyst,630545.26,434,11,Medium,Active
3624,Elizabeth Johnson,25,Female,Bangalore,Business,839611.51,447,7,Medium,Active
3625,Mark Martin,48,Male,Chennai,Teacher,1002810.48,483,9,High,Inactive
3626,Matthew Perez,67,Male,Chennai,Business,2740430.31,814,12,Low,Active
3627,Amy Harmon,53,Male,Mumbai,Doctor,2232843.06,314,14,High,Active
3628,Dylan Flores,26,Male,Chennai,Doctor,1113600.6,379,1,Low,Inactive
3629,Andrew Pittman,67,Female,Kolkata,Engineer,2652217.94,602,3,Low,Active
3630,Heather Smith,70,Female,Ahmedabad,Engineer,487654.68,383,15,Low,Active
3631,Clarence Green,34,Male,Delhi,Manager,374876.08,449,2,Medium,Active
3632,Dr. James Vargas,22,Female,Chennai,Teacher,1049934.7,543,8,High,Active
3633,David Jones,47,Female,Kolkata,Analyst,2604242.96,612,6,Low,Active
3634,Ann Guzman,48,Male,Ahmedabad,Engineer,1238170.11,362,8,Medium,Inactive
3635,Monica Harris,38,Male,Pune,Doctor,689289.1,770,8,Low,Active
3636,Richard Allen,20,Male,Chennai,Business,1349821.2,638,5,High,Inactive
3637,Cheryl Gonzalez,59,Female,Kolkata,Manager,1408539.78,520,2,High,Inactive
3638,Robert Sharp,19,Female,Ahmedabad,Engineer,1346528.81,670,7,High,Inactive
3639,Elizabeth Mason,47,Female,Delhi,Teacher,1305875.73,808,9,Medium,Inactive
3640,Elizabeth Davies,54,Female,Hyderabad,Engineer,856005.11,590,4,High,Active
3641,Andrea Rodriguez,62,Female,Delhi,Analyst,2899587.25,615,13,High,Active
3642,Eric Scott,42,Female,Pune,Teacher,1348976.54,677,13,Low,Inactive
3643,Kristen Mora,52,Male,Ahmedabad,Manager,2561599.13,809,1,Low,Inactive
3644,Philip Flynn,35,Male,Ahmedabad,Manager,1370906.72,474,14,Medium,Inactive
3645,Philip Harmon,31,Female,Ahmedabad,Business,2705079.09,438,14,Medium,Active
3646,Alison Booker,37,Female,Chennai,Analyst,1191648.29,531,1,Low,Active
3647,Kathleen Ramirez,28,Male,Hyderabad,Manager,2392677.14,546,12,Low,Active
3648,Jennifer Davis,64,Female,Hyderabad,Doctor,1641380.86,311,4,Low,Active
3649,Laura Foster,55,Male,Bangalore,Business,1694571.37,702,7,Medium,Active
3650,Andre Peterson,36,Male,Pune,Engineer,2666448.25,784,11,High,Active
3651,Mr. Don George,37,Male,Chennai,Analyst,1678498.55,620,9,Low,Active
3652,Bryan Booker,41,Female,Chennai,Engineer,940514.11,749,12,High,Inactive
3653,Spencer Bennett,62,Female,Pune,Manager,1019603.0,518,8,Medium,Active
3654,Courtney Jordan,42,Male,Ahmedabad,Teacher,1176675.94,520,6,High,Inactive
3655,Lindsey Scott,34,Male,Hyderabad,Teacher,568399.17,499,1,Low,Active
3656,Lawrence Sheppard,49,Male,Mumbai,Doctor,2960107.6,734,7,Low,Inactive
3657,William Shaw,45,Female,Ahmedabad,Manager,2033085.22,498,6,High,Inactive
3658,Morgan Gilbert,65,Female,Kolkata,Business,2418113.17,657,2,Low,Inactive
3659,Cory Barnett,50,Female,Bangalore,Business,2871766.16,443,12,High,Inactive
3660,Tammy Grimes,70,Female,Ahmedabad,Doctor,897602.38,430,9,Medium,Active
3661,Tamara Long,50,Male,Chennai,Engineer,1906139.15,704,12,Low,Inactive
3662,Ashley King,50,Male,Mumbai,Analyst,1738990.45,607,7,Medium,Inactive
3663,Rachel Nelson,53,Female,Ahmedabad,Analyst,920765.67,440,12,Medium,Active
3664,Madison Smith,67,Female,Mumbai,Engineer,2162428.82,826,3,High,Inactive
3665,Tyler Chambers,31,Male,Delhi,Doctor,2056963.08,747,9,Medium,Active
3666,Jeffrey Williamson,39,Male,Delhi,Engineer,2218700.18,485,12,Medium,Active
3667,Logan Harris,46,Male,Delhi,Business,2694959.35,815,10,Medium,Inactive
3668,Samantha Chapman,45,Male,Mumbai,Business,753046.01,442,15,Low,Inactive
3669,Kristina Martinez,59,Female,Kolkata,Doctor,2943181.03,803,14,High,Active
3670,Hannah Rivers,60,Male,Ahmedabad,Business,1454107.58,384,11,High,Inactive
3671,Elizabeth Bell,44,Male,Hyderabad,Business,423055.48,657,11,Low,Active
3672,Erica Schmitt,36,Female,Mumbai,Analyst,743775.75,842,5,Medium,Active
3673,Terri Martin,41,Male,Bangalore,Manager,2163985.06,495,4,High,Inactive
3674,Katie Atkinson,34,Male,Kolkata,Doctor,2820024.55,541,3,Low,Inactive
3675,Richard Austin,56,Female,Kolkata,Business,1018703.9,355,9,Medium,Active
3676,Tyler Meyer,50,Female,Pune,Doctor,1768518.15,481,13,Medium,Inactive
3677,Robert Love,55,Male,Chennai,Business,1756160.49,441,13,High,Active
3678,Shawn Melton,52,Female,Ahmedabad,Engineer,1410501.15,741,11,High,Inactive
3679,Daniel Wolfe,56,Male,Bangalore,Teacher,1229086.08,757,7,Low,Active
3680,Daniel Ewing,43,Female,Mumbai,Teacher,2107521.39,350,13,Medium,Inactive
3681,Gregory Mercado,29,Female,Kolkata,Engineer,1853443.71,365,4,Low,Inactive
3682,Johnny Jenkins,31,Female,Bangalore,Teacher,2598375.25,328,5,High,Active
3683,Bradley Tucker,29,Female,Mumbai,Engineer,1833044.5,540,5,High,Inactive
3684,Sarah Adams,26,Male,Bangalore,Teacher,356435.29,399,6,Low,Active
3685,David Silva,34,Male,Bangalore,Manager,447120.65,785,3,High,Active
3686,Pedro Moore,48,Female,Delhi,Manager,1297121.11,548,8,High,Inactive
3687,Brenda Ruiz,38,Female,Hyderabad,Doctor,2607046.43,488,3,Low,Inactive
3688,Michael Smith,58,Male,Bangalore,Manager,1099329.64,760,12,Medium,Active
3689,Thomas Caldwell,53,Male,Mumbai,Analyst,2735113.78,680,8,Medium,Inactive
3690,Elizabeth Hernandez,40,Female,Chennai,Business,733293.33,306,14,Low,Active
3691,John Taylor,69,Female,Ahmedabad,Analyst,1274640.84,305,4,High,Inactive
3692,Rachel Johnson,43,Male,Kolkata,Manager,632269.92,432,12,Medium,Active
3693,Clifford Wilson,51,Male,Delhi,Manager,1615709.34,369,6,Low,Inactive
3694,Mrs. Samantha Romero,59,Male,Hyderabad,Engineer,1623235.88,551,6,Medium,Inactive
3695,Darlene Harper,58,Female,Mumbai,Manager,2157323.56,542,14,High,Active
3696,Jose Wallace,40,Male,Bangalore,Analyst,344986.03,844,10,High,Inactive
3697,Lori Wilcox,55,Male,Hyderabad,Business,2443052.24,456,15,High,Inactive
3698,Morgan Edwards,50,Female,Chennai,Analyst,1014571.11,562,3,High,Inactive
3699,Ryan Hill,59,Female,Delhi,Analyst,1523422.54,317,11,High,Inactive
3700,Laura Edwards,21,Male,Ahmedabad,Manager,1959319.47,576,1,Medium,Inactive
3701,Frances Cameron,68,Female,Pune,Engineer,1856113.92,530,3,High,Inactive
3702,Whitney Thompson,53,Female,Mumbai,Business,2753652.62,309,10,Medium,Inactive
3703,Eric Walton,49,Male,Ahmedabad,Analyst,2754527.35,405,6,Medium,Active
3704,Thomas Hart,19,Male,Bangalore,Doctor,2583669.54,712,6,Medium,Inactive
3705,Cesar Lewis,46,Female,Mumbai,Manager,1035469.72,699,11,Low,Active
3706,Michael Lara,27,Female,Ahmedabad,Manager,2751860.46,428,13,Medium,Active
3707,Alexandra Torres,61,Male,Ahmedabad,Business,2151578.09,507,6,High,Inactive
3708,Alexis Cowan,59,Male,Ahmedabad,Manager,2029441.36,440,8,Low,Active
3709,Daniel Chandler,47,Male,Chennai,Analyst,1118326.69,402,6,High,Inactive
3710,Amanda Mccarthy,57,Female,Bangalore,Analyst,1213436.06,368,9,High,Inactive
3711,Ashley Forbes,31,Female,Delhi,Analyst,291613.55,335,6,Low,Active
3712,Mark Ellis,45,Female,Ahmedabad,Engineer,996479.82,488,9,High,Active
3713,Jessica Martin,36,Female,Ahmedabad,Manager,894867.08,832,11,Low,Inactive
3714,Kathleen Cooper,43,Female,Hyderabad,Doctor,2932564.86,761,4,High,Inactive
3715,David Wolfe,30,Female,Bangalore,Doctor,679256.23,411,13,Low,Active
3716,Dennis Owens,36,Male,Ahmedabad,Analyst,2414282.59,342,13,Medium,Inactive
3717,Mark Edwards,33,Male,Pune,Engineer,2320738.5,540,6,High,Inactive
3718,Ryan Cooley,55,Male,Hyderabad,Analyst,365806.45,536,5,Medium,Active
3719,Teresa Brown,29,Male,Delhi,Engineer,991486.56,768,6,Low,Active
3720,Brian Simpson,55,Male,Pune,Doctor,1344180.13,671,6,High,Active
3721,Dustin Fitzgerald,32,Male,Bangalore,Engineer,1150340.36,421,15,Low,Active
3722,Samantha Brown,56,Male,Ahmedabad,Analyst,917893.01,840,4,Medium,Inactive
3723,Zoe Campbell,22,Male,Hyderabad,Business,823833.58,631,8,High,Inactive
3724,Taylor Larsen,57,Female,Bangalore,Doctor,1433168.66,676,1,Low,Active
3725,Daniel Wolf,22,Female,Mumbai,Doctor,951559.69,590,1,Medium,Active
3726,Audrey Harris,34,Male,Chennai,Analyst,2042745.19,326,12,Medium,Inactive
3727,Amanda Flynn,63,Male,Pune,Manager,2660440.08,829,8,High,Active
3728,Jenny Brown,52,Male,Delhi,Engineer,1841305.84,790,2,High,Active
3729,Lauren Ray,37,Female,Ahmedabad,Manager,2638364.35,391,12,Medium,Inactive
3730,Melissa Harrison,58,Female,Bangalore,Engineer,2788397.94,712,11,High,Inactive
3731,Amanda Wilson,23,Male,Ahmedabad,Manager,1352978.03,312,9,Low,Active
3732,Manuel Osborne DVM,41,Male,Mumbai,Manager,2714245.28,559,5,High,Active
3733,Leslie Stone,68,Male,Delhi,Analyst,760397.65,486,9,Medium,Inactive
3734,Erin Hawkins,57,Female,Chennai,Teacher,1310465.9,485,7,Low,Inactive
3735,Lisa Ali,24,Female,Pune,Manager,932455.05,308,6,High,Inactive
3736,James Lee,37,Female,Delhi,Analyst,391949.01,396,2,High,Inactive
3737,Billy George,57,Male,Hyderabad,Business,1648627.05,417,3,Medium,Inactive
3738,Dawn Bailey,29,Female,Hyderabad,Teacher,1575981.52,313,1,Low,Active
3739,Frances Moore,41,Female,Chennai,Doctor,2795627.33,544,13,High,Active
3740,Edward Hopkins,36,Male,Ahmedabad,Analyst,1359712.38,434,8,Medium,Inactive
3741,Erin Guzman,58,Female,Delhi,Analyst,1773106.96,484,13,Medium,Inactive
3742,Sheri Mann,62,Female,Ahmedabad,Manager,395152.65,424,9,Medium,Active
3743,Kristin Collins,57,Female,Delhi,Business,377649.27,681,5,High,Inactive
3744,Alyssa Romero,58,Female,Chennai,Doctor,1100401.82,403,12,High,Active
3745,Jennifer Jackson,24,Male,Pune,Doctor,2037377.4,408,10,Medium,Active
3746,Sarah Hart,22,Female,Mumbai,Doctor,1380752.27,748,7,Medium,Active
3747,Joshua Clark,42,Female,Bangalore,Business,965567.83,788,6,Medium,Inactive
3748,Maria Ball,55,Male,Delhi,Business,2328329.44,729,6,Low,Inactive
3749,Melinda Berg,31,Male,Ahmedabad,Business,2421108.05,465,5,Low,Inactive
3750,Christine Sharp,47,Male,Bangalore,Engineer,298473.48,431,9,Medium,Active
3751,Melissa Matthews,33,Male,Bangalore,Business,1659957.94,523,4,High,Active
3752,Katie Howard,56,Female,Mumbai,Teacher,2105072.51,528,4,Low,Inactive
3753,Nicholas Stewart,70,Female,Hyderabad,Business,1482478.52,460,4,High,Active
3754,Alexis Collins,20,Male,Chennai,Business,1286623.35,582,2,High,Active
3755,Debra Hunt,55,Female,Ahmedabad,Doctor,944387.83,513,12,Low,Inactive
3756,Lisa Fernandez,59,Male,Bangalore,Engineer,447824.53,336,11,Medium,Active
3757,Victoria Harrison,36,Male,Kolkata,Engineer,275355.48,364,12,Medium,Active
3758,Timothy Robinson,42,Female,Delhi,Teacher,2187235.54,630,7,High,Inactive
3759,Sandra Vance,70,Female,Delhi,Business,2456441.67,398,4,Low,Active
3760,Mario Moran,55,Male,Ahmedabad,Teacher,846038.46,390,7,High,Active
3761,Alfred Davis,30,Male,Delhi,Teacher,2285771.94,364,3,Low,Active
3762,Sarah Long,27,Male,Pune,Analyst,2715429.21,425,8,Medium,Active
3763,William Hunt,34,Female,Ahmedabad,Teacher,458760.4,574,1,Medium,Active
3764,James Sullivan,33,Female,Mumbai,Business,884025.63,688,11,Low,Inactive
3765,Erin Chen,34,Male,Chennai,Business,1737379.47,837,7,Low,Inactive
3766,Amanda Robinson,46,Female,Hyderabad,Teacher,1311022.32,712,12,High,Inactive
3767,Nicole Green,28,Female,Kolkata,Analyst,1258283.62,325,14,High,Active
3768,Aaron Nichols,31,Female,Pune,Business,2919725.7,781,12,Medium,Inactive
3769,Joseph Maldonado,54,Male,Ahmedabad,Engineer,1640510.77,305,3,High,Active
3770,Maria Harrison,53,Female,Bangalore,Engineer,2497311.55,452,9,High,Active
3771,Lisa Jones,52,Female,Mumbai,Doctor,1835218.2,349,13,Medium,Active
3772,Allen Mcdonald,27,Male,Mumbai,Manager,1431162.25,340,4,High,Active
3773,Brooke Hernandez,49,Female,Pune,Teacher,2597252.21,605,1,High,Inactive
3774,Erin Moore,25,Female,Delhi,Doctor,2656092.55,785,2,Low,Active
3775,Sandra Medina,19,Male,Delhi,Analyst,1983523.3,801,3,Low,Inactive
3776,Jessica Johnson,31,Male,Hyderabad,Teacher,1727197.96,526,6,Low,Active
3777,John Warren,60,Female,Ahmedabad,Engineer,2398548.12,602,14,Medium,Inactive
3778,Vincent Johnson,47,Female,Ahmedabad,Business,1232482.57,792,3,Low,Active
3779,Cathy Ball,53,Female,Kolkata,Doctor,2896537.5,693,10,Low,Active
3780,Donna Brown,44,Male,Mumbai,Doctor,1914298.7,704,8,Low,Active
3781,Daniel Kelly,32,Female,Chennai,Doctor,1998417.05,671,1,High,Inactive
3782,Tammy Moss,30,Female,Pune,Analyst,2204960.38,771,7,Low,Inactive
3783,James Wright,37,Female,Delhi,Doctor,1323182.9,792,3,Low,Inactive
3784,Jeffrey Sellers,35,Male,Delhi,Business,2315011.14,360,12,Medium,Active
3785,Jerry Shaw,29,Male,Delhi,Engineer,2736428.42,542,14,High,Active
3786,Thomas Rosales,69,Female,Delhi,Teacher,672971.55,494,13,High,Active
3787,Karen Berry,67,Male,Delhi,Teacher,1039912.85,797,9,Medium,Inactive
3788,Nicole Peterson,48,Male,Kolkata,Business,2270840.29,566,5,Medium,Active
3789,Kathy Bailey,59,Female,Pune,Analyst,1997206.7,775,8,High,Inactive
3790,Susan Davis,44,Male,Pune,Teacher,1645949.47,515,14,Medium,Active
3791,Scott Martinez,22,Male,Ahmedabad,Analyst,2868012.03,609,9,High,Inactive
3792,Nicole Garcia,66,Male,Chennai,Business,2897504.56,813,6,High,Inactive
3793,Anthony Estes,28,Male,Pune,Business,1924372.28,313,10,High,Active
3794,Janice Thomas,59,Female,Mumbai,Doctor,1529875.72,516,10,High,Inactive
3795,Donna Shaw,33,Female,Hyderabad,Manager,1397657.76,635,6,Medium,Active
3796,Nicholas Brown,36,Female,Kolkata,Doctor,2581121.43,809,12,Low,Inactive
3797,Charles Montoya,64,Male,Kolkata,Business,1381562.66,333,2,Medium,Active
3798,Maria Fox,18,Male,Delhi,Engineer,1665963.81,823,5,Low,Inactive
3799,Mark Webster,60,Female,Ahmedabad,Manager,2005827.93,758,1,Low,Inactive
3800,Jeffrey Mckenzie,64,Female,Delhi,Manager,1533989.41,658,4,High,Inactive
3801,Christie Benjamin,22,Female,Bangalore,Business,2216354.28,711,4,High,Active
3802,John Reed,32,Female,Mumbai,Engineer,2030465.93,540,3,Low,Active
3803,Todd Drake,53,Female,Bangalore,Engineer,581586.37,502,15,Medium,Inactive
3804,Kelly Hughes MD,59,Male,Ahmedabad,Manager,1790236.2,622,11,High,Active
3805,Dr. Daniel Monroe,59,Male,Chennai,Analyst,379914.32,326,6,Low,Active
3806,Michael Johnson,62,Female,Delhi,Analyst,1901026.58,350,5,Low,Inactive
3807,Melanie Vaughn,44,Female,Mumbai,Manager,2045416.52,762,5,Low,Inactive
3808,Bianca Archer,67,Female,Delhi,Engineer,2773907.15,787,11,Low,Active
3809,Preston Conway,59,Female,Mumbai,Doctor,535428.53,454,2,Low,Inactive
3810,Donna Leonard,54,Female,Ahmedabad,Analyst,879505.52,314,15,Medium,Active
3811,Jennifer Bowen,58,Male,Ahmedabad,Doctor,326510.29,630,14,Medium,Inactive
3812,Sally Bryant,39,Male,Kolkata,Analyst,2354696.41,498,7,Low,Active
3813,Tammy Baker,45,Male,Chennai,Teacher,326756.87,818,3,Low,Active
3814,Michael Smith,44,Male,Kolkata,Engineer,2426154.57,414,3,Medium,Active
3815,Paul Meyer,66,Female,Pune,Manager,403679.71,798,4,Medium,Inactive
3816,Andrew Zhang,58,Female,Kolkata,Engineer,2588431.49,548,15,Low,Inactive
3817,Larry Walsh,32,Female,Mumbai,Doctor,1911638.84,804,14,Medium,Inactive
3818,Victoria Carlson,52,Female,Chennai,Manager,2213671.06,562,12,Low,Inactive
3819,Kevin Cervantes,29,Female,Hyderabad,Business,2568850.92,574,1,Low,Active
3820,Tiffany Chen,35,Female,Chennai,Teacher,1923232.48,314,10,Medium,Inactive
3821,Alexander Arnold,23,Female,Chennai,Manager,454829.72,392,4,Low,Inactive
3822,Jason Morgan,18,Female,Delhi,Analyst,2779725.5,324,13,Medium,Inactive
3823,Shaun Moss,26,Male,Mumbai,Teacher,330410.59,678,5,Medium,Active
3824,Victoria Pineda,25,Male,Pune,Doctor,1828712.99,520,6,Medium,Active
3825,David Wagner,58,Male,Delhi,Analyst,2456937.72,454,14,High,Active
3826,Melissa Miller,68,Male,Pune,Teacher,1508391.94,677,4,High,Active
3827,William Skinner,47,Male,Mumbai,Analyst,2661919.01,433,1,Medium,Inactive
3828,Monica Spencer,65,Female,Bangalore,Manager,1886162.2,325,11,Low,Inactive
3829,Rachel Jones,34,Female,Kolkata,Engineer,1495270.55,318,5,Medium,Inactive
3830,Trevor Day,57,Female,Mumbai,Teacher,441834.35,768,1,Medium,Inactive
3831,Jimmy Scott,18,Female,Bangalore,Analyst,802603.25,600,7,Medium,Inactive
3832,Robert Johnson,39,Male,Chennai,Manager,793603.01,800,12,High,Active
3833,Shirley Hawkins,62,Female,Hyderabad,Manager,2342409.1,479,1,Low,Active
3834,Jerome Scott,64,Male,Pune,Doctor,1825992.22,520,13,Low,Active
3835,Mrs. Heather Doyle,58,Male,Ahmedabad,Teacher,1228558.72,513,15,Low,Active
3836,Daniel Ochoa,48,Female,Delhi,Doctor,2162523.31,809,3,Low,Active
3837,David Mcgee,19,Male,Chennai,Teacher,839435.2,569,1,Low,Active
3838,Eric Nelson DVM,28,Female,Kolkata,Business,1761228.21,830,10,Low,Active
3839,Kevin Hayden,67,Female,Delhi,Analyst,2585084.18,498,6,Medium,Active
3840,Scott Howard,25,Male,Bangalore,Teacher,1095449.63,730,10,Low,Inactive
3841,David Jenkins,58,Female,Chennai,Doctor,1752327.81,321,2,High,Active
3842,Jay Williams,68,Female,Ahmedabad,Manager,2421753.9,466,10,High,Active
3843,Marvin Wood,24,Female,Pune,Doctor,893800.65,831,14,Medium,Inactive
3844,Benjamin Wilson,27,Female,Mumbai,Engineer,1936798.71,336,13,Low,Active
3845,Richard Phillips,36,Male,Hyderabad,Manager,2893293.55,607,3,Low,Active
3846,Karen Dudley DDS,38,Male,Pune,Business,1853736.64,348,12,High,Inactive
3847,Susan Roman,27,Male,Chennai,Engineer,2821952.75,526,4,Low,Active
3848,Lisa Quinn,30,Male,Delhi,Manager,2982727.41,621,13,High,Active
3849,Christopher Lara,43,Male,Pune,Engineer,290926.15,371,13,Medium,Active
3850,Michael Reynolds,39,Female,Bangalore,Analyst,461949.78,445,11,High,Inactive
3851,Christopher Thompson,62,Female,Pune,Doctor,1341073.66,528,8,Medium,Inactive
3852,Lynn Stanley,67,Female,Pune,Analyst,2425421.0,792,11,Medium,Inactive
3853,Felicia Carlson,67,Female,Delhi,Teacher,263104.64,454,2,High,Inactive
3854,Anthony Smith,20,Male,Pune,Manager,1376497.96,383,2,Low,Active
3855,Allen Peters,53,Female,Delhi,Doctor,1914170.76,433,12,High,Inactive
3856,Tracy Gross,63,Male,Pune,Analyst,596262.97,655,5,Low,Active
3857,Andrew Allen,55,Male,Mumbai,Manager,2116791.15,389,11,Low,Active
3858,Jamie Ibarra,37,Female,Ahmedabad,Engineer,2490140.68,422,7,Medium,Inactive
3859,Jasmin Richards,25,Female,Chennai,Manager,903213.91,589,7,High,Inactive
3860,Carolyn Owen,68,Male,Delhi,Manager,1022353.53,429,7,High,Inactive
3861,Clarence Martinez,34,Male,Kolkata,Engineer,356918.04,712,7,Medium,Active
3862,Joy Harvey,55,Female,Delhi,Analyst,2875841.74,720,7,Low,Inactive
3863,Mark Armstrong,65,Male,Ahmedabad,Teacher,465063.12,399,2,High,Active
3864,Cynthia Bailey,22,Male,Chennai,Analyst,1417519.41,595,9,High,Active
3865,Sara Jordan,19,Male,Mumbai,Engineer,2746753.23,598,15,High,Inactive
3866,Brandon Fletcher,25,Female,Kolkata,Manager,2759638.36,318,14,High,Inactive
3867,Kevin Smith,60,Male,Mumbai,Teacher,1149466.09,569,12,Medium,Active
3868,Melissa Arnold,31,Female,Mumbai,Teacher,2582709.12,755,1,Low,Inactive
3869,James Huff,51,Female,Delhi,Analyst,1336323.14,516,5,Low,Active
3870,Christine Chavez,59,Female,Ahmedabad,Teacher,2903500.06,713,5,Medium,Active
3871,Brittany Ellison,64,Male,Ahmedabad,Manager,1286477.84,341,7,High,Inactive
3872,Brenda Moody,62,Male,Delhi,Analyst,1085076.3,732,11,Medium,Active
3873,Michael Chavez,68,Male,Ahmedabad,Teacher,2992368.64,822,15,Low,Active
3874,Briana Watson,44,Female,Pune,Doctor,1979692.6,451,11,High,Active
3875,Kenneth Campbell,30,Female,Delhi,Manager,970586.34,559,14,High,Active
3876,James Harris,51,Female,Chennai,Manager,1993855.46,407,6,High,Active
3877,Jessica Johnson,49,Male,Pune,Manager,2250901.13,795,4,Low,Inactive
3878,Amanda Jacobs,64,Female,Pune,Manager,1070325.95,845,4,High,Inactive
3879,Mrs. Latasha Barnes MD,49,Male,Chennai,Business,1332439.89,564,8,High,Inactive
3880,Robert Suarez,65,Female,Pune,Teacher,2616061.85,447,11,High,Active
3881,Robert Acevedo,26,Female,Hyderabad,Manager,1826899.9,562,15,Low,Inactive
3882,Lisa Flynn,39,Female,Chennai,Teacher,2292039.03,318,11,High,Inactive
3883,Leslie Webb,40,Female,Bangalore,Teacher,2926212.06,713,3,Medium,Inactive
3884,Darrell Davis,28,Female,Ahmedabad,Business,2406874.56,702,1,Low,Inactive
3885,Jeffrey Morales,35,Male,Hyderabad,Manager,2347876.74,615,9,Low,Inactive
3886,Caleb Gray,61,Male,Ahmedabad,Engineer,2703245.6,368,6,Low,Active
3887,Justin Grant,28,Male,Hyderabad,Engineer,2671454.36,416,4,High,Active
3888,Kevin Martin,68,Female,Delhi,Manager,1681549.85,332,7,Medium,Active
3889,Anthony Blake,54,Male,Bangalore,Teacher,1774213.36,809,3,Medium,Inactive
3890,Amy Ochoa,32,Female,Kolkata,Analyst,2255355.86,653,5,Low,Inactive
3891,Elizabeth Estrada,32,Male,Chennai,Manager,477546.08,805,13,Medium,Active
3892,Dana Greene,22,Male,Mumbai,Business,334909.89,614,9,Low,Active
3893,Meagan Strong,19,Female,Pune,Business,2867034.67,554,13,Medium,Active
3894,Rodney Thomas,69,Male,Delhi,Engineer,851589.62,747,14,Medium,Inactive
3895,Derrick Horne,40,Female,Mumbai,Teacher,1426733.64,449,13,Low,Inactive
3896,Corey Curry,36,Male,Mumbai,Doctor,1919581.39,371,13,Medium,Active
3897,Robert Klein,64,Male,Mumbai,Business,2084765.83,721,13,High,Active
3898,James Hall,23,Female,Delhi,Business,2127294.81,413,13,Medium,Active
3899,Denise Lynch,30,Male,Kolkata,Analyst,566921.41,333,14,High,Inactive
3900,Melissa Cruz,66,Female,Chennai,Doctor,1866601.42,724,1,Medium,Active
3901,Rachel Griffith,38,Female,Kolkata,Engineer,868193.65,816,6,Low,Active
3902,Jacqueline Gonzalez,21,Male,Bangalore,Manager,2739908.77,499,15,Low,Active
3903,Lauren Weber,52,Male,Chennai,Doctor,2661712.09,653,15,Medium,Inactive
3904,Sean Love,58,Male,Bangalore,Business,1029948.67,519,8,Medium,Inactive
3905,Zachary Hampton,34,Male,Mumbai,Analyst,631143.37,559,8,High,Inactive
3906,Gregory Chavez,20,Female,Pune,Analyst,1706879.9,719,13,Low,Inactive
3907,Elizabeth Preston,29,Female,Ahmedabad,Analyst,2602760.65,802,12,Low,Inactive
3908,Allen Garner,35,Male,Delhi,Engineer,1116058.15,702,11,High,Active
3909,Steven Gentry,33,Female,Bangalore,Teacher,924333.63,330,7,Medium,Active
3910,Hailey Simpson,68,Female,Pune,Analyst,873078.1,835,1,Low,Active
3911,Terry Cox,33,Female,Delhi,Doctor,283697.14,584,7,Low,Inactive
3912,Ashley Lee,31,Female,Ahmedabad,Teacher,1634731.87,505,9,High,Active
3913,Heather Jones,32,Female,Chennai,Analyst,1489359.98,632,3,Medium,Active
3914,Dawn Cruz,51,Female,Bangalore,Doctor,2717769.76,539,11,High,Active
3915,Tiffany Gregory,65,Female,Delhi,Engineer,2153934.7,631,7,High,Inactive
3916,Jennifer Hinton,22,Male,Ahmedabad,Doctor,308400.11,669,12,High,Active
3917,Matthew Romero,65,Male,Kolkata,Business,2124288.65,496,2,High,Inactive
3918,James James,48,Male,Chennai,Business,1919712.69,574,13,Medium,Active
3919,Miranda Newman,27,Male,Hyderabad,Doctor,2943690.17,405,1,Medium,Active
3920,Alyssa Richardson,30,Male,Bangalore,Business,2208910.27,758,8,Medium,Inactive
3921,Erik Jones,57,Male,Delhi,Analyst,1680217.08,373,10,Low,Inactive
3922,Jeffrey Johnson,53,Male,Pune,Engineer,2365474.7,839,14,Medium,Active
3923,Ashley Robbins,56,Male,Delhi,Manager,2438186.84,690,5,Low,Active
3924,George Dickson,19,Male,Delhi,Manager,659636.17,383,7,Low,Active
3925,Keith Neal,49,Male,Hyderabad,Doctor,2818351.24,481,5,High,Inactive
3926,Teresa Sullivan,36,Male,Kolkata,Business,2849756.99,520,12,Low,Inactive
3927,Tracey Yang,27,Female,Chennai,Doctor,689279.98,545,12,High,Active
3928,Tonya Newman,60,Male,Bangalore,Analyst,583103.66,380,14,Low,Active
3929,Anthony Williams,60,Male,Delhi,Manager,2563867.27,791,12,Medium,Inactive
3930,Jill Ali,25,Female,Ahmedabad,Engineer,2255206.34,476,6,High,Inactive
3931,Christopher Turner,50,Male,Chennai,Engineer,499768.4,773,15,Low,Inactive
3932,Jamie Kelley,31,Male,Chennai,Engineer,849063.19,708,7,Medium,Active
3933,Rebecca Navarro,36,Female,Mumbai,Doctor,2884073.77,690,5,Low,Inactive
3934,Ronald Gutierrez,23,Male,Mumbai,Business,2925103.41,833,3,High,Inactive
3935,Lisa Rivera,58,Male,Mumbai,Teacher,1739668.26,348,4,Low,Active
3936,Deborah Fletcher,37,Female,Mumbai,Doctor,2046173.73,515,7,High,Inactive
3937,Nicole Rubio,66,Male,Ahmedabad,Business,2732008.9,458,1,Medium,Inactive
3938,Ashley James,61,Female,Mumbai,Doctor,614809.87,375,8,Medium,Active
3939,Jeremy Duffy,26,Female,Mumbai,Business,2490587.3,360,11,Low,Active
3940,Willie Martin,24,Female,Hyderabad,Doctor,2344294.96,455,2,Low,Active
3941,Kim Calderon,23,Female,Chennai,Engineer,1098831.96,613,9,High,Active
3942,Mr. Todd Stafford,65,Female,Pune,Doctor,2783946.43,804,11,Medium,Inactive
3943,Mackenzie Carter,22,Female,Chennai,Manager,1897283.99,625,13,Low,Active
3944,Amber Mitchell,20,Male,Delhi,Manager,337752.18,472,2,Medium,Inactive
3945,Nicole Butler,48,Female,Delhi,Manager,1559500.81,330,2,Low,Inactive
3946,Russell Fernandez,54,Male,Kolkata,Teacher,869722.22,487,4,Medium,Active
3947,Nathan Lopez,61,Male,Pune,Analyst,962918.58,572,12,Low,Inactive
3948,Brenda Beltran,19,Male,Delhi,Teacher,2603595.93,346,14,Low,Active
3949,Anthony Chavez,68,Female,Bangalore,Business,1252432.55,663,2,High,Inactive
3950,James Leach,41,Male,Delhi,Engineer,2951942.78,790,8,Low,Inactive
3951,Keith Glass,22,Male,Ahmedabad,Teacher,1432765.39,666,9,Medium,Inactive
3952,Carolyn Smith,28,Female,Bangalore,Teacher,1565146.29,653,7,High,Active
3953,Gary Combs,29,Male,Chennai,Analyst,2457526.38,703,4,Medium,Inactive
3954,Kevin Brown,36,Male,Delhi,Teacher,2848782.73,770,2,Low,Inactive
3955,Eric Sparks,50,Female,Mumbai,Teacher,471757.51,812,11,Medium,Inactive
3956,Sherry Baker,62,Male,Bangalore,Doctor,2945513.25,303,7,High,Inactive
3957,Robin Bush,44,Male,Mumbai,Doctor,1096048.14,813,4,Medium,Active
3958,Hannah Rocha,26,Female,Kolkata,Doctor,825861.69,366,13,Medium,Inactive
3959,John Johnson,24,Male,Kolkata,Teacher,2190848.63,374,8,Low,Inactive
3960,Dillon Baldwin,33,Female,Delhi,Business,673035.35,674,12,Low,Inactive
3961,Jessica Dominguez,35,Male,Pune,Engineer,2633196.34,838,7,High,Inactive
3962,Robert Hammond,44,Female,Ahmedabad,Manager,2436877.3,426,6,Low,Active
3963,Courtney Hall,33,Female,Kolkata,Teacher,2343373.17,606,15,Medium,Inactive
3964,Jason Tucker,58,Female,Hyderabad,Manager,1157857.17,344,7,Medium,Inactive
3965,Jason Branch,34,Female,Pune,Doctor,1860672.04,729,3,Medium,Inactive
3966,Lori Brown,45,Male,Hyderabad,Analyst,2298861.34,387,9,Medium,Active
3967,Chelsea Martinez,50,Female,Kolkata,Analyst,2929388.09,797,7,High,Inactive
3968,Leon Oneill,62,Female,Chennai,Teacher,2281859.55,476,11,Low,Inactive
3969,Jason Tate,46,Male,Pune,Business,897194.76,322,7,Low,Active
3970,Ralph Spence,39,Male,Hyderabad,Teacher,419083.35,627,10,High,Inactive
3971,Austin Rivas,56,Male,Mumbai,Business,1084609.46,630,12,High,Active
3972,Yvonne Scott,20,Male,Chennai,Engineer,808302.57,798,9,Medium,Active
3973,Angela Guzman,26,Male,Pune,Manager,2684296.12,696,2,High,Active
3974,Mark Allen,57,Female,Bangalore,Analyst,2986799.18,630,9,High,Inactive
3975,Kelly Chandler,46,Female,Ahmedabad,Manager,303726.49,379,15,Medium,Inactive
3976,Kathy Chavez,36,Female,Ahmedabad,Teacher,2146630.73,411,6,Medium,Active
3977,Judy Glass,23,Male,Bangalore,Engineer,1671865.98,456,6,High,Active
3978,Heather Armstrong,44,Male,Kolkata,Analyst,1377665.49,555,11,Medium,Inactive
3979,Robert Mccormick,52,Female,Ahmedabad,Analyst,1870010.91,678,14,Low,Active
3980,Brandon Shea,41,Male,Bangalore,Business,2806930.42,442,13,Medium,Inactive
3981,Andrew Martinez,18,Male,Kolkata,Engineer,710989.52,377,5,Low,Active
3982,Jessica Dean,68,Male,Pune,Engineer,435123.79,522,2,Low,Active
3983,Andre Ryan,38,Female,Kolkata,Doctor,783852.69,492,6,High,Active
3984,John Willis,48,Female,Ahmedabad,Engineer,1968721.08,627,15,Low,Inactive
3985,Caitlin Hamilton,67,Male,Mumbai,Teacher,936132.67,483,13,Medium,Active
3986,Jenna Hamilton,18,Female,Pune,Doctor,1041883.54,352,4,Medium,Inactive
3987,Lucas George,27,Female,Ahmedabad,Teacher,2693303.78,595,14,Low,Active
3988,Selena Long,36,Female,Mumbai,Business,2201684.69,530,10,Low,Inactive
3989,Jennifer Patel,38,Male,Ahmedabad,Analyst,1442553.25,319,7,Low,Active
3990,James Clark,40,Male,Kolkata,Engineer,2612164.14,409,7,Low,Inactive
3991,Meghan Allen,21,Male,Ahmedabad,Business,1519727.2,522,11,High,Active
3992,Bryan Ramirez,41,Male,Mumbai,Engineer,783261.54,427,13,Low,Active
3993,Natalie Werner,55,Male,Chennai,Business,303159.13,476,12,Low,Inactive
3994,Joseph Williams,63,Male,Bangalore,Doctor,2737188.33,410,1,High,Active
3995,Trevor Wells,59,Male,Chennai,Business,2434656.08,593,1,Low,Inactive
3996,Stacy Barker,56,Male,Kolkata,Manager,615988.02,720,15,Medium,Active
3997,Elizabeth Fitzgerald,61,Female,Mumbai,Engineer,1478708.87,616,10,High,Inactive
3998,Joshua Melton,50,Male,Delhi,Business,2734041.78,748,12,Medium,Inactive
3999,Donna Petty,67,Male,Hyderabad,Analyst,636851.54,522,13,High,Active
4000,Andrea Carter,46,Male,Chennai,Analyst,2077102.11,810,1,High,Active
4001,Melissa Lane,30,Male,Bangalore,Doctor,1212211.01,477,11,Medium,Active
4002,Samantha Brooks,65,Female,Kolkata,Analyst,1813389.19,812,12,Low,Active
4003,Connie Alvarez,40,Female,Hyderabad,Doctor,1175852.45,353,4,High,Active
4004,Robert Keller,31,Female,Kolkata,Doctor,2661892.96,697,1,Low,Inactive
4005,Lisa Powell,28,Female,Pune,Engineer,1667516.94,800,11,Medium,Active
4006,Elizabeth Gray,29,Female,Kolkata,Doctor,2811049.54,491,10,Medium,Inactive
4007,Carol Ware,58,Male,Delhi,Teacher,411761.4,335,8,Medium,Inactive
4008,Stephanie Jones,52,Male,Hyderabad,Manager,2681194.77,462,7,High,Inactive
4009,Jeffery Schneider,43,Male,Chennai,Engineer,2341037.56,334,2,High,Active
4010,Christopher Love,22,Female,Hyderabad,Business,2701103.42,771,12,Low,Inactive
4011,Krystal Jackson,34,Female,Bangalore,Business,926563.11,368,12,Medium,Inactive
4012,Dalton Wagner,41,Female,Delhi,Business,2207751.66,520,15,Medium,Inactive
4013,Karen Hoover,34,Female,Hyderabad,Analyst,1765703.97,344,15,Medium,Inactive
4014,Breanna Morris,29,Female,Ahmedabad,Analyst,1646601.51,614,6,Medium,Inactive
4015,Teresa Campbell,27,Female,Pune,Manager,2015202.45,783,15,Medium,Active
4016,Terry Ortiz,46,Male,Ahmedabad,Manager,1278405.04,834,2,Medium,Inactive
4017,Austin Hayes,25,Male,Chennai,Manager,656955.55,646,15,Medium,Inactive
4018,Joel Gonzalez,44,Male,Pune,Analyst,892497.25,660,14,Medium,Active
4019,Shawn Castillo,29,Male,Hyderabad,Engineer,1592408.89,811,3,Low,Active
4020,Colleen Hall,20,Female,Hyderabad,Teacher,543691.26,685,6,Medium,Inactive
4021,Kimberly Drake,42,Male,Delhi,Teacher,2026865.05,308,6,Medium,Active
4022,Stacey Hanna,49,Female,Chennai,Teacher,771158.09,532,3,Low,Active
4023,Jennifer Caldwell,49,Female,Ahmedabad,Business,1226206.6,764,10,Low,Inactive
4024,Lisa Hill,36,Female,Chennai,Engineer,2546233.43,600,15,High,Inactive
4025,Michael Hernandez,60,Female,Kolkata,Analyst,2117010.1,849,11,Low,Inactive
4026,Brent Romero,65,Male,Mumbai,Teacher,623649.24,508,9,Low,Inactive
4027,Jacqueline Reynolds,21,Male,Pune,Business,2541845.77,601,4,Low,Active
4028,Ann Goodman,33,Female,Pune,Manager,683228.42,668,3,High,Inactive
4029,Sarah Barber,50,Female,Delhi,Doctor,1563254.11,543,3,Medium,Inactive
4030,Joseph Robinson,38,Male,Chennai,Analyst,2618369.16,323,5,Medium,Active
4031,Cassidy Taylor,20,Female,Chennai,Doctor,2271631.83,821,1,Low,Inactive
4032,Mr. Jason Knight DDS,36,Female,Pune,Teacher,630729.68,763,3,Medium,Inactive
4033,Paula Caldwell,38,Female,Bangalore,Manager,1291293.08,364,11,Medium,Inactive
4034,Michael Lewis,25,Female,Mumbai,Analyst,2045736.23,755,11,Low,Active
4035,Cheryl Burton,32,Male,Delhi,Teacher,2036960.4,624,12,High,Inactive
4036,Dan Walker,24,Female,Delhi,Teacher,1703115.49,627,5,High,Active
4037,Dakota Preston,20,Female,Pune,Manager,1875112.11,361,10,High,Inactive
4038,Theresa Ponce,18,Female,Ahmedabad,Manager,1044134.34,643,10,Medium,Inactive
4039,Emily Richardson,60,Male,Ahmedabad,Doctor,1706924.14,575,10,Low,Active
4040,Claire Mcgee,62,Female,Delhi,Analyst,685207.41,669,14,High,Inactive
4041,Matthew Hernandez,50,Female,Delhi,Manager,2525116.71,644,1,High,Inactive
4042,Jake Sanders,68,Female,Ahmedabad,Analyst,1551720.38,352,7,Medium,Inactive
4043,Willie Rowe,24,Male,Delhi,Analyst,2504916.25,522,12,Low,Active
4044,Megan Duarte,25,Female,Bangalore,Engineer,315930.08,354,7,High,Inactive
4045,Sean Taylor,38,Female,Chennai,Business,2223780.72,497,13,Medium,Active
4046,Kelly Travis,31,Female,Bangalore,Teacher,2563604.3,398,14,Low,Active
4047,Michael Fuller,28,Male,Pune,Doctor,2233477.45,552,5,Low,Inactive
4048,Stacey Mahoney,23,Female,Ahmedabad,Engineer,2012665.71,719,12,Low,Active
4049,John Richardson,31,Male,Kolkata,Analyst,2138575.14,484,4,Medium,Active
4050,Evan Alexander,41,Male,Kolkata,Manager,1213789.25,361,2,Low,Inactive
4051,Kathryn Casey,62,Female,Bangalore,Doctor,708551.14,782,3,High,Active
4052,Jeremy White,30,Female,Pune,Analyst,2611418.24,333,1,Low,Inactive
4053,Jonathan Montoya,50,Female,Hyderabad,Engineer,1654933.39,457,14,Low,Inactive
4054,James Pena,25,Male,Mumbai,Doctor,2137488.05,591,4,High,Inactive
4055,Raymond Booker,47,Male,Delhi,Engineer,2727932.03,562,10,Low,Active
4056,Gloria Snyder,31,Male,Delhi,Teacher,1177742.91,511,10,Low,Inactive
4057,Elizabeth Pittman,45,Male,Pune,Engineer,258108.33,508,15,Low,Active
4058,Danielle Lutz,22,Male,Mumbai,Doctor,812439.14,418,6,Low,Active
4059,Paul Johnson,59,Female,Mumbai,Engineer,588712.84,388,3,High,Active
4060,Stephen Calderon,45,Female,Chennai,Business,2941921.91,644,6,High,Active
4061,Aaron Wright,56,Female,Pune,Teacher,1772391.89,365,9,High,Inactive
4062,Anita Campos,65,Male,Mumbai,Engineer,404681.43,342,6,Medium,Inactive
4063,Thomas Moore,33,Female,Bangalore,Teacher,2541370.42,406,1,High,Inactive
4064,Priscilla Mcmahon,55,Female,Hyderabad,Manager,2153624.56,708,2,High,Active
4065,Cassandra Walker MD,70,Male,Delhi,Manager,1682551.67,493,11,Medium,Active
4066,Richard Morris,57,Male,Delhi,Business,742427.47,728,11,High,Inactive
4067,Dr. Linda Gregory,44,Male,Kolkata,Analyst,2319909.9,819,7,Medium,Active
4068,Jacob Gonzales,40,Male,Pune,Teacher,1516673.43,527,10,Medium,Inactive
4069,James Villanueva,26,Male,Delhi,Analyst,626723.88,742,1,Medium,Inactive
4070,Travis Green,20,Male,Hyderabad,Engineer,852900.22,532,14,Low,Inactive
4071,Philip Jones,68,Male,Chennai,Engineer,2496832.22,618,1,Medium,Inactive
4072,Michael Mckinney,58,Male,Kolkata,Analyst,1372715.43,468,1,Medium,Inactive
4073,Tara Santiago,44,Male,Chennai,Engineer,1806712.35,683,13,High,Active
4074,Louis Poole,50,Female,Delhi,Teacher,780620.02,538,5,Low,Active
4075,Tabitha Davidson,33,Male,Mumbai,Analyst,2418227.36,369,4,Low,Inactive
4076,Grace Lester,69,Male,Bangalore,Engineer,2160751.51,329,7,High,Inactive
4077,Gabriel Sheppard,49,Female,Ahmedabad,Engineer,1076532.02,623,7,Medium,Inactive
4078,Michael Li,23,Male,Kolkata,Teacher,319591.63,400,8,Medium,Active
4079,Nicole White,20,Female,Chennai,Engineer,1427251.27,681,6,Medium,Inactive
4080,Kristine Watson,52,Female,Pune,Doctor,2509113.15,401,7,High,Active
4081,Daniel Dawson,25,Female,Delhi,Analyst,1960998.23,780,3,High,Active
4082,Laura Smith,68,Male,Mumbai,Manager,308518.68,785,11,Low,Active
4083,Alison Clark,48,Female,Ahmedabad,Manager,974123.34,301,9,High,Inactive
4084,Walter Ortega,44,Female,Delhi,Analyst,1258525.62,769,2,High,Active
4085,Travis Martin,34,Male,Hyderabad,Teacher,2608286.02,833,1,High,Inactive
4086,Chloe Navarro,57,Male,Delhi,Business,2459849.16,449,8,High,Active
4087,Veronica Gomez PhD,59,Female,Hyderabad,Teacher,2759738.29,639,10,Low,Inactive
4088,Megan Jones,18,Male,Mumbai,Manager,1179045.17,546,15,Low,Inactive
4089,Patrick Walker,21,Male,Chennai,Engineer,2995618.79,676,12,Medium,Active
4090,Noah Bowen,32,Male,Ahmedabad,Manager,1986281.67,480,8,Medium,Inactive
4091,Alexa Frazier,41,Male,Kolkata,Analyst,1899925.89,731,11,Medium,Inactive
4092,Grace Garrett,40,Female,Hyderabad,Doctor,392814.71,824,7,Medium,Inactive
4093,Benjamin Santiago,39,Female,Mumbai,Doctor,2389512.04,676,11,Low,Inactive
4094,Trevor Flynn,65,Female,Bangalore,Business,1539508.93,554,4,Low,Inactive
4095,Hannah Leach,32,Female,Delhi,Doctor,2170288.02,403,8,Medium,Active
4096,Kelly Jordan,38,Female,Delhi,Analyst,1996740.17,342,3,Low,Active
4097,Lauren Bender,57,Female,Pune,Doctor,2310748.55,547,3,Low,Inactive
4098,Amanda Pena,55,Female,Bangalore,Doctor,2761154.6,323,14,Low,Inactive
4099,Lisa Davis,69,Male,Delhi,Manager,1905107.79,797,11,Medium,Active
4100,Kenneth Phillips,42,Female,Kolkata,Business,959992.41,815,10,Medium,Inactive
4101,Paul Scott,27,Female,Ahmedabad,Engineer,1028572.54,700,11,Low,Active
4102,Katrina Holden,70,Male,Pune,Business,1234048.36,423,10,High,Active
4103,Jose Berg,38,Female,Kolkata,Manager,1768269.83,537,15,Low,Inactive
4104,Michael Henson,42,Female,Mumbai,Engineer,1561826.93,755,13,High,Inactive
4105,Adam Turner,29,Male,Hyderabad,Business,353889.22,409,3,Medium,Inactive
4106,Philip Johnson,64,Male,Delhi,Business,1569375.33,498,3,Low,Active
4107,Matthew Flores,67,Male,Bangalore,Engineer,2378365.02,616,8,High,Active
4108,Kenneth Drake,27,Female,Pune,Manager,1806974.23,743,9,High,Active
4109,Robert White,41,Male,Ahmedabad,Business,1939744.57,620,3,High,Inactive
4110,Julie Jacobs,34,Male,Chennai,Manager,1596783.23,379,7,Medium,Inactive
4111,Bruce Jones,29,Female,Chennai,Doctor,702896.46,754,13,Low,Inactive
4112,Hailey Vaughn,62,Male,Ahmedabad,Doctor,1935455.26,338,11,Medium,Inactive
4113,Pamela Jackson,68,Female,Kolkata,Doctor,801546.77,829,1,Low,Active
4114,Tammy Hanson,29,Male,Bangalore,Doctor,356346.92,543,9,High,Active
4115,Jesus Holmes,24,Female,Kolkata,Engineer,2358553.15,628,12,Low,Inactive
4116,Cathy Fitzgerald,66,Female,Kolkata,Analyst,1165508.84,624,6,Low,Inactive
4117,Daniel Larson,55,Male,Pune,Doctor,595097.93,598,9,Medium,Inactive
4118,Thomas Wright,30,Female,Mumbai,Doctor,446411.97,809,1,Low,Inactive
4119,Monique Smith,43,Male,Chennai,Doctor,253229.34,534,7,Medium,Active
4120,Paul Wise,67,Female,Mumbai,Business,1327782.55,809,1,Low,Inactive
4121,Cynthia Gonzales,67,Female,Pune,Analyst,2572011.66,570,11,Medium,Active
4122,Dale Jensen,58,Female,Ahmedabad,Engineer,2529684.19,751,12,Medium,Active
4123,Kenneth Kemp,70,Male,Ahmedabad,Doctor,422808.51,656,8,Medium,Inactive
4124,James Freeman,62,Male,Pune,Teacher,1161765.21,700,3,High,Inactive
4125,Regina Jones,55,Female,Bangalore,Doctor,2570467.73,798,3,High,Inactive
4126,Caitlin Thompson,27,Female,Ahmedabad,Business,593519.18,338,3,Low,Active
4127,Reginald Knapp,49,Female,Mumbai,Doctor,1879358.75,536,7,Low,Inactive
4128,Daniel Mills,64,Female,Hyderabad,Doctor,1195031.14,545,6,Medium,Active
4129,Ryan George,35,Male,Kolkata,Business,1271493.56,556,14,High,Active
4130,Mary Howard,59,Female,Mumbai,Teacher,1702518.03,601,11,Low,Active
4131,Tim Bryant,40,Female,Bangalore,Business,1850415.4,574,15,Medium,Active
4132,Krista Carlson,61,Female,Ahmedabad,Business,2495274.85,798,14,Low,Inactive
4133,Sean Johnston,28,Female,Chennai,Doctor,1213387.39,500,2,Medium,Inactive
4134,Curtis Garcia,33,Female,Chennai,Doctor,904285.06,325,12,Low,Inactive
4135,Paul Ortiz,58,Female,Hyderabad,Analyst,2726867.05,654,5,Medium,Active
4136,Devin Richardson,23,Male,Chennai,Doctor,419109.9,332,12,Medium,Inactive
4137,Gabrielle Miller,42,Female,Ahmedabad,Manager,432871.8,415,1,High,Active
4138,Sara Hunt,68,Female,Delhi,Manager,596012.62,358,1,Medium,Active
4139,Veronica Ellis DDS,51,Female,Kolkata,Engineer,663567.6,762,10,Medium,Active
4140,Michael Barber,59,Male,Hyderabad,Analyst,1362930.88,726,12,Medium,Inactive
4141,Beth Gonzales,47,Female,Mumbai,Doctor,1009756.31,720,9,High,Active
4142,Tanya Snyder,56,Male,Hyderabad,Teacher,2080642.93,410,15,Low,Active
4143,John Nguyen,24,Female,Kolkata,Manager,2196599.23,697,5,Low,Inactive
4144,Alejandro Patterson,54,Female,Kolkata,Engineer,2715905.78,507,5,Low,Active
4145,Thomas Herman,58,Female,Hyderabad,Analyst,629083.81,397,5,Medium,Active
4146,Joshua Johnson,43,Male,Bangalore,Teacher,1366655.26,373,10,Medium,Active
4147,Scott Schultz,20,Male,Chennai,Engineer,2997365.61,325,3,High,Active
4148,Bradley Carson,70,Male,Pune,Manager,478777.85,311,8,Medium,Active
4149,Julie Jenkins,49,Male,Chennai,Teacher,1803863.21,543,15,Low,Active
4150,Bryan Harrington,55,Male,Mumbai,Manager,1784397.72,407,9,Medium,Inactive
4151,Michael Jenkins,18,Female,Chennai,Analyst,1414694.47,826,1,High,Inactive
4152,Keith Haley,68,Female,Mumbai,Engineer,1147400.58,522,15,Low,Inactive
4153,Jennifer Hicks,67,Female,Mumbai,Analyst,480300.1,845,6,Medium,Active
4154,Chad Bryant,23,Male,Hyderabad,Analyst,2490278.18,546,11,High,Active
4155,John Harmon,40,Male,Ahmedabad,Doctor,1032977.98,731,13,Low,Inactive
4156,Roger Lee,45,Female,Mumbai,Teacher,2015011.25,496,15,High,Inactive
4157,Lindsey Shields,68,Female,Kolkata,Doctor,2554074.11,473,4,Low,Inactive
4158,Timothy Ellison MD,39,Female,Ahmedabad,Engineer,2104373.59,684,1,Medium,Inactive
4159,Adam Haynes,51,Male,Kolkata,Engineer,2921520.09,768,13,High,Inactive
4160,Sara Brown,48,Male,Delhi,Engineer,1007975.29,743,3,Medium,Inactive
4161,Kelly Ortega,22,Male,Ahmedabad,Business,1527607.93,569,15,High,Inactive
4162,John Blackwell,21,Male,Ahmedabad,Business,2164591.5,583,7,Low,Active
4163,Douglas Dickerson,28,Female,Hyderabad,Business,2654050.84,626,1,High,Inactive
4164,Caroline Bailey,33,Male,Bangalore,Doctor,1670157.82,488,13,High,Active
4165,Melanie Gilbert,38,Female,Pune,Business,2333898.76,643,8,Medium,Inactive
4166,Dr. Alec Davis,65,Female,Ahmedabad,Engineer,267948.65,450,4,Low,Active
4167,Christopher Young,42,Male,Ahmedabad,Business,1312072.96,419,7,High,Active
4168,Sherri Boone,70,Male,Kolkata,Engineer,2273635.73,537,11,High,Inactive
4169,Derrick Valencia,31,Male,Ahmedabad,Engineer,2864390.0,672,14,Medium,Inactive
4170,Amy Cabrera,39,Male,Hyderabad,Manager,1113488.43,564,14,Medium,Active
4171,Angela Maxwell,55,Female,Delhi,Business,2850595.57,341,9,High,Active
4172,Michael Gregory,64,Female,Delhi,Teacher,1104528.6,313,9,Medium,Active
4173,Daniel Hill,22,Female,Pune,Engineer,2509657.33,567,13,Low,Active
4174,Sara Goodman,59,Male,Hyderabad,Manager,1665858.27,792,1,Medium,Inactive
4175,Steven Meyer,52,Male,Kolkata,Manager,1427666.63,834,11,High,Active
4176,Lisa Peters,27,Male,Hyderabad,Business,1754781.44,441,13,Medium,Active
4177,Deanna Pham,43,Male,Bangalore,Analyst,1157132.38,561,9,Low,Inactive
4178,Kurt Peters,60,Male,Pune,Doctor,2062521.56,594,13,Medium,Inactive
4179,Joshua Perry,58,Female,Hyderabad,Analyst,779681.45,486,13,High,Inactive
4180,Alexis Salas,19,Female,Ahmedabad,Doctor,1604419.98,443,1,Medium,Active
4181,Mrs. Sandra Rice,33,Male,Chennai,Business,1138606.56,598,3,Low,Active
4182,Debra Morales,65,Female,Kolkata,Business,736212.79,576,2,High,Inactive
4183,Zachary Howard,70,Male,Delhi,Doctor,2681056.1,700,4,Low,Active
4184,Brandi Martin,59,Male,Ahmedabad,Doctor,1036352.13,759,9,Medium,Active
4185,Richard Hammond,64,Male,Chennai,Doctor,646786.97,726,3,Medium,Inactive
4186,Michael Copeland,42,Male,Hyderabad,Doctor,815421.83,712,12,High,Inactive
4187,Troy Miranda,66,Female,Ahmedabad,Business,746250.71,801,4,Low,Active
4188,Victor Griffin,21,Female,Delhi,Teacher,1115565.07,446,15,Low,Inactive
4189,Daniel Short,18,Male,Bangalore,Manager,2063222.1,664,13,Medium,Active
4190,Jessica Lee,54,Male,Bangalore,Manager,2147865.87,834,8,Low,Active
4191,Crystal Guzman,51,Female,Chennai,Manager,1899573.41,456,2,High,Active
4192,Allison Ho,35,Male,Mumbai,Analyst,1162608.53,579,7,Medium,Inactive
4193,Jason Hall,56,Female,Bangalore,Business,2459661.34,847,7,High,Active
4194,Brandon Woods,24,Female,Chennai,Business,2887471.37,477,15,Low,Active
4195,Kenneth Zavala,39,Male,Bangalore,Engineer,1621719.17,413,3,High,Inactive
4196,Danielle Marshall,42,Female,Ahmedabad,Business,666635.28,396,9,Medium,Active
4197,James Patel,43,Male,Kolkata,Teacher,2968466.33,576,9,Medium,Active
4198,Stephanie Morris,30,Female,Mumbai,Engineer,1862552.06,401,10,High,Inactive
4199,Benjamin Ramirez,19,Female,Chennai,Manager,1210160.72,485,13,Medium,Active
4200,Anthony Davis,66,Female,Kolkata,Doctor,2830964.56,822,4,Medium,Inactive
4201,Dr. Brandon Ramos,68,Male,Kolkata,Teacher,694079.98,438,9,Medium,Active
4202,Janet Harvey,62,Male,Chennai,Analyst,1141726.39,736,5,Low,Inactive
4203,Jennifer Smith,51,Male,Mumbai,Analyst,339612.3,583,2,High,Inactive
4204,Sue Scott,23,Male,Chennai,Business,870216.97,726,8,High,Inactive
4205,Michael Daniels,55,Female,Hyderabad,Doctor,919820.35,782,1,High,Inactive
4206,John Orozco,65,Male,Ahmedabad,Doctor,1609726.39,728,6,Medium,Active
4207,Raymond Moore,22,Female,Chennai,Engineer,1209082.8,788,7,High,Inactive
4208,Rachel Martinez,54,Female,Kolkata,Engineer,2573464.54,543,7,Low,Inactive
4209,Amanda Hampton,29,Female,Hyderabad,Manager,2654385.69,695,9,Low,Inactive
4210,Cynthia Brown,34,Female,Bangalore,Teacher,1637824.93,477,9,High,Active
4211,Billy Raymond,66,Male,Bangalore,Analyst,322408.44,776,8,Low,Active
4212,Brian Garcia,55,Female,Bangalore,Manager,2529154.31,497,11,High,Inactive
4213,Stephen Phillips,61,Female,Bangalore,Doctor,2843506.49,440,14,High,Active
4214,Tina Ferguson,51,Male,Pune,Doctor,1917441.6,570,14,Low,Inactive
4215,Brenda Murphy,65,Female,Kolkata,Analyst,1705050.19,765,9,High,Inactive
4216,Tiffany Marshall,18,Female,Bangalore,Analyst,726129.09,818,4,Medium,Active
4217,Elizabeth Vazquez,18,Male,Ahmedabad,Analyst,2784665.2,551,12,Low,Active
4218,Jordan Price,51,Female,Bangalore,Analyst,570452.0,512,14,High,Inactive
4219,David Flores,33,Male,Chennai,Manager,1395033.53,807,15,Medium,Active
4220,Lisa Simmons,41,Female,Kolkata,Engineer,1461991.86,536,2,High,Inactive
4221,Elizabeth Ramirez,38,Female,Pune,Doctor,942411.16,301,5,High,Inactive
4222,Sarah Mendez,37,Male,Delhi,Manager,2418090.32,824,11,Medium,Inactive
4223,James Clements,23,Male,Mumbai,Engineer,1096060.01,566,4,Low,Inactive
4224,Donna Weaver,59,Male,Kolkata,Teacher,1366282.91,539,15,Medium,Active
4225,Joann Day,26,Female,Delhi,Teacher,1393376.72,362,9,High,Active
4226,Tammy Smith,49,Male,Hyderabad,Business,1809094.08,378,8,High,Inactive
4227,Alyssa Bradley,35,Female,Hyderabad,Teacher,572311.15,582,6,High,Inactive
4228,William Johnson,25,Male,Bangalore,Business,576167.29,319,15,Low,Active
4229,Jodi Collins,45,Female,Bangalore,Business,1971351.82,682,2,Low,Active
4230,Sara Stevens,69,Female,Delhi,Analyst,1643681.97,485,15,Medium,Inactive
4231,Rachel Williams,64,Female,Delhi,Teacher,2684983.66,606,3,High,Active
4232,Amanda Cobb,55,Male,Bangalore,Manager,339172.52,544,13,Low,Inactive
4233,Kimberly Molina,24,Female,Ahmedabad,Manager,2834731.43,733,13,Medium,Active
4234,Jerome Villarreal,60,Male,Bangalore,Analyst,630422.28,582,15,Low,Inactive
4235,Wendy Dickson,42,Male,Hyderabad,Doctor,2434566.25,720,2,Low,Inactive
4236,Kevin Torres,21,Male,Mumbai,Manager,676993.23,743,8,High,Active
4237,Jeffrey Gill,33,Female,Pune,Doctor,2162743.9,457,2,Low,Active
4238,Christopher Harris,49,Male,Kolkata,Business,1758331.34,736,13,Medium,Active
4239,Ashley Morse,32,Male,Kolkata,Doctor,552087.44,714,4,Low,Inactive
4240,Lindsey Brown,65,Female,Pune,Analyst,1373471.47,727,8,High,Inactive
4241,Natalie Marks,56,Male,Kolkata,Teacher,2588996.94,594,11,Medium,Inactive
4242,Brianna Montgomery,27,Male,Mumbai,Business,2867443.33,334,6,Medium,Inactive
4243,Chelsey Peterson MD,22,Female,Ahmedabad,Engineer,2658088.33,624,12,Medium,Inactive
4244,Caroline Taylor,33,Female,Chennai,Teacher,487515.4,713,2,High,Inactive
4245,Danielle Lewis,35,Male,Ahmedabad,Business,2910157.7,300,3,Low,Active
4246,Faith Finley,66,Male,Hyderabad,Analyst,1477584.66,779,7,Low,Inactive
4247,Amanda Lynn,23,Male,Bangalore,Analyst,2652820.5,725,1,Low,Active
4248,Stanley Rodriguez,50,Male,Bangalore,Engineer,2496281.74,530,2,Low,Active
4249,Luis Avila,47,Male,Hyderabad,Business,1325965.65,487,2,Medium,Inactive
4250,Melody Rose,33,Female,Bangalore,Doctor,1939577.88,354,12,High,Active
4251,Mrs. Jennifer Olson,44,Male,Delhi,Engineer,698235.82,446,5,Low,Active
4252,Jeffery Mueller,59,Male,Mumbai,Teacher,778080.49,406,11,Medium,Inactive
4253,James Porter,31,Male,Hyderabad,Analyst,1070146.33,590,3,High,Active
4254,Adam Walters,34,Female,Mumbai,Manager,1411587.51,674,9,Low,Active
4255,Erik Roberts,39,Male,Delhi,Engineer,1555116.2,471,8,High,Inactive
4256,Sandra Martin,22,Male,Pune,Manager,2337588.14,623,5,Medium,Active
4257,Matthew Jensen,68,Female,Ahmedabad,Teacher,1154148.11,531,15,Low,Active
4258,Michael Barnes,57,Male,Kolkata,Business,1520190.84,418,4,Medium,Active
4259,Ronald Black,43,Female,Chennai,Analyst,1689218.01,640,2,Medium,Inactive
4260,David Brooks,50,Female,Hyderabad,Manager,1384105.89,521,14,Low,Active
4261,Steven Cook,25,Male,Kolkata,Analyst,1348613.23,595,15,High,Inactive
4262,David Morales,62,Male,Bangalore,Doctor,760600.93,570,3,High,Active
4263,Barbara Patton,18,Male,Chennai,Business,1788866.79,649,1,High,Active
4264,Tiffany Lewis,64,Male,Delhi,Doctor,532430.51,592,12,Low,Active
4265,Jennifer Grant,31,Female,Hyderabad,Engineer,1687359.87,653,4,High,Inactive
4266,Jennifer Foster,42,Male,Hyderabad,Doctor,2493393.53,655,10,Medium,Inactive
4267,Tracie Velasquez,43,Male,Delhi,Analyst,2491113.81,387,6,Medium,Active
4268,Mary Barry DVM,31,Male,Pune,Doctor,254793.34,435,5,Low,Inactive
4269,Nicole Daniel,69,Female,Ahmedabad,Analyst,1194201.57,465,1,Low,Inactive
4270,Thomas Garrison,48,Female,Bangalore,Teacher,2099112.55,614,13,High,Active
4271,Stephanie Contreras,21,Male,Delhi,Doctor,2833309.68,741,12,Medium,Inactive
4272,Stacey White,49,Female,Kolkata,Teacher,2476620.68,332,13,Low,Active
4273,Stephen Shaffer,46,Female,Mumbai,Manager,855911.71,438,6,Medium,Active
4274,Michelle Walsh,54,Female,Chennai,Business,1608910.86,544,5,Medium,Inactive
4275,Andrew Hoover,53,Male,Bangalore,Business,1024852.42,396,2,Low,Active
4276,Jessica Hodges,30,Female,Ahmedabad,Business,1194644.14,516,9,Low,Active
4277,William Brown,40,Female,Delhi,Teacher,453809.71,519,9,Low,Inactive
4278,Alicia Gomez,60,Female,Kolkata,Teacher,1235743.72,304,15,High,Active
4279,Timothy Young,37,Female,Bangalore,Manager,297111.61,664,6,High,Active
4280,Benjamin Hunt,40,Female,Pune,Analyst,2899951.35,813,10,High,Inactive
4281,Melinda Phillips,45,Male,Hyderabad,Engineer,1653359.37,588,7,Medium,Active
4282,Daniel Harris,67,Male,Delhi,Analyst,422302.03,648,9,Medium,Active
4283,Daniel Wood,23,Female,Bangalore,Engineer,2000400.35,428,15,Medium,Inactive
4284,Theresa Bennett,67,Male,Kolkata,Business,668446.94,741,9,Medium,Active
4285,Darlene Adams,50,Male,Delhi,Analyst,682196.96,528,6,Low,Inactive
4286,Clinton Copeland,32,Female,Bangalore,Engineer,944733.95,411,7,Medium,Active
4287,William White,69,Male,Bangalore,Teacher,1033300.48,479,3,Low,Inactive
4288,Adam Warren,61,Male,Hyderabad,Analyst,312646.36,536,9,Medium,Active
4289,Kevin Cortez,23,Male,Hyderabad,Doctor,537786.62,474,12,Low,Inactive
4290,Amanda Blair,55,Female,Chennai,Engineer,1235440.82,301,3,Low,Inactive
4291,Christopher Buck,37,Male,Hyderabad,Doctor,593294.81,810,1,Low,Inactive
4292,Jocelyn Miller,51,Male,Chennai,Doctor,1199216.23,629,2,High,Inactive
4293,Elizabeth Carey,69,Female,Kolkata,Teacher,1546799.45,674,14,Medium,Inactive
4294,Shelia Smith,61,Male,Chennai,Analyst,716427.56,426,7,High,Active
4295,Thomas Vaughn,18,Female,Hyderabad,Teacher,2070840.35,569,8,High,Active
4296,Todd Castillo,30,Female,Delhi,Engineer,369145.1,364,12,High,Active
4297,Brandi Barton,48,Male,Mumbai,Manager,2773225.57,456,5,Low,Active
4298,Ashley Whitney,63,Male,Bangalore,Analyst,2165229.62,672,13,High,Active
4299,Mason Knight,41,Male,Hyderabad,Engineer,423354.69,307,6,Low,Inactive
4300,Megan Barker,58,Female,Hyderabad,Engineer,2644645.23,704,9,Medium,Inactive
4301,Donna Rodgers,33,Male,Hyderabad,Business,2164816.9,445,2,Low,Active
4302,Kristin Lewis,45,Female,Pune,Analyst,2885747.28,521,2,Medium,Active
4303,Julia Scott,35,Female,Pune,Manager,281766.45,528,14,Medium,Inactive
4304,Austin Ramirez,65,Female,Delhi,Business,1303973.1,414,14,High,Active
4305,Craig Dennis,55,Male,Delhi,Engineer,1342916.48,666,1,High,Inactive
4306,Adam Mejia,43,Female,Kolkata,Engineer,2062686.55,471,8,Medium,Inactive
4307,Stephen Mccarty,69,Female,Kolkata,Manager,2672919.61,346,11,Medium,Active
4308,Lori Nelson,42,Male,Mumbai,Engineer,1890242.88,546,15,High,Active
4309,Debra Kim,37,Female,Delhi,Manager,384705.18,582,15,Low,Active
4310,Ricardo Greene,55,Male,Mumbai,Manager,943903.49,510,14,Low,Inactive
4311,Mary Scott,55,Female,Kolkata,Teacher,323972.73,365,10,Medium,Inactive
4312,Kristen Marquez,38,Female,Hyderabad,Engineer,2050675.4,450,2,Low,Active
4313,Jessica Phillips,39,Female,Chennai,Manager,2067085.68,468,4,High,Active
4314,Kyle Wang,64,Male,Delhi,Doctor,910074.81,833,3,Medium,Inactive
4315,John Page,61,Male,Hyderabad,Engineer,1259823.07,446,9,High,Inactive
4316,Dylan Jensen,54,Female,Chennai,Engineer,1053670.24,638,4,High,Active
4317,Melanie Peters,32,Male,Delhi,Engineer,1149735.8,648,11,High,Active
4318,Kristin Hernandez MD,33,Male,Hyderabad,Business,586655.2,540,2,Medium,Inactive
4319,Brian Robinson,27,Female,Delhi,Business,1992609.73,460,5,Low,Inactive
4320,Craig Blanchard,65,Male,Ahmedabad,Analyst,2827940.91,305,11,Medium,Inactive
4321,Michele Wong,37,Male,Hyderabad,Business,486940.85,549,1,High,Inactive
4322,Keith Mills,60,Female,Ahmedabad,Doctor,1594150.94,802,7,Low,Inactive
4323,Rebecca Sweeney,22,Male,Kolkata,Analyst,936531.14,841,15,Low,Inactive
4324,George Long,58,Female,Kolkata,Manager,521568.68,776,7,Medium,Active
4325,Edward Austin,60,Female,Chennai,Manager,2344920.88,736,5,Medium,Inactive
4326,Robert Phillips,19,Female,Hyderabad,Engineer,2232380.85,489,11,Low,Inactive
4327,Anthony Thomas,28,Female,Chennai,Manager,840319.37,555,8,High,Active
4328,Joyce Smith,48,Male,Pune,Teacher,1790610.41,412,10,Medium,Inactive
4329,Dylan Rodriguez,20,Female,Delhi,Analyst,2724575.62,442,12,Low,Inactive
4330,Mr. Charles Schultz,62,Female,Hyderabad,Manager,1542442.1,316,11,High,Inactive
4331,Max White,23,Female,Ahmedabad,Teacher,920076.96,421,9,High,Active
4332,Frederick Garcia,56,Male,Chennai,Engineer,339399.67,742,4,High,Active
4333,Carl Farrell,57,Male,Delhi,Engineer,308998.42,737,4,Medium,Active
4334,Mark Morgan,68,Male,Bangalore,Analyst,2380148.46,442,6,Low,Inactive
4335,Kelly Stewart,25,Male,Chennai,Business,334718.05,598,8,High,Inactive
4336,Michael Williams,55,Female,Hyderabad,Analyst,1523664.05,693,3,High,Active
4337,Barbara Smith,62,Female,Mumbai,Engineer,1955952.13,366,4,Low,Inactive
4338,Wendy Burch,68,Male,Ahmedabad,Analyst,2818325.72,542,6,Medium,Inactive
4339,Janet Ward,35,Male,Hyderabad,Doctor,1730554.73,444,13,Low,Active
4340,Kimberly Walters,26,Female,Kolkata,Analyst,2541647.0,829,10,Low,Inactive
4341,Anthony Durham,27,Female,Chennai,Analyst,572208.77,800,8,High,Inactive
4342,Jessica Nelson,23,Male,Kolkata,Teacher,625278.93,389,4,Low,Active
4343,Steve Miller,20,Male,Kolkata,Business,1050339.63,604,11,High,Active
4344,Sherri Barajas,55,Female,Pune,Engineer,1650358.6,396,2,High,Active
4345,Miguel Lawson,32,Male,Hyderabad,Analyst,2132738.62,521,1,High,Inactive
4346,Jennifer Schmidt,54,Male,Bangalore,Engineer,1477051.23,419,4,High,Active
4347,Michael Torres,66,Male,Mumbai,Business,2499184.56,514,6,Medium,Active
4348,David Jennings,44,Male,Bangalore,Engineer,455682.67,741,13,Low,Inactive
4349,Michael Howard,59,Male,Mumbai,Manager,1764100.24,566,9,Medium,Active
4350,David Rodriguez,54,Male,Pune,Engineer,967852.37,492,15,Medium,Inactive
4351,Laura Allen,45,Male,Chennai,Engineer,2519208.46,787,2,Medium,Inactive
4352,Heather Cruz,35,Male,Delhi,Analyst,1481408.23,324,14,Low,Inactive
4353,Margaret Gibson MD,29,Female,Mumbai,Teacher,928895.27,682,14,High,Active
4354,John Hoffman,50,Male,Hyderabad,Business,1654393.41,809,1,Medium,Active
4355,Susan Williams,32,Female,Bangalore,Analyst,2126246.24,422,12,High,Inactive
4356,Latoya Norton,58,Male,Chennai,Manager,746837.0,341,1,Low,Active
4357,Dustin Lopez,40,Male,Delhi,Teacher,2075380.27,552,12,High,Active
4358,Edward Mclean,59,Male,Hyderabad,Analyst,389230.61,665,7,Medium,Active
4359,Amanda Reed,52,Female,Chennai,Manager,2037399.58,783,6,High,Inactive
4360,Adam Alexander,40,Male,Chennai,Analyst,1745602.01,663,7,Medium,Active
4361,Sharon Sullivan,19,Female,Chennai,Analyst,1326515.4,459,1,Medium,Active
4362,Melanie Edwards,55,Male,Pune,Teacher,2203358.07,789,5,Medium,Inactive
4363,Christina Chandler,22,Male,Hyderabad,Analyst,2961774.29,503,2,High,Inactive
4364,Cynthia Lam,20,Female,Hyderabad,Business,2492858.04,668,14,Medium,Active
4365,Darius Green,52,Male,Delhi,Business,2114795.32,610,11,High,Inactive
4366,Dean Marshall,32,Male,Pune,Manager,2287773.06,425,13,High,Active
4367,Jennifer Thomas,49,Female,Ahmedabad,Manager,2795625.74,326,10,Low,Inactive
4368,Tracy Blackburn,46,Female,Mumbai,Business,1591966.42,380,3,Low,Inactive
4369,Dr. Russell Stephens,38,Female,Pune,Manager,633867.36,357,2,Medium,Inactive
4370,Robert Harrison,20,Female,Chennai,Doctor,2475890.66,456,6,High,Active
4371,Jennifer Sherman,21,Male,Pune,Analyst,1815383.11,700,9,High,Active
4372,Mark Cummings,32,Male,Pune,Doctor,863957.56,710,11,Medium,Inactive
4373,David Davenport,47,Male,Delhi,Analyst,2035977.66,808,11,Low,Active
4374,Anita Brown,51,Male,Delhi,Analyst,2745360.82,385,7,Low,Inactive
4375,Richard Keller,56,Female,Bangalore,Doctor,691213.49,654,13,Low,Inactive
4376,Scott Thompson,54,Male,Kolkata,Manager,341716.07,635,1,Low,Active
4377,Heather Hernandez,42,Male,Kolkata,Manager,1821023.75,500,10,Low,Active
4378,Mary Aguilar,46,Male,Pune,Engineer,1320177.77,747,2,Medium,Inactive
4379,Dr. Stanley Trujillo,46,Female,Delhi,Manager,427234.16,524,4,Low,Active
4380,Shannon Harrington,57,Female,Chennai,Manager,1110970.08,668,14,High,Inactive
4381,Jacob Tucker,63,Male,Mumbai,Manager,1275733.41,395,8,Low,Active
4382,Alejandro Burton,37,Female,Chennai,Manager,739176.9,555,2,Medium,Inactive
4383,Brandy Riley,21,Female,Hyderabad,Analyst,2435874.83,566,3,Low,Inactive
4384,Monica Dixon,20,Female,Delhi,Teacher,2303125.93,574,12,Low,Active
4385,Joann Flores,30,Female,Delhi,Business,2028170.07,416,15,Low,Active
4386,Kristin Butler,45,Male,Kolkata,Business,602827.54,828,6,Medium,Active
4387,Tanner Carpenter,66,Male,Chennai,Doctor,2302016.81,392,1,Medium,Inactive
4388,Julie Ryan,39,Male,Delhi,Engineer,1616232.29,710,2,Medium,Inactive
4389,Henry Sims,31,Male,Mumbai,Manager,2112550.87,328,2,Medium,Active
4390,William Scott,24,Female,Hyderabad,Doctor,2559675.26,833,15,Medium,Active
4391,Christopher Fernandez,30,Female,Mumbai,Doctor,1888092.38,583,4,Medium,Active
4392,Courtney Stokes,41,Female,Pune,Business,2331335.25,556,1,Medium,Active
4393,Nancy Holland,18,Female,Bangalore,Business,559232.86,736,14,Low,Inactive
4394,Jasmine Johnson,54,Male,Chennai,Manager,1743680.41,473,11,High,Active
4395,Daniel Larson,37,Male,Hyderabad,Analyst,2633481.3,829,2,High,Active
4396,Cassidy Bennett,24,Male,Hyderabad,Teacher,2389361.26,654,2,Medium,Inactive
4397,Mary Taylor,43,Female,Bangalore,Analyst,1165651.66,848,13,Low,Active
4398,Julie Johnson,21,Female,Hyderabad,Analyst,515370.56,617,8,High,Active
4399,Robert Wells,38,Female,Bangalore,Analyst,1139468.67,404,7,High,Active
4400,Cynthia Briggs,46,Male,Bangalore,Business,1055654.81,518,3,High,Active
4401,Jasmine Black,42,Female,Hyderabad,Analyst,366806.47,400,6,Low,Inactive
4402,Lauren Alexander,66,Male,Hyderabad,Engineer,1764655.59,314,15,Low,Inactive
4403,Daniel Schultz,61,Male,Bangalore,Manager,1371123.17,309,13,High,Inactive
4404,Russell Gonzalez,68,Female,Chennai,Business,707999.99,613,14,High,Active
4405,Justin Willis,33,Female,Delhi,Analyst,441494.14,597,12,Low,Active
4406,Shane Black,56,Female,Delhi,Doctor,1090566.15,679,3,High,Inactive
4407,Autumn Hughes,19,Male,Delhi,Business,816983.24,615,12,Medium,Inactive
4408,Joshua Brown,29,Female,Pune,Business,2556757.69,821,10,Medium,Active
4409,Michael Snyder,59,Male,Kolkata,Doctor,728347.74,339,10,High,Active
4410,Michael Cain,18,Male,Bangalore,Teacher,2332259.38,637,7,Low,Inactive
4411,Adam Dunlap,53,Female,Hyderabad,Engineer,1563885.63,582,5,Medium,Active
4412,Manuel Gonzales,70,Female,Hyderabad,Engineer,1227864.24,786,5,Medium,Inactive
4413,Connie Carlson,56,Female,Pune,Doctor,595725.81,508,6,High,Active
4414,Charles Flores,54,Female,Bangalore,Doctor,838767.8,704,14,High,Inactive
4415,Mrs. Donna Molina,44,Female,Delhi,Doctor,2603689.59,438,8,Medium,Active
4416,Cassandra Martinez,45,Male,Kolkata,Teacher,1812520.36,474,2,Medium,Inactive
4417,Amanda Sanchez,47,Female,Mumbai,Doctor,2049451.43,525,3,High,Inactive
4418,Stephanie Nolan,19,Male,Mumbai,Doctor,279116.09,669,3,High,Active
4419,Paul Mclaughlin,38,Male,Hyderabad,Manager,1351588.52,592,2,Low,Active
4420,Matthew Perez,25,Male,Pune,Engineer,290466.98,841,15,High,Active
4421,Kyle Gomez,20,Female,Delhi,Doctor,1628201.01,515,14,Medium,Inactive
4422,Michael Cobb MD,61,Male,Kolkata,Doctor,2112425.27,799,14,High,Inactive
4423,Kelsey Morris,27,Male,Mumbai,Teacher,1058726.62,540,1,Medium,Inactive
4424,Anna Hayes,44,Male,Ahmedabad,Doctor,848105.45,616,10,High,Active
4425,Christine Davis,60,Female,Bangalore,Engineer,2362868.16,562,15,Medium,Inactive
4426,Heather Roberson MD,55,Male,Delhi,Business,846693.85,842,15,Medium,Active
4427,Andrew Burns,57,Male,Ahmedabad,Analyst,908887.12,358,5,High,Inactive
4428,Bruce Jackson,41,Male,Pune,Engineer,626858.44,459,11,High,Inactive
4429,Crystal Anderson,60,Male,Delhi,Business,1533153.98,649,13,Low,Active
4430,Scott Yang,66,Female,Delhi,Manager,2436776.34,402,15,High,Inactive
4431,Patricia Steele,63,Male,Mumbai,Analyst,2352744.91,477,15,Low,Active
4432,Douglas Ramos,43,Female,Bangalore,Doctor,2320477.08,524,15,High,Active
4433,Jay Aguirre,33,Male,Pune,Business,2222355.1,428,11,Low,Inactive
4434,Brendan Odonnell,50,Female,Hyderabad,Doctor,2188331.65,381,7,Low,Active
4435,Amber Carlson,22,Male,Ahmedabad,Analyst,1637203.6,619,8,Low,Active
4436,Victor Valdez,31,Male,Hyderabad,Business,2017777.66,451,1,Low,Active
4437,Jessica Knight,33,Female,Bangalore,Doctor,329942.28,383,11,Medium,Inactive
4438,Robert Gonzalez,43,Male,Delhi,Engineer,2782230.38,658,4,Low,Active
4439,Jason Barber,23,Male,Ahmedabad,Manager,946990.61,778,6,Low,Inactive
4440,Natasha Lewis,61,Male,Chennai,Business,2456829.17,754,9,Low,Inactive
4441,Michael Wilson,30,Male,Hyderabad,Business,2548121.62,359,10,Low,Inactive
4442,Gregg Perez,39,Male,Pune,Business,2762963.01,389,13,Low,Inactive
4443,Francisco Fisher,33,Male,Mumbai,Doctor,2507433.99,847,7,High,Active
4444,Jeremy Smith,19,Male,Kolkata,Teacher,1027452.82,694,6,High,Inactive
4445,Jason Bryant,38,Male,Kolkata,Manager,2339615.93,465,14,Low,Active
4446,David Berger,28,Female,Hyderabad,Manager,1657447.12,646,9,High,Inactive
4447,Brian Jackson,48,Female,Bangalore,Engineer,2539010.43,682,15,High,Inactive
4448,Brian Kelley,40,Female,Hyderabad,Analyst,2717398.52,705,8,Medium,Active
4449,Brandy Norton,67,Male,Kolkata,Business,2295161.45,630,3,Medium,Inactive
4450,Mark Simpson,26,Male,Bangalore,Manager,838672.72,633,8,High,Active
4451,Shannon Morse,59,Female,Hyderabad,Engineer,2867416.37,355,9,Medium,Inactive
4452,Mary Jimenez,21,Female,Mumbai,Teacher,2927078.03,802,11,High,Inactive
4453,Michael Chambers,53,Female,Pune,Manager,2272203.26,653,3,High,Inactive
4454,Jordan Roy,34,Male,Pune,Business,2357940.56,727,1,Medium,Inactive
4455,Elizabeth Henry,47,Male,Chennai,Manager,2514188.23,756,15,Low,Inactive
4456,Michael Smith,28,Female,Ahmedabad,Engineer,2490301.32,626,12,Low,Inactive
4457,Jonathan Franco,56,Male,Mumbai,Teacher,1490226.45,465,10,High,Active
4458,John Garcia,18,Male,Mumbai,Doctor,1059553.88,335,3,High,Inactive
4459,Megan Long,46,Female,Delhi,Business,1727522.62,365,9,Low,Active
4460,Karen Sanchez,26,Female,Chennai,Analyst,1513475.7,784,1,Medium,Active
4461,Deborah Scott,40,Male,Mumbai,Business,1191967.2,306,5,High,Active
4462,Mr. Travis Hernandez,18,Male,Chennai,Teacher,1245179.29,678,10,Medium,Active
4463,Samantha Bean,45,Male,Pune,Doctor,1959697.96,496,9,Medium,Inactive
4464,Adrian Johnson,47,Female,Pune,Business,1483216.98,577,12,Medium,Inactive
4465,Derek Sullivan,64,Male,Chennai,Business,2394109.69,699,6,Low,Active
4466,Jill Lyons,39,Female,Kolkata,Analyst,861677.11,468,5,Low,Inactive
4467,Amanda Jackson,54,Male,Ahmedabad,Analyst,584328.29,722,14,Low,Inactive
4468,Janice Carrillo,50,Male,Hyderabad,Business,299236.64,650,12,High,Inactive
4469,Martin Carter,31,Male,Mumbai,Analyst,2843653.09,765,5,High,Active
4470,George Williams,33,Female,Mumbai,Business,589713.34,311,12,Medium,Active
4471,Kristin Murphy,26,Female,Hyderabad,Engineer,1275802.86,782,14,Low,Inactive
4472,Tracy Lane,19,Female,Delhi,Analyst,519327.22,432,1,High,Inactive
4473,Patrick Harvey,64,Male,Hyderabad,Teacher,1127366.47,570,6,High,Active
4474,Derrick Jones,69,Male,Delhi,Engineer,417841.81,640,10,High,Inactive
4475,Kathleen Lopez,23,Male,Mumbai,Teacher,925974.26,510,8,Low,Inactive
4476,Bryan Matthews,20,Female,Hyderabad,Doctor,1157641.17,834,1,Low,Inactive
4477,Randy Smith,19,Female,Delhi,Teacher,2428687.23,693,10,Low,Inactive
4478,Yolanda King,44,Male,Bangalore,Business,458406.85,724,7,High,Inactive
4479,Meredith Koch,53,Male,Hyderabad,Analyst,1245807.02,734,8,High,Inactive
4480,Sandra Dudley,43,Male,Chennai,Manager,1764936.82,580,7,High,Active
4481,Gloria Powers,64,Female,Delhi,Doctor,1210438.19,482,8,Medium,Active
4482,Scott Lawson,58,Male,Hyderabad,Doctor,1847771.87,764,11,Low,Active
4483,Robert Frye,55,Male,Bangalore,Doctor,1806545.98,563,8,Low,Active
4484,Julie Williams,23,Female,Mumbai,Manager,597074.44,393,9,High,Active
4485,Christie Brown,43,Male,Ahmedabad,Manager,949483.57,410,6,Medium,Active
4486,Sean Floyd,66,Female,Hyderabad,Engineer,2638380.24,490,6,High,Active
4487,Sarah Russell,41,Female,Delhi,Manager,2537538.89,755,1,High,Active
4488,Jennifer King,50,Male,Chennai,Teacher,468808.79,435,12,High,Inactive
4489,Jesse Chambers,70,Male,Hyderabad,Engineer,375159.57,590,13,High,Active
4490,Christopher Young,70,Female,Hyderabad,Business,835948.01,458,4,High,Inactive
4491,Michael Rich,19,Male,Hyderabad,Teacher,2168005.29,419,6,High,Inactive
4492,Christopher Alvarez,28,Female,Delhi,Doctor,2575574.23,540,5,Medium,Active
4493,Cody Houston,69,Female,Chennai,Teacher,396208.56,449,11,High,Active
4494,Brandi Martinez,36,Female,Ahmedabad,Engineer,2280210.6,790,7,Low,Inactive
4495,Jennifer Harvey,41,Female,Delhi,Teacher,1657335.25,481,12,Low,Inactive
4496,Leslie Torres,56,Male,Hyderabad,Manager,424977.94,642,7,Medium,Inactive
4497,Dr. Michele Crawford,29,Female,Chennai,Doctor,1627370.72,355,12,High,Inactive
4498,David Allen,68,Male,Mumbai,Business,2881035.0,610,4,Medium,Active
4499,Melissa Wilson,24,Female,Bangalore,Engineer,1254982.75,469,10,Low,Inactive
4500,Robin Garcia,60,Male,Delhi,Manager,1231118.17,333,9,Low,Inactive
4501,Brady Becker,37,Female,Delhi,Manager,2085392.02,397,8,High,Inactive
4502,Beth Johnson,22,Female,Chennai,Engineer,1331442.2,412,9,High,Active
4503,Yolanda Smith,41,Female,Pune,Business,874528.91,473,5,Low,Inactive
4504,Russell Becker,28,Female,Hyderabad,Business,1879872.61,811,8,Medium,Inactive
4505,Brian Williams,21,Male,Mumbai,Analyst,2098850.38,448,1,High,Inactive
4506,Jessica Roberts,31,Male,Delhi,Engineer,2177666.42,737,11,Medium,Active
4507,Diane Mendez,32,Female,Ahmedabad,Business,2114365.04,660,14,High,Active
4508,Jared Snow,38,Female,Ahmedabad,Manager,1612143.62,455,14,High,Inactive
4509,Caitlin Sanchez,37,Female,Ahmedabad,Teacher,855771.67,389,15,Low,Inactive
4510,John Washington,45,Male,Delhi,Business,1592373.52,408,9,Medium,Active
4511,Kimberly Peters,20,Male,Kolkata,Manager,2732448.26,500,7,High,Inactive
4512,Marcus Woods,66,Male,Chennai,Engineer,2114663.37,447,12,Low,Inactive
4513,Andres Hawkins,26,Female,Bangalore,Analyst,838466.73,310,3,High,Inactive
4514,Holly Warren,54,Female,Delhi,Analyst,1471852.82,400,11,High,Active
4515,Meredith Harvey,39,Female,Hyderabad,Teacher,1807652.65,599,15,Medium,Inactive
4516,Danielle Mason,48,Male,Pune,Manager,922300.06,313,12,Low,Active
4517,Robert Johnson,58,Female,Pune,Business,559473.67,510,5,High,Active
4518,Jamie Harrison,56,Female,Ahmedabad,Manager,931091.4,453,15,Low,Inactive
4519,Meghan Anderson,55,Female,Pune,Engineer,806045.66,612,3,Low,Active
4520,Johnny Walker,60,Female,Pune,Engineer,256171.62,366,8,Medium,Active
4521,Gail Case,23,Male,Ahmedabad,Teacher,2776040.87,364,1,Low,Inactive
4522,Sandra Wallace,47,Male,Chennai,Analyst,1509041.84,755,10,Low,Inactive
4523,Michael Strickland,69,Female,Kolkata,Teacher,1984022.41,601,13,High,Active
4524,Pamela Stewart,41,Male,Hyderabad,Teacher,823399.78,729,3,High,Inactive
4525,Richard Robinson,21,Female,Chennai,Doctor,2236883.1,666,5,High,Active
4526,Brittany Singleton,32,Female,Mumbai,Engineer,2548420.69,499,11,High,Active
4527,Heidi Anderson,38,Male,Chennai,Doctor,628486.68,685,5,Medium,Active
4528,Theresa Sanchez,22,Male,Chennai,Engineer,2191498.65,812,10,Medium,Active
4529,Sabrina Taylor,48,Female,Chennai,Manager,2900040.91,377,2,High,Active
4530,George Mcclain,48,Male,Kolkata,Doctor,2636184.62,789,15,Medium,Active
4531,Lisa Singleton,62,Male,Delhi,Engineer,265225.83,565,10,Low,Active
4532,Allison Patel,40,Female,Pune,Analyst,437462.94,311,10,Low,Active
4533,Megan Smith,42,Male,Bangalore,Engineer,2483202.63,331,14,Medium,Active
4534,Joshua Thompson,50,Male,Chennai,Teacher,2575632.98,598,12,Medium,Active
4535,Joseph Davis,68,Female,Hyderabad,Analyst,2513426.41,559,2,Medium,Inactive
4536,Todd Miller,22,Female,Delhi,Analyst,837460.33,721,10,Medium,Active
4537,Darryl Taylor,23,Male,Delhi,Teacher,440420.39,561,13,Medium,Active
4538,Shirley Schultz,20,Male,Mumbai,Manager,1306938.96,621,15,High,Active
4539,Charles Hardin,62,Male,Mumbai,Engineer,1457342.6,527,7,Low,Active
4540,Michael Carroll,22,Female,Pune,Teacher,317266.73,591,12,Medium,Active
4541,Kenneth Miles,50,Male,Pune,Analyst,1290536.38,432,8,Low,Active
4542,Kenneth Simmons,69,Male,Kolkata,Manager,1617428.55,327,13,Low,Inactive
4543,Stephanie Tran,34,Female,Kolkata,Engineer,2529919.62,311,7,Low,Inactive
4544,Angela Oliver,62,Male,Kolkata,Doctor,1372172.68,847,7,Medium,Inactive
4545,Larry Zhang,21,Male,Hyderabad,Business,2526430.95,794,3,High,Active
4546,Robert Crosby,43,Female,Hyderabad,Engineer,2685903.17,395,11,Low,Inactive
4547,Carol Perkins,46,Male,Mumbai,Teacher,2029677.79,343,8,Low,Inactive
4548,Natalie Rivera,59,Male,Pune,Teacher,1437772.39,555,9,Medium,Active
4549,Marie Williams,39,Female,Chennai,Engineer,551903.52,761,3,Medium,Active
4550,Amy Duran,37,Female,Delhi,Teacher,2280253.12,815,6,Medium,Active
4551,Zachary Pierce,44,Female,Ahmedabad,Teacher,1551644.72,759,10,Medium,Active
4552,Anthony Jones,47,Female,Delhi,Business,2593045.0,800,12,High,Inactive
4553,Michael Joyce,55,Female,Ahmedabad,Engineer,2762258.8,747,2,Low,Active
4554,Alexis Pollard,66,Male,Mumbai,Business,1487073.68,619,10,Medium,Active
4555,Andrew Alvarez,27,Female,Kolkata,Doctor,322607.15,550,12,Low,Inactive
4556,Troy Lee,57,Female,Ahmedabad,Business,1051526.38,586,2,Low,Inactive
4557,Peggy Erickson,33,Female,Delhi,Teacher,2429221.52,533,2,Medium,Inactive
4558,Anthony Hoffman,50,Female,Bangalore,Teacher,2978748.95,365,4,High,Inactive
4559,Donna Haynes,55,Male,Kolkata,Doctor,435749.76,625,4,Medium,Active
4560,Christopher Brown,25,Male,Mumbai,Teacher,1386066.82,617,1,Low,Active
4561,Stephen Griffith,44,Male,Bangalore,Teacher,2572054.84,560,15,Medium,Active
4562,Taylor Hartman,39,Female,Mumbai,Engineer,2750944.76,606,9,Low,Inactive
4563,Cory Roberson,58,Female,Hyderabad,Analyst,1173035.31,585,15,Medium,Inactive
4564,Julia Clayton,47,Female,Bangalore,Engineer,970946.32,355,13,Medium,Inactive
4565,Adam Goodman,50,Male,Mumbai,Teacher,2134750.79,461,3,High,Inactive
4566,Margaret Hawkins,69,Female,Mumbai,Business,2482740.87,555,4,Medium,Inactive
4567,Joyce Bailey,42,Male,Chennai,Engineer,928781.75,601,1,Medium,Inactive
4568,Veronica Austin,70,Female,Bangalore,Engineer,2175234.99,688,3,Low,Inactive
4569,Michael Turner,32,Female,Chennai,Engineer,1445489.02,539,5,Low,Inactive
4570,Guy Pratt,54,Female,Hyderabad,Analyst,1317189.29,309,3,Medium,Inactive
4571,Jonathan Bradshaw,63,Female,Mumbai,Analyst,562249.36,321,10,Medium,Inactive
4572,Pamela Miller,50,Male,Bangalore,Doctor,822820.46,323,10,Low,Active
4573,Lacey Carroll,68,Male,Hyderabad,Business,948103.94,515,6,Medium,Inactive
4574,Stephanie Smith,52,Female,Delhi,Doctor,2398948.06,635,10,Low,Active
4575,Brandon Larson,65,Male,Chennai,Business,875836.57,741,6,Medium,Active
4576,Martha Torres,22,Female,Kolkata,Analyst,2445883.42,768,9,High,Active
4577,Cheryl Melton,37,Female,Pune,Engineer,1938727.8,723,7,Low,Inactive
4578,Erin Tyler,24,Female,Pune,Manager,2398100.73,419,3,High,Inactive
4579,Tiffany Simmons,21,Male,Delhi,Doctor,2635014.16,360,15,Low,Inactive
4580,Christine Chavez,43,Female,Delhi,Teacher,1050646.36,522,13,Medium,Active
4581,Erik Schroeder DDS,70,Female,Delhi,Engineer,1916925.41,457,5,High,Active
4582,Joseph White,57,Female,Pune,Engineer,829196.47,436,15,Low,Inactive
4583,Roy Jones,44,Male,Hyderabad,Engineer,1535314.26,695,5,Low,Active
4584,Jennifer Hanson,31,Male,Delhi,Engineer,1772046.59,537,4,High,Active
4585,Tanya David,50,Female,Chennai,Analyst,2037147.78,742,6,Medium,Active
4586,Peter Fowler,39,Female,Hyderabad,Analyst,2143708.39,679,15,High,Active
4587,Brittany Allen,47,Female,Ahmedabad,Doctor,2839892.42,656,10,Low,Active
4588,Janet Webb,56,Female,Mumbai,Analyst,1476491.35,802,9,Low,Active
4589,Christopher Allen,29,Male,Chennai,Manager,2154718.67,633,6,High,Active
4590,Autumn Powell,43,Female,Chennai,Analyst,684020.35,320,13,High,Active
4591,Michael Lloyd,46,Male,Mumbai,Doctor,2812341.26,611,11,High,Inactive
4592,David Reyes,43,Female,Bangalore,Doctor,301935.76,610,4,Low,Inactive
4593,Jared Ochoa,40,Female,Pune,Manager,352172.13,712,10,High,Inactive
4594,Justin Brandt,25,Male,Bangalore,Engineer,322137.33,333,5,Low,Active
4595,Keith Avila,63,Male,Chennai,Manager,2027655.13,771,9,High,Inactive
4596,Mariah Wolf,61,Female,Chennai,Engineer,1125745.66,829,7,High,Active
4597,Ashley Lopez,59,Male,Chennai,Analyst,2379361.36,381,2,Medium,Inactive
4598,Kevin Walter,26,Female,Ahmedabad,Doctor,1256407.83,364,12,Low,Active
4599,Amber Schultz,32,Female,Ahmedabad,Teacher,2514535.75,680,15,Medium,Active
4600,Heather Sullivan,41,Female,Pune,Doctor,2029752.39,307,9,High,Active
4601,Scott Mills,64,Female,Mumbai,Engineer,539219.45,602,10,Medium,Inactive
4602,Aaron Morales,62,Female,Pune,Teacher,1951763.15,344,2,High,Inactive
4603,Sabrina Robinson,59,Male,Chennai,Teacher,2532886.93,315,3,High,Inactive
4604,Michelle Thornton,47,Male,Chennai,Engineer,2857942.79,596,13,Medium,Inactive
4605,James Salazar,30,Male,Hyderabad,Doctor,2633429.4,493,9,Low,Active
4606,John Acosta,69,Male,Bangalore,Teacher,2956154.46,575,4,Low,Inactive
4607,Misty Fuller,34,Female,Kolkata,Manager,1444122.45,744,11,Low,Inactive
4608,Stephanie Cobb,26,Female,Delhi,Doctor,2820317.92,723,1,High,Active
4609,Deborah Webster,49,Female,Bangalore,Manager,1896591.18,808,9,High,Active
4610,Adrian Brewer,31,Female,Bangalore,Manager,1015055.85,845,15,High,Active
4611,Mary Martin,29,Female,Pune,Engineer,2861050.86,453,7,High,Inactive
4612,Kevin Morris,39,Male,Mumbai,Doctor,2986716.04,474,4,Medium,Active
4613,Sandra Hall,53,Female,Pune,Business,2181920.3,616,7,Medium,Inactive
4614,Katherine Fisher,31,Female,Hyderabad,Engineer,534427.76,373,12,Low,Inactive
4615,Kimberly Anderson,36,Female,Bangalore,Teacher,767321.97,486,1,High,Inactive
4616,Tim Williams,38,Male,Delhi,Engineer,1538701.07,849,15,High,Inactive
4617,Mr. David Torres DDS,46,Female,Kolkata,Analyst,449186.13,667,4,High,Inactive
4618,David Wilkinson,36,Female,Hyderabad,Teacher,992697.89,423,5,High,Inactive
4619,Katherine Porter,18,Male,Pune,Manager,2095377.26,597,4,High,Inactive
4620,Kimberly Irwin,22,Male,Kolkata,Engineer,656100.13,608,12,Low,Active
4621,Brenda Mcintosh,68,Male,Bangalore,Teacher,1591491.88,825,14,Medium,Inactive
4622,Alexis Hodges,18,Female,Hyderabad,Doctor,2089004.79,844,3,Low,Active
4623,Isaac Duncan,52,Male,Kolkata,Teacher,1137897.06,824,2,Medium,Active
4624,Claudia Reed,46,Female,Ahmedabad,Manager,1871517.9,623,6,Low,Inactive
4625,Mindy Cook MD,31,Male,Bangalore,Teacher,1245090.29,781,1,High,Active
4626,Ryan Collins,45,Female,Ahmedabad,Manager,891983.41,350,6,High,Active
4627,Sabrina Hines,65,Female,Pune,Engineer,2765585.85,446,13,Low,Inactive
4628,Suzanne Ingram,30,Male,Bangalore,Teacher,1052005.91,440,5,High,Inactive
4629,Rose James,34,Female,Pune,Analyst,2060559.81,821,12,Medium,Inactive
4630,Jeremy Osborne,63,Female,Pune,Manager,1804284.64,527,3,High,Inactive
4631,Paul Reed,59,Female,Ahmedabad,Business,1576952.46,813,13,Low,Active
4632,Robert Mills,65,Female,Kolkata,Manager,329082.77,389,3,Medium,Active
4633,Caroline Elliott,37,Female,Delhi,Doctor,2521219.28,307,6,High,Active
4634,Matthew Smith,36,Male,Pune,Teacher,2907483.31,326,15,Medium,Active
4635,Molly Jones,34,Male,Delhi,Business,1890956.59,621,10,Medium,Inactive
4636,Katrina Collins,49,Female,Delhi,Manager,2697982.35,744,15,Medium,Inactive
4637,Gina Vasquez,67,Female,Pune,Analyst,1673136.71,511,13,Low,Active
4638,Veronica Davis,54,Male,Delhi,Manager,727024.43,766,14,Medium,Active
4639,Kimberly Hardy,35,Male,Delhi,Business,2932945.31,336,8,High,Active
4640,Kathryn Good,22,Male,Delhi,Doctor,2824028.4,772,1,Low,Inactive
4641,Mark Lee,35,Male,Delhi,Doctor,337724.85,595,6,High,Inactive
4642,Kyle Pena III,49,Male,Mumbai,Manager,407469.66,355,10,Low,Inactive
4643,Corey Garcia,22,Female,Mumbai,Teacher,1825306.58,626,11,Medium,Active
4644,Cynthia Garcia,33,Female,Pune,Analyst,1623710.94,583,6,High,Inactive
4645,Matthew Ponce,63,Male,Hyderabad,Teacher,1235652.89,337,9,Medium,Active
4646,Andrea Martinez,34,Female,Ahmedabad,Doctor,1123994.68,818,8,Medium,Inactive
4647,Leah Shaw MD,55,Male,Delhi,Business,2639742.28,493,15,High,Active
4648,Elizabeth Wilson,57,Male,Delhi,Teacher,2051380.31,712,14,Medium,Active
4649,Sandra Wood,51,Male,Pune,Teacher,2522624.83,442,4,High,Inactive
4650,Alexis Jackson,19,Male,Delhi,Engineer,1015328.07,613,10,Medium,Active
4651,Nicholas Garcia,52,Male,Kolkata,Business,343873.97,403,5,High,Active
4652,Emily Ritter,59,Male,Chennai,Doctor,1494499.18,628,6,Medium,Active
4653,Antonio Rivera,38,Female,Pune,Manager,928085.9,428,6,High,Inactive
4654,Theresa Baker,70,Male,Delhi,Manager,1837151.35,354,11,Low,Inactive
4655,Anna Kirby,31,Female,Pune,Analyst,2599661.81,680,10,High,Inactive
4656,David Gomez,30,Male,Hyderabad,Analyst,2935189.62,712,1,Medium,Inactive
4657,Alexander Duke,26,Male,Kolkata,Manager,1037304.98,695,13,Medium,Inactive
4658,Robert Burnett,44,Female,Hyderabad,Business,296002.62,836,15,High,Inactive
4659,William Mooney,39,Female,Chennai,Analyst,1591122.47,510,2,Low,Inactive
4660,Todd Whitaker,28,Female,Chennai,Manager,987948.56,558,10,High,Active
4661,Deborah Best,62,Female,Bangalore,Doctor,1492913.63,484,11,High,Inactive
4662,Angel Johnson,52,Female,Ahmedabad,Doctor,1164772.66,329,6,High,Active
4663,Kimberly Chavez,22,Male,Ahmedabad,Analyst,771613.73,832,9,High,Inactive
4664,Glen Freeman,41,Male,Pune,Business,2190972.01,303,13,High,Active
4665,Erik Cunningham,58,Female,Delhi,Engineer,1257779.25,700,13,Low,Inactive
4666,Jodi Guzman,55,Female,Mumbai,Engineer,2434851.45,396,10,Low,Inactive
4667,Don Wallace,48,Female,Delhi,Doctor,1378167.44,425,14,Low,Inactive
4668,Keith Reyes,56,Male,Kolkata,Business,1304938.98,389,15,Medium,Active
4669,Melissa Thompson,46,Female,Mumbai,Teacher,738634.65,474,8,Medium,Active
4670,Anna Young,49,Female,Delhi,Business,2925241.19,779,12,Medium,Active
4671,Jennifer Hines,46,Female,Hyderabad,Doctor,2462444.47,309,6,Medium,Active
4672,Joseph Neal,43,Male,Ahmedabad,Teacher,663500.8,815,15,High,Inactive
4673,Amanda Sanchez,40,Female,Delhi,Engineer,2934155.41,399,3,Medium,Active
4674,Thomas Walter,67,Male,Mumbai,Engineer,1128811.1,407,15,Low,Inactive
4675,Elizabeth Hernandez,23,Female,Ahmedabad,Business,2302322.31,821,15,High,Inactive
4676,William Williams,50,Female,Kolkata,Teacher,2312102.71,345,4,Medium,Inactive
4677,Kurt Evans,50,Female,Pune,Engineer,1202557.56,693,15,High,Inactive
4678,Maureen Morales,45,Female,Mumbai,Business,2772840.04,454,4,Medium,Active
4679,Carlos Phillips,23,Male,Hyderabad,Manager,519566.02,636,14,Medium,Active
4680,Morgan Todd,51,Male,Mumbai,Manager,1209449.26,493,5,Medium,Active
4681,Christina Green,46,Female,Ahmedabad,Analyst,2892555.23,632,1,High,Active
4682,Anthony Spencer,48,Female,Pune,Teacher,2462709.94,406,9,High,Active
4683,Troy Ayala,59,Male,Pune,Engineer,1882595.41,607,9,High,Active
4684,Lee Stephens,24,Male,Delhi,Doctor,590955.2,846,14,Low,Inactive
4685,Amber Blair,42,Female,Pune,Doctor,2066145.21,421,10,High,Inactive
4686,Sarah Lopez,60,Male,Hyderabad,Engineer,2216702.32,735,10,Medium,Inactive
4687,Pamela Curry,68,Male,Kolkata,Business,1100093.92,561,14,Medium,Active
4688,David Lewis,44,Male,Chennai,Business,977543.03,754,8,High,Inactive
4689,Luis Skinner,25,Male,Pune,Analyst,2293971.85,695,10,Medium,Active
4690,Kara Day,65,Female,Ahmedabad,Engineer,2906150.01,594,8,Medium,Inactive
4691,Mary Martinez,70,Female,Hyderabad,Business,917317.14,703,11,High,Active
4692,Angela Hardy,58,Male,Chennai,Doctor,293218.64,676,9,Medium,Inactive
4693,Daniel Warren,22,Female,Mumbai,Teacher,2926818.27,454,5,Medium,Inactive
4694,Sharon Adkins,35,Female,Pune,Engineer,1109349.28,749,14,Low,Inactive
4695,Marcus Johnson,47,Female,Chennai,Business,2504575.32,310,9,Low,Inactive
4696,James Harris,21,Female,Delhi,Manager,2371223.2,572,13,Low,Active
4697,Mikayla Gonzalez,19,Female,Mumbai,Analyst,2494554.79,472,8,Medium,Inactive
4698,Charles Jackson,23,Female,Chennai,Analyst,711197.26,772,12,High,Active
4699,Trevor Lee,40,Female,Kolkata,Manager,1473716.21,355,7,High,Inactive
4700,James Fuentes,40,Female,Chennai,Doctor,1446370.74,609,14,Low,Inactive
4701,Yesenia Martinez,56,Female,Kolkata,Analyst,2857603.8,739,11,Medium,Inactive
4702,Megan Pierce,70,Female,Chennai,Analyst,1413499.81,725,13,High,Inactive
4703,James Stewart,20,Male,Ahmedabad,Business,2138233.64,461,8,Medium,Inactive
4704,Joel Thompson DDS,31,Female,Mumbai,Teacher,847443.68,304,8,Medium,Active
4705,Rhonda Wilson,31,Male,Pune,Teacher,2476006.74,683,6,Medium,Inactive
4706,Bruce Smith,21,Female,Pune,Engineer,717487.71,708,12,Low,Active
4707,Corey Simmons,50,Male,Chennai,Teacher,323773.93,340,11,Low,Active
4708,Brian Fuller,35,Female,Pune,Engineer,1846643.72,391,6,Medium,Active
4709,Savannah Rios,34,Male,Mumbai,Engineer,2194669.21,637,6,High,Inactive
4710,James Poole,32,Male,Hyderabad,Engineer,1460824.77,431,13,Low,Inactive
4711,Caitlin Brown,64,Male,Delhi,Doctor,1219399.28,654,14,High,Active
4712,Patricia Ward,49,Female,Bangalore,Teacher,2024222.67,676,10,Low,Active
4713,Samantha Johnson,47,Female,Delhi,Engineer,1690043.64,568,12,Medium,Active
4714,Tiffany Price,48,Male,Chennai,Business,997299.86,838,14,Medium,Active
4715,Paul Wall,49,Female,Pune,Manager,639373.01,355,12,Low,Active
4716,Amanda Salas,31,Female,Pune,Teacher,1323046.0,501,3,Medium,Inactive
4717,Robert Gutierrez,44,Male,Delhi,Analyst,2343524.69,832,8,High,Active
4718,Felicia White,57,Male,Bangalore,Teacher,380194.47,330,13,High,Active
4719,Carrie Contreras,29,Male,Chennai,Analyst,2549698.95,705,12,Medium,Inactive
4720,Angel Shepard,59,Female,Ahmedabad,Business,1651125.34,723,8,High,Inactive
4721,Matthew Solis,54,Male,Ahmedabad,Business,266230.25,361,4,Medium,Inactive
4722,Danielle Elliott,48,Male,Ahmedabad,Business,1312252.42,594,14,Medium,Active
4723,Miguel Bennett,47,Female,Ahmedabad,Engineer,2334896.57,771,4,High,Active
4724,John Long,19,Male,Pune,Doctor,1947457.41,331,7,Low,Active
4725,Wanda Fields,23,Male,Bangalore,Analyst,2284782.04,826,4,Medium,Active
4726,Jeffrey Mason,67,Female,Delhi,Analyst,1015998.88,419,2,High,Inactive
4727,Kim Schultz,62,Female,Bangalore,Analyst,2192568.27,753,2,Medium,Active
4728,Elizabeth Hayes,70,Female,Delhi,Doctor,2686676.13,681,5,High,Inactive
4729,Keith Farmer,41,Female,Bangalore,Doctor,1575574.39,466,8,Medium,Inactive
4730,Andre Salazar,46,Male,Hyderabad,Engineer,668758.82,480,15,High,Inactive
4731,Michael Miller,48,Male,Ahmedabad,Analyst,1413350.96,828,4,High,Active
4732,Pamela Peterson,45,Female,Ahmedabad,Engineer,2583294.1,678,11,Medium,Active
4733,Kevin Carson,51,Male,Mumbai,Teacher,499059.93,366,1,Low,Active
4734,Meagan Jackson,58,Male,Pune,Teacher,2832173.37,558,9,Medium,Active
4735,Stephanie Burns,43,Female,Mumbai,Doctor,1914233.86,432,10,Medium,Active
4736,Jesse Miller,19,Female,Kolkata,Manager,335395.97,610,8,Low,Active
4737,Christina Morrison,49,Male,Mumbai,Analyst,975309.11,312,1,High,Active
4738,Jon Garcia,37,Male,Pune,Engineer,1032833.87,818,7,Low,Active
4739,Belinda Davis,32,Female,Kolkata,Manager,2276343.45,390,4,High,Inactive
4740,Justin Williams,44,Female,Delhi,Doctor,1427403.46,424,15,Low,Inactive
4741,Derrick Gray,65,Female,Ahmedabad,Teacher,486719.98,309,9,Medium,Active
4742,Douglas Patterson,70,Female,Chennai,Teacher,1325900.06,844,5,Medium,Active
4743,Edward Brown,48,Female,Ahmedabad,Business,2797683.08,587,11,Medium,Inactive
4744,Katherine Pierce,49,Male,Hyderabad,Analyst,983145.32,550,12,High,Inactive
4745,Amanda Cooper,34,Female,Pune,Teacher,2502144.65,448,9,Low,Active
4746,Lori Simon,40,Female,Delhi,Business,2766882.76,348,9,High,Inactive
4747,Lauren Best,62,Female,Hyderabad,Engineer,731528.02,782,2,High,Active
4748,Brian Roth,40,Male,Kolkata,Business,2034261.96,336,9,High,Inactive
4749,Rebecca Clark,46,Female,Delhi,Analyst,1342188.51,328,8,Low,Inactive
4750,Billy Fox,48,Female,Pune,Teacher,970859.35,821,11,Medium,Inactive
4751,Laura Hatfield,33,Male,Kolkata,Engineer,1794730.33,318,6,Low,Inactive
4752,Shawn Ford,20,Female,Mumbai,Engineer,2753938.83,850,13,Medium,Active
4753,Kaylee Garcia,29,Male,Mumbai,Doctor,750637.3,506,11,High,Active
4754,Carlos Roth,57,Female,Bangalore,Business,2007677.23,731,10,High,Inactive
4755,Michael Montgomery,35,Male,Kolkata,Engineer,2303818.55,304,15,High,Active
4756,David Smith,53,Female,Chennai,Engineer,1923771.94,561,10,High,Inactive
4757,Bill Mitchell,32,Female,Mumbai,Analyst,1109196.03,514,4,Low,Active
4758,Laura Jackson,31,Female,Delhi,Business,677351.46,317,11,Medium,Active
4759,Sarah Clark,25,Female,Hyderabad,Teacher,1589341.35,368,5,Medium,Inactive
4760,Donna Miller,36,Male,Delhi,Business,1916799.11,444,8,Medium,Inactive
4761,Stephanie Martinez,23,Male,Mumbai,Business,2793048.86,471,10,Low,Inactive
4762,Benjamin Ramirez,20,Female,Chennai,Doctor,2731226.7,536,2,Medium,Active
4763,Christine Richards,61,Male,Mumbai,Manager,1243776.77,563,9,High,Inactive
4764,Amanda Carlson,53,Female,Bangalore,Business,1832284.25,595,2,High,Active
4765,Brandon Davis,41,Male,Ahmedabad,Engineer,2853695.82,499,15,High,Active
4766,Austin Hubbard,36,Female,Ahmedabad,Doctor,297532.1,697,5,High,Active
4767,Lee Romero,35,Female,Chennai,Doctor,890448.92,556,13,Low,Inactive
4768,Cassandra Ramos,23,Male,Bangalore,Business,278368.38,770,10,Low,Inactive
4769,Connie Banks,32,Female,Mumbai,Analyst,1953175.0,766,11,Medium,Active
4770,Jason Carter,62,Female,Ahmedabad,Teacher,630790.51,462,12,High,Active
4771,Danielle Houston,56,Male,Delhi,Teacher,2417616.67,578,14,Medium,Inactive
4772,Joe Berg,46,Female,Delhi,Analyst,1386363.45,359,7,High,Inactive
4773,Brandon Harris,45,Female,Hyderabad,Manager,1179105.8,712,9,High,Inactive
4774,Kara Newton,68,Female,Delhi,Analyst,1919761.84,763,10,Low,Inactive
4775,Michael Garcia,32,Female,Bangalore,Analyst,1370432.98,609,2,High,Inactive
4776,Clarence Sanders,52,Male,Ahmedabad,Manager,2058904.01,790,1,Low,Active
4777,Jerry Gutierrez,66,Male,Bangalore,Manager,490372.96,566,1,Medium,Active
4778,Brian Snyder,53,Male,Ahmedabad,Manager,1870611.09,614,8,Medium,Inactive
4779,Matthew Hoffman,42,Male,Chennai,Engineer,2693896.49,304,15,High,Inactive
4780,Hailey Cantrell,49,Male,Pune,Engineer,485036.79,440,1,High,Inactive
4781,Carolyn Stein,62,Female,Delhi,Teacher,1915216.59,734,9,Low,Inactive
4782,Mark Payne II,30,Male,Pune,Doctor,499046.92,680,11,Medium,Active
4783,Carol Mccoy,19,Male,Ahmedabad,Doctor,2059674.37,501,8,High,Inactive
4784,Kimberly Rodriguez,41,Male,Chennai,Engineer,606430.89,752,5,Medium,Active
4785,Carrie Cox,57,Male,Pune,Manager,2112715.06,814,9,Low,Active
4786,Joshua Hess,36,Female,Kolkata,Engineer,2003887.41,840,2,Low,Active
4787,Caitlyn Taylor,19,Male,Hyderabad,Manager,2180209.51,463,5,Medium,Active
4788,Carla Butler,63,Female,Chennai,Doctor,672582.06,471,1,Medium,Inactive
4789,Jessica Ramos,38,Male,Delhi,Business,2596708.92,428,4,Medium,Active
4790,Lori Ayers,29,Male,Kolkata,Analyst,2089065.88,468,10,High,Active
4791,Michael Terry,65,Female,Mumbai,Analyst,1432199.34,840,6,High,Active
4792,Jody Turner,26,Female,Chennai,Analyst,2042863.51,525,6,Low,Active
4793,Nicholas Johnson,40,Female,Kolkata,Manager,2008308.36,479,4,High,Active
4794,Amanda Williams,52,Male,Delhi,Doctor,556505.61,780,2,Low,Active
4795,Michael Paul,62,Male,Delhi,Analyst,1591569.01,737,5,Low,Inactive
4796,Cheryl Jones,46,Female,Chennai,Manager,2196821.1,521,12,Medium,Active
4797,Patricia Terry,65,Male,Mumbai,Doctor,2784020.0,627,6,Medium,Active
4798,George Wright,20,Male,Hyderabad,Teacher,980191.43,425,1,High,Inactive
4799,Christopher Bender,58,Female,Kolkata,Teacher,1623340.51,705,2,Low,Inactive
4800,David Avila,54,Male,Mumbai,Doctor,2003215.23,695,4,High,Active
4801,Benjamin Davis,50,Male,Mumbai,Doctor,1042647.06,777,15,High,Inactive
4802,Benjamin Robinson,57,Female,Kolkata,Manager,1245851.8,402,12,High,Inactive
4803,Brianna Anderson,42,Male,Bangalore,Doctor,2120230.85,332,3,High,Inactive
4804,Whitney Oneill,43,Female,Delhi,Manager,551037.92,627,7,High,Inactive
4805,Tracy Davis,59,Female,Bangalore,Business,994609.62,759,2,Low,Active
4806,Kathleen Clayton,33,Female,Chennai,Analyst,844169.74,716,15,Low,Inactive
4807,Brandi Snow,29,Male,Mumbai,Engineer,2249564.36,741,10,High,Inactive
4808,Ryan Davis,34,Male,Ahmedabad,Doctor,1084841.28,371,8,Low,Inactive
4809,Charles Riddle,30,Male,Kolkata,Teacher,989263.6,442,10,Low,Active
4810,Rebecca Johnson,34,Female,Chennai,Teacher,1014984.1,819,6,Medium,Active
4811,Bill Ellis,22,Male,Bangalore,Business,1840354.1,686,5,Low,Active
4812,David Andrade,21,Male,Hyderabad,Teacher,432665.64,562,15,Low,Active
4813,Penny Washington,54,Male,Pune,Analyst,1143804.73,486,3,Low,Active
4814,Eric King,37,Male,Mumbai,Teacher,2498257.03,841,6,Low,Inactive
4815,Christina Morgan,27,Female,Pune,Manager,2096333.15,826,7,Low,Active
4816,Eric Walton,22,Male,Kolkata,Teacher,2533002.36,805,9,Medium,Inactive
4817,Jennifer Huerta,25,Female,Bangalore,Analyst,2460604.26,347,11,High,Active
4818,Todd Santiago,56,Female,Hyderabad,Manager,539727.88,790,10,Medium,Inactive
4819,Rebecca Glenn,56,Male,Mumbai,Manager,2272068.02,389,6,Medium,Active
4820,Ashlee Wallace,40,Female,Delhi,Teacher,1636635.19,802,1,Low,Active
4821,Thomas Kirby,36,Male,Pune,Engineer,2836243.3,325,4,Medium,Inactive
4822,William Sullivan,55,Male,Pune,Business,1253467.25,800,11,Medium,Active
4823,Jimmy Hernandez,30,Male,Bangalore,Analyst,2131067.82,611,3,High,Active
4824,Thomas Stanton,50,Female,Pune,Business,1344367.81,382,15,Medium,Inactive
4825,Daniel Hunter,51,Female,Ahmedabad,Business,2135707.93,444,13,High,Inactive
4826,Jason Jensen,28,Male,Delhi,Business,826500.24,562,3,High,Inactive
4827,Todd Smith,62,Male,Delhi,Doctor,1560820.38,634,5,Low,Active
4828,Jordan Thomas,34,Male,Mumbai,Doctor,1256327.39,623,9,Low,Inactive
4829,Mitchell Cross,46,Male,Hyderabad,Doctor,944773.21,456,8,Medium,Inactive
4830,Cassidy Shah,51,Male,Kolkata,Doctor,1739102.41,593,6,Low,Inactive
4831,Andrew Chambers,54,Male,Hyderabad,Manager,2002741.78,440,11,Medium,Inactive
4832,Jim Harper,62,Female,Chennai,Doctor,1343810.94,454,14,High,Active
4833,Sara Cooper,18,Male,Hyderabad,Business,2429975.8,478,6,Low,Active
4834,Tina Richmond,62,Female,Pune,Teacher,1337899.74,682,4,High,Active
4835,Anthony Moore,21,Male,Mumbai,Teacher,779857.01,583,8,High,Inactive
4836,Alyssa Holder,29,Male,Bangalore,Manager,2720262.37,416,2,Medium,Inactive
4837,Mercedes Young,30,Male,Pune,Manager,1245277.6,651,5,Low,Active
4838,Brandi Mcknight,42,Female,Chennai,Doctor,2596971.83,348,2,Low,Inactive
4839,Angela Dean,52,Female,Delhi,Engineer,1775200.57,545,15,Low,Inactive
4840,Kathryn Long,68,Male,Pune,Manager,1921705.09,665,2,High,Active
4841,Cody Rosales,36,Male,Hyderabad,Business,1785934.77,571,6,Low,Active
4842,Kimberly Gordon,19,Male,Pune,Engineer,632077.14,577,7,Low,Active
4843,Alexis Smith,47,Female,Bangalore,Teacher,1499585.42,376,8,Medium,Inactive
4844,David Baxter,42,Male,Chennai,Manager,349707.98,575,3,Medium,Active
4845,Kelly Sandoval,70,Female,Ahmedabad,Teacher,2006790.53,749,12,Low,Inactive
4846,David Edwards,41,Male,Mumbai,Doctor,800556.86,403,7,Medium,Active
4847,Robert Ferguson,42,Male,Kolkata,Doctor,2599780.94,504,9,Low,Inactive
4848,William Fox,45,Female,Bangalore,Business,434677.33,392,13,High,Inactive
4849,Alicia Harris,32,Female,Delhi,Analyst,576958.29,667,7,High,Inactive
4850,Natasha Arias,70,Female,Chennai,Engineer,2302989.76,403,9,Medium,Active
4851,Pamela Henderson,28,Male,Mumbai,Teacher,1619028.34,340,11,High,Inactive
4852,Mary Gutierrez,63,Male,Ahmedabad,Manager,2286759.96,561,13,High,Active
4853,Sarah Clark,65,Female,Kolkata,Manager,2386500.24,431,1,Low,Active
4854,Michael Mercer,61,Female,Pune,Analyst,1167038.1,560,10,Medium,Inactive
4855,Shane Kirby,20,Male,Pune,Doctor,939735.36,776,13,Low,Active
4856,Zachary Wong,47,Male,Ahmedabad,Business,2707413.96,746,5,Low,Inactive
4857,Carolyn Ruiz,58,Male,Kolkata,Teacher,1948084.66,615,15,Low,Inactive
4858,Emily Pena,59,Male,Hyderabad,Business,2890281.87,308,4,Low,Active
4859,Matthew Palmer,61,Female,Bangalore,Teacher,2221187.27,506,8,Low,Active
4860,Reginald Moore,68,Female,Mumbai,Manager,2640975.5,784,6,High,Inactive
4861,Heather Rivas,22,Male,Chennai,Engineer,2902942.59,755,7,High,Inactive
4862,Rhonda Pope,48,Male,Kolkata,Engineer,478388.36,373,8,Medium,Active
4863,Carlos Vaughn,29,Female,Delhi,Doctor,1826614.25,456,6,High,Active
4864,Nathaniel Silva,48,Male,Kolkata,Analyst,1643890.96,378,12,High,Inactive
4865,Haley Jackson,20,Female,Mumbai,Teacher,1679127.17,454,7,Low,Active
4866,Kyle Johnson,23,Male,Chennai,Engineer,2133052.82,807,9,High,Inactive
4867,Thomas Olsen,67,Male,Bangalore,Teacher,298461.75,745,7,Medium,Active
4868,Victor Nelson,57,Female,Delhi,Business,1036910.44,624,15,Low,Active
4869,Tyler Lopez,32,Female,Pune,Engineer,422499.28,838,10,Low,Active
4870,Lisa Blair,33,Female,Mumbai,Business,1971719.63,651,6,Medium,Inactive
4871,Brian Rodgers,21,Male,Ahmedabad,Doctor,445286.1,697,8,High,Inactive
4872,Jamie Lynch,64,Female,Delhi,Doctor,260124.58,538,9,Low,Active
4873,Amanda Reyes,41,Male,Delhi,Engineer,565718.53,783,1,High,Inactive
4874,Jessica Pearson,24,Female,Chennai,Engineer,1056280.32,726,2,Medium,Active
4875,Stacy Palmer,58,Male,Delhi,Doctor,1468241.13,669,2,High,Inactive
4876,Jacqueline Harding,22,Female,Hyderabad,Teacher,2505854.6,589,6,High,Inactive
4877,Brenda Johnson,21,Female,Pune,Engineer,1117349.69,478,12,Low,Inactive
4878,Abigail Johnson,35,Female,Hyderabad,Analyst,1101780.66,472,6,High,Inactive
4879,Steven Ortiz,41,Male,Hyderabad,Manager,2990042.67,377,11,Medium,Inactive
4880,Phillip Morrow,35,Female,Mumbai,Business,418301.36,516,6,Low,Inactive
4881,Hector Palmer,62,Female,Pune,Analyst,2828792.99,589,11,Low,Active
4882,Carrie Thompson,50,Female,Pune,Manager,1617654.03,384,7,Low,Inactive
4883,Kelly Watson,41,Male,Bangalore,Doctor,2603394.37,742,13,High,Active
4884,Janet Frazier,58,Male,Delhi,Business,1880593.47,735,7,Medium,Inactive
4885,Jordan Rodriguez,66,Male,Mumbai,Analyst,1867926.53,484,5,Low,Inactive
4886,Ryan Miller,20,Female,Pune,Engineer,1913912.55,617,10,High,Active
4887,Peter Jones,33,Female,Chennai,Business,349946.21,440,1,Low,Inactive
4888,Amy Matthews,62,Female,Pune,Engineer,1335124.11,342,3,Low,Inactive
4889,Thomas King,66,Female,Ahmedabad,Teacher,826655.33,571,7,High,Inactive
4890,Mr. Bryan Wood,33,Female,Hyderabad,Teacher,2335445.49,469,7,Medium,Inactive
4891,Michael Richmond,30,Female,Kolkata,Analyst,920417.63,633,2,Medium,Inactive
4892,Jennifer Wang,25,Male,Kolkata,Teacher,1879341.6,778,15,High,Active
4893,Thomas Wallace,18,Male,Delhi,Manager,736094.22,525,10,Medium,Active
4894,Mr. Aaron Maddox Jr.,25,Female,Bangalore,Teacher,2867686.19,579,9,High,Active
4895,Tiffany Hogan,57,Male,Ahmedabad,Business,1563581.27,404,1,Low,Active
4896,David Green,51,Male,Ahmedabad,Analyst,1270546.72,774,12,Medium,Active
4897,David Graves,24,Female,Delhi,Analyst,2606951.23,301,6,Medium,Active
4898,Jamie Patel,35,Male,Pune,Doctor,371338.01,827,14,High,Inactive
4899,Stephanie James,37,Female,Ahmedabad,Manager,1340543.01,705,1,Low,Active
4900,Duane Wells,60,Male,Delhi,Manager,2722645.97,417,4,High,Active
4901,Nichole Richardson,53,Female,Ahmedabad,Doctor,666833.79,828,11,Low,Inactive
4902,Alfred Contreras,30,Male,Delhi,Analyst,1291476.96,549,1,High,Active
4903,Cynthia Merritt,48,Female,Ahmedabad,Manager,312091.34,412,4,Medium,Active
4904,Tiffany Alvarez,18,Male,Mumbai,Business,1316590.0,301,2,Low,Inactive
4905,Ruth Wilkinson,51,Female,Chennai,Teacher,1379070.06,748,8,High,Inactive
4906,John Bennett,36,Male,Bangalore,Business,1314419.55,568,10,Medium,Active
4907,Katie Miller,36,Female,Ahmedabad,Analyst,251442.66,520,14,Medium,Inactive
4908,Jasmine Arias,54,Male,Mumbai,Engineer,1907324.29,311,5,Medium,Active
4909,Michael Porter,35,Male,Pune,Teacher,749444.96,571,8,Low,Active
4910,Kristine Herrera,55,Female,Chennai,Engineer,1266529.97,462,2,Low,Inactive
4911,Michele Haynes,21,Female,Delhi,Doctor,1648423.46,333,6,Medium,Active
4912,William Ward,47,Female,Bangalore,Manager,2119263.56,320,15,High,Active
4913,Carolyn Smith,58,Female,Kolkata,Teacher,2825726.33,616,8,High,Inactive
4914,Michael Carrillo,32,Male,Hyderabad,Business,2364201.96,577,6,Medium,Inactive
4915,Stephen Haas MD,44,Male,Kolkata,Manager,1947231.57,660,14,High,Active
4916,Bradley Kent,26,Female,Kolkata,Business,856181.46,743,7,High,Inactive
4917,Dwayne Randall,38,Female,Mumbai,Business,639394.03,702,8,Medium,Active
4918,Nathaniel Wilson,53,Male,Delhi,Business,2915693.6,654,6,Medium,Active
4919,Anthony King,20,Female,Delhi,Business,1934202.67,545,14,Medium,Active
4920,Erin Burton,44,Female,Bangalore,Engineer,2326287.76,724,6,Medium,Inactive
4921,Erin Lucas,69,Female,Ahmedabad,Doctor,1928542.68,822,6,Low,Inactive
4922,William Simmons,33,Male,Mumbai,Doctor,2433968.55,573,12,High,Active
4923,Theresa Skinner,67,Male,Ahmedabad,Analyst,1294209.91,402,6,High,Inactive
4924,Jose Bennett,44,Male,Mumbai,Business,434224.8,363,3,Medium,Active
4925,Cassidy Turner,66,Male,Mumbai,Business,2738345.5,670,12,High,Active
4926,Randy Sosa,32,Female,Pune,Business,949446.26,488,8,Low,Inactive
4927,Shari Schmitt,47,Female,Kolkata,Analyst,436144.49,833,6,High,Inactive
4928,Melissa Calderon,35,Female,Delhi,Analyst,2132581.52,726,3,High,Inactive
4929,Peter Carter,52,Female,Bangalore,Teacher,350840.75,600,9,Low,Inactive
4930,Jeffrey Clements,20,Male,Kolkata,Teacher,1327064.68,575,13,Medium,Active
4931,Autumn Park,29,Male,Bangalore,Doctor,541850.01,689,10,Medium,Inactive
4932,Donald Holmes MD,43,Female,Kolkata,Manager,1727063.4,470,12,Low,Inactive
4933,Rhonda Williams,22,Female,Chennai,Teacher,676006.36,734,11,Low,Inactive
4934,Yolanda Farmer,39,Male,Hyderabad,Teacher,490846.26,759,11,Medium,Inactive
4935,Stacy Hinton,38,Male,Chennai,Teacher,1243835.44,310,4,Medium,Inactive
4936,Anthony Knight,31,Male,Kolkata,Engineer,2285750.07,560,14,High,Inactive
4937,Evan Turner,46,Male,Kolkata,Teacher,456512.52,627,13,Medium,Active
4938,Dana Perry,42,Male,Mumbai,Teacher,2342057.41,418,9,Low,Inactive
4939,Kayla Mcdonald,49,Female,Mumbai,Analyst,767582.72,337,4,High,Inactive
4940,Angel Dodson,48,Female,Pune,Engineer,1906766.55,348,7,Low,Active
4941,David Swanson,36,Female,Pune,Manager,1098364.57,328,9,Medium,Active
4942,Katelyn Miller,34,Female,Hyderabad,Teacher,2169820.71,804,14,Medium,Active
4943,Kenneth Williams,50,Male,Delhi,Doctor,280514.77,577,12,Medium,Inactive
4944,Cody Johnson,44,Male,Mumbai,Analyst,2884776.81,462,15,Low,Active
4945,Christopher Brown,67,Male,Ahmedabad,Teacher,627348.39,784,13,High,Inactive
4946,Jeffrey Pope,18,Male,Bangalore,Teacher,2595851.23,543,12,High,Inactive
4947,Jonathon Williams,69,Male,Pune,Teacher,636219.33,494,6,Medium,Active
4948,Zachary Davis,53,Male,Chennai,Analyst,2790543.45,588,1,Medium,Inactive
4949,Lawrence Ray,23,Female,Kolkata,Teacher,1185374.19,309,9,High,Inactive
4950,Benjamin Wang,32,Male,Delhi,Engineer,2779406.76,616,6,High,Active
4951,Traci Summers,28,Female,Kolkata,Teacher,2902701.42,761,8,Low,Active
4952,Luis Johnson,59,Female,Kolkata,Business,1006786.98,418,4,High,Active
4953,Alec Jackson,23,Female,Bangalore,Teacher,1898567.04,847,13,Low,Inactive
4954,Thomas Wright,30,Female,Kolkata,Analyst,299047.64,520,13,Medium,Inactive
4955,Veronica Wolfe,21,Male,Ahmedabad,Teacher,2286312.82,779,12,High,Inactive
4956,James Oliver,25,Female,Kolkata,Doctor,1211856.3,553,7,High,Active
4957,Rebekah Clark,50,Male,Hyderabad,Manager,666398.24,583,1,High,Active
4958,Paul Cardenas,66,Female,Pune,Doctor,1951834.67,493,2,Medium,Active
4959,Jessica Figueroa,41,Female,Mumbai,Engineer,1345741.04,730,5,High,Inactive
4960,Jamie Poole,55,Female,Ahmedabad,Teacher,2637904.82,305,9,High,Inactive
4961,Lisa Rodriguez,43,Female,Bangalore,Teacher,2171815.8,619,1,Medium,Active
4962,Jeremiah Bishop,70,Female,Delhi,Teacher,750890.37,491,8,Low,Inactive
4963,Daniel Marsh,47,Female,Ahmedabad,Manager,2585814.76,545,15,Medium,Active
4964,Nancy Adkins,23,Female,Ahmedabad,Business,1469560.43,612,5,Low,Active
4965,Melanie Snow,52,Female,Bangalore,Teacher,1264651.0,411,4,Medium,Inactive
4966,Monica Coleman,54,Male,Kolkata,Manager,911818.73,495,10,Low,Inactive
4967,Nichole Williams,65,Male,Hyderabad,Doctor,1010711.64,804,14,Medium,Active
4968,Frank Garner,42,Male,Mumbai,Business,1244966.37,572,5,Low,Inactive
4969,Samuel Beasley,65,Male,Delhi,Manager,2058529.43,689,10,Medium,Inactive
4970,Jon Johnston,65,Female,Kolkata,Engineer,2662885.85,673,2,Low,Inactive
4971,Ian Hughes,48,Male,Hyderabad,Manager,2660438.37,801,4,Medium,Inactive
4972,Christopher Oconnor,42,Female,Kolkata,Engineer,1337563.6,687,2,High,Inactive
4973,Christopher Scott,21,Male,Chennai,Business,2846948.89,563,9,High,Active
4974,Peggy Reyes,37,Male,Mumbai,Doctor,1840604.61,525,7,Medium,Active
4975,Stephanie Martin,47,Female,Pune,Doctor,1728815.69,452,11,Low,Inactive
4976,Gordon Hernandez,59,Male,Mumbai,Analyst,279809.56,643,13,Medium,Active
4977,Alexandra Briggs,32,Male,Chennai,Manager,1933949.54,642,11,Low,Active
4978,Adrienne Cooper,44,Female,Kolkata,Manager,2071477.15,479,8,High,Inactive
4979,Tony Davis,19,Female,Delhi,Teacher,1344517.07,712,12,Medium,Inactive
4980,Adrienne Ray,18,Female,Hyderabad,Engineer,576480.45,640,10,Low,Inactive
4981,Roger Watson,34,Female,Hyderabad,Manager,540675.95,670,6,Low,Active
4982,Joshua Stewart,23,Male,Hyderabad,Manager,1210085.57,397,11,Low,Inactive
4983,Tara Guerrero DDS,26,Male,Mumbai,Doctor,2916766.12,641,13,High,Active
4984,Donald Price,51,Male,Ahmedabad,Analyst,2733389.47,809,8,Low,Inactive
4985,Samuel Daniels,28,Male,Hyderabad,Engineer,836083.55,347,2,High,Inactive
4986,Michael Barry,59,Male,Kolkata,Engineer,2751137.34,601,12,Low,Active
4987,Ronald Sandoval,26,Male,Ahmedabad,Analyst,1189531.98,666,15,High,Inactive
4988,Joshua Stout,18,Female,Ahmedabad,Engineer,1253171.45,846,14,Medium,Active
4989,Christy Smith,66,Male,Delhi,Engineer,2585208.48,387,4,Medium,Active
4990,Heather Hernandez,26,Female,Mumbai,Manager,564303.44,624,1,Medium,Inactive
4991,Joshua Dean,42,Female,Kolkata,Teacher,2696866.61,482,3,High,Inactive
4992,Dylan Monroe,63,Male,Chennai,Teacher,2935846.31,420,14,Medium,Active
4993,Mary Wyatt,41,Female,Mumbai,Teacher,2679953.02,634,12,Medium,Active
4994,Charles Carter,46,Male,Hyderabad,Doctor,778875.4,420,2,Low,Active
4995,Sarah Walsh,48,Female,Chennai,Engineer,758724.19,717,2,Low,Inactive
4996,Ashley Gray,32,Female,Delhi,Analyst,571894.4,771,2,Medium,Inactive
4997,Eric Wolfe,23,Female,Bangalore,Teacher,940859.39,597,6,Low,Active
4998,Deborah Arnold,32,Female,Delhi,Business,1075176.21,352,8,Low,Active
4999,Jeremy Carlson,50,Female,Hyderabad,Doctor,661642.73,596,2,Medium,Inactive
5000,William Miller,44,Male,Kolkata,Manager,1339757.64,675,6,High,Active
