Loan_ID,Customer_ID,Loan_Amount,Loan_Status
1,4008,3618900.33,Approved
2,527,2679224.2,Approved
3,960,2096002.93,Approved
4,4031,1711396.99,Rejected
5,1440,593573.25,Approved
6,1402,562819.34,Pending
7,894,1292240.12,Approved
8,1718,2751230.98,Pending
9,3734,3977960.19,Pending
10,3741,610855.74,Rejected
11,3226,4736918.26,Pending
12,2009,4796778.7,Pending
13,1936,1948506.73,Pending
14,4193,1403846.49,Approved
15,2676,1328737.4,Approved
16,15,1500315.63,Rejected
17,308,4722264.48,Rejected
18,4143,1479281.06,Pending
19,2563,1098455.41,Rejected
20,3324,4103183.89,Pending
21,3083,2377238.67,Approved
22,2766,1140257.85,Pending
23,107,3217999.43,Pending
24,3177,3586797.64,Approved
25,1081,2575408.18,Rejected
26,1016,4925963.03,Pending
27,2529,3028593.15,Pending
28,2124,1592303.9,Approved
29,2110,2699497.84,Approved
30,3349,4520188.56,Rejected
31,4526,3550518.68,Rejected
32,1922,1683523.27,Pending
33,2103,3180646.25,Rejected
34,928,1309199.92,Rejected
35,3295,4731541.25,Approved
36,4529,3075964.25,Rejected
37,35,3738420.27,Pending
38,2044,2716884.9,Pending
39,2608,3455862.32,Approved
40,1793,3570672.64,Approved
41,760,1202443.5,Pending
42,1489,2377323.63,Rejected
43,4259,1241320.08,Rejected
44,689,872975.29,Rejected
45,458,2364288.86,Rejected
46,3510,4257923.88,Approved
47,3824,4320120.17,Rejected
48,1370,4166537.18,Approved
49,1549,2119302.3,Approved
50,170,2778909.98,Rejected
51,3203,1184789.08,Pending
52,460,55237.6,Rejected
53,1109,338529.64,Rejected
54,3007,1366461.65,Pending
55,2444,405479.78,Approved
56,3683,3439302.14,Approved
57,2035,2793799.54,Approved
58,3889,499553.94,Rejected
59,583,3671828.88,Rejected
60,1655,3759760.31,Approved
61,3014,3479719.39,Approved
62,3135,915944.34,Approved
63,4613,1354128.2,Approved
64,3009,333306.16,Approved
65,1947,103434.19,Approved
66,2344,4374632.64,Approved
67,2491,4500024.04,Rejected
68,3505,157052.23,Rejected
69,2130,1126133.29,Rejected
70,3730,3220357.43,Pending
71,3633,2035432.77,Rejected
72,3664,1233995.32,Pending
73,3626,325407.71,Pending
74,2352,4393785.12,Rejected
75,2660,4007674.05,Rejected
76,1894,4790606.44,Rejected
77,1712,3352261.52,Rejected
78,1316,4117107.68,Approved
79,3951,181457.35,Rejected
80,4440,3782524.34,Rejected
81,4225,3596854.8,Pending
82,2503,2520693.74,Rejected
83,4361,437049.38,Pending
84,634,4711241.1,Pending
85,1969,1628144.42,Rejected
86,4711,2614140.72,Approved
87,1269,268525.23,Rejected
88,2856,4216960.47,Rejected
89,4956,3132713.75,Rejected
90,3199,2655180.95,Pending
91,620,2863427.55,Pending
92,1634,4716285.58,Rejected
93,3427,3925890.8,Approved
94,2053,1704673.17,Pending
95,2425,3504724.92,Pending
96,3960,4714538.39,Approved
97,2150,3954331.45,Pending
98,4224,3680530.82,Rejected
99,104,4104046.16,Pending
100,3755,3623519.04,Rejected
101,4248,2798015.55,Rejected
102,277,4185524.3,Pending
103,1198,4874914.39,Pending
104,1016,2084166.31,Approved
105,2225,284778.51,Approved
106,3019,685302.92,Rejected
107,987,1494094.96,Pending
108,4850,4724776.02,Pending
109,2296,3391946.39,Rejected
110,2753,1358000.51,Approved
111,4699,4818484.21,Approved
112,1269,2814099.73,Rejected
113,1892,4678891.25,Rejected
114,4715,454963.87,Rejected
115,2738,2806219.49,Rejected
116,3717,2390095.27,Pending
117,4143,478449.92,Pending
118,3388,1939664.07,Pending
119,4461,4745821.33,Pending
120,54,599344.21,Rejected
121,440,572695.88,Pending
122,78,4665593.23,Approved
123,4342,4026464.6,Approved
124,1617,1168800.7,Approved
125,1263,1120216.69,Rejected
126,2697,4665945.01,Approved
127,4458,4230985.17,Pending
128,541,443291.56,Rejected
129,3791,1119232.99,Rejected
130,3020,4017242.13,Rejected
131,2051,4357834.85,Rejected
132,2676,4725562.95,Pending
133,772,2192693.89,Approved
134,1657,220053.92,Pending
135,232,3518526.28,Approved
136,2476,3442678.38,Pending
137,1955,4960516.08,Pending
138,774,4439439.5,Rejected
139,4898,3508010.01,Rejected
140,3997,3329352.62,Approved
141,902,2717018.51,Pending
142,91,494787.78,Pending
143,2098,135384.44,Pending
144,4388,2787737.39,Pending
145,657,923886.01,Approved
146,2983,4530833.18,Approved
147,939,3523264.1,Rejected
148,2075,4410939.75,Approved
149,2810,1629666.34,Approved
150,4906,4860857.23,Rejected
151,222,3930949.96,Rejected
152,1547,1212223.87,Approved
153,4090,2976659.12,Approved
154,2710,2505011.98,Pending
155,2602,2361446.63,Pending
156,2778,1042322.64,Approved
157,840,921713.36,Approved
158,1608,993426.47,Approved
159,2620,275855.06,Pending
160,86,1331418.81,Pending
161,3923,4130898.86,Pending
162,3110,1178518.62,Pending
163,2526,1717952.98,Approved
164,1059,2703065.47,Approved
165,4325,2181755.97,Approved
166,2033,1063537.35,Rejected
167,231,3807845.89,Approved
168,595,3415024.1,Pending
169,4055,4483417.6,Approved
170,2859,4487046.37,Rejected
171,169,503121.88,Pending
172,141,2690131.19,Approved
173,4498,3284601.58,Rejected
174,3374,3692758.95,Pending
175,1497,2671974.8,Approved
176,1637,317701.15,Approved
177,2824,3691400.83,Rejected
178,1914,4023873.56,Approved
179,2505,729366.01,Pending
180,1588,312510.57,Rejected
181,3659,2165744.7,Rejected
182,4622,123252.87,Rejected
183,1420,1701557.18,Rejected
184,661,4601176.7,Pending
185,3210,2632171.57,Rejected
186,2104,3097269.5,Approved
187,1319,4260181.58,Rejected
188,3969,1406032.86,Pending
189,711,4608345.88,Pending
190,1301,1441074.31,Approved
191,1910,4863773.68,Pending
192,4836,2003373.79,Approved
193,1328,757411.47,Rejected
194,1849,143584.06,Rejected
195,3351,4654445.97,Rejected
196,264,1217709.51,Pending
197,858,605232.9,Rejected
198,114,67330.55,Rejected
199,4721,2317809.77,Approved
200,1749,1424845.86,Rejected
201,3808,4271593.64,Approved
202,901,1118629.42,Rejected
203,3607,1914900.24,Approved
204,776,3286274.59,Approved
205,276,2008126.55,Approved
206,1405,2895098.9,Approved
207,4363,4975091.09,Approved
208,3028,2169401.93,Rejected
209,390,3394271.52,Rejected
210,3751,1089060.36,Rejected
211,447,661216.83,Pending
212,4063,4986631.21,Approved
213,4945,2049832.66,Approved
214,4314,4748508.71,Approved
215,4541,2589959.17,Pending
216,3878,3377110.68,Rejected
217,4143,4471409.09,Rejected
218,853,4267973.7,Rejected
219,2701,4008445.99,Pending
220,3125,1555013.39,Approved
221,942,3715700.97,Pending
222,292,1827188.56,Approved
223,3627,2933493.26,Pending
224,4618,3976708.09,Approved
225,2578,3442280.71,Rejected
226,3203,4804595.59,Rejected
227,663,4450307.62,Pending
228,3518,1439596.16,Rejected
229,2271,3495341.39,Pending
230,2267,713817.4,Rejected
231,3562,4587793.47,Rejected
232,1364,1316507.59,Pending
233,3623,4389709.25,Rejected
234,3343,2529638.62,Pending
235,686,1874094.91,Rejected
236,839,1602298.39,Approved
237,2337,3289583.72,Approved
238,1425,4047104.07,Approved
239,792,2493088.55,Pending
240,3190,1234876.85,Pending
241,3227,4933040.33,Approved
242,3304,4092605.89,Approved
243,2309,4827231.2,Rejected
244,2568,655680.91,Pending
245,2355,4447590.18,Rejected
246,3480,4057079.59,Rejected
247,914,4496104.44,Approved
248,1616,690354.45,Pending
249,842,2437613.1,Rejected
250,2567,4740546.64,Pending
251,3088,3733391.48,Pending
252,915,643041.18,Pending
253,3810,4122577.52,Pending
254,1706,1794408.73,Pending
255,1872,4375808.77,Rejected
256,4696,1500149.02,Approved
257,4652,2273482.53,Pending
258,4038,1805410.03,Rejected
259,373,1886752.67,Pending
260,3878,2396852.06,Pending
261,1705,643433.9,Pending
262,4607,1939948.54,Pending
263,1270,2194380.49,Approved
264,3508,225913.7,Pending
265,134,1210732.48,Pending
266,4219,344930.45,Pending
267,801,1980426.03,Rejected
268,3784,3434236.82,Pending
269,3459,2470701.02,Pending
270,1717,2912425.26,Rejected
271,3149,1274448.36,Approved
272,3581,3050854.91,Rejected
273,1291,3608325.91,Pending
274,1204,3676765.83,Rejected
275,4708,4297412.0,Approved
276,1838,4443959.6,Rejected
277,4517,4300547.73,Approved
278,4228,3872956.82,Approved
279,3842,2059343.24,Pending
280,1965,1459140.0,Rejected
281,2928,4094952.25,Pending
282,1069,735625.73,Approved
283,1191,2567172.16,Approved
284,317,1035646.9,Pending
285,3521,182778.55,Rejected
286,303,3845300.44,Approved
287,3194,2719348.09,Pending
288,3635,722067.2,Pending
289,3345,1371249.76,Approved
290,2829,60795.06,Pending
291,4926,2032387.88,Approved
292,2448,4022653.97,Rejected
293,1881,2333008.22,Approved
294,3701,1736577.54,Rejected
295,3107,4163572.56,Approved
296,975,3311243.86,Approved
297,334,772961.15,Pending
298,206,1046760.3,Approved
299,4536,3144784.95,Approved
300,2368,3063456.26,Approved
301,1782,227438.08,Approved
302,3737,3668583.09,Rejected
303,3797,170851.13,Rejected
304,1708,2374019.39,Rejected
305,606,1263773.47,Rejected
306,3127,3187300.16,Pending
307,1109,1327083.15,Approved
308,675,1697606.97,Approved
309,1036,1144156.28,Approved
310,4035,940931.63,Pending
311,3885,129961.21,Approved
312,2581,3971729.59,Approved
313,1917,2490726.62,Approved
314,649,1519944.01,Pending
315,2221,1438155.46,Approved
316,2660,4311640.54,Rejected
317,2547,3074416.87,Rejected
318,4724,2388020.21,Approved
319,4363,3632959.55,Approved
320,4244,2446460.58,Rejected
321,3085,4016879.74,Pending
322,2034,4422251.3,Pending
323,3226,1728037.81,Pending
324,3164,3853531.3,Rejected
325,192,3243170.69,Pending
326,2319,3545168.6,Rejected
327,4441,455973.19,Approved
328,3872,1253603.48,Approved
329,2779,3906438.48,Pending
330,2890,2003308.66,Pending
331,1811,1720139.77,Pending
332,1138,3648851.64,Pending
333,4039,4657835.39,Approved
334,2310,4182212.02,Pending
335,1371,2714949.95,Pending
336,4122,3918657.2,Pending
337,614,106073.37,Rejected
338,4901,3158744.53,Pending
339,1993,3143714.69,Approved
340,3605,3012775.57,Rejected
341,2591,3065896.18,Pending
342,1675,367558.0,Pending
343,2369,4233065.21,Pending
344,2180,2976008.92,Rejected
345,1955,360591.2,Approved
346,2194,4168064.93,Approved
347,3512,1545125.11,Approved
348,4364,1759682.76,Pending
349,1122,935760.82,Rejected
350,957,3966022.17,Pending
351,2390,4385822.59,Approved
352,1961,4671763.07,Pending
353,1760,3140187.91,Rejected
354,2854,686681.15,Rejected
355,758,2375334.63,Approved
356,2005,2936607.13,Rejected
357,3773,1944661.85,Pending
358,261,3363497.23,Approved
359,4212,4957506.74,Approved
360,4320,3719956.82,Pending
361,2498,635814.87,Approved
362,4495,4084140.9,Approved
363,4750,2283426.75,Rejected
364,868,3469231.59,Pending
365,3116,3530274.12,Approved
366,3980,4615610.82,Rejected
367,2173,58637.4,Rejected
368,2213,4693412.44,Rejected
369,218,3556391.53,Rejected
370,1395,4903070.58,Approved
371,3293,911429.03,Approved
372,4503,1464935.13,Approved
373,1340,325216.04,Rejected
374,4653,2781334.09,Pending
375,2212,3365802.64,Rejected
376,1132,2082136.32,Approved
377,4184,532999.16,Approved
378,1337,3716495.07,Pending
379,1055,1008883.74,Approved
380,4848,3809772.32,Rejected
381,3838,1030697.13,Pending
382,3268,2183952.03,Rejected
383,645,4069172.99,Approved
384,2083,2853554.24,Pending
385,815,3118369.14,Pending
386,2897,1534659.55,Approved
387,649,178074.46,Rejected
388,3153,139846.15,Approved
389,2117,3451038.46,Rejected
390,3168,1221323.05,Rejected
391,1138,2624618.81,Approved
392,3670,2127440.44,Pending
393,1035,3727050.55,Rejected
394,4139,719937.34,Rejected
395,2067,1531332.61,Rejected
396,557,532079.81,Approved
397,989,3393595.28,Rejected
398,458,3571332.38,Pending
399,4766,3191667.38,Pending
400,2891,4848783.69,Pending
401,2684,1172010.43,Rejected
402,1147,851265.94,Rejected
403,2409,4153203.06,Rejected
404,2603,3629583.72,Approved
405,4792,4528127.56,Rejected
406,204,3812768.06,Approved
407,443,4167912.8,Rejected
408,2266,1956414.05,Approved
409,537,4924712.91,Pending
410,1055,688605.0,Rejected
411,4666,1358779.47,Pending
412,2267,2826524.13,Approved
413,1620,1781467.85,Approved
414,4007,2389910.99,Rejected
415,4932,1462917.44,Pending
416,4412,2403114.98,Pending
417,4504,3377781.22,Pending
418,3214,1510218.61,Rejected
419,2223,2876257.31,Pending
420,2994,2512007.59,Pending
421,4687,1272187.02,Approved
422,3405,1199274.03,Rejected
423,1300,2536587.44,Approved
424,1802,680756.37,Pending
425,3080,4176876.87,Rejected
426,1414,631521.02,Rejected
427,1523,2030307.57,Pending
428,1739,2398769.98,Pending
429,861,463516.36,Pending
430,987,51102.78,Pending
431,4619,2726387.11,Rejected
432,3056,4153401.17,Approved
433,3894,356484.63,Pending
434,4940,2482579.82,Rejected
435,406,1323036.38,Approved
436,2300,3076282.62,Rejected
437,670,1805885.99,Rejected
438,1891,1231033.36,Rejected
439,1470,3524950.93,Approved
440,2213,2342900.62,Rejected
441,96,3798107.36,Approved
442,3920,2000721.29,Pending
443,2784,123037.81,Approved
444,4704,4131527.72,Rejected
445,2278,3661550.13,Pending
446,1357,2106964.88,Rejected
447,2578,4398455.64,Rejected
448,1945,4775035.35,Rejected
449,3457,1157335.9,Pending
450,892,4553104.13,Approved
451,4954,2076898.86,Pending
452,1688,4225957.56,Rejected
453,4941,4407180.16,Approved
454,3217,1090758.6,Rejected
455,3580,3216316.41,Approved
456,1629,1596691.63,Approved
457,2118,814597.46,Pending
458,1554,1834914.31,Rejected
459,4563,2946798.91,Rejected
460,4618,323996.3,Rejected
461,858,4609867.09,Pending
462,4871,2717031.47,Pending
463,531,275916.44,Rejected
464,4178,2386146.54,Approved
465,937,3999832.44,Pending
466,702,1841664.43,Rejected
467,2693,1710502.2,Pending
468,1720,4955274.05,Pending
469,4553,3779986.66,Rejected
470,1092,4851741.91,Pending
471,3089,218311.64,Pending
472,2208,1703901.1,Pending
473,360,2401138.95,Rejected
474,1349,1978406.89,Rejected
475,2503,563777.4,Approved
476,1655,3735134.84,Pending
477,2863,1610410.15,Pending
478,4869,3219653.74,Approved
479,2942,2618718.74,Approved
480,4207,1951157.62,Pending
481,247,4346334.06,Approved
482,3941,2476264.24,Approved
483,3900,1431650.65,Rejected
484,4883,393570.91,Approved
485,4577,2800524.65,Approved
486,3506,3093060.34,Rejected
487,1774,4380604.29,Rejected
488,1011,1708168.45,Approved
489,2706,4399068.38,Pending
490,4918,3555692.39,Approved
491,1091,4282519.3,Approved
492,656,4551338.83,Rejected
493,2828,573236.01,Rejected
494,1369,4355696.08,Pending
495,1671,4410644.25,Approved
496,155,1666621.84,Pending
497,2188,3631003.61,Rejected
498,2064,4143529.67,Approved
499,2594,3773222.94,Approved
500,1416,4343561.59,Rejected
501,4398,4337787.96,Approved
502,2428,1549234.82,Approved
503,2577,1243419.06,Pending
504,4816,3289829.47,Pending
505,4627,755744.77,Pending
506,2685,3381105.53,Approved
507,2249,1671328.92,Pending
508,4065,2119466.6,Pending
509,3163,2791450.59,Rejected
510,3973,4502234.96,Rejected
511,1154,4070529.97,Approved
512,483,1547525.5,Pending
513,4141,913693.99,Rejected
514,2525,2300047.86,Approved
515,3802,2254533.5,Approved
516,2476,2452460.78,Rejected
517,2430,436117.84,Rejected
518,3808,541179.89,Approved
519,2601,505660.52,Approved
520,3626,2309045.09,Approved
521,2261,4159158.7,Approved
522,840,4324963.78,Pending
523,4615,673636.17,Approved
524,2342,2804522.81,Approved
525,2472,2636353.82,Approved
526,3371,1159253.45,Rejected
527,599,2139191.35,Pending
528,2031,126163.38,Approved
529,1522,566539.12,Pending
530,3920,2150540.09,Approved
531,4612,4417289.48,Pending
532,2514,1579090.29,Approved
533,2403,3455256.19,Pending
534,2592,916197.4,Pending
535,3369,4709212.91,Pending
536,1717,4957838.31,Rejected
537,2524,164154.47,Rejected
538,2841,1834682.69,Approved
539,3689,3513587.49,Pending
540,283,4835022.28,Rejected
541,4690,3952677.21,Approved
542,2601,2905467.17,Rejected
543,4704,4370925.38,Pending
544,3907,3930349.79,Rejected
545,2061,1883295.89,Pending
546,4724,2212063.32,Rejected
547,1080,4334621.05,Approved
548,211,4226589.91,Rejected
549,418,1185841.77,Pending
550,4446,681533.45,Approved
551,4254,4841520.23,Approved
552,630,116588.99,Rejected
553,71,1784047.07,Approved
554,2501,1067956.49,Pending
555,3440,4355383.43,Pending
556,1054,3991660.72,Rejected
557,1929,4832554.0,Pending
558,3300,3620824.18,Approved
559,3862,3249768.85,Approved
560,769,842524.25,Approved
561,3294,2260645.92,Approved
562,1536,2055889.85,Rejected
563,1739,3273945.2,Pending
564,1859,2020765.32,Rejected
565,3963,353428.69,Approved
566,2337,2597728.19,Approved
567,3958,572943.45,Pending
568,3189,2634594.07,Pending
569,1966,696353.34,Pending
570,4465,2014889.83,Rejected
571,91,2897921.14,Pending
572,4557,1500522.1,Pending
573,3482,3935061.37,Rejected
574,4483,3099204.65,Pending
575,1234,3367224.56,Pending
576,3937,1039738.94,Rejected
577,1731,2380461.48,Pending
578,3931,891154.55,Rejected
579,1841,3148939.07,Pending
580,920,4871697.0,Approved
581,3369,785059.12,Approved
582,3766,1207276.86,Pending
583,1392,3278925.64,Rejected
584,4237,4495686.89,Pending
585,3187,3216798.55,Rejected
586,4711,1681451.0,Approved
587,745,1381180.94,Pending
588,2022,4375050.9,Pending
589,1892,2294759.15,Rejected
590,4478,2422312.33,Rejected
591,2420,4266744.72,Rejected
592,580,2422576.74,Approved
593,2722,1665240.57,Pending
594,907,4413619.5,Pending
595,3372,2999935.7,Rejected
596,993,333176.31,Pending
597,3649,4382631.79,Approved
598,3174,4765513.73,Pending
599,229,1819952.37,Pending
600,331,485213.33,Rejected
601,2521,1360887.26,Approved
602,2950,1360670.46,Approved
603,3084,3034538.05,Approved
604,3362,656644.03,Rejected
605,4242,4431720.03,Approved
606,1264,229246.87,Pending
607,637,1855616.41,Pending
608,3703,907103.73,Rejected
609,4044,3386705.54,Rejected
610,583,1351271.19,Approved
611,2360,3373109.94,Rejected
612,1592,4713367.95,Pending
613,2843,1917151.29,Approved
614,4927,2266058.55,Approved
615,3876,4773397.63,Pending
616,293,2839132.24,Rejected
617,4272,3558243.04,Pending
618,1737,3445808.42,Pending
619,843,647748.72,Approved
620,5000,4783996.6,Pending
621,1739,3880824.5,Approved
622,541,2021668.46,Pending
623,858,598428.31,Pending
624,2732,665493.89,Pending
625,3586,2920155.72,Approved
626,828,3508000.61,Approved
627,2509,362054.44,Approved
628,583,3910085.18,Pending
629,884,4505852.8,Rejected
630,735,4273700.26,Pending
631,475,3124487.98,Approved
632,4082,3632930.59,Pending
633,1515,3342867.15,Approved
634,2891,1494931.09,Approved
635,1304,1204215.01,Approved
636,3168,1906641.54,Rejected
637,544,1475248.4,Pending
638,865,263115.64,Pending
639,3854,3958697.97,Pending
640,4374,4841973.37,Approved
641,3767,4087635.12,Approved
642,383,1465695.24,Pending
643,4616,3727987.04,Approved
644,3049,1461454.62,Pending
645,1266,2200502.11,Rejected
646,2628,2509571.28,Pending
647,2139,1302242.77,Rejected
648,4996,4712486.42,Pending
649,2668,809211.26,Pending
650,3156,551906.08,Pending
651,2166,2426533.45,Rejected
652,1536,3486700.76,Approved
653,2255,1340939.73,Approved
654,2864,3631118.35,Approved
655,2509,3988503.78,Rejected
656,4688,2396836.15,Rejected
657,892,2915501.87,Approved
658,1076,281288.68,Approved
659,4989,1549216.86,Approved
660,3904,4051217.37,Approved
661,4973,4735443.02,Pending
662,115,4094003.64,Pending
663,1827,4580356.05,Approved
664,4660,4833283.51,Approved
665,2864,683925.17,Approved
666,3995,1653859.39,Pending
667,2694,1247756.21,Pending
668,4615,810749.48,Pending
669,4343,3145395.38,Approved
670,2553,4670541.2,Pending
671,2962,4770299.62,Rejected
672,36,2504928.42,Rejected
673,571,1304097.77,Pending
674,1193,3176887.04,Pending
675,2937,3697183.31,Pending
676,3835,487872.01,Rejected
677,688,2348496.1,Pending
678,1608,569214.83,Approved
679,4619,2990522.94,Pending
680,4381,3202192.73,Rejected
681,2131,1235293.85,Approved
682,4961,275872.53,Pending
683,1094,2520690.31,Pending
684,3931,1365515.5,Approved
685,4803,4119578.88,Rejected
686,4395,3768163.38,Approved
687,3573,1878884.23,Rejected
688,4737,2867166.35,Pending
689,4806,2000079.21,Rejected
690,4853,4598599.85,Approved
691,1227,1491682.07,Pending
692,3285,1016025.95,Approved
693,1457,3875944.54,Approved
694,1019,1746143.35,Rejected
695,2900,3788392.15,Pending
696,2982,2477006.65,Rejected
697,754,3190976.99,Approved
698,348,3423473.75,Pending
699,3239,2593708.53,Approved
700,449,3594329.77,Pending
701,413,1656127.43,Approved
702,3807,3537864.64,Pending
703,4579,1474732.36,Rejected
704,1603,3646071.61,Approved
705,4324,3344113.4,Rejected
706,3872,779711.91,Approved
707,3473,1349353.39,Rejected
708,3334,347925.09,Pending
709,4459,1852267.11,Approved
710,1706,2577893.71,Rejected
711,4533,3371532.36,Approved
712,4446,2607342.27,Pending
713,4446,2245652.89,Rejected
714,510,794673.42,Approved
715,4933,3636839.84,Approved
716,1784,4156848.56,Rejected
717,3074,4519553.92,Approved
718,3634,2149104.59,Pending
719,1660,2931684.04,Approved
720,456,1139169.77,Approved
721,2123,1218919.82,Rejected
722,1210,4168802.38,Rejected
723,4156,3958403.51,Rejected
724,4769,2706259.53,Approved
725,1454,1478389.42,Rejected
726,3762,4554325.93,Approved
727,1006,135954.76,Pending
728,1906,3796616.77,Rejected
729,1525,1765806.81,Rejected
730,794,964902.63,Pending
731,2159,2618533.34,Pending
732,4144,2614430.94,Rejected
733,3948,1694940.96,Pending
734,2208,4904296.11,Rejected
735,4318,1760670.25,Rejected
736,3278,3703643.96,Approved
737,1927,3712401.86,Approved
738,3610,1294797.87,Approved
739,1012,2427282.75,Pending
740,2128,2305656.62,Approved
741,4416,4026282.14,Pending
742,1694,828606.97,Rejected
743,2222,3618374.88,Approved
744,4710,4683219.35,Rejected
745,1750,1272133.0,Approved
746,52,3843368.34,Approved
747,4147,2600409.83,Pending
748,4482,3984743.47,Pending
749,4727,621786.89,Approved
750,4018,962169.71,Rejected
751,3283,648419.66,Rejected
752,884,1626444.01,Approved
753,2812,1259069.92,Rejected
754,1526,3722585.66,Pending
755,1174,416404.79,Rejected
756,4178,4987214.44,Pending
757,3238,299497.51,Pending
758,3417,1759408.59,Rejected
759,2582,3690321.36,Pending
760,4382,369809.37,Rejected
761,400,2141442.46,Pending
762,1192,4259534.67,Rejected
763,154,3783460.03,Approved
764,1249,2430883.07,Approved
765,3437,4185969.78,Approved
766,3596,3144498.86,Approved
767,461,269952.85,Rejected
768,1383,3314834.34,Pending
769,4461,2733567.42,Approved
770,1330,2455372.86,Rejected
771,1237,3778908.71,Pending
772,1369,4148970.29,Pending
773,3420,475847.94,Approved
774,629,1715055.49,Approved
775,4340,1391222.71,Approved
776,3654,1362761.12,Rejected
777,846,1982631.36,Approved
778,2406,743243.96,Rejected
779,4055,1314014.48,Pending
780,2928,2339472.13,Pending
781,2731,665889.3,Rejected
782,369,1364276.14,Rejected
783,2100,1221269.67,Pending
784,261,2613245.42,Pending
785,1785,1898199.37,Pending
786,3246,2225227.23,Pending
787,3018,2814973.93,Pending
788,3708,574891.7,Rejected
789,637,1165410.79,Pending
790,4476,4872946.83,Rejected
791,2593,1487332.11,Pending
792,3872,3112710.05,Rejected
793,3398,3877653.37,Pending
794,4259,2878370.73,Approved
795,68,4186592.13,Approved
796,3743,255719.65,Approved
797,2558,3191763.45,Approved
798,896,3050372.42,Pending
799,1191,2369423.73,Pending
800,2044,1463119.74,Approved
801,3605,4636028.16,Rejected
802,2958,4820728.48,Rejected
803,1419,755955.5,Approved
804,4562,311530.53,Pending
805,1956,65477.04,Pending
806,4430,2126054.42,Approved
807,2843,2809783.05,Approved
808,2800,2833057.79,Approved
809,3320,4078481.58,Pending
810,3383,3656480.71,Approved
811,1993,1394186.42,Rejected
812,668,4676072.32,Approved
813,581,3329135.46,Rejected
814,4894,2474144.35,Rejected
815,332,3623885.82,Rejected
816,1283,1654166.43,Approved
817,1916,497758.63,Approved
818,4897,2298373.02,Rejected
819,2972,4141483.48,Pending
820,2138,2656676.04,Approved
821,358,950282.96,Rejected
822,3473,4385792.66,Pending
823,4360,1947379.85,Rejected
824,1899,3754197.87,Pending
825,1514,4639208.52,Rejected
826,914,3241534.65,Rejected
827,1987,1953565.27,Pending
828,4271,1121375.51,Rejected
829,4122,3090405.72,Pending
830,3278,160986.22,Pending
831,1225,1234950.01,Pending
832,267,1795459.29,Rejected
833,2472,3247155.95,Rejected
834,59,2354617.84,Approved
835,4187,2580293.07,Approved
836,3096,2421875.06,Approved
837,635,170620.75,Rejected
838,2848,1454925.45,Pending
839,4432,1595320.16,Pending
840,1094,4649547.05,Pending
841,1658,4085027.73,Pending
842,1436,3714981.05,Approved
843,530,3551746.53,Rejected
844,2749,1728452.83,Approved
845,676,2588647.91,Pending
846,1991,2730516.77,Pending
847,712,3424341.28,Rejected
848,4183,1311082.89,Approved
849,1980,1457981.31,Approved
850,1996,2718168.82,Approved
851,2462,3849979.86,Rejected
852,2978,1274867.79,Pending
853,4303,99127.13,Pending
854,181,2049947.9,Rejected
855,578,3848623.15,Rejected
856,4780,4737024.74,Pending
857,89,3046378.19,Rejected
858,1170,160434.5,Pending
859,3538,673714.77,Pending
860,2432,3705274.14,Pending
861,2877,4580565.52,Approved
862,710,1843082.19,Rejected
863,4244,3716095.02,Approved
864,3638,2010319.87,Pending
865,1160,3312638.31,Rejected
866,1398,236624.76,Rejected
867,1447,682437.42,Rejected
868,2746,1787315.58,Pending
869,1472,1052485.88,Pending
870,4114,3981315.45,Approved
871,1412,4060397.34,Approved
872,1373,1266343.81,Rejected
873,3661,3763989.33,Approved
874,416,4393928.98,Rejected
875,1175,4837662.77,Rejected
876,2967,611678.03,Pending
877,3588,603206.56,Pending
878,1480,4510621.63,Rejected
879,2690,2178832.81,Approved
880,736,1524625.18,Rejected
881,4022,4227555.49,Approved
882,1041,3589572.86,Rejected
883,623,579455.68,Approved
884,2836,3121491.51,Approved
885,3911,4478116.0,Pending
886,3361,3128554.4,Approved
887,1435,1201490.1,Rejected
888,827,2350144.65,Pending
889,2106,3518224.79,Rejected
890,4294,1268770.59,Rejected
891,326,2819320.33,Approved
892,4050,423788.4,Pending
893,3937,2021130.0,Approved
894,189,4951438.26,Approved
895,4944,1526092.04,Approved
896,3169,3295983.88,Pending
897,107,1914960.86,Pending
898,877,2557316.57,Pending
899,4471,293823.5,Rejected
900,2733,1770423.23,Pending
901,518,3621339.84,Rejected
902,3928,2211900.98,Approved
903,3707,2742117.56,Rejected
904,2402,394204.08,Rejected
905,2748,592518.83,Pending
906,1048,575254.5,Pending
907,3659,2897228.29,Rejected
908,549,2930461.22,Rejected
909,1286,3234649.47,Rejected
910,1123,4747726.41,Approved
911,47,70064.64,Pending
912,663,1494481.8,Pending
913,459,1816018.15,Rejected
914,871,2805960.42,Rejected
915,337,548422.89,Rejected
916,1806,1088067.67,Rejected
917,2794,440467.46,Rejected
918,3949,481629.25,Rejected
919,4637,2048163.79,Rejected
920,1292,146838.29,Rejected
921,4436,4982168.46,Pending
922,326,830474.41,Rejected
923,2447,3965675.27,Approved
924,3515,2376395.48,Rejected
925,2222,468468.94,Approved
926,3738,1497812.23,Pending
927,215,1777595.19,Approved
928,4084,900528.44,Pending
929,3922,3408060.74,Rejected
930,4254,1053449.16,Rejected
931,789,538673.34,Rejected
932,68,2507566.23,Rejected
933,4166,2356744.01,Rejected
934,1512,1720136.16,Rejected
935,132,1197404.28,Pending
936,246,1530961.79,Rejected
937,962,3821400.15,Approved
938,4845,3495883.21,Pending
939,1979,3134702.19,Rejected
940,4452,1375670.9,Rejected
941,2889,3391687.23,Pending
942,4583,1501310.6,Approved
943,3277,3583961.89,Rejected
944,3657,2322417.6,Rejected
945,4002,3502170.45,Rejected
946,1324,3186510.34,Pending
947,2886,3687032.85,Rejected
948,4924,817356.85,Rejected
949,113,2068154.38,Rejected
950,3714,3545822.43,Approved
951,2992,2659585.64,Rejected
952,4662,1120868.95,Rejected
953,3270,647359.45,Approved
954,142,1056805.13,Approved
955,4292,776445.71,Pending
956,1858,2540233.89,Approved
957,511,4657948.29,Rejected
958,172,769172.74,Rejected
959,866,228195.13,Rejected
960,4943,4708305.66,Approved
961,4394,2345239.48,Approved
962,1614,2682091.0,Rejected
963,4904,875696.85,Pending
964,123,1639209.61,Approved
965,4896,3400914.95,Pending
966,4134,1401148.51,Pending
967,2803,1161428.97,Rejected
968,1329,438353.77,Pending
969,3787,4545301.53,Approved
970,3391,2710481.68,Approved
971,2126,258823.04,Rejected
972,900,4327238.7,Pending
973,987,1725046.42,Pending
974,4355,608608.31,Approved
975,4632,1011122.03,Rejected
976,256,3638844.96,Approved
977,501,2492925.94,Rejected
978,2313,3191259.19,Pending
979,257,4857643.19,Rejected
980,4236,2055854.76,Rejected
981,2233,4795398.24,Rejected
982,3856,956970.73,Rejected
983,1117,1417954.0,Pending
984,3123,952941.55,Rejected
985,1327,1575432.97,Pending
986,180,2573369.72,Rejected
987,3765,1222393.98,Rejected
988,1481,3173859.06,Rejected
989,575,623470.85,Pending
990,499,366993.64,Approved
991,4261,2972838.64,Rejected
992,1991,3210571.24,Rejected
993,2747,1327699.73,Approved
994,4908,4248290.78,Pending
995,557,2256639.39,Approved
996,4830,2125938.01,Pending
997,2969,4141356.8,Rejected
998,3898,4185030.8,Rejected
999,3195,3680398.84,Approved
1000,1175,2794544.51,Approved
1001,270,3206467.5,Pending
1002,4846,1894770.78,Approved
1003,1605,2017247.85,Rejected
1004,256,1344163.8,Pending
1005,3890,4593454.06,Pending
1006,3841,3198838.47,Pending
1007,4272,479603.79,Approved
1008,2420,2294086.9,Approved
1009,803,4293703.51,Rejected
1010,469,56358.21,Approved
1011,3572,547333.67,Rejected
1012,2989,492311.33,Pending
1013,3921,3654182.9,Approved
1014,3725,933972.94,Pending
1015,137,3046184.33,Rejected
1016,4550,1641035.89,Approved
1017,2359,4124958.44,Pending
1018,392,1379604.19,Rejected
1019,1553,4162741.91,Pending
1020,4147,4754996.58,Pending
1021,429,4730898.26,Pending
1022,4508,638661.17,Approved
1023,3626,1854192.65,Approved
1024,3717,4799361.44,Approved
1025,3676,1681780.79,Rejected
1026,3868,3340498.54,Approved
1027,4743,3874858.46,Pending
1028,1182,4012025.38,Approved
1029,2737,3176155.77,Pending
1030,1080,263650.43,Approved
1031,2810,4849588.55,Pending
1032,1909,1276273.33,Pending
1033,3008,3246677.02,Pending
1034,199,2361570.31,Approved
1035,2886,4574893.58,Rejected
1036,2261,3806831.4,Rejected
1037,328,502315.16,Pending
1038,4819,3763895.1,Approved
1039,2484,2456103.73,Pending
1040,4619,1276025.43,Approved
1041,596,81046.35,Rejected
1042,2440,1057493.58,Approved
1043,4020,899222.95,Rejected
1044,2120,3083755.11,Pending
1045,3880,2690365.97,Approved
1046,2497,4300846.27,Rejected
1047,3053,2377765.58,Rejected
1048,2706,4831097.26,Approved
1049,1955,1053841.65,Approved
1050,3593,1197165.55,Approved
1051,1901,1416119.52,Approved
1052,2425,1268032.41,Rejected
1053,1514,1660429.47,Pending
1054,3022,4132579.13,Approved
1055,1096,2939065.11,Approved
1056,4714,2826151.48,Approved
1057,1142,2308515.54,Rejected
1058,1080,4812902.91,Approved
1059,4687,4536686.73,Rejected
1060,4087,3055962.66,Rejected
1061,2900,899645.21,Pending
1062,2622,4119576.71,Approved
1063,3169,4686635.34,Approved
1064,3837,4332010.34,Rejected
1065,2348,1853827.17,Rejected
1066,1842,1901697.68,Approved
1067,1344,913331.04,Rejected
1068,245,1817029.72,Rejected
1069,2029,3682134.49,Rejected
1070,2259,1758990.47,Approved
1071,3596,2530239.23,Approved
1072,4399,1514763.69,Rejected
1073,2283,4768269.78,Approved
1074,4009,4361742.56,Rejected
1075,755,4705784.24,Pending
1076,48,234900.48,Pending
1077,594,1837313.31,Approved
1078,183,1023971.67,Approved
1079,1143,3453315.96,Approved
1080,477,1684777.64,Rejected
1081,1432,2414098.75,Pending
1082,1471,3088769.72,Rejected
1083,2700,3790906.87,Pending
1084,1958,1056786.4,Approved
1085,1161,3413848.45,Rejected
1086,2817,3102749.9,Approved
1087,4903,1882037.95,Approved
1088,397,4860811.33,Pending
1089,4679,3157723.06,Pending
1090,3536,3369180.88,Rejected
1091,1567,4845492.38,Rejected
1092,203,1339522.61,Approved
1093,235,2987336.56,Rejected
1094,810,3972804.08,Pending
1095,1693,4312858.33,Rejected
1096,23,2664987.85,Approved
1097,258,694068.66,Rejected
1098,2405,335259.75,Rejected
1099,1114,1604873.76,Rejected
1100,148,1239236.88,Rejected
1101,1065,4906520.35,Rejected
1102,4755,1225438.92,Approved
1103,1654,2669243.85,Pending
1104,2094,4210003.36,Approved
1105,202,2559202.22,Rejected
1106,3966,2529538.75,Rejected
1107,4782,3573448.19,Pending
1108,2317,1496580.52,Approved
1109,2067,1241592.82,Pending
1110,271,2367812.1,Rejected
1111,193,1375474.15,Pending
1112,4985,3982226.87,Approved
1113,2302,1745466.33,Approved
1114,4205,3268399.53,Approved
1115,1816,391776.01,Pending
1116,2331,3617492.8,Approved
1117,3938,2771878.11,Rejected
1118,2317,2185271.77,Pending
1119,2082,2431853.77,Approved
1120,4055,297461.31,Approved
1121,4893,4558372.33,Pending
1122,358,3000262.14,Pending
1123,2135,1862744.0,Pending
1124,834,469598.68,Rejected
1125,726,2083857.61,Pending
1126,3764,4639787.14,Approved
1127,2783,892449.47,Rejected
1128,1270,1443032.67,Approved
1129,1990,815678.15,Approved
1130,4062,4431827.83,Rejected
1131,4559,924968.55,Rejected
1132,4638,3932091.82,Pending
1133,939,4210142.66,Pending
1134,369,4217109.45,Approved
1135,3459,3083660.86,Rejected
1136,4618,3554913.89,Rejected
1137,504,2140814.87,Approved
1138,1383,2712095.96,Approved
1139,1534,2243009.09,Pending
1140,2000,4934645.1,Pending
1141,4243,2653471.49,Pending
1142,3443,4428117.9,Rejected
1143,4721,1194434.45,Pending
1144,212,4210859.84,Pending
1145,2410,976763.29,Pending
1146,4038,1575711.06,Approved
1147,3124,2796918.57,Pending
1148,4863,806376.8,Rejected
1149,3663,4535696.17,Approved
1150,3453,114407.05,Approved
1151,3482,1821427.03,Pending
1152,964,63822.59,Approved
1153,694,1766965.35,Rejected
1154,309,918928.82,Approved
1155,2168,1226580.08,Approved
1156,674,1259118.02,Pending
1157,933,861018.3,Approved
1158,1504,1341431.64,Rejected
1159,1639,2894466.52,Approved
1160,1322,2399878.87,Rejected
1161,3417,3166863.03,Pending
1162,2236,519227.15,Rejected
1163,3753,4639925.54,Approved
1164,3426,997917.17,Approved
1165,3052,3521663.97,Rejected
1166,2189,1434766.56,Pending
1167,4305,309739.57,Pending
1168,4645,4743422.6,Pending
1169,2009,1435237.67,Pending
1170,2476,1574429.6,Approved
1171,131,3624820.99,Pending
1172,67,3261783.98,Rejected
1173,1495,4418349.82,Rejected
1174,1186,2176831.84,Approved
1175,2719,2800547.16,Pending
1176,2867,1880162.57,Approved
1177,4992,3223170.49,Pending
1178,4852,3063679.97,Rejected
1179,4515,4975884.09,Rejected
1180,3444,3750811.51,Pending
1181,4722,1842897.46,Rejected
1182,384,3868805.37,Rejected
1183,2876,4257844.04,Pending
1184,4013,4898956.49,Rejected
1185,276,3818014.68,Approved
1186,3052,3227677.38,Approved
1187,1945,1280605.71,Rejected
1188,291,4597536.59,Pending
1189,4696,1660881.99,Pending
1190,627,382971.18,Rejected
1191,3610,4643660.15,Rejected
1192,1129,1446263.37,Rejected
1193,2795,4629671.26,Rejected
1194,4248,2508835.06,Approved
1195,26,2473039.16,Rejected
1196,896,511216.12,Approved
1197,2604,1823210.1,Approved
1198,2810,1888712.29,Rejected
1199,1990,4223648.38,Rejected
1200,3821,3103022.48,Pending
1201,3904,4981976.6,Approved
1202,685,1482273.33,Approved
1203,1360,1404109.07,Pending
1204,989,572609.82,Approved
1205,2683,4904026.78,Approved
1206,3726,1365057.14,Approved
1207,1166,4396905.35,Rejected
1208,1098,3041003.81,Approved
1209,2614,3256500.59,Rejected
1210,3150,4716338.24,Rejected
1211,3116,4915871.05,Rejected
1212,161,723192.21,Pending
1213,2522,329154.07,Approved
1214,986,2427710.88,Approved
1215,2934,1823269.27,Approved
1216,1542,2671163.47,Approved
1217,4109,1739299.52,Pending
1218,3310,2770507.04,Approved
1219,304,88985.15,Approved
1220,748,1321008.25,Rejected
1221,3871,1818553.03,Pending
1222,1652,3167852.14,Approved
1223,3797,546611.33,Rejected
1224,4993,481300.3,Rejected
1225,3793,3587009.01,Rejected
1226,3071,2555776.21,Pending
1227,1892,4435908.95,Pending
1228,4033,2318171.27,Pending
1229,3354,4446276.3,Rejected
1230,1409,4520578.54,Rejected
1231,3468,2242437.43,Rejected
1232,3908,4927153.59,Pending
1233,4992,2973575.48,Pending
1234,2050,4362538.21,Pending
1235,4296,2342711.93,Pending
1236,2306,1739105.37,Rejected
1237,198,298237.5,Pending
1238,4913,256042.14,Approved
1239,1553,518493.42,Rejected
1240,397,4408428.37,Pending
1241,795,2083088.25,Pending
1242,938,1203887.04,Rejected
1243,4712,3612564.06,Pending
1244,2362,3538639.74,Pending
1245,2885,2245398.31,Approved
1246,1710,2568894.56,Pending
1247,4504,4133037.12,Pending
1248,2803,2686082.1,Rejected
1249,1651,4408249.6,Rejected
1250,1235,4868733.43,Rejected
1251,2271,3022301.31,Approved
1252,4425,3811282.2,Pending
1253,3121,3503973.89,Pending
1254,4589,1854384.24,Pending
1255,1469,3422765.25,Rejected
1256,3106,742075.59,Rejected
1257,2798,4503382.98,Rejected
1258,813,3270662.34,Approved
1259,4646,3394755.01,Approved
1260,1190,2496644.23,Rejected
1261,1367,298986.87,Pending
1262,2926,1906601.01,Rejected
1263,1569,604823.15,Rejected
1264,832,1016100.3,Pending
1265,2293,475221.33,Approved
1266,1714,122444.43,Approved
1267,2210,3866829.85,Rejected
1268,4373,4933454.3,Pending
1269,2963,1656685.3,Approved
1270,4784,908131.94,Rejected
1271,4558,4724704.18,Rejected
1272,4655,4962582.65,Rejected
1273,4463,3665021.17,Pending
1274,3946,3746719.4,Rejected
1275,1069,2444150.74,Rejected
1276,2079,728966.1,Rejected
1277,6,2759723.98,Approved
1278,705,1687744.89,Approved
1279,3093,3696746.97,Rejected
1280,3239,691326.7,Pending
1281,1362,3605467.59,Rejected
1282,1356,115432.81,Rejected
1283,2726,834605.61,Rejected
1284,3243,2306185.43,Rejected
1285,1555,1411433.62,Approved
1286,4744,4679459.23,Approved
1287,992,879322.5,Approved
1288,2399,1281252.79,Pending
1289,1552,2209676.93,Approved
1290,4221,286905.91,Approved
1291,4489,2283574.33,Pending
1292,944,3579122.84,Approved
1293,3232,136757.05,Rejected
1294,3895,3790884.29,Rejected
1295,532,815669.51,Rejected
1296,2098,4414867.68,Pending
1297,1281,2208297.48,Rejected
1298,2775,351820.2,Pending
1299,4938,2007489.2,Rejected
1300,3212,4379932.92,Pending
1301,2507,1056757.24,Approved
1302,1026,4317576.48,Pending
1303,4595,1406480.87,Rejected
1304,4609,2955916.95,Approved
1305,4192,4794307.74,Approved
1306,978,2445097.04,Approved
1307,2395,3011388.46,Rejected
1308,3216,900784.32,Approved
1309,4169,1337079.37,Rejected
1310,4242,1903516.45,Pending
1311,3444,1037272.57,Rejected
1312,1038,502246.17,Rejected
1313,4407,576421.11,Pending
1314,4130,3763239.26,Approved
1315,2082,4455001.75,Pending
1316,4284,1023773.75,Approved
1317,2595,1097341.93,Rejected
1318,4616,2759259.96,Approved
1319,3466,723538.08,Approved
1320,2933,652218.45,Approved
1321,2636,1333662.95,Pending
1322,3420,2884231.66,Rejected
1323,3801,1768573.08,Pending
1324,1641,2846224.09,Approved
1325,193,4083197.14,Pending
1326,3738,3855650.29,Rejected
1327,1072,2149013.07,Rejected
1328,3437,1501097.64,Approved
1329,4665,3603807.97,Approved
1330,3955,485257.81,Rejected
1331,4783,361433.22,Rejected
1332,179,3788628.99,Pending
1333,2215,2107153.6,Rejected
1334,4987,2590067.4,Rejected
1335,3913,4664658.14,Rejected
1336,322,3770973.5,Approved
1337,619,4648859.16,Pending
1338,3487,3561679.89,Rejected
1339,4963,2822533.48,Pending
1340,330,1513333.38,Approved
1341,1723,3005377.15,Approved
1342,3501,4423865.69,Pending
1343,4263,4469665.7,Approved
1344,2134,1592932.57,Pending
1345,2377,486684.77,Pending
1346,2610,1270245.36,Pending
1347,3160,3137561.08,Approved
1348,4462,489422.82,Pending
1349,4637,2861938.23,Rejected
1350,1664,3170197.52,Pending
1351,2050,1967884.06,Approved
1352,4036,306393.33,Rejected
1353,4402,1578230.78,Rejected
1354,2684,2780270.2,Approved
1355,898,3069118.38,Pending
1356,1384,3884007.57,Approved
1357,1998,1252773.45,Pending
1358,4768,2098037.62,Approved
1359,2226,3708650.21,Approved
1360,1979,449533.68,Pending
1361,243,2952087.92,Rejected
1362,2573,3589937.97,Approved
1363,517,2114787.15,Pending
1364,4737,2781800.45,Rejected
1365,3304,3553969.38,Approved
1366,2014,825451.76,Rejected
1367,1407,3274671.72,Pending
1368,2197,3001208.51,Rejected
1369,2247,4196455.61,Pending
1370,319,1422305.69,Rejected
1371,351,3020137.68,Pending
1372,4456,1798535.3,Approved
1373,4593,691690.58,Pending
1374,3064,694141.46,Pending
1375,983,2567372.65,Rejected
1376,2563,4961891.64,Rejected
1377,752,2520398.6,Rejected
1378,4439,460509.2,Rejected
1379,550,3166017.57,Approved
1380,1551,2210777.4,Rejected
1381,1645,4569789.1,Rejected
1382,3507,844033.47,Pending
1383,3412,3876305.87,Rejected
1384,3302,825748.32,Rejected
1385,3835,4577154.92,Rejected
1386,4723,2990729.91,Pending
1387,1052,126882.6,Pending
1388,133,2517408.64,Approved
1389,3241,4912066.53,Approved
1390,2291,2462812.31,Rejected
1391,750,854882.32,Approved
1392,4740,1824152.01,Rejected
1393,4992,2107463.07,Pending
1394,226,1148102.91,Approved
1395,1905,739950.46,Rejected
1396,4687,4890580.99,Approved
1397,4706,1896693.15,Pending
1398,4603,1942952.34,Rejected
1399,467,2682195.7,Approved
1400,2836,4629294.79,Pending
1401,1817,507534.48,Rejected
1402,865,2780577.0,Approved
1403,1470,3560177.6,Approved
1404,751,2616570.36,Approved
1405,4405,914424.79,Approved
1406,299,1127575.09,Approved
1407,3493,1891894.63,Approved
1408,4240,1555864.94,Rejected
1409,3789,3729307.56,Approved
1410,4865,2494367.61,Rejected
1411,1380,4736117.75,Rejected
1412,1978,2979692.83,Pending
1413,4130,3758709.69,Approved
1414,852,527417.65,Approved
1415,4538,607426.67,Rejected
1416,1552,4460173.57,Pending
1417,3493,3507532.9,Approved
1418,1386,1989274.13,Approved
1419,107,2332823.62,Pending
1420,3084,3681949.67,Rejected
1421,1767,2520878.07,Approved
1422,603,4679081.73,Pending
1423,4886,4159241.22,Pending
1424,677,2104893.18,Pending
1425,4405,1704616.5,Pending
1426,1921,728203.59,Approved
1427,4814,3079087.05,Pending
1428,4395,3965132.25,Rejected
1429,3617,951289.74,Pending
1430,1328,2356461.74,Rejected
1431,4040,1325118.61,Pending
1432,4973,4746866.59,Pending
1433,2546,77917.04,Rejected
1434,1921,1038602.85,Pending
1435,1202,2305728.59,Rejected
1436,358,4390487.63,Pending
1437,4619,3577560.8,Rejected
1438,4386,4825727.83,Pending
1439,2553,3510965.84,Approved
1440,3664,1473293.93,Approved
1441,4339,4163609.7,Approved
1442,4073,3750712.38,Rejected
1443,735,2264358.33,Rejected
1444,4556,895394.91,Approved
1445,3311,670290.53,Pending
1446,3541,4043200.29,Rejected
1447,1331,2368148.8,Pending
1448,1384,1296630.62,Approved
1449,320,2282602.33,Approved
1450,3600,2819728.39,Pending
1451,729,2736646.62,Approved
1452,1287,4332174.34,Rejected
1453,3180,3402798.06,Pending
1454,4278,4873811.09,Rejected
1455,3485,4653365.57,Approved
1456,204,463956.44,Approved
1457,1997,637814.4,Pending
1458,1575,1811180.88,Approved
1459,2075,3636698.29,Pending
1460,733,2151227.43,Pending
1461,2323,3071778.49,Rejected
1462,387,3566739.88,Approved
1463,4481,2667331.11,Approved
1464,3086,2358807.5,Rejected
1465,4052,4018218.12,Rejected
1466,807,3701252.6,Rejected
1467,3987,143108.96,Approved
1468,3593,1866897.98,Approved
1469,3683,1994488.77,Rejected
1470,1099,1285747.8,Rejected
1471,1322,4826085.07,Approved
1472,3815,2804674.65,Approved
1473,2836,3707153.01,Pending
1474,2380,4364403.36,Approved
1475,4441,3287780.88,Rejected
1476,4755,105553.9,Approved
1477,2748,3937598.78,Approved
1478,2915,1480991.32,Pending
1479,4474,3050713.41,Pending
1480,1299,751367.72,Pending
1481,2162,1486279.64,Pending
1482,4441,489676.91,Approved
1483,2702,1320517.26,Rejected
1484,2425,3162783.72,Rejected
1485,1185,4353554.71,Pending
1486,1738,3009625.43,Rejected
1487,4073,2572082.9,Approved
1488,4453,4377740.97,Approved
1489,4932,2151319.01,Rejected
1490,3052,1021581.56,Rejected
1491,2733,3059349.15,Rejected
1492,3187,790240.75,Pending
1493,4597,1180323.97,Rejected
1494,3395,4870342.31,Rejected
1495,3482,3530305.79,Approved
1496,3007,73321.03,Approved
1497,433,4007471.68,Approved
1498,3548,195949.17,Pending
1499,3976,4628257.38,Rejected
1500,3723,3793648.79,Approved
1501,635,2876084.87,Rejected
1502,39,4980521.21,Pending
1503,983,4014398.87,Pending
1504,3145,3774083.98,Rejected
1505,2170,415683.65,Pending
1506,926,4187126.09,Rejected
1507,1079,3264313.23,Approved
1508,3035,2479068.1,Rejected
1509,2768,4649239.83,Approved
1510,2111,4210401.67,Rejected
1511,3597,366789.19,Pending
1512,3552,2025939.11,Approved
1513,739,1135377.29,Pending
1514,3812,3203435.39,Rejected
1515,4907,1696776.04,Approved
1516,2733,4474613.39,Pending
1517,2479,811522.77,Approved
1518,769,758482.36,Rejected
1519,3244,4811144.08,Approved
1520,3837,3479899.83,Rejected
1521,1892,1142320.39,Rejected
1522,3345,1912371.85,Approved
1523,3656,1204512.67,Approved
1524,2079,2541580.45,Rejected
1525,4312,2830149.38,Pending
1526,2623,1120288.33,Approved
1527,2055,914384.07,Approved
1528,3609,1693685.78,Approved
1529,2090,2001320.24,Approved
1530,2897,875641.43,Rejected
1531,3273,4757264.96,Rejected
1532,3911,2679802.14,Pending
1533,3329,99714.65,Rejected
1534,1917,2393129.08,Rejected
1535,2556,761010.91,Rejected
1536,4331,372746.49,Pending
1537,4724,1226241.27,Rejected
1538,2025,4646984.62,Pending
1539,669,4912315.86,Rejected
1540,4039,2753201.71,Pending
1541,2874,1897781.94,Pending
1542,3059,3664546.22,Approved
1543,2374,565234.49,Approved
1544,1725,1847115.69,Rejected
1545,3070,3764390.03,Pending
1546,3115,360926.21,Rejected
1547,1649,4452067.94,Approved
1548,3398,285609.33,Approved
1549,4416,2200774.08,Rejected
1550,1206,2991303.82,Rejected
1551,4502,4583880.87,Rejected
1552,3513,3029784.52,Pending
1553,3985,4673001.59,Pending
1554,1453,3507996.73,Pending
1555,1039,3872854.88,Rejected
1556,4624,2361727.34,Approved
1557,3043,2277473.23,Rejected
1558,2244,1641402.69,Pending
1559,4889,3069530.05,Pending
1560,3512,2964399.93,Rejected
1561,221,3599860.66,Rejected
1562,1753,1089735.28,Rejected
1563,2512,3588453.36,Pending
1564,4755,1538633.99,Pending
1565,76,1608615.05,Approved
1566,4686,1940691.2,Approved
1567,91,1082582.41,Approved
1568,4060,195345.85,Approved
1569,2527,3204327.98,Approved
1570,1856,3768896.2,Approved
1571,1223,1481349.59,Approved
1572,4456,3025623.79,Pending
1573,71,1207326.07,Rejected
1574,101,152795.01,Rejected
1575,3513,2965951.4,Pending
1576,3132,385359.14,Pending
1577,3687,2609199.54,Approved
1578,1809,1161110.59,Rejected
1579,2782,281041.05,Pending
1580,4395,2537572.82,Rejected
1581,4616,1687218.43,Approved
1582,3830,1754639.39,Rejected
1583,2432,4163083.07,Approved
1584,3085,4413846.99,Rejected
1585,3980,319992.3,Approved
1586,3250,545843.75,Approved
1587,1749,2451063.47,Rejected
1588,4706,2532737.61,Rejected
1589,4989,4366331.6,Approved
1590,2390,3929581.94,Pending
1591,3363,1562398.5,Rejected
1592,1559,2824873.2,Rejected
1593,3503,283662.06,Pending
1594,3239,4837518.03,Rejected
1595,435,1237885.45,Rejected
1596,2202,2787532.07,Pending
1597,3730,3541943.52,Rejected
1598,3396,1052644.17,Rejected
1599,405,1975414.98,Rejected
1600,2364,2715798.66,Approved
1601,4455,4083392.52,Pending
1602,3780,1204663.09,Approved
1603,2787,4953480.06,Pending
1604,4917,57772.65,Approved
1605,1499,1567792.82,Pending
1606,3024,1772908.8,Approved
1607,3370,3512729.31,Rejected
1608,272,3584638.57,Approved
1609,1521,3252387.45,Approved
1610,2383,4722865.64,Rejected
1611,1362,3889029.22,Pending
1612,803,865973.0,Rejected
1613,4141,1164224.08,Pending
1614,263,3563042.05,Rejected
1615,2154,4623619.0,Approved
1616,1104,3520900.14,Approved
1617,3086,4623401.14,Pending
1618,2430,3383513.63,Pending
1619,2987,4333639.68,Pending
1620,1936,2290092.43,Approved
1621,936,4911583.08,Rejected
1622,2282,2907039.62,Rejected
1623,3506,1105807.8,Rejected
1624,758,2734529.03,Approved
1625,311,2860063.65,Pending
1626,1776,922307.75,Pending
1627,4665,2579172.29,Pending
1628,2410,2105425.75,Rejected
1629,1390,4133555.1,Pending
1630,4039,180937.34,Pending
1631,654,2157463.71,Pending
1632,530,996632.98,Approved
1633,3304,2528685.83,Rejected
1634,3107,4640389.52,Approved
1635,41,2730899.92,Rejected
1636,3088,561153.23,Approved
1637,2128,4862377.94,Rejected
1638,2735,2520939.83,Pending
1639,3644,1829439.53,Rejected
1640,1908,1838443.13,Approved
1641,4256,3540327.31,Approved
1642,3514,3261648.25,Rejected
1643,266,4447220.14,Pending
1644,3179,225890.97,Rejected
1645,86,578145.52,Approved
1646,1062,4597859.11,Rejected
1647,4884,4155322.59,Approved
1648,1006,292628.18,Pending
1649,31,626404.54,Pending
1650,838,2180673.14,Rejected
1651,3242,2458326.75,Approved
1652,217,2270200.73,Pending
1653,2399,2735074.41,Pending
1654,3771,2245676.24,Rejected
1655,4402,2410474.23,Pending
1656,2288,495168.95,Pending
1657,15,2050241.61,Approved
1658,4276,4272488.47,Pending
1659,1501,1593091.96,Rejected
1660,1743,401458.19,Pending
1661,545,3438991.59,Pending
1662,2664,4523734.76,Approved
1663,2279,664841.14,Rejected
1664,64,4326174.0,Pending
1665,2620,1423324.11,Approved
1666,3637,1415475.0,Pending
1667,3765,4987799.5,Rejected
1668,3315,1515662.03,Pending
1669,354,1129455.36,Approved
1670,1436,4810413.74,Approved
1671,1592,4681008.74,Pending
1672,744,3996380.42,Approved
1673,3341,3692012.65,Pending
1674,4025,3508173.51,Rejected
1675,254,576850.6,Rejected
1676,722,3757093.17,Rejected
1677,1232,4698507.54,Approved
1678,4547,4209290.64,Pending
1679,1053,4594974.94,Pending
1680,2334,347973.31,Rejected
1681,1519,4283358.87,Rejected
1682,2394,779494.92,Approved
1683,2389,2455862.17,Pending
1684,2592,2181652.73,Approved
1685,4503,1161776.6,Approved
1686,2027,4841970.42,Approved
1687,4868,4029010.49,Approved
1688,2931,1964878.91,Rejected
1689,409,4188655.39,Pending
1690,1069,1884693.16,Approved
1691,4427,1287832.01,Approved
1692,720,2197325.61,Rejected
1693,4605,1194148.78,Approved
1694,4982,3804834.38,Approved
1695,4928,2440574.88,Pending
1696,1212,689716.27,Approved
1697,583,687703.95,Approved
1698,4333,2010803.19,Approved
1699,450,3262408.88,Rejected
1700,3894,2503487.21,Approved
1701,2487,2047930.68,Pending
1702,3141,3521698.15,Approved
1703,59,1748251.18,Rejected
1704,3072,473223.33,Rejected
1705,3038,165582.3,Rejected
1706,2118,4031662.19,Rejected
1707,810,3116636.19,Approved
1708,928,3241198.77,Pending
1709,1705,4385768.26,Approved
1710,3282,1236533.78,Approved
1711,4458,4914134.75,Approved
1712,526,1485514.75,Approved
1713,1081,3596562.42,Rejected
1714,2602,4571363.88,Pending
1715,2101,1018246.42,Pending
1716,2754,2024894.81,Approved
1717,550,3337345.51,Pending
1718,4591,3550297.69,Approved
1719,1807,2541295.31,Rejected
1720,4158,532636.7,Approved
1721,4075,1964581.93,Pending
1722,3182,2914624.11,Approved
1723,3167,1475130.98,Pending
1724,688,4222596.16,Rejected
1725,2173,599014.51,Rejected
1726,3402,2258908.84,Pending
1727,2850,4834000.95,Pending
1728,2893,1063890.98,Rejected
1729,4076,2323679.22,Approved
1730,3173,2121479.57,Rejected
1731,4413,4607999.66,Rejected
1732,4152,3566668.34,Pending
1733,1115,1817879.71,Approved
1734,4330,1928889.0,Pending
1735,1548,1307851.01,Pending
1736,688,3510975.99,Rejected
1737,563,2853037.35,Rejected
1738,3081,1886338.32,Approved
1739,3178,445407.61,Approved
1740,1728,104822.02,Pending
1741,1074,122895.73,Rejected
1742,4439,4101746.59,Rejected
1743,3153,4026539.08,Rejected
1744,116,814691.19,Rejected
1745,2232,3180277.24,Rejected
1746,3692,972670.54,Rejected
1747,3645,1475629.72,Approved
1748,4654,4385459.22,Rejected
1749,4261,3035626.78,Pending
1750,1859,1810219.4,Rejected
1751,396,1458621.42,Rejected
1752,816,1791419.94,Approved
1753,3994,2954858.83,Pending
1754,2168,3613081.07,Approved
1755,1389,1189960.83,Rejected
1756,444,1910792.71,Rejected
1757,3939,173931.16,Pending
1758,3703,2790883.62,Rejected
1759,1168,3536711.25,Rejected
1760,118,1523042.81,Pending
1761,4648,1711311.34,Rejected
1762,2513,2120597.76,Approved
1763,2444,4490455.68,Rejected
1764,516,4949128.71,Approved
1765,3972,3460002.75,Rejected
1766,884,851168.22,Approved
1767,533,3228610.92,Approved
1768,1426,1720368.8,Rejected
1769,1735,1886621.62,Pending
1770,3711,871040.82,Approved
1771,2722,187904.51,Pending
1772,1315,4480299.32,Pending
1773,9,2529890.61,Approved
1774,3905,1869427.47,Approved
1775,340,1747651.51,Approved
1776,3420,188305.41,Rejected
1777,2466,1746080.34,Rejected
1778,2936,2310168.46,Approved
1779,1592,2160901.42,Rejected
1780,2466,3593291.54,Rejected
1781,3767,4530628.03,Rejected
1782,1219,934320.15,Approved
1783,1243,759301.28,Approved
1784,509,1344384.29,Approved
1785,2762,3748338.42,Approved
1786,240,4934714.54,Pending
1787,3430,2489482.77,Rejected
1788,4867,2805339.37,Approved
1789,59,664017.97,Rejected
1790,757,1785393.42,Rejected
1791,886,4505032.3,Pending
1792,768,1214486.77,Pending
1793,1796,4453274.56,Approved
1794,3423,3386401.27,Rejected
1795,655,521567.7,Approved
1796,1945,987686.91,Pending
1797,1912,4195312.92,Rejected
1798,3469,4139249.69,Rejected
1799,2542,1813875.05,Pending
1800,584,3713299.51,Pending
1801,2886,2452521.4,Rejected
1802,3168,3388483.46,Rejected
1803,811,3418273.92,Pending
1804,4842,4371209.09,Pending
1805,4104,4428900.82,Rejected
1806,3778,2318748.75,Rejected
1807,2324,148811.28,Approved
1808,735,3651609.36,Rejected
1809,2681,3533609.39,Rejected
1810,2400,4263889.49,Approved
1811,1971,1958739.16,Pending
1812,1843,491506.91,Rejected
1813,1777,1614069.25,Pending
1814,3063,1513416.16,Pending
1815,861,3568540.27,Approved
1816,254,3645309.3,Rejected
1817,3089,549411.94,Pending
1818,110,859353.35,Pending
1819,3225,3228620.27,Pending
1820,2018,3469393.65,Rejected
1821,4861,4645669.73,Pending
1822,968,4903939.95,Pending
1823,4751,278151.89,Approved
1824,3087,3651361.13,Rejected
1825,2038,2504029.38,Pending
1826,2067,2754879.33,Pending
1827,2077,2530174.63,Approved
1828,1776,1676476.03,Pending
1829,3537,3543622.29,Pending
1830,3387,1489395.56,Rejected
1831,326,3588484.42,Rejected
1832,1402,2796290.2,Approved
1833,3064,640382.64,Rejected
1834,3637,2296582.71,Approved
1835,2995,2412730.97,Pending
1836,3863,4359937.73,Approved
1837,827,925876.67,Approved
1838,75,4952143.62,Rejected
1839,3415,4484060.58,Rejected
1840,2730,2982312.42,Approved
1841,2155,2674472.51,Pending
1842,1289,257956.31,Approved
1843,3892,904111.71,Approved
1844,1251,3757053.65,Rejected
1845,189,1734949.84,Rejected
1846,853,1565285.11,Pending
1847,2306,2960458.28,Pending
1848,4764,4147478.2,Rejected
1849,2295,396792.25,Pending
1850,253,516884.45,Rejected
1851,4871,178693.21,Rejected
1852,3286,4555133.16,Approved
1853,4841,2777338.12,Rejected
1854,1261,3557602.46,Rejected
1855,4620,915819.13,Pending
1856,2525,2080840.5,Rejected
1857,4962,4364195.61,Rejected
1858,529,850443.09,Approved
1859,2515,4431670.24,Rejected
1860,4540,1998340.04,Approved
1861,378,3795994.79,Rejected
1862,3422,1653203.81,Approved
1863,3799,4654881.92,Pending
1864,85,812838.14,Pending
1865,3108,1937479.83,Pending
1866,3769,2821348.06,Approved
1867,1970,2694707.79,Approved
1868,945,1009213.84,Approved
1869,2429,275987.88,Pending
1870,3455,1696947.67,Rejected
1871,2959,1775198.99,Rejected
1872,3190,4890823.19,Pending
1873,783,4225731.81,Approved
1874,2142,1929083.99,Approved
1875,3377,1612492.32,Rejected
1876,4976,788464.71,Pending
1877,1762,3728462.74,Approved
1878,2568,963945.38,Approved
1879,1862,2177373.91,Pending
1880,4164,794803.82,Approved
1881,2777,2804411.69,Approved
1882,3168,3581926.67,Approved
1883,4972,1112327.61,Pending
1884,748,698799.21,Rejected
1885,95,1038982.57,Rejected
1886,3166,4957328.4,Approved
1887,4030,1702247.29,Pending
1888,1834,353924.87,Approved
1889,3709,1617038.91,Pending
1890,2637,2975989.32,Pending
1891,652,992893.23,Rejected
1892,2685,2474611.71,Pending
1893,3496,3625561.9,Pending
1894,682,2166123.12,Pending
1895,4582,4876334.11,Approved
1896,3270,439912.61,Rejected
1897,1590,1924946.53,Approved
1898,1830,1479290.51,Pending
1899,2048,931315.92,Rejected
1900,1625,2713685.3,Rejected
1901,898,2399654.24,Approved
1902,109,3220248.49,Rejected
1903,3338,4645524.02,Rejected
1904,1416,476366.25,Approved
1905,2154,2954856.92,Approved
1906,3506,382331.98,Approved
1907,739,2541759.37,Pending
1908,1512,1609712.5,Pending
1909,3179,4805400.83,Rejected
1910,3479,1768933.15,Rejected
1911,1223,2326280.17,Approved
1912,2848,1228614.4,Pending
1913,2266,2488309.6,Approved
1914,2007,2428321.83,Pending
1915,1677,568067.59,Approved
1916,662,223139.73,Pending
1917,4357,2352264.54,Rejected
1918,3226,717362.5,Approved
1919,2561,1998354.69,Rejected
1920,3994,1320318.86,Rejected
1921,4081,1291239.57,Approved
1922,3436,900280.86,Rejected
1923,2603,1784851.29,Approved
1924,4852,2799068.94,Rejected
1925,1656,2852654.1,Approved
1926,4387,3099815.33,Pending
1927,775,333839.33,Approved
1928,3168,2245168.78,Rejected
1929,1214,3639633.99,Approved
1930,3396,2781326.29,Pending
1931,1359,1367947.91,Approved
1932,936,1140730.04,Pending
1933,3397,890349.0,Approved
1934,1831,754390.03,Approved
1935,2280,643478.72,Rejected
1936,4810,989210.23,Rejected
1937,3160,786234.34,Rejected
1938,203,3405692.2,Rejected
1939,4714,1157405.78,Pending
1940,2866,3574529.85,Approved
1941,2621,810355.06,Approved
1942,514,2851290.03,Rejected
1943,1643,1865018.63,Pending
1944,3237,4030970.55,Rejected
1945,253,1385842.0,Rejected
1946,2694,1814630.26,Approved
1947,741,2578863.97,Rejected
1948,2140,3483442.83,Approved
1949,3355,1611682.86,Approved
1950,4880,4098255.59,Approved
1951,295,2562926.69,Rejected
1952,863,3443933.08,Approved
1953,1004,1903938.61,Approved
1954,365,1095752.21,Rejected
1955,1335,3344529.59,Rejected
1956,2919,1787652.28,Rejected
1957,4611,4383803.3,Rejected
1958,2750,564744.74,Approved
1959,524,3355843.26,Rejected
1960,4250,344870.93,Approved
1961,3051,4808895.28,Rejected
1962,905,2955850.83,Pending
1963,2970,4201173.01,Rejected
1964,4604,4828853.91,Rejected
1965,537,4865548.09,Approved
1966,2669,1390388.89,Pending
1967,2304,944207.91,Pending
1968,2025,1511438.98,Pending
1969,4136,3227247.06,Approved
1970,26,4210681.09,Approved
1971,1054,1486380.7,Approved
1972,72,1203394.13,Pending
1973,1347,4497438.89,Rejected
1974,1320,2918721.71,Pending
1975,3663,4037019.44,Pending
1976,3047,4508574.46,Pending
1977,4741,4996628.33,Approved
1978,1288,3343579.16,Approved
1979,4510,432420.34,Approved
1980,3656,2082352.48,Rejected
1981,4998,3026665.38,Rejected
1982,560,4949659.66,Approved
1983,4863,757959.69,Rejected
1984,1156,3997627.54,Approved
1985,2033,4115825.8,Rejected
1986,1541,4318193.72,Rejected
1987,1320,1936577.98,Approved
1988,4931,4275142.2,Rejected
1989,4554,1304781.14,Pending
1990,4984,4252864.43,Pending
1991,2131,1084768.97,Pending
1992,4721,3197422.0,Rejected
1993,1751,2520655.5,Rejected
1994,2501,1363208.97,Pending
1995,2885,2803529.46,Rejected
1996,3075,3496382.1,Pending
1997,4194,1138617.97,Pending
1998,1743,4104032.67,Rejected
1999,83,3188886.51,Approved
2000,1949,4610595.24,Pending
2001,4779,1926027.18,Rejected
2002,459,1493734.9,Rejected
2003,3361,537511.09,Pending
2004,4541,3143233.6,Pending
2005,2375,1143043.05,Pending
2006,4390,2890689.01,Approved
2007,568,4382477.85,Approved
2008,4445,1433851.92,Rejected
2009,2422,715961.03,Rejected
2010,3804,1431192.82,Rejected
2011,4356,2560925.85,Approved
2012,2473,3233781.33,Approved
2013,2225,2170029.56,Pending
2014,3810,180809.48,Approved
2015,4749,575124.56,Approved
2016,3839,494686.75,Approved
2017,4766,1875152.34,Approved
2018,258,2259512.81,Pending
2019,3186,1275685.54,Approved
2020,1703,3907944.44,Pending
2021,2319,543545.48,Rejected
2022,3061,4680192.31,Approved
2023,224,2317143.37,Approved
2024,1767,3986885.82,Approved
2025,437,4990954.81,Pending
2026,2755,2619786.55,Rejected
2027,1533,2613106.7,Pending
2028,388,2788145.58,Rejected
2029,3800,3378801.05,Pending
2030,3034,716319.37,Pending
2031,2235,1361935.41,Approved
2032,3621,1389536.47,Approved
2033,2377,4361855.28,Pending
2034,4666,889548.86,Rejected
2035,3366,952038.22,Rejected
2036,2173,939571.77,Rejected
2037,3592,3052277.59,Approved
2038,2688,1187835.4,Rejected
2039,4138,731578.09,Approved
2040,4631,57064.46,Rejected
2041,4006,2586483.08,Pending
2042,4314,2173487.85,Approved
2043,1575,4899973.98,Rejected
2044,1327,3682866.81,Pending
2045,3014,3848768.97,Rejected
2046,3249,1421164.61,Approved
2047,1492,2001852.12,Rejected
2048,2417,415422.96,Approved
2049,3430,504223.38,Approved
2050,2940,1569412.49,Pending
2051,562,4640701.87,Approved
2052,3565,1108347.96,Rejected
2053,124,511976.34,Approved
2054,518,4844150.9,Approved
2055,3241,1802123.52,Approved
2056,1403,3570994.2,Pending
2057,39,448806.12,Pending
2058,1013,3239477.54,Rejected
2059,3280,3048528.31,Pending
2060,735,2964469.75,Approved
2061,641,3663376.6,Rejected
2062,2662,3194770.49,Approved
2063,2236,237995.31,Pending
2064,2969,772100.55,Approved
2065,3935,260329.93,Pending
2066,3148,2096520.34,Approved
2067,2190,4514980.79,Pending
2068,3848,2131256.09,Rejected
2069,1190,271398.02,Approved
2070,4914,1572894.34,Pending
2071,1915,2692997.17,Pending
2072,4074,306470.42,Approved
2073,4633,2256410.14,Pending
2074,1948,880920.82,Pending
2075,3017,1242897.16,Pending
2076,545,3913662.92,Approved
2077,1186,1160839.0,Pending
2078,1468,3442762.4,Pending
2079,3284,2235561.84,Pending
2080,2337,2815074.4,Rejected
2081,1038,4800993.36,Approved
2082,2064,2368605.69,Rejected
2083,2263,2847494.9,Approved
2084,101,4459802.69,Approved
2085,3198,1615906.29,Rejected
2086,1638,3432627.89,Rejected
2087,4033,4978607.8,Pending
2088,3724,2840775.44,Rejected
2089,1846,3918606.43,Approved
2090,2684,4972250.52,Pending
2091,1893,1922215.44,Pending
2092,3312,2372148.57,Rejected
2093,2344,4646375.83,Pending
2094,222,307524.94,Rejected
2095,680,3119204.02,Approved
2096,433,3991798.46,Approved
2097,1226,3427258.22,Approved
2098,3794,1820103.91,Rejected
2099,4861,305081.84,Pending
2100,7,889284.36,Pending
2101,3842,312179.87,Approved
2102,1926,4589360.77,Pending
2103,1142,2752576.09,Rejected
2104,2468,88411.89,Pending
2105,4591,4593617.61,Pending
2106,4778,2265854.96,Pending
2107,368,3128615.76,Pending
2108,4528,2416802.47,Rejected
2109,3264,4128333.98,Rejected
2110,3130,4541526.3,Rejected
2111,2580,1304681.35,Approved
2112,3960,2977690.63,Rejected
2113,2820,2148953.5,Approved
2114,2683,1646035.87,Pending
2115,3739,1550470.48,Approved
2116,3222,92870.82,Rejected
2117,1209,3663374.11,Rejected
2118,4038,3032066.48,Rejected
2119,2793,2788666.74,Approved
2120,4383,2412668.99,Approved
2121,1034,1371614.19,Approved
2122,1134,1729090.05,Pending
2123,50,1553150.75,Approved
2124,271,1592476.37,Rejected
2125,3086,3234513.03,Approved
2126,2012,2920212.92,Approved
2127,1655,4600959.31,Pending
2128,717,4787066.63,Rejected
2129,4046,1624129.3,Rejected
2130,1681,2850721.02,Pending
2131,1349,2106949.71,Rejected
2132,1098,3284199.38,Rejected
2133,4851,4133511.45,Approved
2134,2385,696050.34,Pending
2135,1359,3160015.61,Pending
2136,3863,1571406.7,Pending
2137,959,2236777.28,Rejected
2138,1608,1457363.28,Pending
2139,1918,1647845.34,Pending
2140,4731,144065.89,Rejected
2141,205,3186039.04,Rejected
2142,629,3726873.91,Rejected
2143,3654,4901675.99,Pending
2144,989,1521747.32,Approved
2145,777,565955.53,Rejected
2146,885,534000.1,Pending
2147,4674,1349968.83,Rejected
2148,2576,4567516.02,Approved
2149,3676,2670200.94,Rejected
2150,2960,4900763.95,Rejected
2151,1742,4044871.27,Pending
2152,282,4403761.99,Pending
2153,458,3880210.94,Approved
2154,4570,4100657.07,Pending
2155,4676,3812381.37,Pending
2156,3841,3864958.57,Approved
2157,3469,3959649.82,Rejected
2158,3996,3335441.83,Approved
2159,3349,1068958.26,Approved
2160,3136,1707586.93,Rejected
2161,4927,2552323.21,Approved
2162,2572,4023723.92,Pending
2163,1646,2264031.31,Pending
2164,4719,936155.49,Approved
2165,1282,4141084.38,Rejected
2166,865,3988801.09,Rejected
2167,4959,275201.81,Rejected
2168,349,4549537.21,Pending
2169,3059,1270327.75,Approved
2170,3045,3801332.62,Approved
2171,4817,4474680.16,Pending
2172,1081,3351858.41,Pending
2173,1906,3229092.48,Rejected
2174,4206,4309825.22,Pending
2175,2916,2857807.07,Rejected
2176,1674,2180303.52,Pending
2177,4312,1436455.78,Approved
2178,2295,4086035.09,Rejected
2179,2830,4857192.5,Rejected
2180,4504,3789309.2,Rejected
2181,4104,3500452.59,Approved
2182,2115,1116817.1,Pending
2183,3680,4514782.73,Approved
2184,2519,1826667.5,Rejected
2185,712,264621.35,Approved
2186,4084,492773.83,Pending
2187,3193,3606313.15,Approved
2188,457,4100441.72,Approved
2189,1582,4906673.71,Pending
2190,1183,4704722.74,Pending
2191,3802,143606.88,Approved
2192,345,3822416.78,Rejected
2193,893,2657686.9,Approved
2194,2760,4216147.68,Pending
2195,1986,4028926.36,Rejected
2196,4030,2253656.85,Rejected
2197,2785,394552.74,Pending
2198,3030,234287.55,Approved
2199,3939,3412896.25,Pending
2200,1440,2809038.91,Approved
2201,1627,4898014.43,Approved
2202,115,2893972.65,Approved
2203,1308,1030474.8,Pending
2204,3759,2352087.73,Rejected
2205,2318,3952600.1,Rejected
2206,2479,4839466.89,Approved
2207,1353,1068799.67,Pending
2208,2602,1012799.76,Rejected
2209,3524,3624661.66,Rejected
2210,2475,331615.54,Pending
2211,3520,1881785.91,Rejected
2212,490,657482.48,Approved
2213,3847,307745.32,Rejected
2214,2440,1675879.7,Rejected
2215,2405,307177.51,Rejected
2216,2585,1985295.76,Pending
2217,4263,1140645.93,Approved
2218,264,1508727.25,Rejected
2219,1857,1623622.63,Pending
2220,412,4032050.96,Rejected
2221,2474,1149299.89,Approved
2222,2396,3564963.36,Pending
2223,3648,3380010.19,Approved
2224,3406,2880306.84,Approved
2225,4060,4007510.69,Approved
2226,4156,2740955.62,Approved
2227,4842,324161.48,Approved
2228,788,3245539.47,Pending
2229,4200,2109256.16,Rejected
2230,2448,1780690.51,Pending
2231,4077,491593.82,Rejected
2232,3586,4396014.3,Pending
2233,2679,3875886.47,Pending
2234,961,2997069.95,Approved
2235,2362,4054899.01,Approved
2236,921,1725046.62,Pending
2237,2756,1753987.05,Approved
2238,676,2758917.7,Pending
2239,1453,2072922.59,Rejected
2240,610,1349917.88,Approved
2241,1046,1650787.03,Rejected
2242,2700,3317347.54,Pending
2243,2965,1342573.17,Approved
2244,1850,2961153.93,Approved
2245,1327,1801059.72,Approved
2246,3677,3198716.26,Pending
2247,3230,3159940.66,Pending
2248,785,3537777.66,Rejected
2249,3473,3134005.51,Rejected
2250,4981,2099568.19,Rejected
2251,795,3773193.6,Pending
2252,1268,2030750.9,Rejected
2253,776,3746876.44,Rejected
2254,219,4432610.8,Rejected
2255,2474,4762119.61,Approved
2256,1285,3168071.46,Rejected
2257,138,4416665.61,Approved
2258,673,1333196.25,Approved
2259,1811,2436298.45,Rejected
2260,1215,649003.48,Pending
2261,4536,1947812.6,Rejected
2262,2946,4140844.48,Approved
2263,4468,4715288.46,Rejected
2264,2244,4319357.35,Pending
2265,1080,600214.16,Approved
2266,3544,3377613.37,Rejected
2267,1357,3532808.85,Approved
2268,3596,1469341.17,Pending
2269,4304,3135641.6,Rejected
2270,3751,4499419.39,Approved
2271,4345,2022199.26,Rejected
2272,4467,3538916.35,Rejected
2273,4305,1139589.51,Pending
2274,2407,3118195.98,Approved
2275,328,3633166.43,Pending
2276,4717,953237.08,Rejected
2277,4821,2164764.7,Approved
2278,2425,4515144.34,Pending
2279,1322,782321.79,Pending
2280,4400,174899.57,Rejected
2281,1061,4024550.68,Approved
2282,239,4755541.14,Approved
2283,2728,1009858.22,Rejected
2284,3153,4973072.65,Rejected
2285,4037,2425098.56,Pending
2286,2665,3436659.89,Pending
2287,2843,1270466.18,Pending
2288,91,4061479.32,Pending
2289,922,2908319.88,Approved
2290,2652,4107891.87,Rejected
2291,2560,4099298.25,Rejected
2292,1498,3021748.03,Pending
2293,4141,2020125.06,Pending
2294,3005,2445953.45,Approved
2295,936,2944803.11,Pending
2296,3348,3805074.9,Pending
2297,1755,4029968.17,Pending
2298,3243,4022416.78,Pending
2299,439,2689464.25,Pending
2300,484,1640845.55,Pending
2301,3731,996271.4,Rejected
2302,97,4792374.21,Rejected
2303,2374,143087.49,Pending
2304,2916,3626025.42,Pending
2305,1575,4964236.19,Rejected
2306,3473,1260084.49,Rejected
2307,680,4140691.79,Pending
2308,2545,4435013.41,Approved
2309,353,2362382.23,Rejected
2310,1732,2956690.36,Rejected
2311,115,1915710.58,Pending
2312,3751,2895669.46,Rejected
2313,2993,3920426.29,Pending
2314,1237,4848803.08,Rejected
2315,3756,4685509.86,Rejected
2316,777,2875258.2,Pending
2317,4819,2222633.75,Rejected
2318,7,239835.38,Rejected
2319,1671,3153058.85,Pending
2320,82,2028181.81,Rejected
2321,2802,922256.41,Rejected
2322,4940,1405282.25,Pending
2323,1202,2595265.68,Pending
2324,2935,1169262.74,Approved
2325,3903,4781465.13,Pending
2326,2179,4669772.85,Pending
2327,2290,2774664.98,Rejected
2328,1969,778314.6,Approved
2329,3245,4877099.42,Approved
2330,862,3401521.98,Rejected
2331,4113,1120297.62,Rejected
2332,790,3597252.77,Rejected
2333,702,4537433.19,Approved
2334,820,3675441.18,Approved
2335,2927,1616189.47,Pending
2336,4833,1386378.77,Pending
2337,2060,4026715.57,Rejected
2338,116,3804860.73,Pending
2339,2716,3784425.1,Approved
2340,4998,2754794.54,Rejected
2341,3812,3039207.86,Approved
2342,1354,4076953.59,Rejected
2343,2651,1387388.29,Approved
2344,4801,4252345.69,Pending
2345,129,4745559.57,Approved
2346,3382,390357.3,Rejected
2347,1992,4256859.54,Pending
2348,2771,4101180.47,Rejected
2349,2687,3983045.7,Pending
2350,2744,3969256.63,Approved
2351,1509,3010104.54,Rejected
2352,2915,604164.46,Rejected
2353,3123,3505610.32,Pending
2354,2041,1603172.01,Approved
2355,3235,1283193.49,Approved
2356,3804,3035527.86,Rejected
2357,3331,983223.66,Rejected
2358,4067,4534809.29,Rejected
2359,1387,3794089.19,Approved
2360,1509,3835662.37,Approved
2361,3479,4521258.78,Rejected
2362,3296,1342663.86,Pending
2363,2362,3092381.86,Rejected
2364,3509,2332307.62,Pending
2365,3567,3954597.16,Approved
2366,4140,661732.29,Approved
2367,2408,860232.06,Pending
2368,1356,2055713.69,Pending
2369,1012,1136425.93,Rejected
2370,1289,1299519.14,Rejected
2371,1661,4970024.6,Rejected
2372,4749,687199.39,Pending
2373,2249,1488883.71,Rejected
2374,401,3930320.38,Rejected
2375,2976,3336327.0,Rejected
2376,939,76851.83,Rejected
2377,2930,2481116.96,Pending
2378,1077,3630747.76,Approved
2379,3157,2205172.52,Rejected
2380,435,4727129.24,Rejected
2381,1387,3327397.23,Approved
2382,3794,2251522.21,Pending
2383,529,1319931.03,Approved
2384,3898,1495553.61,Pending
2385,2470,3336066.79,Pending
2386,3198,294226.83,Pending
2387,2941,2356913.92,Rejected
2388,4988,4792346.41,Rejected
2389,1669,272596.03,Approved
2390,13,2677430.0,Rejected
2391,3686,4788767.21,Rejected
2392,4629,657759.19,Pending
2393,4262,347867.7,Approved
2394,3721,2054055.94,Pending
2395,4366,3293788.98,Rejected
2396,1082,4728321.34,Rejected
2397,831,2217483.91,Rejected
2398,424,2480777.9,Approved
2399,3415,773412.67,Rejected
2400,1109,3373463.9,Rejected
2401,971,1819729.72,Rejected
2402,2317,4940906.57,Approved
2403,3173,377600.04,Pending
2404,2124,4231623.4,Approved
2405,2796,3760313.32,Approved
2406,943,4598218.25,Approved
2407,1553,3290586.85,Approved
2408,4783,1535843.47,Rejected
2409,3166,4611607.33,Pending
2410,1570,1331656.59,Pending
2411,379,4016800.66,Pending
2412,1412,487696.91,Approved
2413,4008,170946.56,Rejected
2414,3418,1918778.46,Pending
2415,789,4992207.49,Pending
2416,1925,1709903.11,Approved
2417,4407,3832179.63,Rejected
2418,3700,1282151.44,Rejected
2419,1778,3684125.49,Pending
2420,1360,4534947.02,Rejected
2421,4535,4376807.7,Approved
2422,1243,3263419.6,Pending
2423,1860,564250.66,Approved
2424,2769,4473356.04,Pending
2425,2431,2764081.19,Rejected
2426,3128,1728861.39,Pending
2427,458,3677590.39,Pending
2428,3690,2440013.09,Pending
2429,4020,1202896.44,Approved
2430,3012,1502971.71,Approved
2431,3977,539418.27,Rejected
2432,1046,2390506.61,Approved
2433,228,3133095.44,Approved
2434,2272,388795.9,Rejected
2435,2967,4740833.22,Approved
2436,1566,295112.35,Rejected
2437,4681,1961937.34,Rejected
2438,2899,3424962.52,Approved
2439,4372,2847421.19,Pending
2440,315,3800779.14,Pending
2441,1634,3855204.1,Pending
2442,4298,735007.03,Rejected
2443,4437,3606605.4,Rejected
2444,804,4484369.17,Pending
2445,4775,4897264.62,Approved
2446,1086,4190212.35,Approved
2447,2510,4782718.6,Pending
2448,3989,1021785.47,Rejected
2449,4165,2832354.38,Rejected
2450,2658,785102.54,Rejected
2451,1611,4480900.05,Pending
2452,3316,2336591.71,Pending
2453,1621,903749.9,Approved
2454,296,4957074.76,Rejected
2455,4647,2593985.21,Rejected
2456,3350,3776766.92,Approved
2457,2017,857377.04,Rejected
2458,3903,3290113.23,Approved
2459,1944,2612561.5,Rejected
2460,3189,1479587.64,Approved
2461,1761,450141.37,Pending
2462,3535,3027717.46,Approved
2463,3150,4017196.56,Approved
2464,2959,542419.33,Rejected
2465,3847,769529.82,Rejected
2466,300,66892.76,Rejected
2467,3783,3092865.44,Approved
2468,478,3900185.02,Rejected
2469,3276,755196.57,Rejected
2470,389,4212962.44,Rejected
2471,1926,305437.06,Rejected
2472,249,4841570.7,Rejected
2473,2152,3234670.19,Rejected
2474,2066,919012.12,Approved
2475,995,4540913.55,Pending
2476,3269,4289007.51,Rejected
2477,764,4016850.03,Approved
2478,3152,1178385.39,Rejected
2479,4979,4138783.59,Approved
2480,566,2768121.35,Approved
2481,2379,745293.12,Rejected
2482,4342,932212.38,Pending
2483,1692,625053.3,Approved
2484,1556,3233869.5,Approved
2485,1449,4746178.88,Approved
2486,4078,4360998.68,Pending
2487,2607,3344900.85,Pending
2488,2480,3445346.28,Pending
2489,2668,2363343.47,Pending
2490,1819,2884625.99,Rejected
2491,1068,865540.1,Pending
2492,4992,1194800.43,Pending
2493,713,3792121.1,Rejected
2494,710,1787116.67,Rejected
2495,225,3744524.13,Approved
2496,4612,133259.09,Pending
2497,822,1581603.52,Pending
2498,3097,2065816.0,Rejected
2499,3667,1417981.2,Pending
2500,3809,1140474.66,Pending
2501,2069,4114344.84,Pending
2502,3904,2803507.9,Pending
2503,1327,3785545.24,Pending
2504,43,667929.61,Approved
2505,2509,258839.91,Rejected
2506,1873,2688782.58,Approved
2507,3266,1082494.57,Pending
2508,1573,4641949.89,Approved
2509,3958,1886022.11,Pending
2510,3787,339295.12,Rejected
2511,3181,4523160.49,Approved
2512,908,2266152.83,Rejected
2513,2191,605286.22,Pending
2514,4095,60702.73,Rejected
2515,2772,3818562.35,Rejected
2516,488,1009650.44,Approved
2517,1353,3474051.01,Approved
2518,4584,3786794.36,Approved
2519,1863,3686280.62,Approved
2520,4687,1394658.0,Pending
2521,3287,3787105.55,Pending
2522,1203,3205217.15,Approved
2523,2257,2219763.12,Pending
2524,1222,2292138.6,Rejected
2525,3592,2406739.43,Pending
2526,1453,2777341.37,Approved
2527,2548,4675058.58,Approved
2528,255,3838743.7,Approved
2529,1478,3994994.01,Pending
2530,278,3739957.66,Pending
2531,3592,2619553.85,Pending
2532,4472,1208070.52,Rejected
2533,4709,3741238.48,Rejected
2534,2316,2394352.59,Approved
2535,604,853839.2,Pending
2536,4696,2009630.82,Pending
2537,1302,3256287.52,Rejected
2538,1130,2954642.38,Approved
2539,2320,3966917.69,Rejected
2540,1538,2688233.76,Rejected
2541,3416,1838171.68,Rejected
2542,4211,3035589.83,Pending
2543,230,4796624.68,Pending
2544,2803,2093077.63,Pending
2545,3123,875179.76,Rejected
2546,2936,4029359.0,Pending
2547,2622,2519852.45,Rejected
2548,3104,3084080.57,Pending
2549,2287,4191868.72,Pending
2550,2246,1535383.4,Approved
2551,752,3076749.53,Pending
2552,862,3075637.86,Pending
2553,2312,809103.68,Approved
2554,2072,2703198.87,Approved
2555,713,901930.08,Approved
2556,1533,3161066.42,Pending
2557,746,3313472.62,Approved
2558,1152,119775.5,Approved
2559,460,645483.42,Approved
2560,3145,4202136.76,Pending
2561,2969,1942861.97,Pending
2562,4856,2945061.56,Pending
2563,3847,3142363.6,Pending
2564,3854,1531854.23,Rejected
2565,2379,901374.47,Pending
2566,2863,2735860.66,Rejected
2567,2458,1820878.99,Pending
2568,4595,2053824.03,Pending
2569,3026,1371270.48,Approved
2570,4972,4264379.19,Pending
2571,3105,2829728.47,Approved
2572,4806,2160648.2,Pending
2573,1606,1944260.41,Pending
2574,2769,91488.28,Pending
2575,3172,1216892.01,Approved
2576,1226,506449.58,Pending
2577,4204,1845468.6,Rejected
2578,3232,3318989.38,Rejected
2579,2365,2537109.36,Pending
2580,926,4114273.16,Approved
2581,1018,1374002.77,Rejected
2582,1473,2613151.76,Pending
2583,499,2535521.11,Approved
2584,3939,2114192.21,Approved
2585,4633,2405678.84,Pending
2586,4214,2556550.27,Approved
2587,2364,2725980.68,Approved
2588,2014,81996.19,Approved
2589,3750,4311873.27,Pending
2590,4717,3343106.9,Approved
2591,1776,2375563.95,Pending
2592,2728,445028.08,Rejected
2593,2048,770126.71,Rejected
2594,4830,4702273.4,Pending
2595,13,4316056.24,Approved
2596,4717,1740873.14,Rejected
2597,3579,4791713.34,Pending
2598,4205,4453068.51,Pending
2599,2632,316146.57,Pending
2600,4145,455638.01,Rejected
2601,4215,4327772.84,Approved
2602,668,2870464.08,Rejected
2603,2327,4286979.11,Rejected
2604,1364,2491322.68,Rejected
2605,4942,2326823.79,Pending
2606,2353,2080902.66,Pending
2607,4324,2412936.45,Rejected
2608,363,890970.97,Pending
2609,877,4927483.91,Rejected
2610,683,3268885.98,Pending
2611,3062,2311860.98,Pending
2612,149,3676732.1,Pending
2613,2798,346718.32,Approved
2614,2022,1925440.57,Pending
2615,4638,4309067.66,Approved
2616,2697,3986111.81,Pending
2617,1428,2866593.6,Approved
2618,4534,4487963.97,Pending
2619,4286,4202343.98,Rejected
2620,3909,467657.13,Rejected
2621,2454,4708383.11,Approved
2622,2281,4788600.98,Approved
2623,462,80126.17,Approved
2624,1002,1018503.93,Approved
2625,4551,4077872.76,Rejected
2626,4712,1183910.82,Rejected
2627,4972,2587134.96,Pending
2628,4370,1360901.46,Approved
2629,635,4420786.87,Pending
2630,327,901283.14,Approved
2631,2450,4454104.02,Approved
2632,1760,4872053.84,Pending
2633,4199,1321238.27,Rejected
2634,4116,4742486.22,Rejected
2635,4419,3997560.8,Rejected
2636,2908,4032789.43,Rejected
2637,2785,1784566.02,Approved
2638,2668,281073.1,Approved
2639,3185,2251523.0,Approved
2640,2927,4358113.39,Rejected
2641,416,658108.06,Pending
2642,2339,3859890.45,Rejected
2643,3472,4291269.08,Rejected
2644,4494,802768.01,Approved
2645,2988,2680678.52,Pending
2646,1855,1709497.23,Approved
2647,3252,682236.29,Rejected
2648,2724,4478215.76,Rejected
2649,1911,1652176.57,Rejected
2650,439,3923535.72,Pending
2651,4967,2278122.36,Rejected
2652,3608,3611124.77,Approved
2653,232,4984380.97,Rejected
2654,3524,4178742.19,Approved
2655,4999,1914082.45,Rejected
2656,3691,2054854.27,Rejected
2657,174,3285757.62,Pending
2658,3071,3529788.08,Pending
2659,409,1104624.85,Approved
2660,2953,3838611.36,Pending
2661,3442,3915509.0,Rejected
2662,2972,1576034.41,Approved
2663,4133,132130.12,Approved
2664,228,4789985.77,Pending
2665,3254,666996.52,Approved
2666,2782,986755.36,Rejected
2667,282,2500265.21,Pending
2668,4965,4188829.2,Pending
2669,1623,1981207.16,Approved
2670,4107,2030422.54,Rejected
2671,2580,2821036.37,Rejected
2672,4709,3581531.64,Pending
2673,4165,1078362.67,Pending
2674,3497,2538546.48,Pending
2675,900,2503085.68,Pending
2676,622,4961510.2,Rejected
2677,1430,1937801.49,Rejected
2678,2301,2824560.81,Approved
2679,1851,2220548.51,Approved
2680,4500,1354945.13,Rejected
2681,1720,2117277.55,Rejected
2682,4069,631580.56,Rejected
2683,2390,1661124.71,Approved
2684,1525,2330403.69,Pending
2685,3680,889568.32,Pending
2686,3115,2322087.87,Approved
2687,4861,3918257.82,Rejected
2688,1105,683344.54,Approved
2689,2188,338913.27,Pending
2690,4420,1470505.1,Pending
2691,2795,2626686.1,Pending
2692,3912,4257216.49,Approved
2693,1005,2815851.11,Rejected
2694,1118,4120428.71,Pending
2695,2140,3861713.94,Rejected
2696,583,3813698.57,Rejected
2697,436,2650119.6,Pending
2698,3585,1777940.64,Rejected
2699,1125,3180881.76,Rejected
2700,3799,3648959.42,Approved
2701,3993,2103100.93,Approved
2702,1389,2263872.09,Approved
2703,2067,673839.47,Approved
2704,308,1750957.27,Pending
2705,1470,3070651.94,Approved
2706,3250,3692510.73,Rejected
2707,3575,3755000.23,Pending
2708,1662,1738594.05,Pending
2709,2970,2417985.44,Pending
2710,1358,4749641.23,Approved
2711,999,4313066.58,Approved
2712,1575,600229.22,Approved
2713,3938,3459846.6,Approved
2714,4925,1163278.9,Approved
2715,3001,516296.28,Approved
2716,610,1437903.94,Pending
2717,1738,1463895.43,Rejected
2718,1615,4098968.1,Rejected
2719,1533,4395068.49,Approved
2720,118,613070.32,Pending
2721,3795,1933357.99,Approved
2722,1784,905919.69,Rejected
2723,3460,4068084.81,Approved
2724,461,3438321.9,Approved
2725,4728,2449906.76,Rejected
2726,4483,2890388.98,Pending
2727,888,2961671.98,Approved
2728,2013,1880745.94,Rejected
2729,1996,1969674.64,Rejected
2730,4116,489378.65,Pending
2731,2373,3897524.52,Rejected
2732,3530,4594148.76,Rejected
2733,2389,4499271.9,Rejected
2734,1711,2027360.37,Rejected
2735,2492,3188823.61,Approved
2736,775,977949.49,Approved
2737,4136,3503592.61,Rejected
2738,1334,1360438.04,Approved
2739,4235,258343.1,Approved
2740,1373,2320657.1,Pending
2741,1243,2849982.85,Pending
2742,2010,954041.43,Pending
2743,3340,2269958.31,Pending
2744,2058,4586174.74,Rejected
2745,1911,3223671.23,Pending
2746,4161,4772128.55,Approved
2747,1963,1584118.73,Pending
2748,117,2892762.37,Rejected
2749,2601,4370678.76,Rejected
2750,4695,3623324.86,Approved
2751,1819,2699877.85,Pending
2752,2781,2529100.35,Rejected
2753,3915,4568024.34,Approved
2754,3594,3772574.23,Pending
2755,2145,3353434.73,Rejected
2756,3246,2557682.85,Approved
2757,4412,4995461.74,Pending
2758,2660,3891779.45,Pending
2759,3337,4797083.75,Rejected
2760,4968,1926410.29,Pending
2761,912,4299736.0,Pending
2762,768,3150817.6,Pending
2763,4102,3181916.98,Rejected
2764,1819,3156963.88,Rejected
2765,2616,2134022.32,Approved
2766,3301,4786994.41,Pending
2767,810,1786587.22,Rejected
2768,718,1052784.79,Approved
2769,1734,1339212.08,Pending
2770,4107,4945191.89,Pending
2771,2048,1988759.0,Approved
2772,3361,804870.33,Pending
2773,4155,2913907.75,Approved
2774,2632,690128.27,Approved
2775,448,4062678.57,Approved
2776,4368,1410303.45,Approved
2777,845,4402517.03,Approved
2778,2500,2428889.15,Pending
2779,1324,589815.04,Rejected
2780,2992,4529299.08,Pending
2781,1342,1051617.85,Pending
2782,4990,497253.89,Approved
2783,398,2014361.63,Approved
2784,1103,4459670.7,Rejected
2785,3795,4301523.87,Pending
2786,925,1957227.72,Pending
2787,4503,4780809.82,Rejected
2788,3637,1970102.06,Approved
2789,480,1879541.3,Pending
2790,1894,4524530.61,Rejected
2791,803,156212.62,Rejected
2792,3999,1428494.97,Approved
2793,1475,3442884.1,Rejected
2794,1041,3508157.62,Rejected
2795,4731,4861045.7,Rejected
2796,3245,3284849.55,Pending
2797,3074,242533.21,Pending
2798,3672,4286021.05,Approved
2799,2889,3241085.71,Pending
2800,4678,4220663.99,Approved
2801,2133,3576565.21,Pending
2802,3187,2903719.23,Approved
2803,3492,2444356.79,Rejected
2804,2330,1031543.26,Rejected
2805,33,2976679.5,Pending
2806,4630,1258216.38,Rejected
2807,4106,2423658.38,Rejected
2808,1575,2938614.74,Approved
2809,3050,1690936.02,Pending
2810,2636,2767522.62,Pending
2811,3001,1505444.65,Rejected
2812,1598,4861399.64,Rejected
2813,4866,1952501.31,Approved
2814,294,966795.34,Rejected
2815,4093,4521964.53,Pending
2816,3104,2050820.53,Approved
2817,3352,3349157.23,Pending
2818,2166,4580628.06,Approved
2819,1303,905918.41,Pending
2820,1692,3042689.83,Pending
2821,1682,2736615.25,Approved
2822,427,3239000.62,Rejected
2823,2912,3627647.67,Approved
2824,2586,4978780.73,Approved
2825,3984,4339896.45,Rejected
2826,3094,1407025.7,Pending
2827,1114,2449400.77,Rejected
2828,572,1389920.04,Pending
2829,2281,1686379.26,Approved
2830,4716,151040.0,Approved
2831,1934,2530479.52,Approved
2832,3714,4863265.07,Rejected
2833,3984,4380512.26,Rejected
2834,2835,4111098.39,Pending
2835,2505,4387632.4,Pending
2836,3114,1955984.82,Approved
2837,1321,4044921.91,Pending
2838,162,801108.69,Approved
2839,1456,2080358.3,Approved
2840,265,2156977.07,Rejected
2841,3677,4187716.54,Approved
2842,885,1971703.84,Rejected
2843,2784,4855847.16,Rejected
2844,4176,4411546.02,Pending
2845,607,174059.73,Rejected
2846,3884,4398921.61,Approved
2847,4249,3066526.98,Rejected
2848,3061,4736465.41,Pending
2849,4977,214920.71,Rejected
2850,2521,3860469.72,Pending
2851,1680,1618289.2,Rejected
2852,521,2827823.99,Rejected
2853,4944,3850755.2,Approved
2854,3018,2618001.05,Pending
2855,1381,2951522.06,Rejected
2856,3962,1343704.72,Pending
2857,2896,3241146.61,Pending
2858,1982,532036.8,Approved
2859,3581,2687378.96,Pending
2860,341,368619.68,Pending
2861,3832,1093896.89,Pending
2862,949,3228772.42,Rejected
2863,1722,336918.75,Approved
2864,1625,315032.24,Approved
2865,1910,2899014.75,Rejected
2866,1129,2417501.73,Approved
2867,3962,4927101.74,Rejected
2868,2982,1083689.26,Rejected
2869,3794,1776936.67,Rejected
2870,3955,4588556.7,Approved
2871,3670,3173053.4,Rejected
2872,2506,490043.83,Pending
2873,247,3333300.93,Rejected
2874,310,4969825.05,Rejected
2875,4487,2437349.98,Approved
2876,733,4487184.72,Rejected
2877,1677,421205.98,Rejected
2878,4440,2473739.25,Rejected
2879,3694,3115029.61,Rejected
2880,2703,1794925.76,Approved
2881,2616,3788547.91,Pending
2882,222,3902974.32,Pending
2883,2991,243656.92,Approved
2884,4158,1918973.22,Rejected
2885,798,857257.48,Approved
2886,857,4398327.94,Pending
2887,2063,4705210.45,Approved
2888,164,423401.11,Approved
2889,2024,2835371.19,Rejected
2890,1036,487827.79,Pending
2891,1420,670816.06,Rejected
2892,4299,3178058.07,Rejected
2893,1788,2628669.51,Approved
2894,1076,929159.98,Rejected
2895,4003,4721249.83,Pending
2896,2365,3161473.86,Pending
2897,2790,379653.47,Approved
2898,1468,3051126.16,Approved
2899,1971,218416.28,Rejected
2900,4464,1539769.41,Approved
2901,2271,4813584.19,Pending
2902,2233,3115816.24,Pending
2903,3521,1918034.88,Approved
2904,2704,1404022.11,Rejected
2905,1930,833330.92,Approved
2906,1462,4453366.66,Rejected
2907,4474,4054513.7,Rejected
2908,395,4085062.35,Approved
2909,505,286240.6,Pending
2910,1220,854241.24,Approved
2911,338,4730081.27,Rejected
2912,2149,3971897.46,Approved
2913,1066,4516272.34,Approved
2914,2277,2632558.11,Rejected
2915,866,4407146.91,Approved
2916,4523,1665196.6,Rejected
2917,2301,920481.24,Pending
2918,4384,2114342.37,Rejected
2919,1150,1508030.35,Rejected
2920,3709,2892336.5,Approved
2921,2740,4592465.12,Pending
2922,1901,1436191.02,Rejected
2923,4357,2882506.72,Approved
2924,4713,4112543.26,Rejected
2925,3049,2033071.8,Pending
2926,1411,4214424.52,Pending
2927,3710,1705144.75,Pending
2928,3467,2057035.47,Pending
2929,3484,3115579.18,Approved
2930,3566,2212094.74,Rejected
2931,1751,3766632.14,Approved
2932,3116,4529887.98,Approved
2933,4695,829672.92,Pending
2934,940,2942848.23,Approved
2935,1076,885558.46,Rejected
2936,4416,4251004.15,Rejected
2937,251,64993.63,Pending
2938,4374,1283147.74,Pending
2939,2250,2111680.16,Pending
2940,708,81390.45,Approved
2941,4008,2310498.46,Approved
2942,2540,4108665.7,Rejected
2943,4577,2452904.07,Rejected
2944,1861,3159995.57,Approved
2945,195,633157.37,Pending
2946,2644,4536930.74,Pending
2947,3929,2160238.64,Approved
2948,4078,266379.19,Rejected
2949,4562,2232476.42,Rejected
2950,3299,706338.02,Approved
2951,1462,3838491.91,Rejected
2952,65,4635602.35,Approved
2953,2357,4976773.43,Rejected
2954,4674,2269229.07,Rejected
2955,2945,910919.22,Approved
2956,3890,4950446.74,Pending
2957,175,3639996.41,Approved
2958,4133,2667900.83,Pending
2959,366,2937012.0,Approved
2960,4298,543100.43,Approved
2961,4620,4626128.74,Rejected
2962,948,2732183.38,Pending
2963,860,2410301.74,Pending
2964,1943,4576098.9,Rejected
2965,407,247511.9,Rejected
2966,4864,1985032.39,Approved
2967,3184,2219175.59,Pending
2968,4425,4691452.26,Rejected
2969,3757,4936952.88,Pending
2970,3989,4433910.65,Approved
2971,3846,3621958.41,Rejected
2972,3468,103027.1,Pending
2973,4553,332838.41,Pending
2974,1473,2559464.61,Pending
2975,4959,2335128.06,Rejected
2976,3923,2060502.61,Pending
2977,3847,4632770.77,Rejected
2978,486,319243.67,Rejected
2979,3272,86488.04,Rejected
2980,3477,4239933.1,Pending
2981,4506,2544682.81,Approved
2982,4914,553794.93,Approved
2983,1535,4518297.43,Rejected
2984,4719,2870269.56,Pending
2985,1146,4340199.9,Pending
2986,2953,3024573.88,Approved
2987,2288,436267.41,Pending
2988,1488,2614413.28,Pending
2989,4342,4279821.42,Rejected
2990,81,3267836.3,Rejected
2991,239,1887249.4,Rejected
2992,3868,1017788.46,Rejected
2993,779,1250870.6,Approved
2994,1833,3252960.2,Rejected
2995,3489,2295506.86,Approved
2996,4304,1503258.67,Rejected
2997,795,4747253.13,Rejected
2998,3650,1623158.31,Pending
2999,760,1128510.36,Approved
3000,3537,4429313.13,Approved
3001,2367,4910347.35,Approved
3002,1228,1803014.23,Approved
3003,3560,690125.52,Approved
3004,1984,1766814.61,Pending
3005,3668,4507184.73,Approved
3006,1179,4881079.48,Rejected
3007,1812,2687562.7,Approved
3008,3314,3939423.99,Rejected
3009,3651,1620880.46,Approved
3010,3275,3961270.87,Approved
3011,3317,615906.84,Rejected
3012,785,3079625.76,Pending
3013,2480,1384148.16,Rejected
3014,715,162250.66,Rejected
3015,1208,1754094.04,Approved
3016,2380,888867.75,Approved
3017,1417,4942356.31,Pending
3018,2046,1827131.89,Approved
3019,4318,687812.2,Pending
3020,749,2705231.9,Rejected
3021,2681,1494006.12,Rejected
3022,521,1889502.41,Rejected
3023,521,4671793.2,Approved
3024,1278,4808201.14,Pending
3025,613,3168724.25,Rejected
3026,2498,998852.61,Rejected
3027,2520,3318964.38,Rejected
3028,1023,2040678.85,Pending
3029,4266,710156.25,Rejected
3030,78,3988792.45,Rejected
3031,1369,4370374.25,Approved
3032,2693,430370.73,Approved
3033,1614,3517853.94,Pending
3034,4690,968636.98,Pending
3035,1736,4589631.48,Approved
3036,835,2922042.69,Rejected
3037,3636,1742596.44,Approved
3038,4010,3683994.92,Approved
3039,453,2363112.34,Rejected
3040,899,156022.46,Approved
3041,1191,412683.71,Approved
3042,4632,4525926.73,Rejected
3043,932,1762041.09,Pending
3044,2394,1115101.0,Rejected
3045,2298,3153765.27,Approved
3046,2780,3992170.79,Pending
3047,975,4518485.81,Pending
3048,4322,4522209.71,Pending
3049,4014,126233.16,Pending
3050,1187,3775240.04,Approved
3051,2904,343421.3,Approved
3052,1581,180354.95,Approved
3053,4367,309944.1,Rejected
3054,3833,4882130.44,Approved
3055,1934,4591586.2,Rejected
3056,733,308476.11,Approved
3057,1819,1130961.37,Pending
3058,2702,4194463.23,Approved
3059,4658,369437.1,Pending
3060,3401,647089.94,Rejected
3061,3219,3396354.18,Pending
3062,150,3799781.95,Pending
3063,470,4365151.25,Approved
3064,1348,478027.74,Rejected
3065,616,2799682.86,Approved
3066,1651,1246760.66,Approved
3067,4530,3180872.9,Approved
3068,4619,4527140.29,Rejected
3069,4100,2947366.63,Rejected
3070,4995,1892442.45,Rejected
3071,283,430239.74,Approved
3072,29,1890480.25,Pending
3073,2627,1391990.67,Rejected
3074,3489,4344616.22,Rejected
3075,4304,4080052.88,Approved
3076,4333,1253459.31,Approved
3077,4184,3787780.44,Approved
3078,211,2420439.85,Rejected
3079,742,989452.34,Approved
3080,4454,1241158.97,Rejected
3081,1698,3071080.42,Pending
3082,467,4974863.78,Rejected
3083,572,2824080.51,Rejected
3084,1051,3599762.78,Pending
3085,460,3104710.82,Approved
3086,1763,4955702.84,Pending
3087,4547,2335688.72,Approved
3088,1948,2197525.17,Pending
3089,4034,3237164.39,Approved
3090,3653,679615.72,Rejected
3091,2295,3614412.46,Rejected
3092,1874,209243.25,Approved
3093,2759,3921449.6,Rejected
3094,3902,2004073.1,Rejected
3095,2516,1698911.32,Rejected
3096,2072,132151.21,Pending
3097,2871,4806547.7,Rejected
3098,4948,1352294.76,Pending
3099,3760,3519628.83,Pending
3100,3456,265616.62,Rejected
3101,95,1032269.87,Pending
3102,473,3992308.44,Pending
3103,1488,2166114.39,Rejected
3104,2554,1407446.51,Pending
3105,715,2945106.89,Rejected
3106,712,3887577.67,Rejected
3107,3648,3014337.43,Pending
3108,132,4400917.09,Approved
3109,3912,3302406.82,Pending
3110,1925,1095107.68,Approved
3111,1449,2471190.19,Pending
3112,2933,1470861.83,Approved
3113,3188,863071.16,Pending
3114,4473,392015.2,Pending
3115,4686,185107.46,Pending
3116,1496,1317964.08,Pending
3117,1129,2022760.79,Pending
3118,4212,544512.58,Rejected
3119,4134,3923175.88,Approved
3120,2373,2129577.24,Pending
3121,2922,2184372.5,Pending
3122,532,2823409.54,Pending
3123,2990,171405.29,Pending
3124,4243,3278003.07,Rejected
3125,1351,2508275.89,Pending
3126,969,4669250.75,Pending
3127,1718,4638334.06,Rejected
3128,3310,3293171.25,Rejected
3129,3760,4515763.43,Approved
3130,3150,3517295.79,Rejected
3131,2226,1167575.71,Rejected
3132,4494,2138241.8,Rejected
3133,3521,1491067.91,Approved
3134,1055,2250081.82,Rejected
3135,625,4519417.76,Approved
3136,454,1055436.74,Rejected
3137,2344,1407968.99,Pending
3138,3985,3607900.2,Pending
3139,3040,4676078.37,Approved
3140,55,2682812.66,Approved
3141,2467,3588638.54,Approved
3142,4887,2504410.26,Approved
3143,2760,986156.78,Pending
3144,1437,316840.86,Rejected
3145,2339,2931941.97,Approved
3146,609,4112805.88,Rejected
3147,244,335808.18,Pending
3148,1510,3699373.63,Pending
3149,4917,517053.79,Pending
3150,1845,2985307.24,Pending
3151,2655,2547870.58,Rejected
3152,622,1631101.82,Rejected
3153,3718,3688446.96,Approved
3154,1654,4688374.55,Rejected
3155,2372,1119646.11,Rejected
3156,1481,3703133.18,Rejected
3157,3340,1858609.55,Rejected
3158,2890,3605335.0,Approved
3159,777,4014039.31,Approved
3160,3285,2505826.34,Rejected
3161,4172,2167087.87,Approved
3162,442,2955591.01,Approved
3163,1866,689305.38,Rejected
3164,1405,130092.86,Pending
3165,4971,633960.67,Pending
3166,812,2705748.61,Approved
3167,796,3322453.49,Pending
3168,2832,1464903.52,Approved
3169,4586,2011048.24,Pending
3170,3236,3841941.98,Rejected
3171,655,608420.02,Pending
3172,1821,4354019.29,Approved
3173,4123,2253980.76,Pending
3174,4321,1285247.16,Approved
3175,3482,3338090.79,Approved
3176,4058,4088535.43,Pending
3177,4106,2655705.67,Approved
3178,4270,54344.91,Rejected
3179,3294,4817524.99,Pending
3180,1154,3889132.39,Rejected
3181,4420,1477336.26,Pending
3182,2097,1240060.21,Rejected
3183,4635,1444078.26,Approved
3184,4723,2301897.57,Pending
3185,3414,2016256.68,Pending
3186,2188,3195333.99,Approved
3187,3042,1005472.28,Approved
3188,4912,4793063.7,Rejected
3189,2800,2422412.85,Approved
3190,4264,2147354.0,Pending
3191,577,4227439.14,Pending
3192,312,2142263.14,Approved
3193,2383,812389.54,Rejected
3194,1224,4775117.76,Rejected
3195,4044,2180145.08,Rejected
3196,1425,3725213.06,Rejected
3197,4748,1821307.76,Rejected
3198,3306,1089074.69,Pending
3199,2266,1933468.29,Approved
3200,4331,331343.5,Pending
3201,262,4163189.89,Rejected
3202,2526,4109232.81,Approved
3203,3777,2089542.73,Pending
3204,3101,1376470.8,Approved
3205,3992,4063328.63,Approved
3206,193,2736624.54,Pending
3207,2112,2115636.85,Rejected
3208,807,2826064.8,Pending
3209,3955,4792592.97,Pending
3210,2208,272618.99,Pending
3211,1395,4083316.51,Pending
3212,861,3239013.7,Approved
3213,2316,3469758.58,Rejected
3214,4525,288509.67,Approved
3215,2449,677732.2,Approved
3216,2704,3260447.78,Rejected
3217,4920,2469541.58,Rejected
3218,4055,380766.68,Pending
3219,4609,2925444.29,Rejected
3220,4193,4394476.1,Rejected
3221,2889,4138561.06,Pending
3222,3237,3600050.43,Pending
3223,1005,3914801.63,Rejected
3224,865,1331924.69,Pending
3225,2756,1134481.56,Approved
3226,1876,4826951.39,Rejected
3227,3991,1056200.92,Approved
3228,4233,3000351.53,Rejected
3229,4275,3615777.58,Rejected
3230,4915,1622214.54,Approved
3231,119,2502600.89,Approved
3232,3169,2644118.58,Approved
3233,1080,1160382.35,Pending
3234,1644,2566349.96,Pending
3235,4090,1711890.36,Rejected
3236,3550,826720.39,Pending
3237,430,1393388.86,Rejected
3238,2013,2352882.08,Pending
3239,1042,4971047.79,Approved
3240,2208,393615.77,Approved
3241,2584,2105763.99,Pending
3242,3129,1292091.45,Approved
3243,4015,2575666.78,Pending
3244,676,598231.57,Approved
3245,64,1406762.96,Rejected
3246,1480,1680640.7,Pending
3247,3103,4250264.38,Approved
3248,4576,3163592.91,Rejected
3249,3521,2541967.16,Approved
3250,4229,4315996.46,Approved
3251,1110,3209177.1,Pending
3252,2369,3452756.89,Approved
3253,337,3967998.36,Pending
3254,3548,4134905.98,Pending
3255,1929,2069208.78,Pending
3256,22,3711024.12,Approved
3257,3251,3322120.57,Pending
3258,4958,3631053.52,Rejected
3259,4710,2950106.89,Pending
3260,3995,2387786.48,Rejected
3261,3704,1143758.07,Rejected
3262,677,4257358.21,Pending
3263,3894,1189911.78,Approved
3264,1354,3993148.97,Pending
3265,2708,4517239.92,Pending
3266,2237,3073201.4,Rejected
3267,4069,341104.79,Approved
3268,9,3909704.57,Approved
3269,40,1638494.14,Pending
3270,1344,766809.22,Approved
3271,3119,2102225.6,Approved
3272,3752,2542007.79,Rejected
3273,3037,2082721.63,Rejected
3274,2755,3795670.85,Rejected
3275,4111,1962323.9,Rejected
3276,4477,885937.93,Approved
3277,4171,4235403.57,Approved
3278,2177,198655.08,Approved
3279,4223,2537964.12,Pending
3280,4495,909576.28,Approved
3281,4547,2071684.42,Pending
3282,923,1756091.12,Approved
3283,268,429616.89,Approved
3284,3750,943042.63,Approved
3285,2327,2744013.54,Approved
3286,4243,1927489.93,Pending
3287,792,2877875.96,Pending
3288,3215,4565045.28,Pending
3289,4499,1020559.05,Approved
3290,98,4852135.77,Rejected
3291,2703,4698379.27,Approved
3292,2718,4266781.82,Pending
3293,4437,975474.25,Pending
3294,2732,3754712.77,Pending
3295,568,3814835.32,Approved
3296,446,1703316.66,Approved
3297,3303,149171.4,Pending
3298,621,1727897.32,Pending
3299,3548,3995981.26,Rejected
3300,3813,4194581.08,Approved
3301,909,840288.72,Rejected
3302,1054,4817377.15,Rejected
3303,1743,577037.5,Pending
3304,1508,2092214.94,Rejected
3305,4772,2369521.11,Approved
3306,340,2270176.75,Pending
3307,4710,188993.65,Rejected
3308,1610,2446103.22,Pending
3309,4184,1340997.23,Rejected
3310,3383,4984711.14,Rejected
3311,1079,233561.92,Pending
3312,1783,4757934.88,Rejected
3313,409,566467.25,Pending
3314,2215,2912901.23,Rejected
3315,500,4309721.42,Approved
3316,2556,3924015.33,Pending
3317,2822,4287334.22,Approved
3318,2943,3824628.24,Approved
3319,3097,262386.51,Approved
3320,1789,2587618.98,Rejected
3321,2627,3342733.67,Rejected
3322,1341,2383760.98,Pending
3323,3928,2243964.44,Rejected
3324,2721,1090991.71,Approved
3325,4826,2586648.64,Approved
3326,3632,4126410.03,Pending
3327,368,1353206.42,Pending
3328,3219,4879341.34,Approved
3329,3521,538485.2,Rejected
3330,1715,3099973.71,Approved
3331,2659,1146259.4,Pending
3332,2772,144066.53,Approved
3333,1025,4380166.3,Approved
3334,4106,3658030.68,Approved
3335,4495,2761742.92,Pending
3336,4048,4622767.06,Pending
3337,3724,3321911.13,Rejected
3338,2141,3410458.72,Pending
3339,2030,1555808.76,Approved
3340,203,482918.64,Pending
3341,3861,1457859.01,Rejected
3342,4925,4351672.86,Rejected
3343,2572,1164809.25,Rejected
3344,2070,2773551.44,Approved
3345,2534,1228620.01,Rejected
3346,1420,689387.06,Rejected
3347,291,544604.12,Rejected
3348,2446,4413661.43,Pending
3349,3101,2969347.12,Rejected
3350,2245,837386.09,Approved
3351,4086,2229131.23,Pending
3352,2965,916528.02,Rejected
3353,2416,1649000.19,Approved
3354,4313,1673378.46,Pending
3355,3910,2136115.67,Pending
3356,3910,3491528.16,Rejected
3357,3072,738099.84,Approved
3358,3230,3561048.29,Approved
3359,4818,4297179.46,Pending
3360,1046,3708304.32,Approved
3361,899,4891186.54,Approved
3362,3657,597313.09,Pending
3363,2754,1695487.96,Rejected
3364,979,2688331.48,Pending
3365,1174,2379920.57,Approved
3366,711,146142.31,Pending
3367,3812,4785085.44,Pending
3368,4244,1340527.44,Rejected
3369,714,2384389.41,Rejected
3370,3540,4274439.76,Rejected
3371,629,3214279.87,Rejected
3372,4060,640331.09,Pending
3373,540,1558897.84,Approved
3374,124,1953841.82,Pending
3375,4203,870553.48,Rejected
3376,3543,4970648.97,Pending
3377,3794,1678858.84,Rejected
3378,2968,110635.59,Approved
3379,3310,2403114.29,Pending
3380,2382,1647649.09,Rejected
3381,553,781588.1,Approved
3382,4445,4230194.66,Pending
3383,1813,4992683.63,Pending
3384,4914,3193345.12,Pending
3385,1994,805647.3,Rejected
3386,2208,309217.03,Pending
3387,1481,4707189.86,Rejected
3388,4833,4962622.65,Approved
3389,963,3267301.58,Pending
3390,1971,4509388.75,Rejected
3391,4109,2271439.23,Approved
3392,2813,479582.8,Pending
3393,2593,2177492.67,Pending
3394,1149,3375719.38,Approved
3395,3929,1763113.07,Approved
3396,4539,1231073.25,Approved
3397,142,2580691.79,Rejected
3398,687,3053551.96,Approved
3399,2993,1913760.61,Approved
3400,292,4336714.59,Pending
3401,4797,498268.63,Pending
3402,754,3158217.48,Pending
3403,1763,3614067.61,Approved
3404,2098,4690170.18,Approved
3405,1796,4812168.08,Approved
3406,2470,3059971.38,Approved
3407,3687,4969056.51,Approved
3408,47,576440.76,Approved
3409,2735,3389418.77,Pending
3410,1576,326266.42,Pending
3411,2217,57217.52,Pending
3412,3927,3676668.99,Pending
3413,4583,4189553.55,Pending
3414,3832,723146.13,Rejected
3415,2264,1434218.56,Rejected
3416,2528,660739.51,Rejected
3417,2830,1109384.15,Approved
3418,4351,4771526.62,Rejected
3419,3275,2943847.12,Approved
3420,2027,1076280.14,Rejected
3421,4192,864921.93,Pending
3422,2266,111320.08,Approved
3423,1057,1392355.11,Rejected
3424,1161,2469223.3,Approved
3425,4985,991056.15,Approved
3426,1102,2314868.57,Approved
3427,2924,3491140.77,Rejected
3428,4983,3761224.25,Rejected
3429,3312,4789421.55,Rejected
3430,3498,1016367.2,Rejected
3431,3112,4316935.87,Pending
3432,3251,4776007.4,Approved
3433,2323,4228679.02,Rejected
3434,3417,2037511.95,Rejected
3435,589,4828085.1,Approved
3436,4684,933556.17,Approved
3437,203,885081.08,Approved
3438,3217,623234.36,Approved
3439,1121,954134.59,Approved
3440,2725,2352219.96,Approved
3441,590,3108880.83,Rejected
3442,2405,2075935.74,Rejected
3443,3520,83153.17,Approved
3444,1703,3716417.81,Approved
3445,2677,2295585.66,Rejected
3446,250,4995760.96,Approved
3447,1235,1603527.56,Approved
3448,2259,2115321.5,Approved
3449,4776,3447251.0,Rejected
3450,4198,4551061.57,Rejected
3451,3733,3983188.98,Rejected
3452,2287,4960684.39,Pending
3453,1240,997133.46,Pending
3454,2074,1701742.1,Approved
3455,2687,4888644.2,Approved
3456,1329,3385925.24,Pending
3457,4158,2813603.65,Pending
3458,3730,1272467.18,Approved
3459,2118,4038000.81,Approved
3460,108,3254286.11,Rejected
3461,4125,3253845.21,Pending
3462,2165,4661414.7,Approved
3463,1038,3560975.13,Pending
3464,3852,2098750.72,Pending
3465,3781,4790443.84,Approved
3466,4837,4281321.21,Rejected
3467,1394,2871618.17,Pending
3468,4633,1885911.3,Approved
3469,1950,1661765.11,Approved
3470,3894,1441898.44,Pending
3471,3459,1790153.98,Approved
3472,1087,543244.38,Rejected
3473,307,3649149.36,Pending
3474,4173,4953732.59,Rejected
3475,1814,4021440.47,Approved
3476,4578,4387338.62,Approved
3477,2396,298457.94,Approved
3478,687,1871319.76,Approved
3479,1908,4338764.73,Rejected
3480,4106,1147448.49,Pending
3481,3475,777167.6,Approved
3482,780,3626237.33,Rejected
3483,2618,1659941.23,Rejected
3484,3448,4413818.46,Pending
3485,2276,280556.28,Rejected
3486,2464,3637625.03,Pending
3487,1985,1866651.24,Approved
3488,3546,881216.26,Rejected
3489,490,1906395.96,Rejected
3490,19,4787096.43,Approved
3491,2436,656289.74,Pending
3492,4469,2509124.79,Pending
3493,2908,772259.96,Rejected
3494,4318,2152693.74,Pending
3495,2421,4181061.09,Pending
3496,1467,3985845.96,Pending
3497,1877,1064439.89,Rejected
3498,2065,1096614.43,Rejected
3499,32,4195439.67,Rejected
3500,1308,4092440.72,Approved
3501,2422,3840955.4,Rejected
3502,3424,2934882.42,Rejected
3503,4471,4303987.63,Pending
3504,3718,2011717.56,Rejected
3505,899,1822864.21,Pending
3506,4446,3573716.4,Pending
3507,1043,780110.91,Rejected
3508,4271,2830572.88,Approved
3509,3886,2820355.74,Pending
3510,724,1660305.12,Rejected
3511,1923,3538844.39,Rejected
3512,2248,531846.37,Approved
3513,82,3704814.14,Rejected
3514,4722,1181313.94,Rejected
3515,3419,2029413.37,Pending
3516,3837,3101487.09,Rejected
3517,711,1129064.66,Pending
3518,3474,4818823.02,Pending
3519,4203,4392419.17,Pending
3520,237,57645.44,Approved
3521,873,3661439.96,Approved
3522,2013,3754439.68,Approved
3523,1889,2149732.65,Rejected
3524,4257,1331931.44,Rejected
3525,481,783562.96,Pending
3526,1102,789159.52,Pending
3527,3073,3819911.78,Pending
3528,3173,1526711.83,Approved
3529,4952,57159.14,Approved
3530,4474,1802144.86,Pending
3531,1663,4403332.31,Rejected
3532,809,2880737.59,Approved
3533,2931,3945489.54,Pending
3534,609,4111910.08,Approved
3535,3349,3976090.0,Approved
3536,1297,3519027.69,Rejected
3537,4608,3853883.22,Rejected
3538,3120,4871319.53,Rejected
3539,735,3954397.02,Rejected
3540,4917,4544768.43,Approved
3541,765,2859565.41,Pending
3542,325,4305872.3,Approved
3543,733,2688502.42,Approved
3544,2268,2322368.85,Pending
3545,3486,4965428.15,Pending
3546,1461,707467.89,Rejected
3547,2772,4478763.13,Pending
3548,4172,1310807.35,Approved
3549,56,2019524.75,Rejected
3550,376,2766799.25,Approved
3551,1562,1349181.93,Approved
3552,790,497727.96,Rejected
3553,4327,4275619.73,Approved
3554,1471,878912.02,Approved
3555,2908,686753.95,Pending
3556,1180,1706760.99,Pending
3557,3744,118019.51,Rejected
3558,1400,213129.76,Rejected
3559,3749,4108890.4,Pending
3560,1863,1515576.55,Approved
3561,3038,918743.03,Approved
3562,2598,2774669.12,Rejected
3563,1469,2504293.17,Rejected
3564,1926,410571.41,Rejected
3565,4279,2926698.46,Rejected
3566,4157,297144.44,Pending
3567,4027,2143470.47,Pending
3568,3398,1609922.74,Pending
3569,306,3532495.49,Approved
3570,1942,4067313.0,Approved
3571,2395,4218690.06,Pending
3572,3760,1076759.27,Approved
3573,250,3680482.75,Approved
3574,436,2365720.53,Approved
3575,123,1290642.02,Rejected
3576,3042,4815508.22,Rejected
3577,2430,4503807.85,Pending
3578,1300,608953.31,Pending
3579,1920,414723.84,Pending
3580,3295,149662.8,Approved
3581,486,2518826.25,Rejected
3582,3710,4571996.12,Pending
3583,4,4748516.23,Approved
3584,2367,4581142.87,Rejected
3585,179,3019752.13,Pending
3586,3795,643749.93,Pending
3587,585,4601755.47,Pending
3588,645,3734994.73,Rejected
3589,4532,3942997.85,Approved
3590,2814,2863856.74,Approved
3591,4394,2117453.89,Rejected
3592,4864,2162424.92,Rejected
3593,1454,3007025.9,Rejected
3594,2525,500167.3,Approved
3595,1261,4638785.92,Rejected
3596,3042,2676727.54,Rejected
3597,4532,2848697.0,Rejected
3598,848,1069706.18,Pending
3599,2583,4119567.74,Rejected
3600,3013,4182858.44,Pending
3601,3917,1534453.17,Pending
3602,3008,2131372.19,Pending
3603,82,3116552.18,Pending
3604,294,4517831.53,Approved
3605,4858,2014809.87,Rejected
3606,4865,1444040.0,Approved
3607,134,939906.64,Pending
3608,4303,2066560.99,Approved
3609,4424,4488406.27,Pending
3610,1161,2181719.87,Pending
3611,3604,4929455.5,Pending
3612,2759,478290.49,Pending
3613,3907,4664426.06,Pending
3614,779,2269891.78,Rejected
3615,1693,1577165.59,Approved
3616,3157,1831062.09,Rejected
3617,3046,827891.71,Approved
3618,4721,4858987.48,Rejected
3619,345,3147177.74,Pending
3620,3420,3907749.57,Rejected
3621,4887,860103.34,Rejected
3622,892,3983545.09,Approved
3623,884,3771012.21,Rejected
3624,2694,1463647.3,Approved
3625,2176,3889231.49,Pending
3626,3789,1185866.45,Approved
3627,936,1167468.13,Rejected
3628,629,3290058.55,Rejected
3629,3898,2584695.28,Pending
3630,1707,4403340.73,Pending
3631,2502,917136.88,Approved
3632,4524,455064.11,Rejected
3633,2140,3527812.0,Rejected
3634,4683,4357902.47,Rejected
3635,3622,878843.74,Rejected
3636,1068,2927096.1,Rejected
3637,341,4729706.1,Rejected
3638,1167,3698981.67,Pending
3639,23,1775354.27,Rejected
3640,2934,2305348.35,Approved
3641,4747,2697493.46,Pending
3642,1046,4232388.7,Rejected
3643,1808,4998159.57,Pending
3644,3446,3134740.77,Pending
3645,2561,3604027.78,Rejected
3646,3918,3383977.73,Pending
3647,3775,4060030.84,Pending
3648,1398,2112784.4,Pending
3649,2043,2416593.13,Pending
3650,517,1330316.55,Approved
3651,4182,1500990.83,Pending
3652,4831,605639.25,Rejected
3653,1456,4106817.3,Rejected
3654,3450,4806568.83,Approved
3655,46,2042464.17,Rejected
3656,1923,4180782.01,Pending
3657,1341,4556051.07,Pending
3658,2827,358731.32,Approved
3659,2604,2551074.93,Rejected
3660,4067,529155.29,Pending
3661,793,2969866.63,Approved
3662,2652,1168226.71,Approved
3663,4123,3833023.21,Approved
3664,4889,4123512.64,Pending
3665,598,2868777.25,Approved
3666,1014,2751970.36,Rejected
3667,1983,1266106.35,Rejected
3668,1123,3861692.45,Pending
3669,4024,4968774.73,Rejected
3670,3020,600025.61,Pending
3671,1592,2299087.32,Approved
3672,2867,1863274.34,Approved
3673,611,1599451.95,Rejected
3674,4035,3630245.88,Approved
3675,1957,4148314.13,Rejected
3676,4560,4547943.9,Pending
3677,1213,4023912.82,Pending
3678,2756,2975265.28,Rejected
3679,1323,806568.29,Pending
3680,3313,1143548.52,Pending
3681,4551,797500.89,Approved
3682,2452,3658720.12,Approved
3683,3437,1255932.95,Pending
3684,3753,651607.24,Rejected
3685,1217,1978666.44,Rejected
3686,513,4377208.65,Pending
3687,2433,2460522.33,Rejected
3688,2484,3541652.82,Pending
3689,4962,138567.94,Pending
3690,3986,720961.31,Rejected
3691,2149,3036765.96,Approved
3692,4295,2366894.47,Approved
3693,1095,794881.35,Rejected
3694,745,2594099.38,Pending
3695,786,3143591.62,Rejected
3696,1281,2035568.87,Pending
3697,1866,974223.47,Approved
3698,4564,2538188.38,Approved
3699,4871,2048711.4,Rejected
3700,2142,3680345.29,Pending
3701,519,3103975.74,Approved
3702,947,4042701.96,Pending
3703,3639,4761237.32,Rejected
3704,2454,440858.2,Rejected
3705,2837,1025983.59,Rejected
3706,3451,283804.96,Approved
3707,458,2332650.42,Approved
3708,157,543239.67,Pending
3709,948,4136745.49,Rejected
3710,3363,1603603.26,Pending
3711,751,3316500.89,Rejected
3712,2584,810167.84,Pending
3713,458,3624977.77,Pending
3714,3176,1439750.24,Pending
3715,815,1738982.75,Approved
3716,3413,735493.13,Approved
3717,1844,245233.9,Approved
3718,2546,422615.52,Approved
3719,356,3435387.23,Rejected
3720,729,2560305.74,Rejected
3721,3621,266113.43,Rejected
3722,3300,1874696.32,Rejected
3723,89,1701628.01,Approved
3724,286,4324922.08,Rejected
3725,845,3250772.55,Approved
3726,1184,3521160.49,Rejected
3727,2878,4362792.91,Approved
3728,4866,1613344.28,Pending
3729,2942,4191429.99,Pending
3730,1266,1291991.58,Pending
3731,928,2101390.96,Pending
3732,748,2620938.13,Pending
3733,2218,267046.71,Rejected
3734,3123,4421632.39,Pending
3735,3793,2032142.12,Approved
3736,3953,3171709.76,Pending
3737,3781,3861119.57,Pending
3738,1297,2341998.82,Rejected
3739,2095,2863805.34,Pending
3740,1172,4585442.37,Pending
3741,816,2460680.2,Pending
3742,481,4065651.25,Rejected
3743,1578,1069824.0,Pending
3744,4379,2925324.22,Pending
3745,4403,2913365.36,Rejected
3746,1735,2937800.42,Approved
3747,568,2976037.79,Pending
3748,1056,251832.84,Rejected
3749,2962,395240.24,Pending
3750,1920,1758897.0,Approved
3751,332,1090758.58,Rejected
3752,1220,3835767.78,Approved
3753,4837,4113693.08,Rejected
3754,1622,4565533.82,Pending
3755,4193,4969344.1,Rejected
3756,1190,293130.69,Rejected
3757,873,3410723.27,Pending
3758,1907,3755906.72,Approved
3759,527,2042790.34,Pending
3760,4568,1447500.37,Rejected
3761,921,4067532.3,Pending
3762,4280,128287.92,Pending
3763,884,271175.24,Approved
3764,2351,3688336.96,Rejected
3765,3982,807372.43,Rejected
3766,4864,2155529.29,Pending
3767,2721,3171622.32,Approved
3768,4845,4051187.85,Pending
3769,1025,508324.26,Approved
3770,4128,1940821.23,Approved
3771,4469,762181.07,Pending
3772,673,3728948.61,Approved
3773,3145,1013510.52,Approved
3774,1594,4043582.13,Rejected
3775,1437,3463145.09,Rejected
3776,1578,2233198.01,Rejected
3777,4495,1440537.51,Approved
3778,1548,1178641.29,Approved
3779,4085,895996.57,Approved
3780,3799,1285950.08,Rejected
3781,1454,3880208.87,Pending
3782,852,2541949.77,Rejected
3783,2993,1198139.7,Approved
3784,4406,541178.29,Approved
3785,2384,1713228.24,Pending
3786,479,2117076.06,Rejected
3787,102,3868264.72,Approved
3788,2203,1543325.84,Rejected
3789,1600,2595537.93,Rejected
3790,260,4145281.19,Pending
3791,1083,3024878.4,Rejected
3792,4409,3746980.82,Rejected
3793,1240,2448177.27,Pending
3794,1237,1693516.11,Approved
3795,4520,3441148.67,Pending
3796,3182,1744274.97,Rejected
3797,193,1781616.65,Rejected
3798,2591,3380896.84,Rejected
3799,4042,1562351.51,Approved
3800,1138,1940937.18,Pending
3801,1791,4801926.12,Approved
3802,1460,1610483.04,Approved
3803,3371,3227855.14,Pending
3804,4219,4005459.55,Approved
3805,3194,1156305.37,Approved
3806,2996,3271002.18,Approved
3807,3581,2673750.7,Rejected
3808,3466,3004798.22,Rejected
3809,139,3912095.55,Approved
3810,419,534628.03,Pending
3811,4648,498032.97,Approved
3812,3087,1367036.97,Pending
3813,3752,2433426.21,Rejected
3814,3322,2637981.42,Approved
3815,2425,395235.0,Approved
3816,3077,3128187.42,Rejected
3817,1567,3445123.65,Pending
3818,1477,4097860.07,Approved
3819,4654,2458143.76,Approved
3820,981,370731.23,Rejected
3821,4416,4473580.11,Approved
3822,1671,3899260.46,Approved
3823,2431,4678741.08,Rejected
3824,702,4408764.31,Approved
3825,578,4264002.31,Approved
3826,1119,3563392.36,Pending
3827,1274,1858641.2,Approved
3828,1911,1010921.72,Approved
3829,1026,2119168.79,Pending
3830,616,3010606.47,Pending
3831,1471,1320688.44,Pending
3832,1625,2928548.89,Pending
3833,4669,4861434.5,Rejected
3834,2047,1026325.15,Rejected
3835,43,270639.14,Approved
3836,1324,1526373.54,Approved
3837,2666,4016156.65,Approved
3838,3256,2005686.31,Pending
3839,4266,4083695.85,Rejected
3840,3119,3246979.2,Pending
3841,1902,81970.5,Approved
3842,4069,2616295.95,Pending
3843,2707,3885491.18,Pending
3844,1659,1513705.88,Rejected
3845,3370,3391777.65,Approved
3846,29,2028697.63,Pending
3847,4588,2119112.68,Rejected
3848,3178,4303161.6,Pending
3849,2492,1147559.64,Approved
3850,4247,1070505.01,Approved
3851,1218,957200.74,Approved
3852,53,250009.54,Pending
3853,3063,4082267.71,Pending
3854,696,629344.57,Rejected
3855,4145,3240147.47,Approved
3856,3913,673186.16,Rejected
3857,3118,3708824.71,Approved
3858,3719,4509626.58,Approved
3859,221,2773268.82,Approved
3860,4905,1875989.36,Rejected
3861,1984,1596587.76,Pending
3862,3460,2528212.64,Rejected
3863,3883,1096906.69,Rejected
3864,2465,4114314.05,Approved
3865,1657,243576.29,Rejected
3866,211,3895643.54,Approved
3867,510,3527912.74,Pending
3868,3391,4812767.39,Pending
3869,1610,4681070.53,Approved
3870,4399,289874.31,Approved
3871,1529,104375.23,Rejected
3872,2649,3401026.86,Approved
3873,1115,1851455.1,Approved
3874,3142,1029919.75,Rejected
3875,3826,3687947.17,Pending
3876,1777,4131699.03,Rejected
3877,864,2234882.02,Pending
3878,856,1853126.4,Rejected
3879,166,4896627.91,Rejected
3880,3377,1314822.12,Approved
3881,923,3861486.28,Approved
3882,948,3185971.49,Pending
3883,348,2308955.49,Pending
3884,3857,4188943.44,Rejected
3885,4997,2345726.15,Pending
3886,567,251111.92,Approved
3887,4844,430048.47,Pending
3888,2556,1415146.04,Pending
3889,172,4525840.72,Pending
3890,4256,4497476.25,Approved
3891,3758,4549932.3,Rejected
3892,2722,549668.22,Approved
3893,691,1070701.55,Pending
3894,4185,588304.23,Pending
3895,1233,2750342.21,Pending
3896,2935,3308711.44,Pending
3897,1529,3407513.63,Pending
3898,4579,963890.38,Pending
3899,1891,1538811.47,Pending
3900,716,592867.54,Rejected
3901,268,4069776.66,Pending
3902,1368,2656119.41,Pending
3903,2695,4520194.83,Rejected
3904,4043,219154.78,Approved
3905,2134,1190264.47,Approved
3906,1132,1633687.16,Pending
3907,4098,619706.54,Pending
3908,1944,2556391.93,Rejected
3909,2496,1704779.23,Approved
3910,2942,2797063.58,Approved
3911,361,378637.99,Pending
3912,754,3315690.13,Rejected
3913,146,2882969.26,Rejected
3914,1227,604552.39,Rejected
3915,4267,3447130.92,Pending
3916,4304,3854950.46,Pending
3917,2879,95872.71,Pending
3918,3859,4763361.95,Approved
3919,4581,3672729.25,Pending
3920,954,1439537.25,Approved
3921,3625,4461543.76,Rejected
3922,3449,3682891.55,Pending
3923,245,2096193.28,Pending
3924,3656,3711267.14,Approved
3925,1906,2592159.47,Rejected
3926,4780,2828133.4,Approved
3927,1341,1336450.94,Rejected
3928,3351,4029616.13,Rejected
3929,4918,799618.22,Pending
3930,4194,1222143.66,Pending
3931,3719,1958240.88,Pending
3932,168,1892338.04,Approved
3933,1827,390908.94,Rejected
3934,3978,581821.47,Approved
3935,495,1004943.04,Rejected
3936,1433,1947871.74,Rejected
3937,1579,3784004.66,Pending
3938,1995,3552649.11,Approved
3939,3535,1286262.43,Approved
3940,4148,3665304.13,Pending
3941,1835,2383736.67,Pending
3942,1082,3340406.85,Approved
3943,2481,4404730.7,Approved
3944,2599,4517011.75,Pending
3945,214,2747813.01,Pending
3946,4718,3124999.76,Approved
3947,2432,4004266.05,Rejected
3948,2648,4245930.94,Rejected
3949,3545,1355148.61,Rejected
3950,1110,4736030.63,Approved
3951,1918,826319.59,Rejected
3952,4067,3804860.35,Approved
3953,2170,1832113.73,Pending
3954,1288,845118.74,Pending
3955,4081,1992222.12,Rejected
3956,2975,690297.89,Pending
3957,3932,4470671.88,Approved
3958,2501,3164102.23,Rejected
3959,4933,118169.09,Rejected
3960,505,1159180.73,Approved
3961,995,2183122.73,Rejected
3962,3288,2836920.57,Pending
3963,1478,1320067.17,Approved
3964,2374,1929563.33,Pending
3965,1990,4724056.6,Rejected
3966,1982,2442854.89,Approved
3967,2367,2084209.96,Approved
3968,4394,3996414.18,Pending
3969,4387,3871884.4,Pending
3970,91,1343609.12,Approved
3971,4192,644854.04,Pending
3972,4047,124899.56,Pending
3973,3677,2518770.23,Pending
3974,1258,57987.95,Rejected
3975,3805,745865.37,Rejected
3976,1208,4314062.22,Approved
3977,2677,2452430.78,Pending
3978,365,1602894.8,Rejected
3979,1327,1090633.97,Approved
3980,554,3545020.81,Rejected
3981,2363,668626.05,Rejected
3982,4198,2193214.24,Approved
3983,3673,87087.83,Rejected
3984,2074,72318.25,Pending
3985,283,1874946.39,Rejected
3986,4048,1511230.4,Approved
3987,2583,2657124.78,Approved
3988,30,2360342.98,Pending
3989,1957,2796078.0,Rejected
3990,915,4283506.63,Pending
3991,237,965706.96,Approved
3992,3865,3966389.94,Pending
3993,3624,2399331.52,Rejected
3994,4130,4405923.96,Rejected
3995,4304,538624.2,Rejected
3996,3036,3669183.0,Pending
3997,904,4378089.34,Rejected
3998,602,556952.03,Pending
3999,2413,253598.15,Rejected
4000,4187,2482267.25,Approved
4001,4733,2658715.65,Pending
4002,911,4449521.83,Rejected
4003,644,371378.27,Rejected
4004,4757,4446958.14,Approved
4005,2674,2526921.73,Rejected
4006,4224,243318.92,Rejected
4007,3329,2837387.63,Rejected
4008,433,1704044.95,Rejected
4009,2230,4906753.43,Pending
4010,1026,859681.89,Pending
4011,3297,3718719.94,Rejected
4012,3593,3548504.58,Pending
4013,773,605500.44,Rejected
4014,2364,2916550.05,Pending
4015,4304,2890421.36,Rejected
4016,3223,1863380.98,Pending
4017,3997,4666392.07,Approved
4018,4164,1857841.92,Approved
4019,4920,1237798.8,Rejected
4020,2001,1103426.62,Approved
4021,423,3130816.03,Pending
4022,2764,319883.62,Rejected
4023,452,3388659.89,Approved
4024,3119,3640414.38,Pending
4025,4964,3667512.03,Pending
4026,3819,316853.37,Rejected
4027,3725,2166769.49,Pending
4028,1058,4464911.92,Pending
4029,4611,1924028.96,Approved
4030,364,4073783.62,Rejected
4031,2614,3222612.64,Rejected
4032,581,4529374.13,Approved
4033,2426,4425420.15,Approved
4034,1995,3539111.01,Rejected
4035,2525,2185842.05,Approved
4036,2971,4982276.12,Pending
4037,4579,3267652.11,Rejected
4038,3480,3837400.44,Approved
4039,1764,1814764.29,Approved
4040,990,1943772.84,Approved
4041,3112,1265092.5,Rejected
4042,1767,1638540.11,Pending
4043,4340,928828.5,Pending
4044,4022,4707624.8,Pending
4045,4374,3967805.35,Rejected
4046,4098,4578542.07,Approved
4047,2737,4804409.18,Approved
4048,4583,3132661.85,Pending
4049,4943,3345300.84,Pending
4050,4069,4761611.59,Approved
4051,1842,4138419.99,Approved
4052,721,3714188.95,Approved
4053,222,4315989.43,Pending
4054,1480,2187499.55,Rejected
4055,2757,4073332.06,Rejected
4056,4817,765373.55,Approved
4057,2166,1585400.35,Rejected
4058,2044,4591855.43,Rejected
4059,249,2522067.35,Pending
4060,3630,98966.55,Pending
4061,1617,4110346.99,Pending
4062,3838,4680202.57,Approved
4063,3796,4182909.82,Pending
4064,1184,396368.83,Pending
4065,4001,3338031.39,Approved
4066,2345,2810599.43,Pending
4067,3463,3129374.54,Approved
4068,4675,3969323.95,Rejected
4069,3730,4712646.12,Pending
4070,193,4071533.65,Approved
4071,4593,2449315.6,Approved
4072,2416,2593336.65,Pending
4073,3987,3039320.37,Pending
4074,4259,859953.48,Pending
4075,4529,834415.05,Rejected
4076,515,536507.99,Pending
4077,1226,764464.12,Pending
4078,4731,3297821.6,Approved
4079,2305,4079151.75,Pending
4080,1393,2999878.49,Rejected
4081,4734,4929083.73,Rejected
4082,2463,1461519.91,Approved
4083,3889,3233294.02,Pending
4084,2833,2013799.29,Approved
4085,1338,806481.37,Approved
4086,4398,2142756.76,Approved
4087,3253,632236.95,Rejected
4088,1024,1246118.11,Pending
4089,3116,709461.57,Approved
4090,2111,257007.94,Rejected
4091,1089,241595.96,Approved
4092,3848,1996535.48,Rejected
4093,4593,781298.91,Rejected
4094,3290,1419236.52,Approved
4095,224,4902350.29,Rejected
4096,1152,746770.83,Pending
4097,3071,4818516.44,Approved
4098,3749,2901031.31,Pending
4099,4684,4553420.0,Rejected
4100,1621,2983992.81,Approved
4101,3161,104788.7,Pending
4102,3919,3429858.84,Rejected
4103,785,1259668.91,Approved
4104,4607,3054547.58,Pending
4105,3877,3022410.93,Pending
4106,396,1653182.82,Pending
4107,3682,4735115.48,Approved
4108,4374,4616078.56,Pending
4109,471,1644604.04,Approved
4110,3763,3133570.61,Rejected
4111,690,3792648.97,Rejected
4112,4989,4440720.69,Rejected
4113,828,1213058.64,Rejected
4114,46,2918547.12,Approved
4115,3855,2419775.26,Pending
4116,3014,4996311.58,Approved
4117,1183,453657.6,Approved
4118,1245,4456525.08,Approved
4119,2715,2061718.0,Pending
4120,4374,3617504.49,Rejected
4121,1457,2827453.47,Rejected
4122,3640,160962.93,Pending
4123,4920,2495444.37,Rejected
4124,1536,4694049.4,Pending
4125,4268,3463015.69,Rejected
4126,1567,3250601.98,Pending
4127,3004,3951580.59,Pending
4128,717,3053911.85,Rejected
4129,797,1688872.85,Pending
4130,4068,456150.02,Rejected
4131,2283,2826177.29,Approved
4132,539,3329508.72,Rejected
4133,3877,2660515.46,Pending
4134,4960,3213376.44,Approved
4135,435,4813215.19,Rejected
4136,4670,3215631.41,Pending
4137,64,2614313.96,Approved
4138,3047,2790287.54,Pending
4139,1240,671067.44,Rejected
4140,1178,350651.91,Approved
4141,298,2046241.77,Pending
4142,4932,1509537.31,Pending
4143,1027,4447770.47,Rejected
4144,2921,2375040.28,Approved
4145,1140,711647.3,Rejected
4146,286,2616898.74,Rejected
4147,2761,1395907.14,Approved
4148,3325,1829438.01,Rejected
4149,4937,4306718.3,Pending
4150,985,1005471.54,Pending
4151,4527,1889711.25,Approved
4152,706,2695862.38,Rejected
4153,2340,4125501.81,Approved
4154,1437,3082252.27,Rejected
4155,4084,2978868.8,Pending
4156,4051,4679624.87,Pending
4157,4188,1423527.94,Pending
4158,4105,2933430.89,Pending
4159,1705,2626785.26,Rejected
4160,2977,3717052.26,Pending
4161,4130,3097548.64,Rejected
4162,3887,929945.82,Pending
4163,834,4152889.14,Pending
4164,1298,3606945.81,Rejected
4165,4617,4051882.7,Approved
4166,2420,943668.94,Pending
4167,3475,4654398.17,Rejected
4168,323,3857675.25,Approved
4169,4156,2006132.58,Approved
4170,4587,2742347.41,Rejected
4171,2483,2215595.81,Approved
4172,4388,3688487.3,Approved
4173,3444,2001147.91,Pending
4174,2165,806299.93,Pending
4175,4598,4124481.07,Rejected
4176,3747,2771910.4,Pending
4177,4243,341275.18,Approved
4178,1642,3655869.19,Pending
4179,3880,1809889.69,Approved
4180,169,1590300.17,Pending
4181,4034,980185.6,Pending
4182,2767,2521867.67,Pending
4183,2755,2920748.44,Rejected
4184,4228,3532366.69,Approved
4185,3809,3742847.29,Pending
4186,2893,4508959.35,Rejected
4187,4343,271436.21,Approved
4188,3627,94415.68,Rejected
4189,2317,3783535.06,Approved
4190,3924,975369.01,Rejected
4191,554,3810294.15,Rejected
4192,4236,3707165.18,Pending
4193,2316,2945283.53,Pending
4194,1677,392675.32,Approved
4195,4338,4311518.6,Pending
4196,1488,845175.29,Rejected
4197,1137,3497505.66,Rejected
4198,1170,4614991.72,Rejected
4199,2614,4835653.05,Approved
4200,3339,3501164.78,Approved
4201,2600,2839906.92,Approved
4202,534,1284456.73,Rejected
4203,2536,3971144.35,Pending
4204,971,1995365.28,Rejected
4205,3020,181270.71,Approved
4206,4752,4137540.53,Approved
4207,3875,549327.08,Rejected
4208,514,1105427.47,Rejected
4209,2042,4147805.42,Rejected
4210,4535,511267.47,Approved
4211,81,2233682.89,Pending
4212,1127,4691121.1,Approved
4213,50,1698522.52,Approved
4214,1147,738889.88,Approved
4215,2976,524498.89,Pending
4216,364,4238125.86,Approved
4217,1632,1150014.83,Pending
4218,13,2485178.33,Pending
4219,2809,758260.01,Rejected
4220,283,955210.72,Rejected
4221,748,886721.29,Rejected
4222,3569,3781431.38,Approved
4223,2297,486070.8,Approved
4224,785,1211434.13,Pending
4225,2719,717189.89,Rejected
4226,2124,4400615.38,Approved
4227,4612,1012205.78,Approved
4228,4514,3488661.33,Pending
4229,4855,4274090.77,Rejected
4230,3561,2642171.48,Rejected
4231,3761,2778629.26,Approved
4232,178,669305.31,Rejected
4233,1760,1205849.11,Rejected
4234,3023,613747.71,Pending
4235,2679,2932522.57,Rejected
4236,3622,847479.28,Rejected
4237,241,2927816.67,Pending
4238,2234,2584237.83,Rejected
4239,1203,992605.2,Pending
4240,879,3338755.68,Approved
4241,1644,4767230.18,Rejected
4242,2819,4504669.91,Rejected
4243,1419,2357084.82,Approved
4244,2437,2372679.87,Pending
4245,2929,1002781.04,Rejected
4246,2743,2550029.23,Rejected
4247,518,4354760.56,Pending
4248,4010,3463557.83,Rejected
4249,4477,1409843.07,Pending
4250,3537,1249668.05,Pending
4251,1065,3484262.6,Rejected
4252,2640,4484325.22,Approved
4253,1081,2362830.62,Rejected
4254,3156,1084900.97,Rejected
4255,1344,1538271.58,Approved
4256,3237,2200609.36,Approved
4257,3242,948459.61,Pending
4258,183,3881782.73,Approved
4259,1404,3839439.2,Approved
4260,2100,828482.54,Approved
4261,1394,3184817.13,Approved
4262,463,1636350.25,Pending
4263,4917,4187522.66,Rejected
4264,4364,1807637.79,Rejected
4265,4114,4895805.24,Pending
4266,1398,4760491.26,Rejected
4267,937,3658519.05,Approved
4268,2084,4496088.36,Approved
4269,1305,2158853.98,Rejected
4270,3274,1033511.03,Approved
4271,4376,3858562.11,Approved
4272,4914,2865382.71,Pending
4273,3959,3991116.39,Rejected
4274,4502,2013217.84,Rejected
4275,273,4421988.62,Pending
4276,2079,1859584.45,Rejected
4277,4619,4451466.4,Rejected
4278,4367,4201945.49,Approved
4279,4321,87210.55,Rejected
4280,1230,4079835.18,Rejected
4281,946,3446385.5,Approved
4282,845,3576487.32,Rejected
4283,2087,479544.3,Pending
4284,3334,412804.44,Pending
4285,1571,2057008.07,Approved
4286,1075,3634826.39,Pending
4287,1196,3841720.07,Approved
4288,3560,2543311.06,Approved
4289,1553,2267015.95,Approved
4290,25,913192.22,Pending
4291,2672,3790443.52,Approved
4292,2544,3307715.56,Pending
4293,4447,1962471.31,Rejected
4294,1776,1666985.6,Pending
4295,4015,492988.18,Rejected
4296,1569,2103459.69,Rejected
4297,4527,4152911.07,Rejected
4298,155,1749564.96,Approved
4299,2098,4980851.49,Rejected
4300,1675,3126741.59,Rejected
4301,2178,3197936.11,Pending
4302,1378,4060819.18,Pending
4303,2117,596378.1,Rejected
4304,3167,4811037.22,Pending
4305,2061,374024.03,Approved
4306,3163,997948.4,Rejected
4307,3814,4143097.69,Pending
4308,3894,4184757.93,Rejected
4309,2962,4845270.05,Approved
4310,3726,154538.95,Pending
4311,2652,2013744.8,Rejected
4312,1558,2328831.84,Approved
4313,4869,2315669.47,Approved
4314,2274,4782327.3,Rejected
4315,4277,3679292.36,Rejected
4316,775,916746.49,Pending
4317,229,682445.86,Rejected
4318,2017,4246729.23,Pending
4319,2627,4911161.84,Pending
4320,1181,398234.72,Rejected
4321,3777,60660.35,Pending
4322,2803,3871426.59,Pending
4323,1056,4004959.01,Rejected
4324,3102,3635903.26,Pending
4325,2723,1520874.25,Approved
4326,4489,1271085.27,Approved
4327,473,169800.21,Pending
4328,481,1857897.55,Pending
4329,2001,332288.23,Approved
4330,1881,3416393.2,Pending
4331,1843,3988933.45,Approved
4332,2114,4104341.14,Approved
4333,1409,506432.37,Approved
4334,2240,3815733.59,Rejected
4335,4282,3177483.9,Rejected
4336,3138,3538672.39,Approved
4337,1727,2689749.64,Pending
4338,2736,78514.18,Approved
4339,3685,4849073.45,Pending
4340,3818,4813364.11,Pending
4341,105,1543378.68,Pending
4342,625,2815097.48,Approved
4343,4579,3998713.15,Approved
4344,817,772878.69,Pending
4345,3120,3361431.93,Approved
4346,2910,2011953.5,Approved
4347,4552,1574688.55,Pending
4348,138,3192706.88,Approved
4349,2045,1696203.3,Pending
4350,3612,3218962.18,Rejected
4351,1336,2655089.15,Rejected
4352,3631,3250759.46,Rejected
4353,1399,127941.42,Rejected
4354,1729,1312637.77,Approved
4355,1736,4706157.66,Approved
4356,1863,4542079.98,Rejected
4357,3308,4199464.8,Pending
4358,3789,2456538.63,Rejected
4359,3043,4440764.25,Rejected
4360,4150,1205771.47,Approved
4361,3665,2614901.76,Rejected
4362,190,2245630.91,Pending
4363,4463,231531.64,Pending
4364,3846,751032.28,Rejected
4365,4424,3378751.09,Rejected
4366,3381,1945534.32,Approved
4367,1127,1902965.38,Approved
4368,2924,3726147.68,Pending
4369,3703,2454782.22,Rejected
4370,3184,2060154.28,Pending
4371,4418,4581819.7,Rejected
4372,1696,822821.27,Approved
4373,1740,1928062.72,Pending
4374,2451,1526611.13,Approved
4375,3451,473397.15,Pending
4376,2047,1214753.84,Approved
4377,2206,1884484.79,Pending
4378,93,3226164.52,Approved
4379,3529,2144667.89,Approved
4380,3200,2241740.81,Pending
4381,1795,3530868.64,Pending
4382,1428,3424716.37,Approved
4383,3668,1127481.66,Rejected
4384,1602,2713328.9,Approved
4385,4704,223068.01,Approved
4386,3993,319750.87,Pending
4387,734,1935737.39,Rejected
4388,2791,850941.05,Rejected
4389,497,3102365.84,Approved
4390,2525,2593470.58,Pending
4391,2722,2074267.64,Approved
4392,1350,571605.17,Approved
4393,3459,1217417.58,Rejected
4394,627,159090.82,Rejected
4395,4635,2551187.19,Approved
4396,4139,1227238.53,Approved
4397,3800,1705583.11,Pending
4398,1393,2259063.04,Pending
4399,296,564201.22,Pending
4400,2770,262545.78,Pending
4401,119,4909773.49,Pending
4402,3727,3107432.2,Approved
4403,348,734715.86,Approved
4404,2700,1564176.84,Pending
4405,3246,3764976.0,Approved
4406,4002,2188174.01,Rejected
4407,2327,70106.48,Rejected
4408,3277,192170.03,Approved
4409,3451,2401552.6,Pending
4410,505,1739555.94,Pending
4411,3629,4697302.74,Pending
4412,2635,3921873.74,Rejected
4413,3791,1009870.03,Pending
4414,4226,4151539.94,Pending
4415,4993,4524515.38,Pending
4416,1909,3210442.86,Approved
4417,3129,1218397.37,Approved
4418,1936,3358579.6,Pending
4419,1852,1737377.24,Approved
4420,324,889060.41,Approved
4421,481,1083617.07,Approved
4422,1652,3114909.58,Rejected
4423,2809,98294.89,Pending
4424,651,2011650.27,Rejected
4425,1378,729045.52,Pending
4426,1828,433805.82,Approved
4427,3648,2240930.16,Pending
4428,4639,4990522.05,Rejected
4429,1997,2539093.9,Rejected
4430,610,1626852.15,Rejected
4431,4996,4132985.26,Pending
4432,3024,1115716.84,Approved
4433,2354,1545931.09,Rejected
4434,328,4418911.22,Approved
4435,2620,3317139.55,Approved
4436,545,4611456.91,Pending
4437,4598,4401209.5,Pending
4438,3013,4625737.13,Approved
4439,3761,664530.65,Pending
4440,4407,4161265.22,Rejected
4441,2218,951335.1,Approved
4442,3287,1372369.29,Approved
4443,2343,203046.18,Approved
4444,3682,3610456.01,Pending
4445,3948,2499570.23,Approved
4446,2815,3372856.45,Rejected
4447,1299,2267823.09,Pending
4448,1583,1384716.38,Rejected
4449,1430,281624.57,Approved
4450,147,1371429.3,Pending
4451,2929,490344.98,Pending
4452,419,3107667.62,Approved
4453,2763,1664471.14,Rejected
4454,401,4991480.37,Pending
4455,105,2994770.89,Pending
4456,3360,1014203.91,Rejected
4457,1590,2505278.41,Approved
4458,835,4556956.31,Rejected
4459,1232,844348.54,Approved
4460,998,604914.53,Approved
4461,1774,530609.45,Rejected
4462,872,474314.08,Rejected
4463,3131,226832.63,Pending
4464,4118,2466606.23,Rejected
4465,3235,1874395.18,Pending
4466,296,2465755.59,Pending
4467,2709,4739107.25,Pending
4468,1476,192216.82,Rejected
4469,1620,2623404.73,Pending
4470,601,3751345.37,Pending
4471,4034,2593371.9,Rejected
4472,2492,2168440.35,Approved
4473,3965,4391811.81,Approved
4474,1644,876577.84,Rejected
4475,2157,3171296.41,Approved
4476,2842,221455.68,Pending
4477,4156,1827778.05,Pending
4478,119,1424219.95,Pending
4479,2064,1241910.98,Pending
4480,746,4980187.81,Rejected
4481,1651,1309234.16,Rejected
4482,2599,2294189.84,Rejected
4483,874,2497300.33,Pending
4484,1471,4989517.73,Pending
4485,3466,2935014.77,Pending
4486,1842,1494389.69,Pending
4487,2139,4589148.28,Pending
4488,2752,657139.09,Rejected
4489,863,1538828.44,Rejected
4490,3307,2962689.96,Pending
4491,4718,3244911.02,Approved
4492,2943,2992696.6,Pending
4493,1581,4843510.09,Rejected
4494,4700,929993.03,Approved
4495,3039,4110726.85,Pending
4496,2341,4167888.32,Approved
4497,2882,616733.63,Approved
4498,4837,2600619.99,Approved
4499,3312,3250974.56,Pending
4500,1860,3464338.4,Rejected
4501,4491,1330347.23,Rejected
4502,1855,378350.14,Rejected
4503,584,3532520.22,Rejected
4504,610,3531718.63,Pending
4505,1666,4569120.47,Pending
4506,2086,4315741.06,Approved
4507,4534,4187118.2,Pending
4508,2910,1690228.82,Rejected
4509,4542,3591187.35,Rejected
4510,2759,2161026.93,Approved
4511,419,3019236.98,Rejected
4512,3314,3725997.94,Approved
4513,230,3905247.52,Approved
4514,493,4950016.41,Pending
4515,3467,644758.91,Rejected
4516,3834,2649132.58,Pending
4517,2776,4042232.79,Pending
4518,352,1686502.88,Rejected
4519,2438,4045626.72,Approved
4520,1287,4009174.87,Rejected
4521,4964,1674695.29,Pending
4522,4612,822411.6,Rejected
4523,1678,870481.31,Approved
4524,3200,2334570.58,Approved
4525,4534,3768896.72,Rejected
4526,4141,4726119.83,Rejected
4527,3083,2266976.27,Approved
4528,997,3117092.67,Pending
4529,3033,274774.44,Rejected
4530,1908,2702086.15,Pending
4531,3066,1429937.66,Pending
4532,267,1702497.96,Approved
4533,3394,3504256.0,Rejected
4534,4041,1415611.56,Approved
4535,579,324387.19,Approved
4536,3944,3788153.91,Approved
4537,3751,3339890.47,Rejected
4538,2947,2870486.92,Pending
4539,2826,2928624.18,Approved
4540,194,4377263.79,Approved
4541,1938,1762496.85,Rejected
4542,4232,3341532.36,Approved
4543,163,2199296.86,Pending
4544,2732,2764737.18,Approved
4545,2431,2097433.92,Rejected
4546,3444,2172149.39,Rejected
4547,965,1681048.23,Approved
4548,4416,2567101.38,Approved
4549,2995,1707325.19,Rejected
4550,2721,2056266.06,Rejected
4551,4057,4747295.68,Pending
4552,2005,3151100.53,Rejected
4553,3636,1505817.35,Rejected
4554,221,1180733.58,Pending
4555,1790,2908623.59,Pending
4556,875,1434673.47,Approved
4557,1527,1755313.57,Rejected
4558,4902,590472.05,Approved
4559,2644,3705468.75,Pending
4560,4604,4163967.57,Pending
4561,828,137332.73,Approved
4562,391,3964374.76,Rejected
4563,64,2600673.03,Rejected
4564,116,3608104.58,Approved
4565,1908,1339255.28,Pending
4566,866,1301968.63,Rejected
4567,1193,854643.42,Rejected
4568,3896,2852872.75,Rejected
4569,996,2641096.72,Pending
4570,391,4572022.78,Pending
4571,1435,667347.62,Pending
4572,2631,2449632.35,Rejected
4573,4047,1006459.9,Rejected
4574,303,2246006.38,Rejected
4575,2002,3587036.11,Pending
4576,2601,2193895.16,Rejected
4577,3539,453872.77,Approved
4578,4825,3936900.26,Pending
4579,4508,2554630.97,Rejected
4580,2083,1483194.05,Approved
4581,3867,3101034.7,Approved
4582,4686,4997951.04,Rejected
4583,1225,3987650.26,Rejected
4584,3148,2872848.2,Rejected
4585,797,373936.91,Pending
4586,1422,4801556.66,Approved
4587,238,3124300.81,Pending
4588,4398,4826506.53,Approved
4589,4006,4313960.01,Rejected
4590,3354,3371740.84,Approved
4591,603,2465568.73,Rejected
4592,2799,4658781.68,Approved
4593,1052,3847909.26,Approved
4594,3510,3805211.99,Rejected
4595,4287,4337282.33,Approved
4596,1126,4675619.83,Rejected
4597,4961,253267.82,Pending
4598,1778,452635.46,Pending
4599,1327,2833754.44,Rejected
4600,4215,2158895.95,Approved
4601,3162,671088.11,Pending
4602,779,1659427.63,Approved
4603,2938,1754342.36,Rejected
4604,1607,689563.48,Rejected
4605,3523,3590056.79,Pending
4606,623,2331450.35,Rejected
4607,2533,564838.52,Pending
4608,884,3903956.18,Rejected
4609,4836,3922723.18,Pending
4610,2751,1837285.27,Approved
4611,854,4464753.97,Pending
4612,4593,4806560.01,Pending
4613,3785,3491858.87,Pending
4614,4451,3529091.79,Pending
4615,329,3934868.19,Pending
4616,362,3089270.61,Rejected
4617,3820,3303860.57,Approved
4618,2497,3957099.51,Approved
4619,490,157220.51,Pending
4620,2073,888930.53,Rejected
4621,2759,2746911.62,Pending
4622,4727,1435342.52,Approved
4623,4653,3346886.05,Rejected
4624,3749,2212476.12,Rejected
4625,634,4379740.04,Pending
4626,1500,3780578.87,Pending
4627,1133,1040909.4,Approved
4628,3181,2750599.52,Pending
4629,3526,289164.08,Approved
4630,2666,2665526.64,Pending
4631,2127,2805455.14,Pending
4632,397,4860766.78,Rejected
4633,1808,3341473.98,Pending
4634,3070,3985618.43,Rejected
4635,3305,1619667.41,Approved
4636,1887,3142080.04,Rejected
4637,943,4706970.67,Pending
4638,626,4389714.52,Rejected
4639,3496,4740299.06,Approved
4640,2768,960123.84,Approved
4641,2101,464428.93,Pending
4642,2133,4353189.01,Pending
4643,54,2278244.63,Rejected
4644,852,4443875.91,Approved
4645,3187,2272282.61,Approved
4646,4748,3561269.33,Rejected
4647,1231,3893533.28,Approved
4648,146,920828.01,Pending
4649,1894,3652245.5,Pending
4650,847,1115841.14,Pending
4651,4517,2249464.87,Rejected
4652,1035,2042873.61,Approved
4653,541,1933306.5,Pending
4654,246,4895261.12,Approved
4655,3931,1859246.43,Pending
4656,3215,3517231.84,Rejected
4657,3622,3433048.11,Pending
4658,1322,390363.42,Rejected
4659,767,980092.05,Approved
4660,4948,3623385.83,Rejected
4661,536,4536595.33,Rejected
4662,3043,3498600.55,Pending
4663,434,1197555.3,Rejected
4664,2490,3015713.29,Pending
4665,3930,2808740.99,Rejected
4666,1342,3755008.22,Rejected
4667,4401,4853463.58,Approved
4668,3124,1160476.56,Approved
4669,3191,763976.11,Rejected
4670,223,2258462.57,Rejected
4671,1641,2693507.12,Rejected
4672,972,1902654.18,Approved
4673,2761,1170826.09,Approved
4674,2396,2096519.26,Pending
4675,2928,4708637.23,Rejected
4676,1792,4077281.93,Approved
4677,918,71375.66,Approved
4678,2494,3306179.6,Pending
4679,2294,373747.29,Pending
4680,3835,3868197.02,Pending
4681,1424,2546139.0,Approved
4682,1524,120402.53,Approved
4683,3560,2491574.43,Pending
4684,2081,3817168.0,Approved
4685,2586,4068650.23,Pending
4686,3300,128847.13,Approved
4687,4922,3472779.93,Pending
4688,536,2666744.57,Approved
4689,2933,2010518.1,Rejected
4690,1693,2890979.56,Pending
4691,2281,1124233.1,Approved
4692,496,3241274.95,Rejected
4693,2352,2783084.28,Pending
4694,2317,76781.91,Approved
4695,757,4441104.04,Approved
4696,2863,2926079.43,Pending
4697,2353,1216473.13,Approved
4698,1153,3980924.32,Rejected
4699,4738,1238600.32,Approved
4700,4305,1571866.73,Rejected
4701,524,2190613.42,Pending
4702,3269,1229687.36,Rejected
4703,3615,856277.78,Approved
4704,1818,456686.77,Approved
4705,3276,954446.49,Pending
4706,1867,3866071.97,Rejected
4707,1768,1188635.39,Approved
4708,2199,1284535.72,Pending
4709,4803,2103587.92,Pending
4710,4244,2441301.06,Approved
4711,614,2093503.65,Rejected
4712,4319,1263281.21,Rejected
4713,2873,1081067.28,Approved
4714,4791,1366519.84,Approved
4715,466,4052448.66,Approved
4716,2863,1481656.43,Pending
4717,3443,2846240.63,Approved
4718,444,3894071.11,Rejected
4719,2454,2363726.32,Pending
4720,405,930006.69,Approved
4721,4198,1970171.1,Pending
4722,4111,1459224.8,Approved
4723,1765,3165807.58,Rejected
4724,2671,2823818.3,Pending
4725,3366,1975475.4,Pending
4726,1898,3538257.6,Approved
4727,2333,3331647.25,Pending
4728,2368,1003054.1,Rejected
4729,4453,4004664.44,Pending
4730,2423,1399790.86,Pending
4731,4743,4294677.06,Approved
4732,313,2795134.51,Rejected
4733,1399,2421168.29,Pending
4734,545,2907497.08,Approved
4735,1817,3677195.79,Rejected
4736,513,2224339.01,Rejected
4737,2114,3485803.15,Pending
4738,2655,4316643.4,Pending
4739,4127,2718395.91,Rejected
4740,3466,462097.78,Rejected
4741,2633,1405233.73,Approved
4742,351,3382278.45,Rejected
4743,3989,3111752.38,Pending
4744,1002,765890.57,Approved
4745,1935,3156595.22,Rejected
4746,1203,660333.98,Approved
4747,3785,3417629.04,Rejected
4748,3096,1932120.82,Pending
4749,4023,2255055.1,Approved
4750,4663,649652.58,Approved
4751,3466,1812861.3,Pending
4752,3225,4707402.82,Rejected
4753,1621,4080981.01,Pending
4754,4678,2785711.1,Approved
4755,3586,2293510.72,Rejected
4756,1086,1886836.35,Approved
4757,2866,4299370.73,Approved
4758,1680,609110.91,Pending
4759,3635,3831173.62,Rejected
4760,375,442128.48,Pending
4761,572,1732614.22,Rejected
4762,3533,111603.8,Pending
4763,4911,3347133.99,Pending
4764,3425,2496782.01,Approved
4765,1541,4667687.3,Approved
4766,2098,478134.2,Approved
4767,1522,3729516.17,Pending
4768,1874,1973749.47,Rejected
4769,670,230010.9,Rejected
4770,2894,1568482.42,Pending
4771,3042,1418928.48,Approved
4772,510,963472.02,Approved
4773,3364,2248877.38,Rejected
4774,921,1775396.75,Approved
4775,648,3730932.29,Rejected
4776,4481,3118687.55,Approved
4777,2658,3897370.58,Rejected
4778,3638,3915123.55,Pending
4779,2323,859840.57,Rejected
4780,1613,989828.34,Pending
4781,1224,4217250.57,Pending
4782,4138,4356554.28,Pending
4783,1067,577491.29,Approved
4784,4623,2779279.26,Rejected
4785,2571,4383275.96,Pending
4786,3685,420455.4,Pending
4787,3701,1409377.97,Pending
4788,3021,343017.91,Approved
4789,4520,3475467.96,Approved
4790,372,3219682.4,Pending
4791,4030,2276955.51,Approved
4792,4024,3260204.0,Rejected
4793,1549,128874.94,Rejected
4794,3224,2525643.12,Pending
4795,1416,3251464.39,Approved
4796,2656,4170507.28,Approved
4797,4064,2808593.86,Approved
4798,451,1571442.23,Pending
4799,3921,840542.07,Rejected
4800,1756,612154.98,Pending
4801,2203,3967262.09,Approved
4802,4625,1805638.66,Rejected
4803,4969,4429167.72,Pending
4804,2425,1552373.61,Pending
4805,4272,4653999.43,Pending
4806,3061,4603119.28,Approved
4807,819,1645416.18,Approved
4808,3103,1342832.82,Rejected
4809,2863,761967.63,Approved
4810,1086,2617363.26,Approved
4811,2476,2487454.38,Rejected
4812,4725,3021742.5,Approved
4813,2531,3926180.65,Pending
4814,762,131331.54,Rejected
4815,4634,678629.04,Rejected
4816,1891,2674438.5,Approved
4817,2511,4969916.31,Rejected
4818,2242,2384179.53,Pending
4819,564,584422.6,Rejected
4820,1135,4499933.86,Pending
4821,3368,4475791.89,Pending
4822,2923,3191215.08,Pending
4823,2734,2103026.1,Pending
4824,686,1800223.56,Pending
4825,4417,4937269.24,Pending
4826,4883,2814961.57,Rejected
4827,4040,1882986.89,Pending
4828,3427,3019887.38,Approved
4829,4156,1865638.15,Approved
4830,3441,3980307.48,Pending
4831,2955,3538322.76,Pending
4832,4144,1376675.7,Pending
4833,4659,1635547.76,Approved
4834,2289,1066548.46,Approved
4835,2487,4034642.58,Rejected
4836,3973,4927949.45,Approved
4837,2261,4621950.35,Approved
4838,2476,2809504.56,Rejected
4839,870,3841585.99,Pending
4840,1770,2863493.82,Rejected
4841,2467,367929.15,Rejected
4842,3264,1464495.71,Rejected
4843,3553,3997259.83,Rejected
4844,87,4976461.55,Rejected
4845,4322,4611018.08,Rejected
4846,4352,509061.41,Approved
4847,995,4457148.8,Approved
4848,523,1760164.22,Pending
4849,3929,1748800.1,Approved
4850,608,2750387.96,Pending
4851,2207,3565283.41,Approved
4852,3706,645449.68,Approved
4853,1565,405249.64,Pending
4854,1768,2752139.47,Pending
4855,2874,4496403.39,Pending
4856,4128,686191.0,Rejected
4857,3481,4506630.81,Approved
4858,4189,4564297.05,Pending
4859,3855,213743.62,Rejected
4860,3933,1600697.64,Rejected
4861,1790,580281.18,Approved
4862,3844,1175375.06,Pending
4863,4204,1395679.28,Rejected
4864,2699,3391010.66,Pending
4865,1086,3647671.26,Pending
4866,3143,4528278.24,Rejected
4867,3201,1573127.31,Rejected
4868,2053,932627.06,Approved
4869,4889,561345.94,Pending
4870,1567,4427262.15,Pending
4871,274,4311941.64,Pending
4872,2660,3104934.24,Approved
4873,1486,2291258.22,Rejected
4874,1398,739328.42,Approved
4875,4177,1270692.07,Pending
4876,1091,667456.76,Approved
4877,826,3853691.43,Approved
4878,4295,4304230.65,Pending
4879,3044,1174777.79,Pending
4880,1330,1401559.32,Approved
4881,4221,1111689.56,Pending
4882,3810,4888648.33,Rejected
4883,1205,227244.45,Rejected
4884,2965,2291970.72,Approved
4885,2610,3490447.96,Pending
4886,531,3514983.76,Approved
4887,3652,2822450.97,Rejected
4888,2031,2117706.77,Approved
4889,920,3155656.18,Rejected
4890,2546,3281057.29,Approved
4891,579,2140135.7,Approved
4892,3043,4459577.23,Rejected
4893,1116,3225791.43,Rejected
4894,1953,4502856.38,Pending
4895,2694,129727.4,Approved
4896,3725,1553695.72,Pending
4897,1619,2922332.01,Pending
4898,3538,1958371.38,Pending
4899,2488,519590.95,Rejected
4900,3626,1855766.36,Approved
4901,1912,3610534.24,Pending
4902,1436,699442.71,Pending
4903,3771,1555265.49,Rejected
4904,4053,1150898.11,Rejected
4905,1973,4330803.07,Rejected
4906,4854,3308274.16,Pending
4907,2295,1130090.15,Rejected
4908,1667,2950279.14,Rejected
4909,127,3971832.93,Rejected
4910,1284,3362866.39,Approved
4911,2196,1988743.77,Approved
4912,3929,3141753.67,Rejected
4913,1631,3830196.01,Pending
4914,4759,1267004.21,Rejected
4915,4181,2590427.58,Rejected
4916,1127,4809306.54,Rejected
4917,4127,998364.8,Pending
4918,2084,4489141.22,Approved
4919,2091,153246.7,Approved
4920,646,883573.69,Pending
4921,4644,4968582.64,Pending
4922,2366,1188711.62,Rejected
4923,3987,3328902.69,Pending
4924,1717,139022.1,Rejected
4925,4937,1920990.65,Pending
4926,4211,731635.46,Approved
4927,4877,344919.06,Rejected
4928,783,705930.67,Rejected
4929,4383,318854.91,Rejected
4930,1030,3233564.49,Rejected
4931,4712,2840647.55,Rejected
4932,3605,1260459.83,Pending
4933,1700,3167224.96,Approved
4934,1976,157592.46,Pending
4935,4443,3033147.32,Approved
4936,1794,2795606.38,Pending
4937,3015,2949852.9,Rejected
4938,1891,1577649.15,Approved
4939,601,4902584.84,Approved
4940,2219,4286132.31,Pending
4941,1332,408140.24,Rejected
4942,4902,1878958.86,Approved
4943,1208,3347854.31,Pending
4944,1358,4116796.62,Rejected
4945,67,4481407.43,Approved
4946,4121,3520749.98,Pending
4947,1989,1163264.84,Pending
4948,4676,2793608.2,Pending
4949,3602,1940500.63,Approved
4950,3233,357605.41,Pending
4951,4180,1645485.72,Pending
4952,888,4422508.21,Pending
4953,2314,446438.31,Pending
4954,2194,4107400.81,Rejected
4955,2583,2233393.03,Approved
4956,2182,3957057.08,Approved
4957,759,2188552.67,Approved
4958,2212,2730644.2,Approved
4959,3687,981040.82,Rejected
4960,751,1009155.0,Pending
4961,1049,3273783.68,Pending
4962,568,4791289.61,Approved
4963,60,3867243.37,Pending
4964,1136,4052446.29,Approved
4965,1283,579501.82,Rejected
4966,2987,3961656.1,Pending
4967,2636,3299950.37,Rejected
4968,1388,570237.93,Pending
4969,3030,2893246.54,Approved
4970,338,1460400.93,Approved
4971,4897,3100616.01,Pending
4972,527,1778793.17,Approved
4973,836,4830373.42,Pending
4974,23,2158965.75,Rejected
4975,3120,2569723.49,Approved
4976,3149,3768486.08,Approved
4977,1108,1058895.55,Rejected
4978,4705,3294458.5,Approved
4979,142,1822443.33,Rejected
4980,1801,1666022.1,Approved
4981,4137,4063329.75,Pending
4982,1727,3448375.49,Approved
4983,1603,2237138.58,Rejected
4984,4531,892542.44,Approved
4985,550,1987918.47,Pending
4986,3235,1085730.39,Approved
4987,4738,4988071.17,Rejected
4988,344,1887508.99,Approved
4989,3624,3891489.09,Pending
4990,2537,66224.54,Rejected
4991,961,324793.33,Approved
4992,1346,2074106.73,Approved
4993,4766,3059709.46,Approved
4994,3052,2732511.45,Rejected
4995,2762,1582183.15,Pending
4996,812,4234303.84,Approved
4997,1473,1994623.18,Pending
4998,1219,1859900.54,Approved
4999,4206,3302259.29,Pending
5000,2363,3290487.71,Pending
