Transaction_ID,Account_ID,Transaction_Date,Transaction_Amount,Transaction_Type
1,4703,2026-01-08,184807.85,Credit
2,4202,2026-01-31,242137.67,Credit
3,4930,2026-01-07,108298.21,Debit
4,2570,2025-10-21,217921.53,Credit
5,130,2026-04-04,221320.81,Credit
6,3065,2025-03-13,117966.1,Credit
7,2537,2024-12-03,131449.12,Debit
8,4009,2025-10-27,87940.54,Credit
9,3183,2025-07-30,170819.37,Credit
10,1858,2025-11-21,160976.38,Credit
11,4044,2024-09-02,174096.7,Credit
12,4688,2025-01-01,2143.06,Credit
13,648,2025-06-27,41652.73,Debit
14,1502,2025-08-07,221423.67,Credit
15,4620,2025-09-17,50149.5,Debit
16,4301,2024-11-04,31754.82,Credit
17,1218,2025-08-06,189307.28,Credit
18,1348,2025-11-06,66187.53,Debit
19,3784,2024-12-01,46595.53,Debit
20,2248,2024-07-30,129966.91,Credit
21,61,2026-03-02,180812.58,Credit
22,3541,2025-05-24,2648.23,Credit
23,107,2024-12-31,170967.73,Debit
24,4566,2025-12-13,114977.53,Credit
25,3560,2025-09-05,220560.5,Debit
26,1028,2025-04-28,177862.52,Debit
27,4989,2025-03-26,63982.78,Debit
28,2201,2024-05-23,210170.25,Credit
29,1221,2025-03-02,216302.61,Debit
30,2009,2024-06-03,238855.81,Debit
31,1566,2024-05-23,246127.58,Debit
32,2571,2024-08-13,54837.42,Credit
33,3548,2025-03-25,65685.44,Credit
34,11,2025-07-03,87681.64,Credit
35,2783,2024-12-01,140418.83,Credit
36,2931,2025-01-25,91544.38,Credit
37,3325,2024-11-10,88666.26,Credit
38,3368,2025-10-07,42729.6,Debit
39,4043,2024-11-12,4452.05,Debit
40,286,2026-02-13,55724.24,Debit
41,1997,2026-03-03,4183.66,Debit
42,3608,2024-12-26,223594.87,Debit
43,3051,2026-01-25,216130.0,Credit
44,1759,2025-11-21,685.97,Debit
45,2622,2025-08-11,55998.51,Debit
46,1619,2025-01-08,114483.31,Debit
47,2209,2025-08-25,47431.62,Credit
48,3484,2025-12-01,2469.84,Credit
49,315,2025-10-01,57087.53,Credit
50,3911,2025-11-27,127313.97,Debit
51,1666,2024-07-28,48066.2,Credit
52,3359,2025-08-19,100871.18,Debit
53,2362,2025-07-09,188018.8,Credit
54,4329,2025-02-12,6922.54,Debit
55,18,2025-06-27,152368.16,Credit
56,378,2024-12-25,101023.18,Debit
57,4073,2025-06-17,144014.0,Credit
58,1997,2025-09-30,244824.37,Debit
59,3372,2025-10-28,176861.91,Credit
60,153,2025-02-04,126476.1,Credit
61,3261,2024-12-21,159821.55,Credit
62,3728,2026-02-27,79372.04,Debit
63,3314,2026-05-05,1026.25,Debit
64,2468,2025-02-14,137246.97,Debit
65,2402,2025-08-03,72475.32,Debit
66,1793,2026-02-08,188508.85,Debit
67,642,2025-08-18,248689.32,Debit
68,784,2026-02-10,104388.47,Credit
69,749,2025-05-06,117949.94,Debit
70,1813,2025-02-24,200346.16,Credit
71,3774,2026-04-01,28968.64,Debit
72,2944,2024-05-27,148863.31,Credit
73,1046,2025-02-08,224402.71,Credit
74,956,2025-04-19,145919.58,Credit
75,4850,2026-01-10,151280.14,Credit
76,736,2024-06-28,62298.72,Credit
77,890,2025-02-23,180904.88,Credit
78,2382,2025-01-07,218112.52,Credit
79,4638,2024-09-14,74831.23,Debit
80,4934,2025-06-14,40082.06,Debit
81,3827,2025-05-25,62779.05,Credit
82,1908,2026-02-05,123916.41,Debit
83,3541,2025-10-04,76681.0,Credit
84,4153,2026-03-21,119141.25,Credit
85,2066,2024-12-20,70632.75,Debit
86,3752,2024-09-06,66647.05,Credit
87,2497,2024-12-22,96098.04,Credit
88,2837,2024-11-24,183473.58,Credit
89,2807,2025-11-22,60466.04,Debit
90,423,2024-08-29,83424.48,Debit
91,223,2024-07-16,62752.07,Debit
92,1813,2025-06-05,238906.2,Debit
93,3255,2025-01-01,194892.85,Credit
94,1252,2025-09-09,117982.83,Debit
95,4,2026-03-06,114290.32,Credit
96,3401,2024-08-08,63320.19,Debit
97,7,2025-07-13,156619.58,Credit
98,2982,2024-05-16,87393.04,Debit
99,2858,2025-01-26,141880.26,Credit
100,339,2025-06-07,207599.1,Debit
101,2663,2025-08-21,136278.25,Debit
102,987,2026-05-09,108342.1,Credit
103,4306,2024-05-25,168637.5,Credit
104,2947,2026-02-01,178371.17,Credit
105,2880,2024-08-17,50336.9,Debit
106,4335,2025-01-21,10394.32,Debit
107,4946,2025-09-22,46240.84,Debit
108,671,2026-01-17,126554.9,Debit
109,1373,2025-11-28,83919.86,Debit
110,2864,2025-12-13,129002.1,Credit
111,172,2024-07-04,147927.89,Credit
112,685,2024-06-04,126797.1,Credit
113,2446,2025-01-15,58642.03,Credit
114,1521,2024-10-22,156915.19,Debit
115,221,2026-01-11,167083.13,Credit
116,2237,2024-06-03,100915.3,Credit
117,4273,2024-08-31,142386.36,Debit
118,4899,2025-02-20,33296.66,Debit
119,1083,2024-05-28,25701.37,Debit
120,242,2024-12-13,200280.64,Debit
121,3762,2024-09-13,171083.53,Debit
122,4852,2025-08-14,93484.41,Credit
123,115,2024-06-27,210143.13,Credit
124,2566,2025-07-01,221246.17,Credit
125,3335,2026-03-01,125553.3,Credit
126,2207,2025-09-13,81814.85,Credit
127,4180,2024-10-21,125800.79,Credit
128,2134,2024-11-15,142040.37,Debit
129,808,2025-09-07,160132.36,Credit
130,2703,2025-01-06,85612.83,Debit
131,4944,2025-07-14,188262.33,Credit
132,1978,2025-06-11,138950.43,Credit
133,150,2024-12-17,73847.64,Credit
134,2628,2025-09-05,96717.99,Credit
135,3002,2026-03-29,99706.2,Debit
136,4252,2025-01-20,136577.04,Credit
137,3594,2026-01-26,124560.57,Debit
138,4990,2025-09-12,164059.48,Debit
139,2402,2025-12-30,43711.76,Credit
140,4242,2024-10-30,91797.54,Credit
141,215,2025-10-02,8472.81,Debit
142,4166,2026-02-26,115081.28,Credit
143,3194,2025-05-12,160553.56,Debit
144,2358,2024-10-22,175801.52,Credit
145,4911,2024-11-06,115699.14,Credit
146,3009,2025-10-04,157788.6,Credit
147,3050,2025-06-28,139181.34,Debit
148,3317,2024-08-14,243615.51,Debit
149,2027,2024-08-10,127315.63,Debit
150,3843,2024-10-10,17287.63,Credit
151,3102,2026-03-26,60742.53,Credit
152,22,2026-01-25,25170.06,Debit
153,2789,2025-06-08,25979.7,Credit
154,3302,2026-04-03,128562.06,Debit
155,4957,2025-02-08,203474.04,Debit
156,1462,2025-11-25,56647.91,Debit
157,1038,2024-12-10,122374.17,Debit
158,3488,2024-08-06,239145.49,Debit
159,59,2024-05-16,39626.37,Debit
160,655,2025-07-16,134978.1,Credit
161,3428,2026-04-05,53551.92,Credit
162,2454,2024-11-04,169304.81,Debit
163,1646,2026-04-18,127454.02,Debit
164,3846,2025-11-17,84866.7,Debit
165,3410,2026-03-15,214158.54,Credit
166,614,2024-12-28,2747.84,Credit
167,4793,2024-08-04,11756.3,Debit
168,4392,2025-10-17,222906.41,Debit
169,2947,2024-11-29,104038.97,Debit
170,2870,2025-04-29,238026.89,Debit
171,3823,2025-02-21,51418.33,Credit
172,425,2025-08-01,174996.05,Credit
173,635,2024-07-13,39257.6,Debit
174,621,2024-09-06,145068.95,Credit
175,2208,2025-08-22,135459.34,Credit
176,962,2024-05-22,109676.56,Debit
177,4305,2025-06-05,4996.79,Debit
178,4325,2026-03-19,129993.57,Debit
179,216,2026-04-25,214130.66,Credit
180,568,2024-12-25,69334.18,Debit
181,4094,2024-08-31,162674.77,Credit
182,2350,2025-08-03,116918.99,Debit
183,2488,2025-10-03,91562.49,Debit
184,4912,2025-11-25,84390.69,Debit
185,2207,2024-10-18,134933.8,Credit
186,1353,2025-10-08,78693.24,Debit
187,2615,2025-12-22,2439.96,Credit
188,2192,2024-07-05,78386.63,Debit
189,4128,2024-11-01,68925.99,Credit
190,331,2026-03-25,222491.43,Credit
191,1212,2025-04-16,86460.76,Credit
192,1323,2026-03-13,29470.8,Debit
193,4706,2024-12-17,67173.92,Debit
194,824,2025-03-12,9885.7,Debit
195,1239,2026-03-22,62027.4,Credit
196,1478,2025-01-26,127891.88,Debit
197,4000,2024-10-03,228803.99,Credit
198,1642,2025-12-23,138438.65,Debit
199,4919,2024-11-29,189082.29,Debit
200,4557,2026-03-02,148141.71,Credit
201,3043,2025-10-31,97412.45,Debit
202,928,2024-11-22,156995.54,Credit
203,249,2025-03-04,25081.86,Debit
204,4802,2024-07-31,197081.0,Credit
205,2791,2025-11-08,73454.16,Credit
206,1618,2024-11-08,30443.74,Credit
207,108,2025-04-03,91531.22,Credit
208,1697,2026-04-23,121049.87,Credit
209,2393,2024-07-15,91244.57,Credit
210,2308,2026-04-07,165230.89,Credit
211,1886,2025-05-11,61220.02,Debit
212,2107,2025-04-27,213035.93,Debit
213,2316,2025-09-10,230470.54,Debit
214,2546,2024-05-15,24882.44,Debit
215,43,2025-01-23,9421.44,Debit
216,2160,2024-07-06,174997.08,Debit
217,45,2025-10-08,99604.35,Debit
218,2767,2026-04-29,167214.74,Credit
219,2152,2024-09-03,132272.13,Debit
220,2715,2025-06-09,59708.08,Credit
221,3499,2025-11-26,190303.89,Debit
222,3772,2025-01-16,221625.31,Debit
223,3171,2026-03-13,51034.53,Credit
224,4668,2025-08-24,248135.43,Credit
225,4282,2026-01-30,160890.1,Debit
226,4195,2024-12-02,195764.27,Credit
227,3204,2025-09-09,53541.48,Debit
228,1520,2025-09-17,96032.61,Debit
229,3029,2024-08-08,247372.56,Credit
230,3079,2025-03-18,232432.89,Credit
231,4409,2025-04-04,134384.79,Credit
232,4190,2024-09-16,175318.36,Debit
233,829,2025-07-24,241455.95,Credit
234,3707,2024-06-15,228076.81,Debit
235,48,2025-02-19,209627.12,Credit
236,1473,2024-06-20,139648.62,Debit
237,1318,2025-12-28,31035.28,Credit
238,3777,2024-11-06,240116.23,Credit
239,2535,2024-09-03,234683.14,Credit
240,3982,2024-10-02,229198.67,Credit
241,2050,2026-04-02,155585.67,Credit
242,1543,2025-11-08,25367.13,Debit
243,2462,2025-12-10,99790.29,Credit
244,2787,2025-03-03,104599.91,Debit
245,283,2025-11-05,20750.68,Credit
246,1722,2025-01-22,215947.54,Credit
247,619,2024-07-18,152506.54,Credit
248,4479,2024-10-18,145795.42,Credit
249,2293,2025-11-13,50255.23,Credit
250,3685,2025-10-13,180390.01,Credit
251,3779,2024-09-11,64206.99,Debit
252,3294,2025-01-17,100816.18,Credit
253,1174,2026-05-09,192596.73,Credit
254,2552,2025-09-02,119659.41,Debit
255,3036,2024-10-20,52052.85,Credit
256,3333,2025-10-14,116183.55,Credit
257,995,2025-06-05,218088.96,Credit
258,1843,2024-10-19,182400.43,Credit
259,3081,2024-05-17,73177.04,Debit
260,3984,2025-09-04,196808.84,Credit
261,2250,2025-01-16,128540.83,Credit
262,2088,2025-09-04,100086.34,Debit
263,4466,2026-01-30,64462.84,Debit
264,1414,2026-01-09,168341.35,Credit
265,2595,2024-12-08,126458.47,Credit
266,2427,2026-03-16,53936.35,Debit
267,449,2024-09-27,22634.21,Credit
268,3525,2024-05-29,203562.97,Debit
269,4347,2025-12-03,21450.64,Debit
270,3052,2024-09-03,52019.2,Credit
271,1679,2026-01-27,235212.39,Credit
272,919,2026-04-22,38592.73,Debit
273,4142,2025-05-11,63951.14,Credit
274,1144,2025-10-20,15100.14,Debit
275,1452,2024-10-19,234655.25,Credit
276,554,2024-11-15,190812.95,Debit
277,2408,2025-07-12,4173.16,Debit
278,700,2025-08-04,46085.51,Debit
279,4536,2025-12-31,54899.39,Debit
280,3700,2025-06-14,193238.66,Debit
281,996,2024-07-31,60366.23,Credit
282,3265,2024-10-13,6009.89,Debit
283,3534,2025-01-28,245906.77,Credit
284,1752,2025-12-14,32435.21,Credit
285,4766,2024-11-14,144618.6,Credit
286,2890,2024-12-22,154110.15,Debit
287,609,2025-05-18,218407.88,Credit
288,3802,2024-08-29,195855.46,Debit
289,379,2025-12-09,31104.66,Credit
290,754,2026-04-16,100518.91,Credit
291,912,2024-11-06,194829.4,Credit
292,2831,2026-03-04,217142.8,Debit
293,370,2026-01-29,59250.03,Debit
294,2760,2024-05-29,182465.49,Debit
295,2876,2026-04-05,94937.33,Credit
296,4118,2026-05-12,50399.19,Debit
297,1047,2025-04-13,106673.49,Credit
298,3580,2024-09-28,73028.32,Credit
299,1536,2025-08-24,82035.39,Credit
300,3852,2024-10-26,248043.03,Debit
301,2503,2026-02-12,93717.67,Debit
302,2895,2025-05-12,221101.9,Debit
303,4425,2024-09-22,114712.8,Credit
304,1561,2025-01-12,68158.97,Credit
305,2647,2025-07-02,167658.66,Debit
306,3101,2026-05-07,122479.54,Debit
307,1206,2025-06-01,107095.15,Credit
308,3953,2025-07-28,191396.04,Debit
309,620,2025-01-31,68408.55,Credit
310,4457,2025-12-05,96431.05,Credit
311,4575,2024-06-02,241554.99,Credit
312,3327,2025-07-16,172193.27,Credit
313,70,2025-05-19,144961.02,Credit
314,473,2025-12-31,39060.68,Debit
315,514,2026-05-06,39049.99,Credit
316,2542,2025-02-01,245267.79,Credit
317,3964,2024-07-16,109119.85,Credit
318,170,2024-06-28,6887.08,Debit
319,776,2025-12-25,62597.12,Debit
320,1325,2025-01-04,157349.43,Credit
321,2553,2024-12-29,6202.06,Credit
322,2220,2024-06-16,49493.32,Debit
323,2770,2025-01-06,234813.65,Debit
324,1057,2025-07-04,231018.72,Debit
325,832,2025-09-03,70883.68,Credit
326,1230,2025-06-24,67586.81,Credit
327,3166,2024-09-26,86722.97,Debit
328,712,2025-06-01,228639.94,Debit
329,3701,2024-08-27,20891.62,Credit
330,199,2024-06-02,184648.5,Credit
331,1952,2026-01-07,170358.47,Credit
332,1641,2024-05-16,169311.4,Debit
333,3442,2026-03-03,180781.55,Credit
334,1620,2024-06-12,30456.79,Credit
335,2901,2025-02-06,129581.41,Debit
336,1637,2024-06-08,190297.71,Credit
337,535,2025-10-17,221377.92,Debit
338,4286,2026-03-28,60681.93,Credit
339,4603,2025-09-09,108777.96,Debit
340,1402,2025-06-09,115477.27,Debit
341,726,2025-03-10,2195.08,Credit
342,2315,2024-08-06,187565.86,Debit
343,3108,2024-12-31,249539.26,Credit
344,3333,2025-05-18,192357.19,Debit
345,1748,2026-01-10,198399.31,Credit
346,3091,2025-11-25,13889.32,Debit
347,3299,2025-01-07,149949.8,Credit
348,574,2025-05-18,89026.68,Debit
349,2063,2025-06-06,102734.97,Debit
350,1687,2025-03-06,177692.48,Debit
351,706,2025-10-25,116332.84,Credit
352,421,2024-08-03,189438.48,Credit
353,1313,2025-04-26,78985.41,Credit
354,1190,2024-10-29,117219.19,Debit
355,2327,2024-06-16,77232.15,Credit
356,1778,2024-11-05,231264.77,Credit
357,1851,2025-04-03,140524.5,Credit
358,2700,2025-02-01,23430.96,Credit
359,2800,2024-07-29,52837.58,Debit
360,4469,2025-12-02,44015.52,Debit
361,2090,2024-11-22,103431.54,Debit
362,3829,2024-10-11,155729.67,Credit
363,1948,2024-06-19,116628.03,Debit
364,899,2026-04-13,99126.63,Credit
365,4526,2025-05-23,165988.43,Debit
366,3992,2024-09-04,215736.9,Credit
367,302,2024-10-21,50407.72,Debit
368,403,2025-12-16,74589.35,Credit
369,4264,2024-10-06,128996.22,Debit
370,2796,2025-11-22,75534.13,Debit
371,3565,2026-03-22,232409.63,Debit
372,956,2024-07-23,101329.63,Debit
373,3669,2026-01-05,70754.46,Credit
374,4892,2026-02-05,155332.48,Debit
375,678,2024-08-20,44360.33,Credit
376,3481,2025-07-23,105644.64,Debit
377,4435,2025-10-02,153259.21,Credit
378,3706,2024-11-03,175375.56,Debit
379,4246,2025-07-14,79608.98,Credit
380,3617,2025-08-20,233242.76,Credit
381,1030,2025-05-03,39970.54,Credit
382,4634,2025-08-24,25600.99,Debit
383,3371,2025-06-23,242602.72,Debit
384,3525,2024-12-28,17974.18,Credit
385,3667,2024-12-16,95152.02,Credit
386,748,2025-12-10,90905.83,Credit
387,283,2025-12-06,245793.88,Debit
388,3378,2026-03-07,191208.75,Credit
389,4736,2025-09-23,132237.71,Debit
390,1653,2025-10-17,164564.97,Credit
391,1091,2025-03-20,48440.52,Debit
392,2528,2024-10-11,164794.72,Debit
393,2261,2024-08-24,190140.61,Credit
394,1149,2026-05-10,114726.29,Credit
395,3329,2026-03-26,243667.6,Debit
396,2530,2025-11-14,160843.56,Credit
397,1454,2026-04-29,156429.76,Credit
398,4313,2025-08-17,233877.89,Credit
399,956,2026-04-26,118287.83,Debit
400,1212,2025-01-02,142395.06,Credit
401,2635,2025-01-18,164295.83,Debit
402,166,2025-07-25,196047.14,Debit
403,4836,2026-02-07,36677.91,Debit
404,4285,2026-03-12,134520.23,Debit
405,4835,2024-09-28,95929.14,Debit
406,3735,2025-03-15,109088.34,Debit
407,483,2024-11-16,55220.98,Debit
408,1492,2024-09-11,160431.32,Credit
409,2953,2024-09-28,12021.21,Debit
410,3354,2025-05-22,215398.7,Debit
411,1432,2025-04-07,155651.31,Credit
412,1798,2024-12-24,183644.24,Credit
413,1454,2026-01-10,97845.64,Credit
414,2509,2025-11-14,245903.35,Credit
415,3107,2025-01-28,214393.44,Debit
416,338,2024-07-02,40381.05,Credit
417,3332,2025-07-05,111882.26,Debit
418,832,2024-09-17,76825.77,Debit
419,2503,2025-03-31,197475.41,Credit
420,3123,2024-07-29,99388.56,Debit
421,1738,2026-02-27,7746.88,Debit
422,4812,2025-07-06,178822.42,Debit
423,3891,2024-06-12,78393.04,Credit
424,151,2025-01-20,158280.09,Debit
425,2154,2025-07-28,31251.45,Credit
426,3820,2025-09-19,202929.56,Credit
427,603,2025-03-25,120677.37,Credit
428,713,2026-02-01,59326.38,Credit
429,2697,2025-10-11,125849.09,Debit
430,306,2024-10-13,236837.21,Credit
431,2066,2026-05-07,161439.13,Debit
432,4064,2024-08-06,153012.77,Debit
433,2819,2025-05-12,11735.9,Debit
434,628,2024-06-28,215786.02,Debit
435,3549,2026-01-22,125172.8,Credit
436,3484,2025-07-28,148222.28,Credit
437,1854,2025-11-10,149004.25,Credit
438,3463,2026-03-28,194297.59,Credit
439,2777,2024-05-13,8609.03,Credit
440,3634,2025-02-06,44807.23,Debit
441,1347,2025-02-09,197905.79,Debit
442,4319,2024-08-07,176499.19,Debit
443,3967,2024-08-15,84559.47,Debit
444,2370,2025-12-13,226848.27,Debit
445,4549,2026-03-12,104485.42,Credit
446,3375,2025-03-05,124608.55,Debit
447,4611,2024-09-27,76579.76,Credit
448,382,2024-08-21,41092.16,Credit
449,2171,2024-10-12,135102.83,Debit
450,1626,2024-09-17,15980.47,Credit
451,1721,2024-11-08,31180.01,Debit
452,2373,2026-01-21,117003.24,Debit
453,1330,2024-11-01,202772.16,Debit
454,2243,2025-10-14,40549.86,Debit
455,386,2026-04-07,229326.71,Credit
456,2126,2024-08-30,161596.88,Debit
457,2428,2024-12-18,135076.48,Credit
458,1278,2025-02-12,84712.23,Debit
459,2000,2025-12-09,179719.44,Debit
460,4651,2025-02-09,27944.75,Debit
461,4371,2024-08-07,243424.13,Debit
462,1842,2024-09-11,215308.62,Debit
463,485,2025-11-24,249928.29,Credit
464,3422,2026-03-06,113324.2,Debit
465,3735,2025-05-22,132579.79,Credit
466,892,2026-04-07,84581.28,Debit
467,727,2026-02-27,44511.02,Debit
468,2193,2026-03-14,211667.95,Debit
469,878,2024-09-08,239233.81,Debit
470,3752,2024-08-31,96410.39,Debit
471,4527,2025-09-02,80996.79,Credit
472,3471,2026-03-22,241392.8,Debit
473,863,2025-08-29,124954.39,Debit
474,1719,2026-02-17,138456.39,Debit
475,1280,2024-06-24,220384.02,Debit
476,4692,2024-06-13,3141.84,Credit
477,294,2026-03-04,31416.37,Debit
478,1012,2025-12-11,145517.62,Credit
479,1877,2025-07-30,119899.12,Credit
480,1578,2025-05-18,119191.16,Debit
481,2025,2024-06-01,239388.97,Credit
482,2792,2026-03-29,245223.71,Credit
483,3823,2025-09-26,204421.31,Credit
484,916,2024-05-13,62642.56,Debit
485,801,2025-12-23,234317.59,Credit
486,2548,2026-01-27,51525.31,Debit
487,3753,2025-11-04,241132.47,Credit
488,4138,2024-05-16,136920.66,Debit
489,872,2024-11-03,69908.85,Debit
490,677,2024-10-22,53467.42,Credit
491,3014,2025-04-17,56392.12,Debit
492,1530,2026-04-24,218556.1,Credit
493,2201,2024-11-04,49250.24,Debit
494,742,2024-07-10,167115.68,Debit
495,4017,2025-07-27,40421.88,Debit
496,113,2025-12-11,59543.65,Debit
497,4203,2026-04-13,233879.75,Debit
498,4815,2024-05-30,233756.21,Debit
499,2813,2024-12-22,129511.21,Credit
500,2922,2025-03-31,22822.55,Debit
501,2696,2026-05-01,8335.14,Debit
502,773,2025-12-13,230451.66,Credit
503,651,2025-10-08,75324.69,Credit
504,2867,2024-09-12,154337.59,Credit
505,1910,2026-03-14,93148.31,Credit
506,1129,2025-01-30,169141.1,Credit
507,2532,2025-07-24,50061.16,Debit
508,3947,2025-05-12,53845.82,Debit
509,2067,2025-03-06,162013.49,Credit
510,2576,2026-03-15,53179.14,Credit
511,4792,2026-02-02,112763.4,Debit
512,3973,2024-08-08,230608.44,Debit
513,2153,2026-02-15,245244.82,Debit
514,3603,2025-11-07,139894.92,Debit
515,617,2026-02-26,211531.76,Debit
516,4578,2024-10-09,171796.41,Credit
517,4346,2024-08-07,134007.12,Debit
518,442,2025-09-24,246467.56,Debit
519,3621,2025-01-07,4343.9,Debit
520,1676,2026-01-15,102070.86,Debit
521,471,2024-12-06,43377.92,Credit
522,934,2026-01-04,136913.95,Credit
523,1178,2025-03-13,159215.64,Credit
524,2286,2025-05-03,208256.5,Credit
525,671,2025-09-23,203849.2,Debit
526,4316,2024-08-25,203020.18,Debit
527,4647,2026-04-01,197245.51,Credit
528,544,2025-07-04,188785.47,Debit
529,1841,2025-02-21,53423.77,Credit
530,4702,2025-12-30,61172.56,Credit
531,3448,2024-09-18,55846.06,Credit
532,1554,2025-09-05,245976.15,Credit
533,1790,2025-11-07,14975.4,Credit
534,633,2026-04-10,216902.76,Debit
535,4785,2025-12-18,235770.32,Debit
536,734,2025-01-16,147442.96,Debit
537,2914,2025-01-28,90741.32,Debit
538,4750,2024-07-13,139427.31,Credit
539,2123,2026-01-10,19250.03,Debit
540,4863,2024-09-30,177821.57,Credit
541,4370,2025-06-27,13887.26,Debit
542,3311,2025-06-10,216164.03,Credit
543,802,2025-09-09,150937.46,Debit
544,3962,2025-11-25,120443.2,Debit
545,1286,2025-08-14,194203.35,Credit
546,4807,2026-04-24,227211.91,Debit
547,765,2025-11-26,163580.87,Debit
548,2333,2025-01-03,165126.17,Credit
549,2402,2025-01-01,103143.96,Debit
550,1918,2024-10-07,41700.0,Credit
551,1382,2025-02-10,7285.43,Credit
552,2656,2025-08-08,116377.16,Debit
553,920,2025-04-11,19683.67,Credit
554,2604,2025-01-31,36611.07,Debit
555,2634,2026-05-12,52095.63,Credit
556,35,2025-05-24,220710.32,Debit
557,4551,2025-10-31,43369.7,Credit
558,1418,2025-06-25,151715.76,Credit
559,4166,2024-10-11,128565.99,Credit
560,331,2025-11-02,65987.69,Debit
561,2222,2025-10-17,26483.87,Credit
562,1167,2026-02-09,178938.95,Credit
563,2349,2025-11-11,81639.92,Credit
564,2229,2024-08-29,34318.25,Credit
565,1794,2026-03-01,165225.59,Debit
566,4396,2025-09-08,38199.53,Debit
567,3444,2025-09-24,182938.52,Credit
568,1562,2025-07-17,61749.47,Credit
569,2176,2025-11-05,208485.27,Credit
570,1005,2026-02-27,137327.06,Debit
571,1016,2024-07-14,89987.61,Debit
572,2083,2026-04-19,108479.11,Debit
573,418,2025-07-30,75205.78,Debit
574,2463,2024-11-08,222134.06,Debit
575,4543,2026-02-18,73879.05,Debit
576,955,2025-02-02,18308.2,Debit
577,1093,2024-06-22,242705.27,Credit
578,363,2026-01-20,10144.35,Credit
579,3159,2024-11-21,44304.21,Credit
580,80,2026-01-21,246884.06,Credit
581,4908,2025-11-23,194637.92,Credit
582,2961,2024-07-14,236715.75,Credit
583,4994,2024-12-23,145128.19,Credit
584,2683,2025-01-14,22937.92,Credit
585,89,2025-05-14,44620.38,Debit
586,971,2026-04-24,212382.54,Debit
587,1282,2025-09-04,18650.61,Debit
588,735,2025-07-18,7263.06,Credit
589,1303,2024-10-08,234796.17,Credit
590,1470,2024-09-13,178615.14,Credit
591,4244,2024-10-25,100288.18,Debit
592,4739,2025-07-27,249533.47,Debit
593,2876,2024-12-03,128340.58,Credit
594,3483,2024-09-22,34343.25,Debit
595,1956,2024-12-20,179842.78,Debit
596,2533,2025-05-06,233956.34,Debit
597,476,2025-07-24,77953.44,Debit
598,2937,2024-08-31,216488.12,Debit
599,2019,2025-04-18,243470.03,Credit
600,3232,2025-07-05,159857.17,Debit
601,3248,2026-02-05,38153.49,Credit
602,4358,2025-06-27,6240.06,Credit
603,4308,2025-01-31,235210.61,Credit
604,4889,2025-09-18,151771.68,Debit
605,3687,2026-04-03,84956.64,Credit
606,1926,2024-11-28,211847.25,Debit
607,1763,2024-10-24,54420.6,Debit
608,2740,2024-09-13,248855.9,Credit
609,3052,2026-05-02,112432.3,Debit
610,4879,2024-10-13,52340.98,Credit
611,3173,2025-07-14,88156.71,Credit
612,4409,2026-03-03,183246.97,Credit
613,224,2026-03-21,246708.75,Credit
614,4452,2026-02-15,193505.91,Debit
615,2150,2025-01-17,143565.34,Debit
616,4680,2026-01-13,208899.63,Debit
617,2661,2024-08-06,211040.2,Credit
618,4324,2026-04-20,169005.17,Credit
619,342,2026-04-06,41900.81,Credit
620,3880,2026-04-19,52117.29,Debit
621,3222,2025-12-30,67851.91,Credit
622,2539,2024-09-10,106910.8,Credit
623,548,2024-10-09,173359.28,Credit
624,2092,2026-04-07,70864.26,Credit
625,420,2025-12-07,46730.99,Debit
626,4849,2024-12-28,132795.91,Debit
627,3714,2025-11-03,211443.38,Credit
628,4714,2024-10-31,216702.83,Debit
629,4653,2024-07-12,13168.79,Credit
630,726,2025-09-19,109716.14,Credit
631,3517,2025-05-05,57428.99,Debit
632,223,2025-03-04,55815.28,Debit
633,871,2024-12-30,142310.31,Debit
634,2763,2025-01-20,27658.39,Credit
635,2071,2025-03-29,49835.62,Credit
636,581,2026-02-01,241874.03,Debit
637,1018,2024-09-25,181465.84,Credit
638,1069,2025-09-28,35847.13,Debit
639,1919,2025-10-30,108416.44,Debit
640,2261,2024-09-23,95434.26,Debit
641,4608,2025-04-12,221980.48,Debit
642,1197,2025-01-20,82716.73,Credit
643,1061,2025-11-07,171080.13,Credit
644,4569,2025-02-25,103620.3,Debit
645,3750,2024-06-01,56434.77,Credit
646,2911,2024-11-28,53237.81,Credit
647,2183,2024-12-13,43509.77,Credit
648,1703,2025-11-26,212803.32,Debit
649,1036,2024-10-10,179586.98,Debit
650,3568,2024-10-07,194644.13,Credit
651,2428,2026-03-11,224167.23,Debit
652,165,2025-07-31,148107.08,Debit
653,3014,2025-10-05,50017.31,Credit
654,477,2026-04-21,103136.47,Credit
655,2557,2025-05-23,30518.05,Credit
656,386,2026-02-24,135296.66,Debit
657,2096,2025-12-10,172002.23,Credit
658,2373,2025-04-14,52459.09,Credit
659,134,2025-09-23,61700.55,Debit
660,2647,2024-08-11,28816.85,Debit
661,2642,2025-05-21,55322.71,Credit
662,2612,2025-10-07,150742.36,Debit
663,1960,2025-05-29,65688.38,Debit
664,2987,2025-12-23,88982.37,Debit
665,2620,2025-06-29,140066.04,Debit
666,365,2026-03-15,84186.16,Debit
667,4108,2025-07-10,203322.54,Credit
668,3687,2025-07-22,228075.21,Credit
669,1057,2025-02-05,201696.83,Debit
670,1690,2025-11-19,72970.73,Credit
671,2693,2025-04-20,86382.81,Debit
672,1074,2025-06-01,9299.39,Debit
673,1536,2024-09-16,193584.42,Debit
674,2312,2025-03-06,210144.91,Debit
675,3156,2025-10-03,53327.04,Debit
676,1421,2024-11-20,83795.71,Credit
677,645,2024-10-02,238893.24,Credit
678,1954,2024-06-04,133429.65,Debit
679,1848,2025-09-14,162411.78,Credit
680,110,2025-10-12,17861.33,Credit
681,2154,2024-08-16,106665.32,Credit
682,2750,2024-09-18,123692.89,Debit
683,2202,2024-07-01,151939.63,Credit
684,3136,2025-05-23,5135.09,Credit
685,1165,2024-12-03,84396.4,Debit
686,2066,2025-09-03,117622.8,Credit
687,3703,2026-04-08,66971.38,Debit
688,4856,2026-04-29,229677.1,Debit
689,794,2025-06-20,38698.61,Debit
690,2124,2024-07-29,79138.39,Credit
691,230,2026-01-14,58888.46,Credit
692,550,2024-07-16,221599.72,Debit
693,1142,2024-09-01,90169.56,Credit
694,4543,2026-03-22,175770.85,Credit
695,727,2025-05-01,154371.72,Credit
696,1284,2024-06-25,227660.6,Debit
697,4454,2024-11-12,176928.99,Credit
698,4333,2025-07-19,234373.69,Credit
699,1870,2025-07-23,15569.47,Credit
700,3602,2024-05-14,34761.66,Debit
701,4573,2026-05-01,155273.11,Credit
702,4300,2024-07-26,51930.92,Debit
703,3288,2024-09-23,235360.69,Credit
704,961,2025-07-16,199365.88,Credit
705,676,2026-02-26,234895.98,Credit
706,1472,2024-11-02,225.79,Credit
707,3439,2025-04-26,170561.62,Credit
708,3120,2025-06-18,86023.34,Debit
709,3205,2025-09-12,10661.4,Credit
710,1473,2025-12-03,56781.1,Credit
711,3341,2024-12-12,166415.37,Credit
712,2573,2025-02-23,28255.0,Credit
713,2870,2024-05-22,41834.23,Debit
714,2683,2025-08-14,171432.44,Debit
715,2636,2024-08-22,143591.67,Credit
716,3057,2024-12-02,206461.56,Debit
717,340,2025-01-27,224870.6,Credit
718,3606,2025-01-06,109868.22,Credit
719,4045,2026-02-12,124612.29,Debit
720,1897,2025-01-01,89090.52,Credit
721,3272,2026-02-28,76891.03,Debit
722,1013,2026-01-11,200533.45,Credit
723,465,2024-07-16,235430.37,Credit
724,212,2025-11-24,235351.23,Debit
725,54,2025-11-24,42474.16,Debit
726,2754,2024-08-30,160020.19,Credit
727,1342,2025-02-01,8274.07,Debit
728,2722,2025-10-10,179194.83,Debit
729,2715,2026-02-23,35503.95,Debit
730,2328,2024-08-10,70791.66,Credit
731,1698,2025-04-14,214018.01,Credit
732,144,2024-07-05,74046.27,Debit
733,4575,2025-06-26,122460.06,Debit
734,2550,2025-05-01,50140.08,Credit
735,1825,2024-09-14,185202.76,Debit
736,2319,2025-11-23,46211.48,Debit
737,2032,2025-10-08,85413.24,Debit
738,3672,2025-04-10,33440.57,Debit
739,2294,2025-09-18,124633.62,Debit
740,2129,2026-02-21,40900.43,Debit
741,2706,2025-04-25,178779.46,Credit
742,4572,2025-11-17,36739.32,Debit
743,3567,2025-05-17,88909.33,Debit
744,3000,2025-05-19,185583.05,Debit
745,4319,2025-10-20,152253.82,Credit
746,2539,2025-01-09,174843.38,Debit
747,438,2024-09-12,228146.64,Credit
748,4686,2025-01-07,74760.29,Debit
749,3551,2026-01-01,208091.32,Credit
750,2855,2025-09-25,151364.74,Debit
751,1920,2024-06-07,199579.34,Debit
752,2963,2024-07-30,14684.2,Debit
753,3359,2024-11-13,203926.5,Debit
754,129,2025-06-01,199056.28,Debit
755,1377,2024-09-09,111381.11,Credit
756,4069,2024-12-19,54177.42,Debit
757,1973,2025-01-29,193046.69,Debit
758,2202,2025-11-13,108773.44,Debit
759,1678,2025-05-18,50666.76,Credit
760,753,2026-04-05,41283.58,Credit
761,2955,2024-08-27,232352.18,Debit
762,2779,2024-09-30,168575.36,Debit
763,3936,2025-03-08,32349.72,Debit
764,127,2025-12-03,120996.94,Debit
765,1195,2025-01-27,192649.88,Debit
766,1679,2026-02-18,188693.45,Credit
767,1946,2026-05-01,115657.05,Credit
768,4714,2025-10-12,152896.67,Debit
769,2247,2026-01-04,24101.21,Debit
770,2594,2025-09-08,81792.16,Credit
771,3447,2024-08-25,153944.45,Debit
772,1015,2024-05-27,218775.74,Debit
773,3014,2025-11-21,33913.27,Debit
774,1081,2025-09-10,128127.03,Debit
775,4250,2024-08-06,205565.59,Credit
776,4087,2024-09-05,72985.78,Credit
777,4508,2025-03-26,174491.9,Debit
778,3158,2025-08-26,144107.47,Credit
779,4822,2025-12-26,20942.62,Credit
780,3749,2025-11-27,79457.65,Debit
781,904,2025-11-26,134811.04,Credit
782,2990,2026-02-02,159050.01,Credit
783,4001,2024-07-25,196150.96,Credit
784,3608,2025-06-21,5834.02,Credit
785,4018,2024-09-09,22184.37,Credit
786,815,2025-10-04,58924.87,Credit
787,101,2025-04-16,246986.62,Credit
788,2747,2025-01-10,176751.99,Credit
789,1126,2025-12-11,170839.02,Debit
790,1637,2026-05-01,141438.0,Debit
791,3491,2025-01-01,140527.62,Credit
792,826,2025-03-22,85819.48,Credit
793,3704,2026-02-05,82144.68,Credit
794,1101,2025-02-03,49661.46,Credit
795,948,2025-08-27,231436.08,Debit
796,4980,2025-10-03,35830.9,Debit
797,4473,2024-11-18,12276.28,Debit
798,1681,2024-06-21,90692.71,Debit
799,2573,2026-03-12,154347.68,Credit
800,1629,2024-10-05,207462.75,Debit
801,3327,2024-05-18,216761.94,Credit
802,3303,2024-05-20,238627.44,Debit
803,4438,2024-07-09,70186.47,Debit
804,2858,2025-04-20,96065.19,Credit
805,4582,2024-06-18,196475.67,Credit
806,2197,2025-12-10,84480.51,Credit
807,319,2024-12-14,160721.09,Debit
808,3178,2025-11-13,218315.31,Debit
809,661,2025-12-18,37437.7,Debit
810,4115,2025-09-26,44404.28,Debit
811,2804,2025-04-23,71039.16,Credit
812,1576,2025-03-24,88637.96,Debit
813,2697,2025-06-09,175952.14,Credit
814,132,2026-02-17,145015.47,Credit
815,787,2025-07-25,223044.34,Credit
816,4972,2024-06-01,188614.66,Debit
817,4348,2024-11-15,103564.36,Debit
818,4346,2026-03-31,82823.07,Credit
819,3409,2025-07-24,27755.5,Credit
820,1817,2025-06-06,35142.89,Debit
821,12,2026-02-18,216094.37,Credit
822,397,2024-12-07,14841.64,Debit
823,3036,2025-05-12,131872.49,Credit
824,1380,2024-06-22,6622.33,Credit
825,968,2025-08-09,2518.19,Credit
826,3930,2024-06-18,28897.43,Debit
827,4283,2025-05-02,234742.75,Debit
828,3236,2024-08-08,14653.08,Credit
829,1062,2025-07-10,99232.68,Credit
830,3216,2025-07-30,136450.02,Debit
831,3180,2024-06-04,18924.06,Credit
832,4849,2025-09-23,36999.45,Credit
833,2037,2024-06-24,123015.66,Debit
834,1704,2024-07-14,112179.95,Credit
835,774,2024-05-27,112326.91,Credit
836,4724,2024-11-06,157130.48,Debit
837,1814,2026-04-16,130890.15,Credit
838,650,2024-07-30,57426.35,Credit
839,1586,2025-06-02,110596.0,Credit
840,3518,2026-03-28,60778.93,Debit
841,4791,2024-09-24,244394.21,Credit
842,4651,2024-10-06,234766.73,Debit
843,4411,2024-06-29,97491.75,Credit
844,2794,2024-08-04,59511.85,Credit
845,4007,2026-03-03,182970.65,Debit
846,576,2025-12-20,195749.4,Debit
847,98,2024-06-29,178775.78,Debit
848,4660,2025-04-10,18934.41,Credit
849,1296,2024-11-17,162912.15,Credit
850,83,2024-05-18,6816.85,Debit
851,3337,2026-03-11,152126.95,Credit
852,1192,2024-08-25,241654.75,Credit
853,3393,2025-11-22,130153.29,Debit
854,856,2024-11-27,104959.84,Debit
855,1076,2025-05-25,204639.23,Credit
856,347,2026-05-10,10659.13,Debit
857,2258,2025-05-22,195667.25,Debit
858,3044,2025-11-22,149669.66,Credit
859,4201,2025-04-02,218952.05,Credit
860,4576,2024-09-01,98431.0,Debit
861,1307,2025-11-23,214574.77,Debit
862,2312,2024-09-05,28859.4,Credit
863,3017,2026-01-12,168981.34,Credit
864,1099,2025-07-21,69582.41,Credit
865,134,2026-03-27,4792.09,Debit
866,779,2024-12-21,49187.21,Debit
867,2132,2025-04-26,42293.23,Debit
868,1292,2025-04-24,134607.25,Credit
869,4453,2025-08-28,56700.2,Debit
870,3679,2026-03-23,59993.2,Credit
871,4141,2026-04-10,176641.73,Debit
872,133,2024-06-07,37806.44,Debit
873,4495,2025-02-01,164601.35,Credit
874,1525,2025-12-12,20402.75,Debit
875,4582,2025-11-20,13298.0,Debit
876,4735,2026-01-05,180611.73,Debit
877,3109,2025-10-15,229877.74,Debit
878,4593,2024-12-26,165776.59,Credit
879,3057,2025-03-23,96921.37,Debit
880,1867,2025-04-23,137518.47,Debit
881,4525,2026-03-07,230650.68,Credit
882,2304,2025-11-13,170274.09,Debit
883,2084,2026-02-17,166185.97,Debit
884,525,2025-11-09,236758.52,Credit
885,1804,2024-08-04,128183.88,Credit
886,4916,2024-08-02,26609.0,Credit
887,2220,2024-08-22,146374.08,Credit
888,988,2025-02-12,185088.67,Debit
889,3938,2025-05-26,149931.14,Debit
890,4709,2026-03-01,213534.7,Credit
891,2868,2025-09-10,236956.8,Debit
892,4430,2026-04-29,142168.86,Debit
893,464,2026-04-20,226314.93,Credit
894,1085,2026-03-20,204506.65,Debit
895,2086,2025-02-20,13154.88,Debit
896,2990,2024-09-27,182191.87,Debit
897,4772,2025-06-11,172984.83,Debit
898,621,2024-08-11,43424.98,Debit
899,2987,2024-08-18,60957.02,Credit
900,1737,2026-01-26,144274.96,Debit
901,2487,2024-10-16,158622.71,Debit
902,1602,2026-01-01,248216.71,Debit
903,964,2025-03-20,26941.82,Credit
904,1784,2025-12-02,82297.34,Credit
905,23,2026-02-16,4254.16,Debit
906,1308,2025-06-24,90038.62,Debit
907,3524,2026-03-11,136025.54,Credit
908,612,2024-06-27,231286.08,Debit
909,4385,2026-02-13,140065.2,Debit
910,1946,2025-11-03,104463.69,Debit
911,1249,2024-12-29,215910.69,Debit
912,2510,2024-11-08,177466.52,Credit
913,664,2026-04-26,172598.05,Debit
914,2842,2024-12-28,100115.22,Debit
915,2302,2024-12-03,11627.39,Debit
916,1388,2025-09-29,48349.57,Credit
917,2578,2026-01-21,184121.31,Credit
918,1271,2025-08-06,210266.0,Credit
919,1809,2024-12-08,203454.15,Debit
920,2995,2025-02-01,79162.76,Debit
921,3354,2025-11-08,225777.48,Credit
922,1962,2024-12-20,46648.76,Debit
923,1793,2025-03-22,157886.51,Debit
924,1867,2024-05-19,78370.57,Debit
925,2877,2024-10-10,231150.18,Debit
926,1061,2024-11-06,33995.25,Credit
927,3412,2026-02-28,45216.92,Credit
928,4620,2024-10-30,1102.19,Debit
929,1006,2024-07-05,154086.47,Credit
930,1502,2025-10-10,235837.43,Debit
931,3818,2025-02-07,232602.67,Credit
932,425,2025-08-09,213791.87,Debit
933,4490,2025-02-24,15125.28,Debit
934,2844,2026-04-26,114921.18,Credit
935,1769,2025-12-23,234439.93,Debit
936,4981,2025-05-01,223446.74,Credit
937,175,2024-07-27,135929.38,Credit
938,421,2025-04-26,239345.15,Debit
939,398,2025-06-08,172481.92,Credit
940,3556,2026-01-21,30222.97,Credit
941,1629,2025-07-21,219117.69,Credit
942,3112,2026-04-06,140790.73,Debit
943,4254,2025-10-24,12879.49,Debit
944,3343,2026-01-16,241678.75,Credit
945,293,2024-10-28,132368.47,Credit
946,3057,2025-09-27,212221.32,Credit
947,1697,2024-07-16,193758.35,Credit
948,2810,2025-08-26,184498.12,Credit
949,4418,2024-08-22,173655.88,Credit
950,741,2025-09-23,96212.23,Credit
951,4849,2025-03-03,77813.43,Debit
952,3505,2025-06-13,144762.66,Credit
953,2946,2024-08-06,52897.8,Credit
954,1503,2025-08-24,156838.91,Debit
955,3788,2025-11-20,127905.9,Debit
956,626,2024-10-10,69231.89,Debit
957,4830,2024-09-11,136570.47,Debit
958,306,2025-01-14,237924.47,Credit
959,3738,2025-08-06,29474.53,Debit
960,4853,2025-03-03,20501.78,Credit
961,1115,2025-06-01,166847.98,Debit
962,2317,2025-11-26,114253.1,Credit
963,761,2026-03-17,148697.04,Credit
964,4599,2026-02-10,229719.82,Credit
965,4780,2025-01-18,230660.44,Debit
966,4345,2024-08-16,200510.89,Credit
967,40,2026-04-19,15238.61,Debit
968,2057,2025-10-14,217869.46,Debit
969,2187,2025-11-22,110088.56,Credit
970,3484,2024-08-24,93787.63,Debit
971,2805,2024-07-13,218310.71,Credit
972,3304,2026-03-03,211825.39,Credit
973,4650,2025-06-15,30540.53,Debit
974,4414,2025-09-12,68012.2,Debit
975,166,2024-09-27,239704.08,Credit
976,4758,2025-05-16,49125.11,Credit
977,204,2025-10-07,216024.14,Debit
978,3553,2025-05-05,25889.4,Debit
979,175,2025-02-22,139818.07,Credit
980,3793,2025-12-06,148957.9,Credit
981,4414,2025-12-27,152373.25,Credit
982,3599,2024-11-22,247304.04,Debit
983,4259,2025-03-06,75017.62,Credit
984,4549,2024-11-21,214106.28,Credit
985,1115,2025-06-23,157330.59,Debit
986,2208,2025-12-28,18105.7,Debit
987,1445,2024-05-25,169837.84,Credit
988,2260,2026-03-05,1595.33,Debit
989,1004,2026-03-06,129722.01,Debit
990,404,2026-01-20,123839.88,Credit
991,2453,2026-04-13,85746.84,Debit
992,2967,2025-05-27,30030.14,Debit
993,406,2025-02-07,127040.29,Debit
994,4987,2026-01-04,79436.32,Credit
995,289,2025-09-10,151626.59,Credit
996,4633,2025-02-02,25240.01,Credit
997,1174,2026-03-04,57995.63,Credit
998,3739,2024-06-29,211093.85,Credit
999,214,2025-11-14,92181.84,Debit
1000,4380,2024-11-30,164497.31,Debit
1001,4956,2026-03-05,64134.14,Credit
1002,1201,2024-09-10,1807.76,Debit
1003,1972,2025-12-25,186604.85,Debit
1004,3661,2024-08-25,116975.11,Credit
1005,1013,2024-09-06,157406.97,Credit
1006,898,2025-01-26,85388.75,Credit
1007,4360,2025-07-28,244334.11,Credit
1008,4786,2024-10-07,111831.11,Credit
1009,46,2026-01-20,149727.58,Credit
1010,3894,2024-06-26,50693.43,Debit
1011,2338,2024-07-04,247237.39,Debit
1012,2675,2026-01-17,219855.49,Debit
1013,3429,2025-01-14,145313.7,Credit
1014,2830,2025-04-01,75419.82,Credit
1015,4555,2025-02-20,67066.98,Debit
1016,4943,2024-07-26,247166.84,Credit
1017,3799,2025-06-06,154819.45,Debit
1018,3475,2024-10-14,17590.49,Debit
1019,3131,2025-07-20,16824.2,Debit
1020,3433,2025-12-20,183097.62,Debit
1021,3573,2024-07-05,52467.52,Credit
1022,3013,2025-04-28,29297.47,Debit
1023,1576,2026-04-18,150736.88,Debit
1024,3859,2025-12-21,67262.85,Credit
1025,3311,2024-12-15,18016.71,Credit
1026,460,2025-01-06,242871.18,Debit
1027,3991,2026-02-22,166059.33,Credit
1028,194,2026-02-01,74911.45,Credit
1029,2511,2024-09-16,96781.66,Debit
1030,154,2025-03-19,3530.45,Debit
1031,905,2026-04-13,21182.24,Debit
1032,2879,2025-04-02,150626.96,Debit
1033,4692,2024-11-24,43333.43,Debit
1034,2609,2026-03-16,32464.27,Debit
1035,1383,2025-06-20,76359.14,Debit
1036,1771,2025-10-02,169767.19,Credit
1037,3890,2026-02-28,9459.36,Credit
1038,4871,2024-10-06,33883.08,Debit
1039,4137,2025-06-24,43123.15,Credit
1040,4744,2025-08-06,139259.56,Debit
1041,46,2024-10-09,39355.0,Debit
1042,2105,2025-05-11,229249.59,Credit
1043,3503,2024-08-23,147803.69,Credit
1044,4888,2025-08-23,148645.87,Credit
1045,206,2026-01-02,47318.84,Debit
1046,3098,2026-03-24,47320.59,Credit
1047,4211,2025-05-05,188927.05,Credit
1048,3617,2025-08-18,78802.98,Debit
1049,4093,2024-10-30,196815.51,Credit
1050,674,2024-09-01,196119.38,Debit
1051,4579,2025-01-04,191527.97,Debit
1052,2690,2025-10-06,129446.93,Credit
1053,525,2025-07-15,210987.21,Credit
1054,3633,2026-01-24,24420.41,Debit
1055,2730,2025-07-22,99399.03,Debit
1056,3995,2025-05-09,39379.37,Credit
1057,1747,2025-04-07,169292.18,Debit
1058,1116,2024-06-24,89137.84,Debit
1059,4589,2025-11-03,103141.31,Debit
1060,1685,2025-07-23,232640.13,Credit
1061,4726,2025-07-04,71039.44,Debit
1062,2330,2025-04-04,157673.59,Credit
1063,1937,2026-01-11,104550.85,Debit
1064,1108,2024-07-06,234186.22,Credit
1065,1689,2025-06-24,242291.44,Debit
1066,2232,2024-05-25,166106.98,Credit
1067,3838,2025-01-02,13282.6,Credit
1068,2792,2025-04-07,222147.88,Debit
1069,82,2024-11-10,19252.29,Debit
1070,3367,2026-03-30,205848.52,Credit
1071,1802,2025-06-29,57715.46,Credit
1072,67,2025-01-11,177130.2,Credit
1073,2015,2025-09-15,96728.75,Credit
1074,1294,2026-05-10,28960.51,Debit
1075,2925,2026-03-17,198942.55,Credit
1076,2113,2026-02-18,91770.89,Credit
1077,1798,2024-08-09,156828.87,Debit
1078,4239,2024-10-15,131589.94,Credit
1079,2594,2025-07-07,233797.83,Credit
1080,2779,2025-07-14,241980.69,Debit
1081,2010,2025-07-30,117887.89,Credit
1082,4792,2026-02-25,150058.6,Credit
1083,1111,2025-04-20,177737.76,Debit
1084,4912,2025-12-14,157372.45,Credit
1085,2512,2025-07-03,201338.08,Debit
1086,1393,2025-10-23,143563.78,Credit
1087,2652,2024-11-24,75597.22,Debit
1088,2615,2026-03-27,148175.33,Debit
1089,3144,2025-11-28,191261.28,Debit
1090,1390,2025-09-02,204340.26,Debit
1091,2944,2025-02-16,129459.7,Credit
1092,1664,2024-07-14,246829.32,Debit
1093,42,2026-02-04,203096.86,Credit
1094,4048,2024-10-08,47473.11,Debit
1095,290,2025-09-17,180572.07,Debit
1096,2758,2025-01-29,35924.32,Debit
1097,1967,2025-01-28,112532.04,Credit
1098,66,2024-12-23,183467.32,Credit
1099,1476,2026-04-22,127883.33,Credit
1100,2975,2025-09-16,29387.18,Debit
1101,1495,2025-03-23,83839.38,Credit
1102,2421,2025-01-08,100363.66,Credit
1103,4487,2025-04-17,37065.71,Credit
1104,3167,2024-06-15,26901.71,Credit
1105,3237,2024-10-07,5223.16,Debit
1106,4512,2026-03-29,214760.36,Credit
1107,491,2024-11-24,94627.12,Debit
1108,3972,2025-01-26,133405.71,Debit
1109,2340,2024-09-20,246576.19,Credit
1110,3752,2025-01-08,73673.24,Debit
1111,622,2025-04-11,63269.51,Credit
1112,2717,2026-03-12,69244.91,Credit
1113,4121,2026-02-08,43791.38,Debit
1114,699,2024-11-01,180348.88,Debit
1115,2325,2025-03-16,113132.74,Debit
1116,977,2024-07-20,236196.14,Credit
1117,4824,2024-06-16,25234.57,Debit
1118,3987,2025-04-23,80267.35,Credit
1119,3030,2025-09-26,203747.57,Debit
1120,3520,2025-09-21,211029.31,Credit
1121,893,2025-01-12,77258.08,Debit
1122,4154,2024-10-19,1531.49,Debit
1123,4237,2024-08-30,104114.72,Debit
1124,1263,2024-09-04,49461.54,Debit
1125,3843,2025-03-11,104635.12,Debit
1126,2738,2025-06-26,52755.61,Debit
1127,3503,2024-07-10,104715.28,Credit
1128,1613,2024-08-22,1785.51,Debit
1129,1216,2025-08-10,100421.85,Credit
1130,2781,2025-03-17,237964.71,Credit
1131,2988,2026-04-30,94374.35,Debit
1132,3866,2025-02-26,21838.09,Credit
1133,2039,2025-08-26,192078.96,Debit
1134,1598,2025-03-04,20175.91,Credit
1135,806,2024-10-05,20418.24,Credit
1136,1505,2025-10-13,116779.31,Debit
1137,1259,2026-01-12,14558.22,Debit
1138,2957,2024-09-06,13912.23,Credit
1139,4611,2025-01-14,98175.9,Credit
1140,3611,2025-04-08,118893.83,Debit
1141,3202,2025-04-11,206803.82,Credit
1142,2187,2025-03-18,46132.05,Debit
1143,2052,2026-02-23,230190.15,Debit
1144,996,2024-06-18,246726.81,Credit
1145,1058,2025-01-11,182206.66,Debit
1146,1185,2026-04-17,240603.61,Credit
1147,2191,2025-07-12,239172.47,Debit
1148,2742,2025-07-29,18414.9,Credit
1149,3663,2026-04-30,124545.77,Debit
1150,1159,2025-04-02,152482.95,Debit
1151,4603,2025-12-10,41370.15,Debit
1152,946,2024-12-01,49077.64,Debit
1153,1618,2025-07-23,25910.89,Debit
1154,1972,2024-07-11,106550.65,Credit
1155,192,2025-09-04,2546.85,Credit
1156,2225,2026-01-29,241783.44,Credit
1157,2277,2025-03-13,61991.41,Credit
1158,4450,2025-04-01,44447.43,Credit
1159,2397,2025-09-23,127255.69,Debit
1160,4732,2026-01-10,104769.96,Credit
1161,3557,2025-08-21,203725.73,Debit
1162,567,2025-08-13,72679.58,Debit
1163,3608,2024-09-28,206842.15,Credit
1164,912,2026-02-21,96846.15,Debit
1165,770,2024-05-29,166742.82,Debit
1166,4037,2024-07-31,146481.07,Credit
1167,4571,2024-07-10,206965.32,Credit
1168,2768,2025-04-14,89421.05,Debit
1169,3417,2025-12-18,50598.96,Debit
1170,4611,2025-06-07,47583.66,Credit
1171,1254,2025-08-23,35626.48,Credit
1172,1747,2026-01-31,175722.13,Credit
1173,2629,2026-01-24,183519.74,Debit
1174,2209,2026-01-02,106226.54,Debit
1175,1356,2024-06-29,54977.62,Debit
1176,75,2025-07-21,150906.04,Debit
1177,3049,2024-09-04,191147.45,Debit
1178,4967,2025-09-03,27937.07,Credit
1179,4176,2026-03-03,8781.19,Credit
1180,3018,2024-08-28,103541.5,Debit
1181,2010,2025-07-15,239466.64,Debit
1182,2058,2025-02-10,95208.13,Debit
1183,4569,2026-01-19,182761.13,Credit
1184,1140,2025-03-12,73254.49,Credit
1185,1948,2026-05-08,132790.46,Debit
1186,1955,2024-12-07,122306.87,Debit
1187,2621,2025-05-06,175320.7,Credit
1188,1525,2024-05-28,232954.24,Credit
1189,4502,2025-01-31,145103.33,Debit
1190,3740,2025-06-03,194047.73,Credit
1191,3714,2025-02-28,99707.78,Debit
1192,129,2025-06-11,145825.01,Debit
1193,459,2025-08-29,127380.26,Debit
1194,4680,2026-04-03,245229.3,Debit
1195,4169,2025-09-17,62742.96,Debit
1196,685,2024-05-25,20046.77,Credit
1197,3832,2026-04-14,222473.13,Credit
1198,2240,2024-11-16,239986.68,Credit
1199,1232,2025-01-04,55781.3,Credit
1200,3529,2024-11-07,73592.87,Credit
1201,2773,2024-07-30,92820.88,Debit
1202,143,2026-04-09,164706.31,Debit
1203,1842,2025-12-06,83281.76,Debit
1204,131,2024-12-08,240420.61,Debit
1205,3779,2025-10-23,162639.94,Debit
1206,4535,2025-02-12,91645.37,Debit
1207,2837,2024-12-26,17004.97,Debit
1208,63,2025-08-14,57424.31,Debit
1209,4538,2025-02-19,112854.98,Debit
1210,2742,2026-01-16,230672.01,Credit
1211,2491,2024-08-07,246880.98,Debit
1212,4207,2025-03-04,107998.17,Debit
1213,771,2024-06-29,94668.09,Debit
1214,2124,2024-09-20,67345.31,Debit
1215,641,2025-10-04,99718.24,Credit
1216,976,2025-07-14,11751.01,Debit
1217,4512,2025-09-20,212906.59,Credit
1218,2356,2025-03-25,165093.38,Debit
1219,1640,2025-09-16,105410.86,Credit
1220,1690,2026-01-18,245040.17,Debit
1221,3809,2024-09-30,179236.68,Debit
1222,2383,2025-08-05,195748.42,Credit
1223,3532,2025-05-17,14908.35,Debit
1224,907,2024-09-17,96017.37,Credit
1225,4057,2026-02-11,1419.79,Debit
1226,4006,2026-02-18,241366.42,Credit
1227,3312,2025-05-30,9059.96,Credit
1228,2296,2025-01-22,167922.19,Credit
1229,3034,2024-09-21,88119.85,Credit
1230,2303,2025-12-25,191506.27,Debit
1231,1688,2025-10-27,53077.61,Debit
1232,2689,2025-04-03,214578.8,Debit
1233,871,2025-08-07,178005.2,Debit
1234,892,2024-08-04,24145.75,Debit
1235,2276,2024-10-25,51272.9,Debit
1236,275,2024-10-03,35585.16,Debit
1237,3861,2024-10-23,104256.12,Credit
1238,941,2025-06-01,147622.61,Credit
1239,1800,2025-06-30,128933.06,Credit
1240,3287,2024-07-19,21682.45,Debit
1241,4399,2025-11-09,111159.07,Debit
1242,976,2026-04-14,192291.49,Debit
1243,3557,2025-01-21,166941.66,Debit
1244,3128,2026-03-17,24192.66,Credit
1245,3465,2025-06-13,21412.43,Debit
1246,345,2025-07-14,217873.72,Debit
1247,3459,2026-03-30,142021.41,Debit
1248,4533,2024-08-01,238138.64,Debit
1249,2874,2025-01-25,123164.64,Debit
1250,296,2025-04-03,87545.81,Debit
1251,2467,2025-01-06,212628.74,Credit
1252,1554,2024-06-14,83998.48,Debit
1253,4270,2024-11-05,248933.62,Credit
1254,2495,2026-03-22,131521.34,Debit
1255,4050,2025-10-25,162445.75,Debit
1256,4517,2024-11-25,163347.62,Credit
1257,2131,2025-08-31,161835.59,Debit
1258,2387,2025-02-12,172812.9,Debit
1259,3198,2025-05-03,116997.85,Credit
1260,894,2025-02-25,80421.5,Debit
1261,1833,2025-02-07,41100.9,Debit
1262,122,2024-10-17,159831.29,Debit
1263,3260,2024-09-02,100136.63,Credit
1264,3521,2025-10-07,33926.59,Debit
1265,2851,2024-11-03,31549.43,Credit
1266,3141,2024-08-13,69803.47,Debit
1267,3259,2025-04-18,13377.72,Debit
1268,4282,2026-01-24,19112.74,Credit
1269,775,2024-10-03,96633.7,Credit
1270,877,2024-09-08,246295.48,Credit
1271,3707,2024-06-05,79183.34,Credit
1272,1064,2026-03-18,110252.73,Debit
1273,218,2024-09-13,195903.9,Credit
1274,1511,2025-09-20,20364.52,Credit
1275,2551,2025-11-11,192095.25,Debit
1276,2153,2025-09-14,95850.79,Credit
1277,1031,2025-09-07,59918.45,Debit
1278,4736,2025-07-13,38880.15,Credit
1279,3424,2024-09-01,27982.85,Debit
1280,2117,2026-03-21,87961.96,Credit
1281,1739,2025-09-02,199012.1,Credit
1282,3709,2025-01-14,152508.74,Credit
1283,800,2025-01-28,186326.61,Credit
1284,587,2025-02-04,161081.32,Debit
1285,2286,2024-06-19,54699.18,Debit
1286,4611,2026-02-07,156950.81,Debit
1287,3005,2024-12-06,25071.35,Credit
1288,1968,2025-07-20,9442.71,Debit
1289,2204,2024-08-19,107840.18,Debit
1290,3793,2025-04-15,189753.69,Credit
1291,3424,2025-09-16,53455.62,Debit
1292,4267,2025-05-13,69767.99,Credit
1293,3461,2025-01-21,56377.98,Debit
1294,2139,2025-03-06,214323.8,Debit
1295,4547,2025-03-19,222021.3,Debit
1296,4959,2025-11-24,228456.07,Debit
1297,2249,2025-02-20,124326.44,Credit
1298,1013,2026-01-31,70757.87,Debit
1299,3715,2025-12-24,205884.35,Debit
1300,3620,2025-06-01,139407.26,Debit
1301,1143,2024-09-28,184693.8,Debit
1302,3847,2025-02-26,148306.75,Credit
1303,135,2025-04-11,14595.52,Debit
1304,2056,2024-05-13,35132.23,Credit
1305,3158,2024-10-04,147421.79,Debit
1306,419,2024-11-22,142858.31,Credit
1307,431,2025-12-14,203268.95,Credit
1308,398,2025-05-27,632.29,Debit
1309,4620,2025-05-23,60334.37,Debit
1310,657,2025-12-12,164616.82,Debit
1311,362,2024-06-19,108610.52,Debit
1312,516,2024-11-17,70318.95,Credit
1313,578,2025-06-02,209343.17,Debit
1314,3945,2025-04-14,176996.82,Credit
1315,4802,2025-01-28,163382.12,Credit
1316,2497,2024-12-31,106064.64,Credit
1317,1839,2025-02-19,183338.8,Credit
1318,2014,2026-01-27,190393.32,Debit
1319,1547,2024-11-24,67068.33,Credit
1320,2716,2025-07-20,105333.54,Credit
1321,2858,2024-10-31,73905.2,Debit
1322,3462,2025-05-17,140382.67,Credit
1323,3658,2025-11-13,185564.47,Debit
1324,1812,2025-03-15,131586.05,Credit
1325,4207,2025-05-04,138806.49,Credit
1326,3010,2025-08-11,247969.48,Credit
1327,2400,2025-02-28,29207.77,Credit
1328,4665,2024-11-03,11564.06,Credit
1329,864,2025-03-23,63947.92,Credit
1330,2486,2025-12-31,55827.43,Debit
1331,247,2025-08-21,6983.44,Credit
1332,4979,2026-04-28,141661.65,Debit
1333,3185,2025-03-27,22435.85,Debit
1334,666,2024-06-26,35123.8,Debit
1335,4775,2024-12-23,88782.53,Credit
1336,750,2025-01-04,108153.33,Debit
1337,1407,2025-05-22,197781.93,Credit
1338,2227,2025-12-31,60106.84,Debit
1339,3019,2025-05-16,233307.68,Debit
1340,3910,2025-03-30,52490.63,Debit
1341,2463,2026-04-04,246763.15,Debit
1342,1919,2024-10-13,122204.38,Debit
1343,395,2025-07-03,69391.74,Credit
1344,135,2026-04-26,82762.68,Debit
1345,1944,2025-05-22,113191.68,Debit
1346,2978,2025-12-29,101272.49,Credit
1347,459,2025-08-10,128641.86,Credit
1348,2267,2024-08-14,121519.62,Credit
1349,2426,2026-01-11,104282.24,Credit
1350,722,2024-06-29,149863.43,Credit
1351,710,2024-07-31,234600.33,Credit
1352,643,2024-11-11,91688.08,Credit
1353,1559,2024-09-07,122265.2,Credit
1354,1519,2026-02-04,73896.56,Debit
1355,3728,2026-01-22,65102.15,Credit
1356,1028,2024-05-21,137375.27,Debit
1357,1767,2025-12-05,19455.43,Credit
1358,2379,2025-03-28,190804.93,Credit
1359,2484,2025-01-15,222443.35,Credit
1360,2532,2025-09-29,160470.36,Debit
1361,776,2024-09-27,15984.41,Debit
1362,3708,2025-11-16,25920.18,Debit
1363,4235,2024-09-12,195817.67,Credit
1364,2010,2025-05-11,119146.9,Credit
1365,4362,2024-10-05,172841.68,Credit
1366,1699,2024-09-19,11374.6,Credit
1367,3534,2026-04-16,242626.26,Debit
1368,1946,2025-04-23,186554.58,Credit
1369,977,2025-08-28,111191.78,Credit
1370,2489,2025-06-10,188890.92,Credit
1371,2813,2024-06-27,84599.59,Credit
1372,4140,2025-01-04,220255.92,Credit
1373,4048,2025-06-20,926.66,Debit
1374,1387,2025-10-20,184825.15,Credit
1375,4912,2024-10-30,51062.59,Credit
1376,288,2026-03-05,138783.94,Credit
1377,2485,2025-11-07,180495.91,Debit
1378,57,2025-10-13,31293.16,Credit
1379,394,2025-04-05,93044.97,Debit
1380,2768,2026-05-03,222654.2,Credit
1381,3432,2026-03-12,49752.62,Debit
1382,4659,2026-05-10,190042.73,Debit
1383,1206,2024-07-08,6792.99,Credit
1384,1126,2024-09-04,97815.31,Credit
1385,3128,2024-06-28,244576.86,Credit
1386,3047,2026-01-22,190709.14,Credit
1387,1082,2024-09-07,186360.91,Debit
1388,4124,2025-09-28,152955.83,Credit
1389,2912,2025-05-01,169997.41,Debit
1390,2868,2025-12-23,195303.62,Debit
1391,1717,2026-01-11,43622.71,Debit
1392,3368,2025-06-10,232860.47,Credit
1393,3340,2026-01-07,5375.22,Debit
1394,3587,2026-02-27,174804.36,Debit
1395,1677,2025-12-25,10682.22,Debit
1396,3727,2025-12-23,171718.5,Debit
1397,1189,2025-06-06,221257.2,Credit
1398,3077,2026-01-02,145584.83,Debit
1399,2025,2024-06-01,154881.91,Debit
1400,1561,2025-11-07,160754.22,Credit
1401,3565,2026-03-05,193731.1,Credit
1402,4457,2025-11-02,33832.35,Credit
1403,4243,2025-05-26,177998.03,Debit
1404,4491,2025-02-26,166471.93,Credit
1405,1987,2024-11-26,126354.15,Credit
1406,299,2025-05-16,33903.83,Credit
1407,629,2026-04-12,61456.28,Credit
1408,4533,2026-03-27,202361.21,Debit
1409,4109,2025-12-04,4334.18,Debit
1410,4998,2026-01-03,1213.15,Credit
1411,4478,2025-01-26,126791.71,Debit
1412,3443,2024-09-08,201759.77,Debit
1413,232,2025-08-13,160094.31,Debit
1414,654,2025-10-16,188809.96,Debit
1415,2309,2025-09-06,121303.65,Credit
1416,2121,2025-02-10,52562.98,Credit
1417,1589,2025-04-29,108804.6,Credit
1418,2879,2024-11-19,62963.66,Credit
1419,2023,2025-05-09,169266.27,Debit
1420,4402,2025-01-23,86089.51,Credit
1421,4638,2025-04-09,82637.78,Debit
1422,2653,2024-12-26,127593.53,Debit
1423,4529,2024-11-26,118835.82,Debit
1424,4131,2024-07-30,190372.76,Credit
1425,4101,2024-08-04,178250.56,Credit
1426,3268,2024-12-09,109953.93,Debit
1427,1558,2024-06-22,238709.87,Credit
1428,2924,2024-09-26,19672.93,Debit
1429,1357,2025-08-20,73639.63,Debit
1430,3517,2024-07-03,242890.35,Debit
1431,4634,2025-03-04,88950.75,Credit
1432,3600,2026-04-18,163424.43,Debit
1433,3073,2026-01-05,175640.44,Debit
1434,4572,2026-03-30,76310.92,Debit
1435,4881,2026-05-07,206381.67,Credit
1436,261,2025-10-09,200285.1,Debit
1437,3796,2025-08-02,88184.68,Debit
1438,3727,2024-11-06,198891.25,Debit
1439,170,2026-05-06,34535.16,Credit
1440,1222,2024-11-02,17805.08,Credit
1441,4212,2026-04-10,56192.7,Debit
1442,1142,2025-09-19,228161.15,Debit
1443,654,2025-10-14,225597.79,Debit
1444,919,2025-09-25,200002.17,Debit
1445,2873,2026-03-12,123382.15,Debit
1446,1685,2026-04-14,66322.42,Debit
1447,2969,2026-03-29,205454.11,Debit
1448,3117,2025-07-28,193762.0,Debit
1449,2507,2026-03-16,22715.37,Credit
1450,2376,2024-08-22,221708.76,Debit
1451,4320,2025-12-04,139852.29,Debit
1452,3394,2026-03-28,89828.0,Credit
1453,3531,2024-07-30,36832.46,Debit
1454,2475,2025-03-22,125968.2,Debit
1455,3702,2026-04-25,197236.91,Debit
1456,3268,2025-04-11,153320.68,Credit
1457,415,2025-10-11,168369.16,Debit
1458,1169,2024-07-29,235204.36,Debit
1459,294,2025-04-30,147388.91,Debit
1460,272,2025-12-07,221988.82,Credit
1461,3593,2025-06-06,99064.65,Debit
1462,2342,2024-06-22,69620.5,Credit
1463,2681,2024-10-30,101667.37,Debit
1464,165,2024-12-29,216139.04,Credit
1465,2782,2025-11-11,218964.68,Credit
1466,498,2024-12-01,197062.9,Debit
1467,1098,2026-04-30,143616.47,Credit
1468,2347,2024-09-16,78886.92,Debit
1469,3833,2025-01-14,34934.23,Credit
1470,3949,2025-01-18,119157.87,Debit
1471,1048,2026-02-12,104060.64,Credit
1472,4751,2024-11-09,4910.81,Debit
1473,4162,2024-11-10,228642.3,Debit
1474,3776,2024-05-23,38610.57,Debit
1475,768,2025-12-19,191775.77,Credit
1476,3147,2024-11-13,67955.37,Credit
1477,1505,2025-09-15,134438.32,Debit
1478,3914,2025-06-08,167268.58,Debit
1479,3331,2024-06-13,103540.69,Credit
1480,3322,2025-04-15,1185.3,Credit
1481,1151,2025-11-12,13245.93,Debit
1482,2772,2025-11-12,49607.16,Credit
1483,2940,2024-09-18,53721.16,Debit
1484,2785,2024-10-08,96934.38,Credit
1485,4436,2025-10-10,43211.74,Credit
1486,4668,2025-07-16,34207.18,Credit
1487,3954,2024-11-22,229051.47,Debit
1488,4628,2026-03-15,61376.93,Credit
1489,3330,2024-12-05,114018.84,Credit
1490,222,2026-05-03,233398.85,Debit
1491,2314,2025-07-10,212693.61,Debit
1492,849,2024-07-21,214771.77,Debit
1493,3141,2025-07-04,117363.89,Credit
1494,4632,2025-04-18,79738.71,Debit
1495,772,2024-12-15,143900.0,Debit
1496,1408,2026-05-10,17263.17,Credit
1497,4075,2024-07-03,223013.12,Credit
1498,2216,2026-03-21,244159.06,Credit
1499,3080,2024-10-23,178812.59,Credit
1500,3053,2024-06-25,196419.56,Credit
1501,3663,2024-06-13,131859.67,Debit
1502,2730,2024-09-06,199533.25,Debit
1503,3837,2024-10-11,92361.81,Debit
1504,2653,2025-12-07,167635.13,Debit
1505,974,2025-10-22,209073.26,Credit
1506,3060,2026-01-31,166013.57,Credit
1507,2910,2026-04-11,50278.59,Debit
1508,677,2025-08-06,61783.09,Credit
1509,3809,2026-01-09,189188.04,Debit
1510,3290,2024-10-15,192779.58,Debit
1511,3233,2024-09-27,155976.52,Debit
1512,2936,2025-06-21,211127.65,Credit
1513,1759,2026-03-10,107918.41,Credit
1514,2420,2024-05-17,220501.83,Debit
1515,2194,2026-03-26,224341.27,Debit
1516,2056,2024-10-06,150431.41,Credit
1517,1630,2026-05-09,175597.79,Credit
1518,4478,2025-06-20,65251.74,Credit
1519,3144,2024-11-17,159148.52,Debit
1520,4461,2025-08-07,109731.07,Debit
1521,1339,2025-04-08,115810.43,Debit
1522,2694,2024-12-02,27713.87,Debit
1523,2334,2024-05-20,61765.53,Debit
1524,758,2025-04-22,212510.36,Credit
1525,3993,2025-03-04,31684.66,Debit
1526,3534,2025-09-12,44744.81,Debit
1527,957,2025-04-04,124657.55,Credit
1528,2928,2025-07-13,158950.39,Debit
1529,4977,2025-12-15,224003.41,Credit
1530,982,2024-10-22,1780.05,Debit
1531,2372,2026-05-02,201847.89,Credit
1532,4550,2026-02-24,50775.65,Debit
1533,4382,2025-05-18,100765.04,Credit
1534,3508,2025-01-09,29341.56,Credit
1535,4033,2025-03-24,42671.5,Debit
1536,3476,2026-01-12,201215.5,Debit
1537,2458,2026-02-03,99292.87,Credit
1538,3053,2024-07-13,217889.52,Debit
1539,1264,2024-10-04,59210.32,Credit
1540,4680,2026-02-22,189312.06,Debit
1541,2952,2024-12-23,145152.28,Credit
1542,726,2025-12-26,153462.82,Credit
1543,1941,2025-08-29,53249.58,Credit
1544,3593,2025-01-21,114431.24,Credit
1545,3663,2025-12-19,124874.4,Credit
1546,2680,2025-10-23,178364.32,Debit
1547,3214,2026-01-12,239800.18,Debit
1548,217,2025-01-31,220605.29,Credit
1549,1638,2025-01-01,81759.56,Debit
1550,625,2026-02-17,15396.95,Credit
1551,3605,2024-10-26,62315.95,Credit
1552,3134,2024-10-14,114378.25,Debit
1553,2399,2024-09-17,23879.98,Debit
1554,3517,2025-08-06,205886.4,Debit
1555,4567,2024-08-10,245170.48,Credit
1556,605,2025-05-22,238759.12,Credit
1557,3813,2025-01-07,116163.21,Debit
1558,2081,2025-11-30,108256.23,Debit
1559,3471,2024-07-30,102674.81,Credit
1560,4160,2025-06-10,209556.75,Credit
1561,3807,2024-09-04,9889.62,Credit
1562,2873,2025-01-10,34012.17,Credit
1563,3241,2024-05-21,11893.73,Credit
1564,3441,2025-10-10,209558.02,Debit
1565,3260,2024-06-06,45353.97,Credit
1566,677,2024-06-02,31557.66,Credit
1567,3189,2025-05-10,217175.16,Credit
1568,1736,2025-06-13,142614.8,Debit
1569,4791,2026-01-24,34925.7,Credit
1570,2324,2024-06-23,63799.66,Credit
1571,1059,2024-09-29,92092.88,Credit
1572,3392,2025-01-09,79184.79,Credit
1573,2610,2025-02-05,195337.17,Credit
1574,1456,2025-05-26,56094.2,Debit
1575,3989,2024-06-09,221075.67,Credit
1576,4836,2025-05-26,174308.08,Debit
1577,3803,2025-07-22,121271.01,Credit
1578,3080,2025-11-06,127969.77,Credit
1579,4186,2024-07-03,242125.41,Credit
1580,3250,2025-07-14,135798.86,Debit
1581,4726,2026-01-24,39011.97,Debit
1582,1443,2024-06-16,156691.38,Credit
1583,586,2026-02-13,42747.91,Debit
1584,124,2025-09-01,152710.74,Debit
1585,3876,2026-03-26,214352.17,Debit
1586,3846,2024-07-11,41348.03,Credit
1587,3494,2024-07-03,194944.52,Debit
1588,1310,2024-06-26,234032.72,Debit
1589,3838,2026-05-03,117524.44,Debit
1590,1924,2026-04-10,20960.51,Debit
1591,1400,2025-04-26,182778.56,Debit
1592,2246,2025-02-15,112876.88,Debit
1593,3149,2025-10-26,34919.94,Debit
1594,1669,2025-03-11,55493.67,Credit
1595,2617,2026-01-20,50989.75,Debit
1596,1597,2025-01-12,85998.43,Debit
1597,268,2026-02-25,5641.12,Debit
1598,3602,2025-08-02,109859.84,Debit
1599,3591,2025-03-26,62223.06,Credit
1600,956,2025-06-22,111983.56,Credit
1601,3670,2025-11-16,153851.61,Credit
1602,4065,2024-05-29,13370.33,Debit
1603,1375,2026-01-29,100917.66,Debit
1604,1564,2025-04-17,231048.53,Credit
1605,4070,2026-03-20,17879.36,Credit
1606,4174,2025-06-26,144423.09,Debit
1607,72,2024-05-25,135238.81,Credit
1608,731,2024-10-06,16331.14,Credit
1609,3704,2024-05-14,198507.85,Credit
1610,3245,2025-04-01,67856.67,Debit
1611,3984,2024-12-31,216013.31,Credit
1612,2452,2025-05-03,46639.07,Credit
1613,1475,2025-03-27,170731.02,Credit
1614,628,2026-04-19,61140.91,Debit
1615,2456,2026-03-02,19313.4,Debit
1616,3993,2026-01-31,210842.79,Debit
1617,87,2024-08-09,180460.38,Credit
1618,1278,2024-08-25,156426.25,Credit
1619,4602,2025-04-25,18761.59,Debit
1620,4624,2025-12-01,118265.94,Debit
1621,3938,2025-11-18,179815.68,Debit
1622,1158,2026-04-22,244538.85,Debit
1623,2640,2024-07-05,185372.32,Debit
1624,2578,2025-09-10,220103.81,Credit
1625,3772,2024-10-23,36965.17,Credit
1626,3927,2025-12-05,192166.75,Debit
1627,2662,2025-03-27,113002.91,Debit
1628,1866,2026-04-30,7932.01,Credit
1629,2352,2025-09-20,10239.53,Debit
1630,2323,2024-07-14,136221.2,Credit
1631,1971,2025-10-17,123160.57,Debit
1632,1391,2024-11-28,195828.51,Credit
1633,4393,2024-12-05,21342.69,Debit
1634,210,2026-01-25,216488.54,Credit
1635,3915,2024-07-20,120728.66,Credit
1636,4491,2026-03-17,178669.69,Debit
1637,2793,2025-08-23,191813.71,Credit
1638,2778,2025-10-26,126766.12,Credit
1639,3054,2025-02-25,54411.93,Credit
1640,4157,2026-05-09,19450.59,Debit
1641,2078,2024-12-10,129939.51,Debit
1642,3794,2024-12-10,63141.78,Credit
1643,686,2024-11-29,84139.99,Credit
1644,2213,2024-12-06,16604.09,Debit
1645,579,2025-06-09,165683.54,Debit
1646,2848,2025-12-25,64657.86,Debit
1647,1123,2024-10-30,156564.09,Debit
1648,4934,2025-03-21,21461.89,Debit
1649,4022,2025-01-04,29024.17,Debit
1650,833,2026-03-14,194404.67,Credit
1651,4883,2025-03-25,56825.58,Credit
1652,3224,2025-09-25,106302.77,Credit
1653,2760,2025-04-28,101508.5,Credit
1654,1042,2025-05-10,30582.64,Debit
1655,2928,2025-11-28,43510.92,Debit
1656,796,2026-04-13,199548.21,Debit
1657,312,2024-10-20,44320.2,Debit
1658,4038,2024-09-04,132151.41,Credit
1659,4789,2025-11-18,22037.09,Debit
1660,2034,2025-12-10,152906.52,Credit
1661,489,2025-01-03,169168.78,Credit
1662,773,2025-05-17,34428.59,Credit
1663,3961,2026-05-12,156936.46,Credit
1664,1036,2025-04-14,110913.68,Debit
1665,4138,2024-09-23,161550.8,Debit
1666,1242,2025-07-16,192990.36,Credit
1667,2871,2025-08-12,36507.18,Debit
1668,3209,2025-03-15,147277.44,Credit
1669,920,2025-11-15,138278.26,Credit
1670,4578,2026-03-05,49632.25,Credit
1671,4178,2025-01-26,152093.56,Credit
1672,4492,2025-03-29,170410.74,Credit
1673,1658,2025-01-26,25814.62,Credit
1674,3561,2025-12-30,66137.98,Credit
1675,955,2025-09-21,156881.33,Debit
1676,288,2026-02-22,97430.33,Debit
1677,2737,2026-04-18,1687.38,Credit
1678,2228,2024-08-15,87262.21,Credit
1679,2795,2024-11-22,47406.82,Credit
1680,1039,2026-02-25,148385.04,Credit
1681,1343,2025-08-20,3765.32,Debit
1682,147,2025-10-10,63539.17,Credit
1683,3065,2025-09-16,230563.06,Debit
1684,1224,2024-12-07,217824.34,Debit
1685,779,2024-05-25,20700.67,Credit
1686,285,2025-11-06,134745.53,Credit
1687,2310,2024-08-25,167374.9,Debit
1688,3278,2025-05-03,212751.88,Debit
1689,4195,2026-04-20,19134.07,Credit
1690,2014,2024-06-21,196.5,Credit
1691,3873,2025-07-24,224503.77,Debit
1692,4808,2026-03-01,7490.08,Debit
1693,2798,2025-02-24,16359.27,Credit
1694,3888,2025-02-02,15247.77,Debit
1695,2773,2025-03-04,79977.1,Credit
1696,4695,2025-06-21,138347.57,Credit
1697,4891,2025-11-11,63187.97,Debit
1698,4697,2026-01-21,240297.22,Debit
1699,4645,2025-08-08,126991.47,Credit
1700,3351,2024-10-15,110425.08,Debit
1701,3528,2024-09-11,165234.41,Debit
1702,3499,2025-06-18,152301.84,Credit
1703,279,2025-06-30,185545.31,Debit
1704,1148,2025-02-28,190739.34,Debit
1705,1036,2025-12-08,199041.26,Debit
1706,1513,2024-11-25,165387.99,Credit
1707,4039,2025-12-07,3190.46,Debit
1708,1428,2024-07-12,190350.65,Credit
1709,1017,2024-12-19,134281.23,Debit
1710,2061,2024-12-28,170511.46,Credit
1711,634,2024-10-07,145947.91,Debit
1712,4179,2025-09-08,35822.72,Credit
1713,1458,2024-07-31,164528.71,Credit
1714,3301,2024-09-19,143082.23,Debit
1715,4488,2025-05-05,151712.16,Credit
1716,1852,2025-01-25,146874.38,Debit
1717,4793,2026-03-12,146794.32,Debit
1718,2073,2024-12-26,215106.82,Credit
1719,3308,2025-05-06,114051.3,Credit
1720,2101,2024-06-17,188745.16,Debit
1721,4,2025-11-23,144536.66,Credit
1722,956,2025-10-07,73585.35,Credit
1723,3332,2024-09-22,140634.51,Credit
1724,1762,2025-05-07,167759.89,Debit
1725,1227,2025-10-21,56689.35,Credit
1726,210,2024-09-04,10307.82,Credit
1727,2984,2025-04-14,47995.98,Credit
1728,4109,2025-07-21,139898.5,Credit
1729,1912,2026-03-17,171820.24,Debit
1730,4950,2026-02-09,223957.83,Debit
1731,3755,2025-08-06,117337.49,Debit
1732,3459,2024-05-18,38415.32,Credit
1733,561,2024-05-24,49305.85,Debit
1734,2828,2025-08-22,26949.73,Debit
1735,4711,2025-10-13,144592.35,Credit
1736,3891,2024-06-29,245411.16,Credit
1737,2827,2026-03-04,41092.74,Debit
1738,396,2025-04-04,233548.78,Credit
1739,2498,2024-09-14,25903.42,Debit
1740,142,2024-12-23,133719.77,Debit
1741,1038,2024-12-27,30631.74,Credit
1742,1756,2025-06-26,216944.07,Debit
1743,4514,2025-06-28,88144.34,Credit
1744,4434,2025-11-10,36855.95,Credit
1745,2789,2024-11-21,29820.85,Credit
1746,2668,2025-07-29,117790.4,Debit
1747,3203,2025-11-02,67704.82,Credit
1748,4074,2026-03-18,73917.56,Credit
1749,1631,2025-06-01,224576.59,Debit
1750,1070,2025-03-15,60876.41,Debit
1751,4014,2024-06-19,174595.26,Debit
1752,1883,2024-08-06,47614.13,Debit
1753,1424,2024-12-06,27706.18,Credit
1754,4266,2025-08-12,39194.15,Debit
1755,4994,2026-02-21,81308.57,Debit
1756,1439,2024-06-25,98808.87,Credit
1757,4962,2024-10-15,96186.19,Credit
1758,4392,2025-11-04,105217.22,Credit
1759,2798,2025-10-05,18972.92,Credit
1760,1537,2025-12-16,132267.21,Debit
1761,306,2025-09-29,131624.98,Credit
1762,4280,2024-05-15,87467.96,Debit
1763,2710,2025-12-06,168756.62,Debit
1764,1346,2024-06-12,64616.09,Credit
1765,1738,2026-01-27,128798.26,Debit
1766,2908,2025-08-04,149563.64,Credit
1767,3634,2025-06-18,102689.31,Debit
1768,2990,2025-01-24,80694.42,Credit
1769,3546,2025-04-24,142066.46,Debit
1770,3572,2025-02-20,233254.7,Debit
1771,3600,2024-06-05,51415.44,Credit
1772,3239,2024-09-03,215718.38,Credit
1773,3563,2025-01-30,175207.56,Debit
1774,2059,2025-02-18,141347.32,Debit
1775,2030,2025-05-30,244271.24,Debit
1776,2237,2025-10-03,122755.99,Debit
1777,4350,2024-12-25,10374.52,Debit
1778,2805,2024-07-04,6015.63,Debit
1779,2346,2025-07-03,115582.18,Credit
1780,4170,2025-02-02,206906.58,Debit
1781,107,2025-10-23,239024.05,Debit
1782,4676,2024-08-27,179130.63,Debit
1783,3319,2025-01-24,96078.26,Debit
1784,3375,2026-04-03,15774.12,Credit
1785,1907,2025-05-26,16727.14,Credit
1786,769,2024-11-02,205047.21,Debit
1787,24,2026-04-21,193793.25,Debit
1788,3011,2025-01-23,1523.23,Debit
1789,2278,2024-07-14,86782.11,Credit
1790,93,2025-08-25,180684.55,Credit
1791,2820,2025-08-24,129319.53,Credit
1792,918,2025-09-22,113673.31,Debit
1793,2400,2024-08-27,43814.63,Debit
1794,1601,2024-10-03,120779.64,Debit
1795,1628,2024-12-09,150270.41,Debit
1796,469,2026-02-16,136139.3,Credit
1797,1719,2025-05-10,94978.85,Credit
1798,624,2024-08-27,119849.17,Credit
1799,4594,2026-04-06,137471.21,Credit
1800,3611,2025-07-04,153857.87,Debit
1801,4225,2026-03-01,26497.74,Credit
1802,3816,2024-07-25,32664.43,Debit
1803,3605,2026-03-16,209282.78,Credit
1804,4669,2024-05-12,84702.32,Credit
1805,2005,2025-09-04,106078.65,Debit
1806,4146,2025-02-03,171155.46,Debit
1807,4201,2024-12-04,66568.73,Credit
1808,3160,2026-01-28,225054.01,Debit
1809,4633,2024-12-31,18358.94,Debit
1810,4217,2024-05-12,200245.48,Credit
1811,1339,2025-01-17,60525.27,Debit
1812,2122,2025-03-11,231037.8,Credit
1813,4526,2026-01-11,232181.94,Debit
1814,1615,2025-06-27,1375.62,Credit
1815,3755,2025-06-24,67757.24,Debit
1816,1373,2025-01-08,86526.87,Credit
1817,207,2024-11-09,55983.15,Credit
1818,1473,2025-12-28,13296.26,Debit
1819,2706,2025-08-01,50187.5,Credit
1820,1463,2024-07-18,108097.35,Credit
1821,2589,2024-09-24,208297.32,Debit
1822,1521,2025-08-09,142957.23,Credit
1823,3458,2024-11-03,7108.76,Credit
1824,4761,2024-10-19,6240.18,Debit
1825,3666,2025-01-06,171581.71,Debit
1826,1123,2025-06-12,241267.24,Debit
1827,4454,2025-02-27,161292.14,Debit
1828,176,2026-03-09,7254.29,Debit
1829,134,2024-11-23,206106.18,Debit
1830,1379,2024-05-12,232804.25,Debit
1831,4577,2025-01-06,214549.51,Debit
1832,2652,2024-09-21,47416.75,Debit
1833,1564,2026-05-06,116073.9,Credit
1834,4535,2025-09-14,138349.59,Debit
1835,2709,2025-11-17,15965.39,Credit
1836,4478,2025-03-06,189673.34,Debit
1837,4680,2024-08-07,151645.37,Credit
1838,3453,2025-10-20,121355.25,Debit
1839,2547,2026-01-11,74613.71,Debit
1840,1584,2025-06-17,79801.29,Debit
1841,2494,2025-01-07,160285.08,Credit
1842,3999,2025-07-30,194357.61,Credit
1843,2541,2024-05-24,200643.2,Debit
1844,3241,2025-04-18,50988.36,Debit
1845,3824,2026-01-19,125725.72,Credit
1846,1966,2024-09-26,184771.22,Credit
1847,1774,2025-10-29,230979.93,Credit
1848,3316,2025-04-05,207220.62,Debit
1849,2241,2025-06-09,112145.26,Debit
1850,1469,2024-09-18,53635.4,Debit
1851,195,2025-09-02,54746.95,Credit
1852,111,2024-07-22,154963.28,Debit
1853,1868,2024-12-22,19469.48,Debit
1854,1135,2025-04-06,192527.42,Credit
1855,4276,2025-04-18,206390.83,Credit
1856,316,2024-08-29,756.34,Debit
1857,1336,2024-09-29,103411.24,Credit
1858,2222,2024-06-18,239210.91,Credit
1859,743,2025-10-16,17863.52,Debit
1860,3284,2024-12-21,42656.29,Debit
1861,2579,2025-01-28,203497.89,Credit
1862,3199,2025-07-11,175584.09,Debit
1863,1629,2025-04-17,213703.82,Debit
1864,4762,2024-11-08,219564.49,Credit
1865,3175,2024-07-01,21235.42,Credit
1866,2143,2026-05-12,193382.61,Debit
1867,4821,2026-02-10,176407.2,Debit
1868,761,2026-02-19,66694.37,Debit
1869,1932,2024-07-14,244321.99,Debit
1870,4666,2025-10-16,228400.51,Credit
1871,4691,2024-08-14,149113.7,Debit
1872,3290,2025-08-23,173211.31,Debit
1873,3461,2024-10-15,205416.08,Debit
1874,3986,2025-05-25,235258.91,Debit
1875,833,2024-11-01,109166.58,Debit
1876,951,2024-10-13,37548.71,Debit
1877,3653,2026-03-03,109689.84,Credit
1878,500,2025-07-22,170679.97,Debit
1879,1114,2025-12-24,185997.87,Credit
1880,849,2025-11-10,42082.62,Credit
1881,1850,2025-11-11,87266.12,Debit
1882,700,2025-11-15,215318.03,Credit
1883,4882,2024-09-25,65225.76,Credit
1884,693,2024-05-28,41543.19,Credit
1885,1317,2024-11-05,178019.93,Credit
1886,4883,2025-04-30,38472.59,Debit
1887,4416,2025-11-14,68462.67,Credit
1888,4458,2025-11-24,46023.49,Debit
1889,4690,2024-07-26,154509.67,Credit
1890,4487,2025-01-14,111991.09,Credit
1891,4657,2024-11-19,158534.34,Debit
1892,1536,2025-12-31,55034.3,Credit
1893,3396,2025-03-13,225766.66,Credit
1894,4328,2024-06-07,189009.51,Debit
1895,3136,2024-09-11,131877.93,Debit
1896,77,2026-01-29,117570.98,Debit
1897,1502,2024-07-28,192278.28,Debit
1898,4014,2024-12-29,2517.17,Debit
1899,3663,2025-02-10,8199.86,Credit
1900,2745,2024-12-02,169110.82,Debit
1901,2412,2024-08-22,19595.18,Credit
1902,2124,2025-05-26,29810.78,Debit
1903,1689,2025-02-13,131683.09,Credit
1904,109,2026-03-01,193811.62,Credit
1905,3134,2026-03-22,106072.53,Credit
1906,455,2025-01-09,30549.97,Debit
1907,715,2025-11-17,46617.16,Debit
1908,1135,2024-12-06,145583.92,Debit
1909,685,2026-04-09,22878.95,Credit
1910,2828,2025-07-21,241793.73,Debit
1911,3081,2025-08-29,232722.18,Debit
1912,3148,2024-12-12,138181.91,Credit
1913,3836,2026-05-07,13021.32,Credit
1914,4528,2025-06-14,24407.84,Debit
1915,4235,2024-08-25,83261.23,Credit
1916,4674,2025-06-03,59496.61,Credit
1917,1600,2024-07-12,184668.49,Credit
1918,3465,2024-10-06,99113.37,Credit
1919,386,2025-06-21,97550.5,Credit
1920,1421,2024-10-07,239563.02,Debit
1921,1624,2024-08-31,225874.86,Debit
1922,939,2024-12-29,5691.85,Debit
1923,3166,2024-10-03,90969.83,Debit
1924,3524,2025-09-21,87163.03,Credit
1925,3580,2026-01-19,59071.12,Debit
1926,3885,2025-12-08,28329.82,Credit
1927,4895,2024-06-12,87851.47,Credit
1928,867,2025-10-30,186237.52,Debit
1929,4120,2026-01-18,55745.32,Credit
1930,1238,2026-03-04,159727.75,Credit
1931,40,2025-06-13,68108.75,Debit
1932,4499,2024-12-24,128213.32,Credit
1933,402,2025-12-01,137955.3,Credit
1934,4883,2025-12-18,87304.56,Credit
1935,2711,2025-05-24,45529.0,Credit
1936,1602,2025-10-07,86462.18,Debit
1937,2404,2024-08-13,165494.95,Credit
1938,2524,2026-03-30,105567.84,Credit
1939,2103,2026-01-21,238358.83,Debit
1940,4781,2026-02-06,210737.51,Credit
1941,2654,2025-10-28,156536.29,Credit
1942,2971,2025-08-04,231538.05,Credit
1943,137,2025-02-02,6286.97,Debit
1944,966,2024-12-13,160943.31,Credit
1945,1163,2024-10-17,234926.48,Credit
1946,3553,2025-10-10,108970.72,Debit
1947,383,2026-03-15,57976.22,Credit
1948,3939,2024-12-26,37393.26,Debit
1949,3376,2026-01-11,86115.23,Credit
1950,1251,2025-11-25,4030.31,Debit
1951,3149,2026-01-05,207384.47,Credit
1952,2257,2025-05-09,216059.1,Debit
1953,788,2025-07-23,185491.85,Credit
1954,1707,2025-06-15,138662.52,Credit
1955,4831,2025-05-24,17349.58,Credit
1956,4144,2025-04-20,149629.73,Debit
1957,3044,2025-09-17,54681.07,Credit
1958,3395,2024-09-18,241257.17,Debit
1959,272,2025-06-19,102509.86,Credit
1960,3154,2024-08-05,122104.61,Credit
1961,2796,2025-01-06,12930.82,Debit
1962,4779,2026-01-22,162706.85,Debit
1963,3076,2026-04-21,120380.82,Credit
1964,2705,2025-02-19,182246.0,Debit
1965,1163,2026-03-31,61212.98,Debit
1966,2245,2025-06-28,7558.57,Debit
1967,4912,2025-01-15,9031.49,Debit
1968,4428,2024-06-14,245383.73,Debit
1969,851,2025-02-03,182751.16,Debit
1970,2268,2024-09-24,128477.99,Debit
1971,1718,2024-06-11,8455.43,Debit
1972,1258,2025-09-12,233192.67,Debit
1973,2427,2026-04-18,106930.81,Credit
1974,3369,2025-01-28,38712.99,Debit
1975,3063,2025-03-18,138739.47,Debit
1976,3426,2025-10-25,87176.73,Debit
1977,53,2024-06-10,223936.43,Debit
1978,2022,2026-05-01,59890.62,Debit
1979,1748,2025-05-27,117258.43,Credit
1980,1746,2025-10-07,170618.8,Debit
1981,2027,2026-03-14,32329.22,Credit
1982,1786,2025-12-16,214185.07,Credit
1983,347,2024-05-20,68967.52,Debit
1984,190,2026-02-15,169872.65,Debit
1985,3875,2025-12-26,152991.92,Credit
1986,2451,2024-07-15,199759.5,Debit
1987,4770,2025-12-30,160177.73,Debit
1988,268,2025-06-15,138901.45,Credit
1989,2936,2026-03-03,121428.07,Debit
1990,4145,2025-11-02,144695.6,Debit
1991,1078,2025-09-20,174086.62,Credit
1992,3754,2025-02-08,83210.75,Debit
1993,1222,2026-04-04,11266.83,Debit
1994,842,2025-07-30,119064.76,Credit
1995,4978,2024-06-22,88841.23,Debit
1996,1889,2024-10-09,53987.97,Credit
1997,4855,2025-11-13,212696.58,Credit
1998,660,2024-09-22,211326.3,Debit
1999,3720,2025-03-07,249855.89,Credit
2000,1419,2024-11-05,232439.83,Credit
2001,1271,2024-05-17,186684.89,Debit
2002,1279,2025-01-22,122887.11,Debit
2003,677,2025-08-06,232652.17,Debit
2004,76,2024-07-09,154545.31,Credit
2005,3432,2024-11-08,87775.67,Debit
2006,2554,2026-04-11,112698.73,Credit
2007,3700,2026-05-01,54365.09,Credit
2008,4295,2025-03-21,48179.31,Debit
2009,3717,2025-06-10,110364.11,Debit
2010,688,2026-02-28,127222.73,Debit
2011,2243,2026-04-10,210440.63,Credit
2012,1092,2026-03-06,101751.82,Debit
2013,2830,2024-07-19,139538.34,Credit
2014,3551,2024-09-11,107240.43,Debit
2015,4029,2025-01-02,231209.7,Credit
2016,1647,2025-05-30,131805.29,Credit
2017,1267,2024-11-04,12154.09,Credit
2018,154,2025-11-19,14242.5,Credit
2019,3005,2024-10-22,20312.14,Credit
2020,1019,2025-11-22,71467.79,Debit
2021,997,2024-12-09,38163.79,Debit
2022,4733,2024-11-23,105452.03,Credit
2023,2149,2025-12-19,215871.17,Debit
2024,1112,2024-06-29,101035.56,Credit
2025,342,2025-09-21,173281.71,Credit
2026,3150,2024-12-22,24425.82,Credit
2027,1338,2025-03-18,156800.32,Credit
2028,426,2024-12-20,49895.97,Credit
2029,4993,2025-10-26,213377.96,Credit
2030,4097,2025-09-18,144547.39,Credit
2031,4498,2026-03-06,243924.05,Credit
2032,2420,2025-10-10,153862.75,Credit
2033,3602,2025-07-11,161195.53,Debit
2034,4982,2025-10-07,162838.43,Debit
2035,2650,2025-06-01,64536.78,Debit
2036,3427,2024-12-05,125207.85,Credit
2037,1601,2025-09-12,5041.92,Credit
2038,221,2025-08-13,196575.78,Debit
2039,231,2024-07-11,68880.14,Credit
2040,2117,2025-09-07,113149.05,Debit
2041,1513,2024-10-30,152642.34,Debit
2042,837,2025-05-19,109551.05,Credit
2043,4598,2025-12-12,48926.46,Debit
2044,1996,2025-07-01,196636.15,Credit
2045,3349,2024-07-09,50107.72,Credit
2046,1442,2025-02-11,359.89,Debit
2047,739,2025-05-22,87223.49,Debit
2048,2965,2025-11-12,40072.47,Credit
2049,4477,2025-11-30,167267.31,Credit
2050,3062,2024-12-23,232038.14,Debit
2051,1398,2026-05-05,193755.6,Debit
2052,1509,2024-07-09,24620.62,Credit
2053,4547,2024-10-23,135014.61,Debit
2054,1984,2026-04-29,192846.8,Credit
2055,312,2025-04-14,52013.2,Debit
2056,2832,2025-01-08,72800.18,Debit
2057,3192,2024-08-24,108442.5,Credit
2058,2271,2025-03-13,181219.25,Credit
2059,1071,2025-08-27,249099.72,Credit
2060,3939,2024-10-03,236670.1,Debit
2061,3971,2024-08-02,51747.16,Debit
2062,4726,2025-02-11,22551.92,Credit
2063,175,2026-03-09,166065.7,Credit
2064,989,2026-02-22,75757.55,Credit
2065,1391,2024-11-21,166647.84,Credit
2066,2134,2025-07-07,141069.08,Credit
2067,3632,2025-03-20,173523.31,Debit
2068,1270,2024-06-22,168220.09,Credit
2069,138,2025-12-29,9529.81,Debit
2070,2298,2024-08-21,243430.26,Credit
2071,4321,2025-05-25,36639.49,Debit
2072,3910,2026-01-30,75831.17,Debit
2073,2115,2025-06-29,75908.55,Debit
2074,3131,2024-06-02,6710.23,Credit
2075,856,2025-09-12,27227.34,Debit
2076,2384,2026-03-29,106919.57,Credit
2077,2060,2024-06-06,159947.14,Credit
2078,833,2026-04-11,205022.31,Credit
2079,677,2024-05-27,111141.27,Credit
2080,1819,2024-09-20,35270.3,Debit
2081,3921,2025-06-17,130160.19,Credit
2082,3012,2024-11-30,168847.07,Credit
2083,1693,2024-12-11,161777.62,Debit
2084,1726,2025-11-22,79689.63,Credit
2085,2902,2025-11-21,33551.28,Credit
2086,623,2025-01-26,7803.01,Credit
2087,3461,2025-04-18,89774.59,Credit
2088,195,2025-12-27,237548.6,Credit
2089,3144,2024-11-28,126474.27,Debit
2090,589,2025-03-30,31655.23,Credit
2091,4767,2026-04-01,132708.22,Debit
2092,1705,2025-02-05,176251.25,Debit
2093,1415,2025-12-02,61298.15,Credit
2094,313,2025-01-30,155502.09,Credit
2095,2459,2025-05-25,27029.8,Debit
2096,1484,2025-10-26,234919.88,Debit
2097,1304,2026-02-20,111324.03,Debit
2098,1883,2025-07-18,115541.64,Credit
2099,1414,2026-03-14,28903.27,Debit
2100,1442,2025-10-15,243549.03,Debit
2101,2685,2025-08-05,150903.55,Debit
2102,4240,2025-09-19,161441.48,Debit
2103,2846,2025-10-02,93845.75,Credit
2104,4485,2025-08-19,29339.11,Credit
2105,18,2025-09-29,2457.43,Debit
2106,2268,2024-12-24,235550.13,Credit
2107,4313,2026-03-30,229067.77,Credit
2108,2020,2024-11-24,88531.63,Credit
2109,4828,2024-11-23,135670.26,Debit
2110,2521,2025-01-09,38800.46,Debit
2111,4369,2026-03-05,208354.69,Debit
2112,118,2025-05-04,213123.82,Credit
2113,4128,2024-07-04,229284.17,Credit
2114,545,2025-05-18,507.83,Debit
2115,1131,2025-01-26,11842.43,Debit
2116,1748,2024-10-02,168462.93,Credit
2117,2362,2024-10-19,194861.99,Debit
2118,831,2025-11-14,107665.6,Credit
2119,1227,2025-09-24,13092.34,Credit
2120,4094,2024-12-16,237989.27,Debit
2121,4513,2025-08-16,190548.72,Debit
2122,3603,2025-04-10,161153.7,Debit
2123,3352,2025-07-11,93627.64,Credit
2124,2108,2024-06-24,142478.76,Debit
2125,1061,2024-11-30,5883.83,Debit
2126,1402,2024-09-24,176079.89,Credit
2127,3897,2024-05-27,68298.11,Debit
2128,297,2026-05-01,75033.06,Debit
2129,1428,2025-11-19,177147.42,Debit
2130,4872,2025-10-20,76827.09,Debit
2131,783,2025-02-21,50306.49,Credit
2132,2354,2025-12-12,163737.18,Debit
2133,1479,2025-09-14,119297.89,Credit
2134,99,2025-06-11,82419.62,Debit
2135,4199,2024-08-12,95997.81,Debit
2136,2956,2025-02-28,89117.16,Credit
2137,1910,2025-10-07,51495.24,Credit
2138,803,2025-03-19,61283.22,Debit
2139,849,2025-11-12,139562.7,Debit
2140,4310,2025-11-15,217122.33,Debit
2141,3669,2024-10-20,114569.67,Credit
2142,4115,2025-02-26,228437.69,Credit
2143,1159,2026-02-15,232186.77,Credit
2144,1490,2026-04-07,11644.26,Debit
2145,4055,2024-10-05,2998.82,Credit
2146,51,2025-08-16,38396.93,Debit
2147,2474,2025-12-01,153444.81,Debit
2148,35,2025-12-01,217704.37,Debit
2149,1629,2025-09-10,48856.69,Credit
2150,4011,2024-06-05,37311.14,Debit
2151,3938,2025-12-19,203752.69,Credit
2152,3102,2024-08-02,140112.53,Credit
2153,1420,2024-11-05,121363.27,Credit
2154,3254,2026-04-18,110099.57,Debit
2155,2995,2025-11-14,129399.05,Credit
2156,3179,2026-03-04,115125.4,Credit
2157,3302,2024-11-06,237943.84,Credit
2158,4593,2024-09-29,222886.93,Debit
2159,2144,2025-12-25,214639.66,Credit
2160,1838,2024-10-19,54552.06,Debit
2161,4086,2026-04-17,154740.3,Credit
2162,4508,2025-06-25,180195.53,Debit
2163,2904,2025-12-27,17568.56,Credit
2164,665,2024-08-12,46132.11,Debit
2165,4676,2025-09-22,99342.56,Debit
2166,877,2025-06-18,172757.09,Credit
2167,3058,2025-09-04,237440.81,Credit
2168,3169,2024-09-02,123074.05,Credit
2169,239,2025-12-18,79328.17,Credit
2170,811,2025-01-05,64519.73,Debit
2171,559,2026-02-09,46706.42,Debit
2172,2843,2024-11-16,91149.75,Credit
2173,3058,2025-05-24,185862.39,Credit
2174,19,2025-05-01,28762.65,Credit
2175,141,2025-01-15,249634.36,Debit
2176,4502,2025-11-10,126786.1,Debit
2177,2042,2026-04-05,115052.45,Credit
2178,2875,2025-02-01,227969.23,Credit
2179,2599,2024-05-24,7567.45,Credit
2180,3904,2025-11-26,51458.31,Debit
2181,2862,2025-01-19,154206.42,Credit
2182,1066,2025-09-28,187426.32,Credit
2183,4942,2025-08-29,29640.09,Debit
2184,1365,2026-05-11,129236.86,Debit
2185,1396,2025-07-31,31287.3,Debit
2186,1252,2026-05-08,38026.3,Credit
2187,332,2024-11-23,161827.96,Debit
2188,1574,2024-11-17,188496.74,Credit
2189,807,2025-10-20,212109.5,Debit
2190,179,2025-11-30,49270.4,Credit
2191,4771,2024-06-04,2246.43,Credit
2192,4841,2025-05-21,132521.94,Debit
2193,720,2026-02-15,143804.14,Debit
2194,3294,2024-10-19,80488.09,Debit
2195,1567,2026-03-29,187163.55,Credit
2196,1024,2024-09-17,103840.33,Credit
2197,1483,2026-01-01,130817.07,Debit
2198,4247,2025-10-28,8158.26,Credit
2199,1041,2024-07-18,55630.0,Credit
2200,1835,2024-06-10,40940.87,Credit
2201,4673,2024-10-06,69492.32,Credit
2202,625,2026-03-23,156859.08,Credit
2203,378,2025-10-31,175372.57,Credit
2204,1243,2026-02-08,139750.22,Credit
2205,2059,2025-11-06,226567.76,Debit
2206,3921,2025-07-28,99936.45,Credit
2207,2549,2024-07-17,241050.93,Credit
2208,1838,2024-12-03,42539.18,Credit
2209,3863,2024-05-16,106677.33,Debit
2210,2845,2025-12-21,80726.9,Debit
2211,3428,2025-11-21,85891.13,Debit
2212,318,2024-10-12,170525.0,Debit
2213,177,2025-09-08,154706.95,Credit
2214,2880,2025-05-14,161425.35,Credit
2215,1860,2026-03-10,137844.28,Debit
2216,4769,2025-10-11,159359.21,Debit
2217,1173,2026-03-16,243956.57,Credit
2218,4741,2026-04-08,50075.05,Credit
2219,3129,2025-03-18,97182.31,Credit
2220,1647,2026-04-23,111305.13,Debit
2221,1609,2024-10-17,26852.88,Credit
2222,542,2025-10-16,67449.0,Credit
2223,3680,2024-06-17,222541.75,Debit
2224,3084,2025-06-26,75246.04,Debit
2225,2390,2025-10-01,188071.28,Credit
2226,2330,2025-10-31,64847.6,Credit
2227,1953,2025-02-27,43475.69,Debit
2228,4705,2025-06-08,140880.92,Credit
2229,405,2025-06-04,77676.46,Debit
2230,955,2025-12-11,244672.42,Debit
2231,2652,2024-07-10,17354.38,Credit
2232,3634,2026-02-16,201524.84,Debit
2233,3979,2025-06-25,128531.15,Debit
2234,2229,2026-02-09,232683.18,Credit
2235,4984,2025-12-29,167423.88,Credit
2236,3674,2025-11-19,75443.26,Credit
2237,1944,2025-09-13,187483.28,Credit
2238,4104,2025-03-30,89768.41,Credit
2239,184,2026-04-14,3032.56,Debit
2240,123,2025-02-22,128817.16,Credit
2241,3695,2024-10-06,55917.51,Credit
2242,1582,2024-12-26,35257.83,Credit
2243,3471,2026-03-27,98181.64,Debit
2244,4541,2024-09-27,80445.32,Debit
2245,3294,2024-07-31,49621.13,Debit
2246,1371,2025-01-24,100970.81,Debit
2247,572,2024-05-16,210606.6,Debit
2248,4169,2025-12-01,96730.24,Debit
2249,1523,2025-01-30,29966.3,Credit
2250,3267,2025-04-25,242617.17,Debit
2251,1380,2024-10-31,74490.31,Debit
2252,2682,2024-06-08,171290.97,Debit
2253,2428,2025-03-04,114081.57,Credit
2254,772,2025-12-05,32803.66,Debit
2255,537,2026-04-15,133170.61,Credit
2256,192,2024-11-24,24565.06,Credit
2257,2268,2025-11-03,26539.01,Debit
2258,2872,2025-02-02,43374.58,Debit
2259,1284,2026-04-17,189806.9,Debit
2260,3831,2025-01-21,28104.14,Debit
2261,2405,2026-05-04,47281.52,Debit
2262,2221,2025-05-22,191862.85,Debit
2263,221,2024-05-13,57873.1,Debit
2264,1818,2024-09-01,4785.23,Credit
2265,3140,2025-08-20,207414.62,Credit
2266,207,2025-10-15,88482.19,Debit
2267,17,2024-09-18,57724.11,Credit
2268,3685,2025-11-08,127742.9,Credit
2269,2322,2026-04-06,133853.1,Credit
2270,2842,2025-02-19,9079.64,Credit
2271,2970,2026-05-03,196172.77,Debit
2272,714,2024-11-14,179250.92,Debit
2273,4724,2026-02-19,170632.05,Credit
2274,2801,2024-10-16,62394.15,Debit
2275,638,2025-06-25,237362.26,Credit
2276,2050,2025-06-01,63472.98,Debit
2277,962,2026-04-01,249441.71,Credit
2278,1732,2025-06-01,201616.51,Debit
2279,4786,2024-06-24,168223.21,Credit
2280,1137,2025-07-11,172127.94,Debit
2281,1378,2025-12-31,73844.83,Credit
2282,1733,2025-08-23,156011.72,Credit
2283,1890,2026-03-30,2637.28,Debit
2284,1208,2025-03-18,94434.43,Debit
2285,3878,2025-10-26,84763.46,Debit
2286,2125,2025-02-06,202147.34,Credit
2287,4339,2026-03-10,85908.92,Debit
2288,3960,2026-05-08,34496.35,Credit
2289,2,2025-11-25,8556.62,Debit
2290,1269,2025-10-31,139273.87,Credit
2291,3598,2025-06-16,27767.4,Debit
2292,3159,2025-09-30,198993.34,Credit
2293,2555,2024-12-31,126118.9,Credit
2294,4097,2025-10-17,21587.41,Credit
2295,1938,2024-11-27,4224.66,Credit
2296,4798,2025-09-04,49007.64,Debit
2297,4812,2025-03-20,163377.01,Debit
2298,4034,2026-03-02,249588.16,Debit
2299,1134,2025-04-22,51876.01,Credit
2300,1480,2024-07-06,241283.9,Debit
2301,2572,2026-04-09,216838.79,Credit
2302,2646,2026-05-03,38123.73,Debit
2303,3038,2024-06-13,56386.72,Credit
2304,3759,2025-11-05,209387.51,Credit
2305,556,2026-01-20,83187.03,Credit
2306,1202,2025-04-27,2832.61,Credit
2307,1506,2025-11-17,149747.15,Debit
2308,1386,2024-11-27,206850.81,Debit
2309,1531,2025-03-17,157339.55,Credit
2310,683,2024-10-04,49433.85,Credit
2311,2223,2025-04-01,170623.44,Debit
2312,2172,2025-10-24,134439.76,Credit
2313,4430,2024-12-16,153905.33,Credit
2314,4812,2025-12-20,84992.85,Credit
2315,869,2026-03-14,37214.48,Debit
2316,2510,2025-01-01,163451.96,Credit
2317,1245,2024-05-27,51244.93,Credit
2318,4023,2026-01-22,13628.38,Debit
2319,668,2024-09-06,204479.06,Credit
2320,3881,2025-01-25,64302.14,Debit
2321,1361,2025-10-15,243614.92,Debit
2322,4260,2025-04-29,166695.49,Debit
2323,2039,2024-11-13,197748.29,Debit
2324,3156,2024-11-11,117573.57,Credit
2325,2436,2025-04-24,191332.17,Debit
2326,941,2025-01-17,163342.66,Debit
2327,2718,2025-08-28,54361.8,Credit
2328,2300,2026-01-11,135322.37,Credit
2329,3914,2025-11-09,121269.81,Credit
2330,2115,2026-02-10,157963.12,Debit
2331,1549,2025-03-03,196170.5,Debit
2332,3456,2024-07-03,189198.31,Debit
2333,88,2025-05-08,85887.62,Credit
2334,901,2025-01-16,174658.15,Credit
2335,2013,2024-07-20,11628.47,Credit
2336,3288,2024-11-07,16651.63,Credit
2337,990,2025-01-01,76176.55,Credit
2338,94,2024-07-25,106669.3,Debit
2339,4173,2024-12-25,108344.29,Debit
2340,2787,2025-12-05,12056.43,Debit
2341,4456,2025-04-29,208275.83,Credit
2342,4285,2026-04-18,44694.5,Debit
2343,2521,2025-11-15,216516.38,Credit
2344,4721,2024-10-22,242628.48,Credit
2345,4242,2024-10-04,21919.58,Debit
2346,4492,2025-01-10,165073.36,Debit
2347,761,2025-01-05,163700.52,Credit
2348,2142,2025-04-09,110603.88,Credit
2349,3264,2025-04-28,202629.21,Credit
2350,1548,2025-12-26,66452.22,Debit
2351,3298,2026-04-16,241143.53,Credit
2352,1336,2026-03-12,153900.68,Credit
2353,4354,2025-04-26,237030.04,Debit
2354,2907,2025-06-22,246270.76,Credit
2355,1179,2025-02-19,157562.95,Debit
2356,2606,2024-12-31,247714.97,Credit
2357,596,2025-08-12,97957.89,Credit
2358,386,2024-05-22,244843.7,Debit
2359,3894,2026-03-24,183422.06,Credit
2360,2701,2024-06-08,31190.32,Credit
2361,4393,2025-10-02,231268.32,Credit
2362,4905,2024-12-29,155945.84,Credit
2363,3254,2025-10-14,41841.34,Credit
2364,1886,2025-04-30,23274.87,Credit
2365,4696,2025-08-17,33041.99,Debit
2366,1808,2025-07-24,50038.33,Credit
2367,333,2025-07-07,196181.69,Debit
2368,690,2025-11-09,47136.92,Credit
2369,3186,2025-04-26,81447.16,Credit
2370,4060,2024-06-14,189388.02,Debit
2371,547,2025-01-18,41263.18,Credit
2372,3328,2025-08-22,209644.9,Credit
2373,2224,2025-07-22,237358.55,Debit
2374,3340,2025-04-28,232302.62,Debit
2375,967,2024-05-18,136757.7,Credit
2376,2804,2024-09-17,188197.18,Debit
2377,1659,2025-08-16,173673.54,Debit
2378,4527,2025-12-07,15909.12,Debit
2379,1238,2025-03-27,32558.94,Credit
2380,1091,2024-12-01,118633.3,Debit
2381,3568,2024-08-19,49536.37,Debit
2382,66,2026-02-19,107689.94,Credit
2383,1370,2024-12-20,103160.79,Debit
2384,3077,2024-05-20,239799.98,Credit
2385,2071,2025-02-10,9708.06,Debit
2386,3877,2025-12-23,196435.56,Credit
2387,3782,2024-11-11,225720.92,Credit
2388,625,2025-02-07,206561.76,Debit
2389,1863,2026-02-01,165637.22,Debit
2390,2512,2025-03-12,172858.02,Credit
2391,4126,2025-04-30,88932.36,Debit
2392,4671,2025-06-07,102077.16,Debit
2393,4882,2026-04-16,127323.2,Credit
2394,4390,2026-04-12,153395.54,Credit
2395,3302,2024-10-26,210199.48,Debit
2396,779,2025-09-27,147857.48,Credit
2397,2256,2025-06-03,242027.95,Credit
2398,1607,2024-08-09,51007.99,Debit
2399,4009,2025-07-19,150797.22,Credit
2400,1878,2024-06-27,226594.46,Credit
2401,3742,2025-01-28,126755.02,Credit
2402,4479,2025-04-15,199009.47,Debit
2403,288,2024-06-11,193853.34,Credit
2404,4656,2025-07-26,167809.36,Debit
2405,3076,2025-03-23,187231.32,Credit
2406,1261,2024-05-29,212067.93,Credit
2407,3789,2024-12-30,95419.57,Debit
2408,3724,2025-05-17,159029.01,Credit
2409,888,2026-04-21,142415.74,Debit
2410,2538,2026-02-06,241253.09,Debit
2411,4167,2024-09-27,10727.41,Credit
2412,4359,2024-07-24,212028.04,Credit
2413,2166,2025-07-22,12668.06,Debit
2414,2953,2025-07-04,194706.1,Credit
2415,123,2026-01-31,64850.72,Credit
2416,3218,2024-10-15,10523.24,Debit
2417,3181,2024-08-13,128075.68,Credit
2418,2791,2026-05-12,124185.26,Credit
2419,146,2026-02-01,64264.94,Debit
2420,2246,2025-10-23,91754.37,Credit
2421,2311,2025-08-12,95883.68,Debit
2422,1919,2025-05-23,75489.91,Credit
2423,2288,2024-10-11,77185.04,Debit
2424,2612,2024-05-16,38355.51,Credit
2425,4997,2026-02-22,44703.27,Credit
2426,600,2025-05-17,212449.78,Credit
2427,3199,2024-11-21,30016.76,Debit
2428,1118,2025-04-09,39997.96,Debit
2429,1285,2026-02-15,238545.41,Credit
2430,4651,2025-05-31,160511.13,Debit
2431,3891,2024-07-16,165586.18,Credit
2432,1772,2026-04-14,168778.13,Credit
2433,2195,2025-11-10,201344.76,Debit
2434,1851,2025-12-22,156187.65,Debit
2435,1068,2026-03-09,7550.73,Debit
2436,1817,2025-10-27,75898.15,Debit
2437,2368,2025-08-26,36397.78,Debit
2438,4411,2024-05-16,110304.76,Debit
2439,1872,2024-11-09,59719.11,Credit
2440,3839,2025-10-06,36112.47,Credit
2441,2491,2026-05-10,245919.14,Credit
2442,4826,2025-05-03,105.5,Debit
2443,4399,2024-11-03,106525.55,Credit
2444,2917,2025-02-23,80828.88,Credit
2445,886,2025-06-19,245800.8,Credit
2446,1292,2024-06-19,102070.41,Debit
2447,1934,2024-10-03,222197.3,Debit
2448,4576,2024-06-16,109398.95,Credit
2449,3722,2024-10-12,146843.59,Debit
2450,4372,2025-10-05,179679.26,Credit
2451,4348,2025-02-06,41875.01,Debit
2452,3770,2026-05-09,44045.31,Credit
2453,3992,2024-06-08,221136.54,Credit
2454,814,2025-07-01,56223.4,Debit
2455,3244,2025-07-23,54060.3,Debit
2456,3621,2024-11-08,24851.79,Debit
2457,1845,2025-06-15,232363.05,Credit
2458,799,2025-02-16,54868.97,Debit
2459,3829,2024-06-29,1706.11,Credit
2460,4026,2025-07-23,173392.55,Debit
2461,4876,2025-01-01,12058.15,Credit
2462,3816,2024-09-15,102712.46,Debit
2463,871,2024-11-14,179833.54,Credit
2464,659,2024-07-25,93916.96,Credit
2465,869,2026-04-19,239063.93,Debit
2466,2928,2025-03-27,17010.4,Credit
2467,2203,2025-05-24,35521.03,Debit
2468,840,2024-07-14,216492.79,Debit
2469,177,2025-03-16,68964.13,Debit
2470,4322,2026-03-23,149781.17,Credit
2471,4010,2025-10-19,229357.53,Debit
2472,1194,2025-02-28,113368.77,Credit
2473,4387,2025-10-17,69248.24,Credit
2474,4216,2026-03-22,617.83,Debit
2475,3129,2026-04-21,95155.6,Debit
2476,4905,2024-07-24,93218.92,Debit
2477,275,2026-04-23,195121.06,Debit
2478,4907,2024-11-12,238576.23,Debit
2479,1610,2024-10-02,182280.3,Credit
2480,4067,2025-08-19,6893.23,Debit
2481,4982,2024-10-26,170813.15,Debit
2482,4872,2024-12-18,147552.97,Credit
2483,4928,2026-03-01,174764.33,Debit
2484,3841,2024-05-16,88616.56,Debit
2485,821,2025-05-02,150500.28,Debit
2486,4610,2024-05-26,93147.51,Debit
2487,2783,2025-12-22,81885.71,Credit
2488,187,2024-09-16,50055.6,Credit
2489,4594,2026-02-18,13121.94,Credit
2490,822,2024-06-04,8411.68,Credit
2491,3016,2025-08-06,162937.22,Credit
2492,7,2024-12-17,132074.55,Debit
2493,2481,2026-04-03,31410.59,Debit
2494,3675,2025-04-09,202713.68,Debit
2495,2163,2025-03-25,204619.29,Credit
2496,2079,2024-08-09,220371.2,Credit
2497,1524,2024-08-10,217439.03,Credit
2498,1332,2026-05-11,198067.27,Debit
2499,993,2024-11-04,11862.14,Credit
2500,1747,2024-07-23,218580.52,Debit
2501,2833,2025-02-26,170331.64,Debit
2502,3624,2025-06-04,235027.59,Debit
2503,33,2025-03-26,158561.99,Credit
2504,171,2025-09-23,34134.58,Debit
2505,2037,2025-08-27,195993.95,Credit
2506,4869,2025-11-23,211195.09,Credit
2507,1785,2025-03-27,153442.66,Credit
2508,422,2025-07-11,205801.9,Credit
2509,3724,2024-07-25,116253.31,Credit
2510,471,2025-11-16,205164.85,Credit
2511,3579,2025-04-18,67695.66,Debit
2512,4478,2026-04-26,167612.86,Credit
2513,960,2026-03-26,8806.07,Credit
2514,1572,2025-01-24,142881.23,Credit
2515,2715,2026-02-01,230968.05,Debit
2516,256,2024-06-12,177633.55,Credit
2517,2044,2024-07-26,162808.68,Debit
2518,2117,2024-08-15,111541.61,Debit
2519,2709,2025-02-19,32045.29,Credit
2520,4061,2024-07-30,41360.21,Debit
2521,3288,2025-11-30,23961.04,Debit
2522,2513,2024-08-26,240538.41,Credit
2523,2204,2025-08-26,3611.8,Debit
2524,2142,2025-12-01,186386.0,Credit
2525,1592,2025-08-04,53831.51,Credit
2526,4832,2025-05-03,221978.23,Debit
2527,4699,2024-07-28,5994.84,Credit
2528,2923,2026-01-05,19125.27,Debit
2529,645,2026-01-04,205784.88,Credit
2530,903,2024-07-10,177501.45,Credit
2531,3144,2025-12-02,117172.36,Credit
2532,4389,2025-09-14,128238.5,Debit
2533,1182,2024-07-26,62585.55,Debit
2534,1445,2026-04-25,141866.01,Debit
2535,4357,2025-03-31,62248.3,Debit
2536,4977,2025-06-06,236016.83,Debit
2537,4561,2025-06-14,170645.65,Debit
2538,2001,2025-08-31,236094.62,Credit
2539,2436,2025-08-24,206024.58,Credit
2540,939,2026-02-25,6916.54,Credit
2541,2445,2025-03-09,224202.03,Credit
2542,2871,2024-10-31,116755.1,Debit
2543,2171,2025-10-04,74165.67,Debit
2544,2973,2025-05-01,119526.73,Debit
2545,3182,2025-05-26,84092.76,Credit
2546,2584,2025-05-30,192155.41,Credit
2547,71,2024-10-23,156957.13,Credit
2548,2427,2024-05-29,10670.7,Debit
2549,4337,2024-05-12,10090.41,Credit
2550,3341,2025-03-29,248271.56,Credit
2551,872,2024-08-01,121458.25,Credit
2552,2947,2025-12-30,151552.69,Debit
2553,467,2025-01-31,40214.37,Debit
2554,4,2025-10-08,206193.89,Credit
2555,3196,2026-03-04,152541.09,Credit
2556,2004,2025-07-06,16844.14,Debit
2557,2696,2025-05-03,134966.14,Credit
2558,1085,2024-07-17,220355.54,Debit
2559,2217,2025-09-05,201026.9,Debit
2560,3873,2026-02-07,214054.33,Debit
2561,3029,2025-09-01,40140.28,Credit
2562,129,2024-05-21,20408.28,Credit
2563,2941,2024-07-06,78961.22,Credit
2564,3822,2026-03-24,20193.88,Debit
2565,3148,2024-07-30,26559.34,Debit
2566,3013,2025-02-20,191769.78,Credit
2567,1746,2024-12-27,2955.27,Debit
2568,4655,2026-02-19,92249.8,Debit
2569,1692,2025-09-17,230751.78,Credit
2570,2888,2024-12-31,90840.18,Credit
2571,3438,2026-01-02,124183.56,Debit
2572,2468,2025-10-21,229778.04,Debit
2573,1452,2024-08-18,212821.35,Credit
2574,2088,2025-11-12,119527.49,Credit
2575,4498,2025-01-18,155481.48,Debit
2576,1204,2025-08-05,166404.06,Credit
2577,2726,2026-03-14,23367.76,Debit
2578,5000,2025-10-09,158425.04,Credit
2579,404,2026-01-09,39805.95,Debit
2580,266,2025-02-27,196897.61,Credit
2581,3791,2025-07-19,90322.16,Credit
2582,4686,2025-08-17,200953.19,Credit
2583,2948,2025-07-29,122015.71,Credit
2584,4862,2025-10-19,29321.38,Debit
2585,1741,2025-07-29,30500.7,Debit
2586,414,2024-11-28,14373.23,Debit
2587,1598,2025-04-29,93307.17,Credit
2588,2342,2025-02-22,225740.73,Credit
2589,3509,2025-11-23,30353.73,Credit
2590,2425,2025-02-25,35093.25,Credit
2591,2995,2024-11-06,143477.76,Credit
2592,1427,2024-05-31,214627.73,Debit
2593,4492,2024-12-25,214263.42,Debit
2594,424,2025-08-03,139561.96,Debit
2595,1783,2025-09-30,42855.0,Credit
2596,62,2024-06-05,206137.3,Credit
2597,4416,2026-03-27,166407.82,Debit
2598,4673,2025-02-23,184718.06,Credit
2599,1231,2026-05-06,213564.83,Debit
2600,3935,2024-05-25,214759.54,Credit
2601,3466,2026-05-11,90171.21,Debit
2602,43,2026-03-08,160854.68,Debit
2603,1671,2024-06-03,156588.42,Debit
2604,2217,2025-02-03,178610.51,Debit
2605,4282,2025-06-01,182008.26,Debit
2606,2163,2024-10-18,156095.3,Credit
2607,1347,2026-03-20,221223.49,Debit
2608,785,2025-02-25,210867.07,Debit
2609,313,2026-02-24,147403.65,Debit
2610,4811,2024-06-24,48251.02,Credit
2611,4147,2024-07-27,214460.78,Credit
2612,4670,2025-05-10,224863.1,Debit
2613,393,2025-12-05,234373.03,Credit
2614,2108,2024-05-13,91782.4,Debit
2615,145,2024-09-25,87212.66,Debit
2616,2391,2026-01-19,187536.9,Credit
2617,3630,2025-08-06,159853.66,Credit
2618,1546,2025-07-07,174222.32,Debit
2619,3169,2024-11-15,138565.94,Credit
2620,2607,2026-02-24,66824.51,Credit
2621,709,2025-09-03,183626.96,Credit
2622,2883,2024-08-22,101749.39,Debit
2623,4389,2025-11-23,124804.08,Credit
2624,3777,2024-10-31,135548.21,Credit
2625,2483,2026-04-13,56260.4,Credit
2626,277,2025-06-12,45433.33,Debit
2627,1834,2025-11-25,159292.07,Debit
2628,911,2025-07-19,241470.29,Credit
2629,2945,2026-01-24,242746.07,Debit
2630,4640,2025-01-13,176575.09,Credit
2631,956,2026-05-07,227720.35,Debit
2632,1704,2026-01-20,2390.93,Debit
2633,947,2026-01-30,157642.12,Debit
2634,1009,2025-10-13,106432.43,Debit
2635,4101,2024-09-28,225120.97,Credit
2636,4241,2024-11-07,107939.34,Credit
2637,4340,2026-04-24,86728.79,Debit
2638,3753,2026-01-18,96407.63,Credit
2639,303,2024-09-27,197231.65,Debit
2640,4696,2025-12-12,28053.82,Credit
2641,2093,2024-07-16,178897.61,Debit
2642,2128,2025-05-14,123264.16,Debit
2643,202,2025-04-28,96961.38,Debit
2644,3896,2025-04-23,215540.2,Debit
2645,3594,2025-09-17,17885.08,Debit
2646,2689,2025-01-27,137818.78,Credit
2647,1083,2025-12-29,214404.75,Credit
2648,794,2026-02-05,246609.62,Debit
2649,4681,2026-01-27,37986.88,Credit
2650,4441,2026-04-20,116725.38,Debit
2651,1219,2025-05-02,186817.26,Credit
2652,1658,2025-09-24,110053.37,Credit
2653,3158,2025-08-05,93516.37,Debit
2654,4455,2025-08-23,217558.23,Credit
2655,2286,2026-01-09,202649.49,Credit
2656,554,2024-08-04,161627.43,Credit
2657,598,2025-09-02,32876.76,Debit
2658,899,2024-11-24,237847.36,Credit
2659,4155,2025-06-03,193149.49,Credit
2660,2828,2024-06-26,175089.62,Credit
2661,597,2025-03-12,55386.45,Debit
2662,824,2024-11-30,166240.78,Credit
2663,2096,2026-05-02,192423.67,Credit
2664,594,2025-08-11,163814.6,Credit
2665,2959,2026-03-25,53431.39,Debit
2666,1811,2026-04-04,81579.32,Debit
2667,1358,2025-05-29,43261.45,Debit
2668,3742,2024-07-05,153326.09,Debit
2669,1009,2025-12-18,177707.81,Credit
2670,4587,2024-05-15,158700.14,Credit
2671,11,2025-02-13,159649.21,Credit
2672,2947,2025-11-24,119419.42,Credit
2673,2740,2026-02-15,98083.39,Credit
2674,18,2025-06-22,114778.04,Credit
2675,4257,2025-08-08,86402.37,Debit
2676,2688,2025-01-06,131955.97,Credit
2677,3941,2024-09-10,178649.46,Credit
2678,288,2025-04-02,138901.4,Credit
2679,2209,2024-07-01,26055.81,Debit
2680,3256,2025-03-07,17314.89,Debit
2681,1994,2025-08-03,100621.12,Credit
2682,1071,2025-11-12,99550.56,Credit
2683,1879,2025-01-18,210835.55,Credit
2684,3691,2024-05-27,94397.04,Debit
2685,748,2025-11-20,117945.44,Credit
2686,4134,2024-07-17,216493.88,Credit
2687,1723,2026-02-19,116013.79,Credit
2688,3417,2026-04-02,193366.9,Debit
2689,345,2025-06-23,118622.56,Debit
2690,3515,2025-02-03,181686.28,Debit
2691,2534,2026-01-09,242530.21,Credit
2692,1348,2026-02-09,69471.92,Debit
2693,3002,2026-01-19,93854.78,Credit
2694,2315,2025-08-23,237609.59,Debit
2695,18,2024-08-21,72012.61,Credit
2696,4115,2026-05-12,217051.01,Debit
2697,1772,2025-10-18,78642.92,Debit
2698,3878,2025-01-09,120716.08,Credit
2699,3889,2025-08-27,69874.64,Credit
2700,1568,2024-09-08,72477.58,Credit
2701,3875,2024-07-30,208722.42,Credit
2702,927,2025-09-04,27905.48,Debit
2703,2003,2025-07-10,60391.96,Debit
2704,4529,2024-11-07,123719.99,Credit
2705,554,2024-12-20,229944.27,Credit
2706,1371,2025-04-05,249963.08,Debit
2707,2474,2024-12-22,90048.31,Debit
2708,3944,2025-07-14,15401.75,Credit
2709,3324,2026-04-26,125526.85,Credit
2710,1241,2024-09-22,60223.78,Debit
2711,2568,2024-08-27,88432.05,Credit
2712,35,2025-10-29,138072.26,Debit
2713,2047,2025-02-13,57526.5,Debit
2714,3962,2024-05-17,40432.99,Debit
2715,608,2024-07-01,12113.92,Credit
2716,887,2024-12-01,148508.29,Credit
2717,1020,2024-12-11,209586.89,Debit
2718,131,2025-04-22,247216.68,Credit
2719,3074,2025-02-20,170309.28,Credit
2720,4920,2025-09-05,26266.25,Debit
2721,2078,2025-07-21,199393.7,Credit
2722,50,2025-11-19,14312.58,Debit
2723,2985,2024-10-24,178172.8,Debit
2724,2091,2024-06-18,109231.12,Credit
2725,4311,2026-03-02,59016.58,Credit
2726,1877,2025-08-29,211102.6,Debit
2727,2650,2025-01-12,40493.78,Credit
2728,1130,2025-05-26,114836.18,Credit
2729,3641,2025-01-30,155763.15,Debit
2730,1419,2024-09-18,189940.96,Debit
2731,4387,2025-07-26,108924.4,Credit
2732,3331,2024-08-09,185612.6,Credit
2733,1453,2024-11-22,34657.75,Debit
2734,2074,2026-01-09,82627.81,Credit
2735,225,2024-12-28,18399.88,Debit
2736,671,2025-05-01,41315.88,Debit
2737,3808,2024-12-13,52964.25,Debit
2738,1909,2024-12-31,113918.01,Credit
2739,3778,2026-01-26,14061.64,Debit
2740,3645,2024-12-18,58972.2,Debit
2741,469,2025-04-11,175932.22,Debit
2742,1996,2025-10-15,206729.21,Credit
2743,4305,2025-06-19,88723.87,Credit
2744,3537,2024-05-22,239055.86,Debit
2745,4324,2025-03-09,165456.51,Credit
2746,4228,2024-08-24,193745.94,Credit
2747,482,2024-09-09,123859.76,Credit
2748,3921,2025-12-29,194644.57,Debit
2749,1140,2026-03-28,121352.8,Credit
2750,2355,2025-03-25,200403.68,Credit
2751,4475,2025-09-11,174795.4,Debit
2752,3873,2024-05-30,169858.4,Debit
2753,3610,2024-06-27,230294.19,Debit
2754,4273,2024-11-09,247808.73,Credit
2755,1124,2025-12-02,54811.76,Debit
2756,392,2025-09-26,38985.86,Credit
2757,2774,2025-04-26,178233.81,Debit
2758,2045,2025-08-27,90546.79,Debit
2759,4689,2025-02-21,96941.23,Debit
2760,4943,2025-02-18,49750.83,Debit
2761,3884,2024-09-21,171950.37,Credit
2762,430,2024-12-01,184113.06,Debit
2763,4447,2024-12-31,224921.78,Debit
2764,751,2024-11-02,161262.44,Credit
2765,736,2025-04-27,215140.82,Credit
2766,2852,2025-12-19,62115.55,Credit
2767,2271,2026-01-27,194880.87,Credit
2768,2123,2025-03-16,102664.13,Debit
2769,4617,2026-02-01,1193.41,Credit
2770,2425,2025-05-01,24143.87,Debit
2771,3335,2025-08-20,215776.17,Credit
2772,3913,2025-10-09,132744.48,Credit
2773,498,2024-07-27,39837.66,Credit
2774,4428,2025-07-13,140100.43,Debit
2775,4869,2025-12-10,44312.49,Credit
2776,2909,2025-08-31,222239.93,Credit
2777,4707,2025-08-29,215317.43,Debit
2778,2820,2026-04-17,247484.55,Credit
2779,2338,2024-09-12,7827.8,Debit
2780,4836,2026-03-10,198494.11,Debit
2781,2451,2026-02-25,35423.31,Credit
2782,1960,2025-04-20,148600.41,Debit
2783,2424,2025-10-15,90097.32,Debit
2784,4591,2025-09-21,84131.21,Debit
2785,1404,2024-12-09,86807.64,Debit
2786,4517,2024-10-19,74310.93,Debit
2787,24,2024-07-13,55997.62,Credit
2788,4775,2024-10-07,65209.67,Credit
2789,739,2024-10-26,7574.96,Credit
2790,3409,2025-08-06,245366.95,Debit
2791,1155,2025-07-08,34794.42,Credit
2792,2778,2025-12-12,87445.79,Credit
2793,4168,2025-08-16,219815.39,Debit
2794,975,2026-03-04,33833.66,Credit
2795,193,2024-11-15,182044.15,Debit
2796,855,2024-12-13,173471.72,Credit
2797,4834,2025-10-22,161013.68,Credit
2798,2339,2025-01-27,176076.41,Credit
2799,2966,2025-12-10,183515.77,Credit
2800,4688,2024-10-05,77373.9,Credit
2801,1967,2024-11-01,6291.39,Credit
2802,600,2024-06-03,93666.02,Debit
2803,738,2024-06-28,208523.05,Credit
2804,3723,2024-11-21,221903.85,Credit
2805,2394,2024-06-04,226711.95,Debit
2806,1428,2026-02-26,9936.49,Credit
2807,435,2025-07-06,69219.73,Debit
2808,3281,2026-04-19,19576.15,Debit
2809,1170,2026-02-19,27267.64,Debit
2810,95,2025-04-27,78743.87,Debit
2811,4745,2026-04-18,4392.7,Credit
2812,4208,2026-05-09,135533.75,Credit
2813,4907,2025-02-08,132946.76,Credit
2814,3733,2025-04-20,54608.1,Debit
2815,716,2024-08-01,149510.72,Credit
2816,2354,2025-01-19,199852.39,Debit
2817,3906,2025-04-17,37683.94,Debit
2818,4038,2025-07-04,66147.52,Debit
2819,3878,2024-10-21,6114.79,Debit
2820,625,2024-10-14,155642.01,Credit
2821,940,2025-03-24,8311.33,Credit
2822,4688,2025-01-18,116311.16,Credit
2823,83,2025-08-24,223838.63,Debit
2824,1215,2025-12-12,113190.66,Credit
2825,2231,2026-05-05,201508.07,Credit
2826,694,2024-11-11,36818.46,Credit
2827,3661,2025-04-03,29027.38,Debit
2828,1323,2025-11-15,34529.93,Debit
2829,4903,2026-02-12,188126.27,Debit
2830,1813,2025-10-07,237987.17,Credit
2831,3434,2025-05-03,162424.85,Debit
2832,3215,2025-10-10,129176.96,Debit
2833,4466,2026-01-25,23512.29,Credit
2834,362,2025-09-14,28329.07,Debit
2835,4377,2025-04-28,82771.24,Debit
2836,1514,2025-09-25,178594.0,Credit
2837,1218,2024-09-04,181687.54,Debit
2838,811,2024-06-27,78123.5,Debit
2839,2236,2025-08-17,82018.54,Debit
2840,2767,2025-11-14,114310.67,Debit
2841,2109,2025-06-03,228200.45,Credit
2842,2721,2024-12-15,64921.3,Debit
2843,4030,2026-01-21,70199.45,Debit
2844,680,2024-11-24,154973.44,Debit
2845,3402,2025-03-26,22355.96,Debit
2846,1184,2026-04-01,110584.69,Credit
2847,4839,2024-06-21,15171.96,Debit
2848,4769,2024-11-10,152036.04,Debit
2849,1956,2025-10-18,212226.72,Credit
2850,177,2026-03-28,249340.57,Debit
2851,4541,2025-05-29,107699.85,Credit
2852,499,2024-05-30,121675.26,Debit
2853,2590,2024-12-31,81911.68,Debit
2854,1997,2026-03-11,131965.98,Credit
2855,2273,2024-07-20,148046.18,Credit
2856,359,2026-01-23,118548.66,Debit
2857,4970,2024-09-24,24574.32,Credit
2858,2508,2024-06-26,34991.12,Debit
2859,1235,2025-01-04,73558.21,Credit
2860,3264,2024-07-29,218521.73,Debit
2861,1606,2024-09-24,220080.46,Debit
2862,177,2025-07-07,20181.09,Debit
2863,384,2024-10-05,108740.52,Credit
2864,508,2026-04-04,69492.26,Credit
2865,3084,2025-06-13,70576.69,Debit
2866,1564,2024-09-01,1272.61,Debit
2867,4571,2025-09-27,15381.13,Debit
2868,1962,2024-09-08,228119.68,Debit
2869,2664,2025-06-02,100957.25,Credit
2870,96,2025-07-17,143248.36,Debit
2871,1822,2025-10-07,138219.11,Credit
2872,4447,2026-04-28,85072.96,Debit
2873,4872,2024-10-18,156687.36,Debit
2874,3006,2025-08-02,120056.75,Credit
2875,2394,2026-01-29,51465.34,Debit
2876,2988,2024-12-28,216151.38,Debit
2877,4979,2024-06-18,54265.01,Credit
2878,4817,2025-11-18,22513.86,Debit
2879,52,2026-04-07,78694.66,Credit
2880,4372,2025-01-08,20311.51,Debit
2881,473,2024-06-07,150384.26,Credit
2882,2492,2025-05-10,195648.57,Debit
2883,4948,2025-05-29,38022.67,Debit
2884,1623,2025-07-18,74241.2,Debit
2885,1370,2025-09-27,94477.32,Credit
2886,2731,2024-10-16,214452.69,Credit
2887,938,2026-04-03,36706.63,Credit
2888,932,2024-07-19,39705.63,Credit
2889,3675,2025-07-22,197716.26,Debit
2890,4395,2026-01-23,54734.69,Credit
2891,3050,2025-08-28,213788.9,Debit
2892,4055,2026-03-09,9349.27,Debit
2893,369,2024-07-15,102904.09,Credit
2894,1110,2025-08-14,18594.02,Debit
2895,489,2024-10-22,231102.26,Credit
2896,4353,2024-08-18,124908.9,Credit
2897,2627,2026-03-07,195554.14,Debit
2898,4787,2025-06-03,116707.83,Debit
2899,74,2026-04-24,127916.12,Credit
2900,4519,2024-07-21,182476.12,Credit
2901,3469,2025-09-21,48257.23,Debit
2902,4674,2025-07-03,863.62,Credit
2903,2163,2026-02-03,89049.83,Credit
2904,2443,2024-07-16,179332.23,Credit
2905,4033,2025-04-06,83717.9,Credit
2906,1690,2025-05-25,151076.88,Debit
2907,2678,2025-03-31,79169.65,Credit
2908,1421,2025-04-13,114701.66,Credit
2909,119,2025-07-14,117288.29,Credit
2910,3275,2025-11-03,88419.29,Debit
2911,3614,2024-06-16,139046.47,Debit
2912,3627,2025-12-06,230698.87,Credit
2913,315,2024-10-30,108995.19,Debit
2914,1919,2025-10-18,93843.49,Debit
2915,1748,2025-06-07,72211.44,Credit
2916,3575,2025-12-19,237482.95,Debit
2917,4351,2024-06-04,230473.88,Credit
2918,624,2025-07-09,179056.5,Debit
2919,3263,2025-08-29,163734.34,Debit
2920,1861,2025-12-05,103452.81,Credit
2921,2913,2026-04-16,119689.21,Credit
2922,4690,2025-07-24,226933.74,Credit
2923,3769,2024-10-31,174238.66,Credit
2924,1048,2024-12-10,217115.42,Credit
2925,1678,2026-04-15,177243.82,Debit
2926,2173,2024-09-17,122465.14,Debit
2927,494,2025-02-10,216461.4,Debit
2928,3497,2026-05-01,54756.58,Debit
2929,401,2025-01-14,19669.76,Credit
2930,4871,2024-09-01,129482.13,Credit
2931,3851,2024-09-12,1866.39,Credit
2932,1675,2025-08-02,5072.54,Credit
2933,2758,2026-02-14,215921.42,Debit
2934,2598,2025-03-27,39648.77,Credit
2935,969,2025-08-19,17710.93,Debit
2936,1795,2025-11-07,57480.88,Debit
2937,3067,2025-11-22,217152.63,Debit
2938,626,2024-08-23,144618.07,Debit
2939,3491,2024-12-04,25592.48,Debit
2940,2900,2025-11-25,244729.12,Credit
2941,4369,2024-11-04,197330.71,Debit
2942,1963,2024-09-28,25454.34,Credit
2943,1979,2025-12-07,194991.3,Credit
2944,256,2025-07-04,91579.95,Credit
2945,3094,2024-09-16,70278.24,Debit
2946,3397,2024-06-25,83142.85,Credit
2947,3377,2025-12-26,72614.66,Credit
2948,947,2025-12-30,102363.35,Debit
2949,1573,2024-08-02,231002.18,Debit
2950,3366,2024-06-24,216186.68,Debit
2951,2147,2025-02-19,108838.74,Debit
2952,3169,2024-11-19,23264.25,Credit
2953,3864,2026-03-20,159928.9,Credit
2954,683,2026-02-15,15456.76,Credit
2955,4423,2026-02-13,55388.17,Credit
2956,1963,2025-06-20,242332.06,Credit
2957,613,2026-04-15,72691.02,Credit
2958,4784,2026-04-08,123505.28,Debit
2959,4297,2025-12-14,18198.66,Debit
2960,1630,2025-05-03,201775.75,Credit
2961,604,2024-12-01,104780.58,Credit
2962,1298,2026-02-17,115566.31,Debit
2963,3763,2024-10-07,197134.63,Debit
2964,139,2025-10-27,131256.2,Debit
2965,3128,2026-01-28,110579.08,Credit
2966,3198,2025-11-06,41412.35,Credit
2967,937,2024-08-23,51878.81,Credit
2968,858,2025-04-12,111616.01,Credit
2969,4603,2024-09-05,222143.31,Credit
2970,1159,2025-10-06,198669.38,Credit
2971,367,2025-09-03,61015.28,Debit
2972,750,2025-03-19,54247.8,Credit
2973,780,2024-09-14,150607.96,Debit
2974,1525,2024-07-26,185654.66,Credit
2975,69,2025-11-18,33329.97,Debit
2976,55,2024-11-05,50081.93,Debit
2977,2251,2024-05-26,71514.11,Credit
2978,4167,2025-04-22,80590.01,Credit
2979,1575,2025-04-23,113064.36,Credit
2980,2534,2025-10-11,147531.06,Credit
2981,506,2026-04-06,84495.49,Debit
2982,4108,2025-06-01,153149.58,Debit
2983,4714,2025-05-02,207696.67,Debit
2984,2816,2025-12-01,206819.08,Debit
2985,2214,2024-12-16,173680.64,Debit
2986,1585,2026-04-01,16753.61,Credit
2987,703,2025-10-24,239961.35,Debit
2988,1608,2026-04-27,157317.86,Credit
2989,3561,2025-05-30,6973.78,Credit
2990,3456,2024-05-14,150296.74,Credit
2991,4379,2024-12-07,69695.11,Debit
2992,48,2025-03-31,11419.97,Credit
2993,4073,2025-07-29,98655.38,Credit
2994,1803,2026-04-25,94471.5,Debit
2995,4629,2026-01-06,83539.45,Debit
2996,699,2025-05-05,187696.49,Credit
2997,3949,2025-01-28,175950.48,Debit
2998,3016,2024-10-12,192259.82,Credit
2999,2160,2025-12-03,204122.91,Credit
3000,1163,2024-07-31,239375.76,Credit
3001,3944,2025-12-12,156273.41,Credit
3002,3386,2024-08-04,114161.52,Debit
3003,2601,2025-10-14,165430.95,Credit
3004,1660,2025-04-20,24430.23,Debit
3005,814,2024-08-17,139645.46,Debit
3006,383,2025-07-04,216832.61,Debit
3007,669,2025-07-06,37814.16,Credit
3008,523,2024-06-03,65915.47,Credit
3009,2483,2024-08-24,209077.61,Debit
3010,1937,2025-08-10,206537.4,Debit
3011,796,2025-04-12,174908.27,Debit
3012,3297,2025-02-26,62866.54,Credit
3013,4392,2026-04-30,92090.18,Credit
3014,388,2024-12-04,83654.24,Credit
3015,4962,2025-02-19,40165.88,Credit
3016,2936,2025-09-20,229458.85,Debit
3017,2493,2025-05-05,124338.23,Debit
3018,1043,2025-06-22,76487.52,Credit
3019,125,2024-10-13,78145.44,Credit
3020,3944,2025-11-05,68480.59,Debit
3021,3451,2025-07-29,75172.21,Credit
3022,4720,2024-06-25,177572.13,Debit
3023,1394,2026-03-10,233899.48,Debit
3024,2891,2024-11-21,213078.0,Debit
3025,6,2025-11-29,240854.6,Debit
3026,1383,2025-05-18,5191.72,Credit
3027,3822,2024-11-02,69522.63,Debit
3028,554,2024-07-28,4700.31,Credit
3029,2523,2025-12-15,102524.3,Debit
3030,1884,2025-11-07,144117.66,Debit
3031,520,2024-05-30,48637.34,Credit
3032,4199,2025-11-25,31544.32,Debit
3033,191,2026-01-02,159391.03,Credit
3034,4182,2025-11-06,204121.25,Debit
3035,2182,2025-03-18,68304.25,Debit
3036,2428,2025-02-06,70909.25,Debit
3037,1457,2024-06-10,12128.78,Debit
3038,3848,2026-03-10,117583.25,Debit
3039,4828,2024-11-11,208552.37,Credit
3040,2290,2026-04-27,110655.54,Credit
3041,2788,2025-05-10,160334.76,Debit
3042,2821,2024-06-26,132090.91,Credit
3043,1272,2024-11-10,115590.01,Debit
3044,841,2024-10-09,3445.91,Credit
3045,2682,2024-06-05,191042.56,Credit
3046,4037,2025-09-07,102749.42,Credit
3047,1129,2024-09-01,124691.91,Debit
3048,3357,2026-03-31,212398.32,Credit
3049,2124,2026-02-07,19199.75,Credit
3050,2503,2024-09-08,79231.38,Debit
3051,1937,2024-11-13,195978.18,Debit
3052,1475,2024-09-26,106664.61,Debit
3053,650,2024-10-29,56868.82,Debit
3054,2791,2025-12-31,171829.32,Credit
3055,1819,2025-11-03,149579.36,Credit
3056,2405,2024-09-11,57616.69,Credit
3057,2277,2025-03-07,11122.99,Debit
3058,1877,2025-01-04,219479.86,Debit
3059,3527,2026-01-12,20868.56,Debit
3060,2493,2025-02-21,179896.09,Debit
3061,4190,2025-07-06,234884.81,Debit
3062,2240,2025-02-10,19603.41,Debit
3063,354,2025-11-25,225286.2,Debit
3064,2941,2025-07-05,40524.4,Debit
3065,3585,2026-03-10,40904.33,Debit
3066,4182,2024-10-22,175570.45,Debit
3067,4451,2025-05-08,213583.72,Debit
3068,4071,2024-08-10,69078.72,Credit
3069,2052,2025-07-16,28374.26,Credit
3070,3662,2025-06-17,131163.24,Debit
3071,3114,2024-08-10,77464.31,Debit
3072,4247,2024-12-27,199055.72,Debit
3073,255,2024-09-07,113648.41,Debit
3074,821,2025-06-25,241588.06,Debit
3075,2540,2026-03-03,204804.89,Credit
3076,2349,2024-12-28,7500.5,Credit
3077,4983,2024-07-09,184502.91,Debit
3078,3960,2025-11-11,173285.94,Credit
3079,2346,2026-01-16,189706.62,Credit
3080,2907,2025-05-08,99684.81,Debit
3081,2091,2024-08-01,77820.31,Credit
3082,2082,2024-12-12,125306.32,Debit
3083,2553,2024-10-18,114139.34,Debit
3084,2908,2025-07-03,196500.98,Credit
3085,4610,2024-11-06,221883.72,Debit
3086,1238,2024-08-31,237853.47,Credit
3087,2521,2026-03-21,20507.2,Debit
3088,188,2025-05-28,179176.94,Debit
3089,2064,2024-12-30,69592.37,Debit
3090,4658,2024-06-21,57853.58,Credit
3091,4330,2024-07-23,143865.79,Debit
3092,3444,2024-12-15,61516.7,Debit
3093,2258,2025-11-17,74344.1,Debit
3094,4735,2025-01-10,16232.9,Credit
3095,847,2024-07-18,38270.03,Debit
3096,1215,2024-10-09,163018.14,Credit
3097,4769,2025-09-22,132810.35,Debit
3098,1264,2025-08-12,249247.94,Credit
3099,2080,2026-02-26,109247.2,Credit
3100,1180,2025-05-08,6947.29,Credit
3101,11,2026-04-06,239017.96,Credit
3102,973,2024-06-12,82291.74,Debit
3103,906,2026-04-21,171001.57,Debit
3104,2878,2024-10-30,136660.05,Debit
3105,3675,2024-06-19,25024.51,Debit
3106,4194,2025-04-30,19688.29,Debit
3107,4172,2024-11-08,163143.41,Debit
3108,3126,2025-03-05,12004.35,Debit
3109,714,2025-03-25,97250.78,Credit
3110,3168,2024-09-17,210401.84,Debit
3111,810,2024-07-21,147888.38,Credit
3112,4120,2024-12-05,79668.2,Credit
3113,3161,2025-01-19,35357.25,Credit
3114,2661,2025-09-10,183304.29,Debit
3115,1475,2026-01-05,235761.39,Credit
3116,3381,2026-03-05,157892.06,Debit
3117,313,2025-07-31,41819.26,Credit
3118,4697,2024-10-29,164324.64,Credit
3119,4954,2025-07-31,218194.26,Credit
3120,3531,2026-01-12,94848.4,Debit
3121,1885,2024-05-20,17816.4,Debit
3122,738,2024-07-07,65899.89,Credit
3123,1667,2024-12-29,179398.6,Debit
3124,2054,2024-05-13,206629.96,Debit
3125,3076,2025-06-15,70432.99,Credit
3126,1974,2025-02-11,116825.96,Credit
3127,77,2024-08-29,184902.33,Debit
3128,1770,2025-09-09,102395.4,Credit
3129,4440,2025-02-28,113384.19,Debit
3130,3107,2024-09-15,156848.04,Debit
3131,3956,2025-06-17,99261.53,Credit
3132,1612,2026-04-17,116598.8,Debit
3133,4478,2025-01-02,20340.5,Debit
3134,2025,2025-02-03,88443.61,Debit
3135,2881,2026-04-18,117949.39,Credit
3136,398,2026-02-09,165078.38,Credit
3137,399,2024-06-14,204082.81,Debit
3138,275,2025-12-03,210563.62,Debit
3139,3415,2026-04-26,111516.91,Debit
3140,4395,2025-10-10,186783.12,Credit
3141,3424,2024-12-31,79170.46,Credit
3142,984,2024-07-18,86816.59,Debit
3143,2925,2025-07-22,204784.49,Debit
3144,4326,2025-04-10,28575.03,Credit
3145,1437,2026-05-07,142413.99,Debit
3146,3463,2024-08-26,169538.74,Credit
3147,2418,2026-01-31,144188.75,Credit
3148,220,2025-03-16,230145.39,Credit
3149,1861,2025-07-03,78478.39,Debit
3150,1355,2025-12-31,183331.74,Credit
3151,1506,2025-03-06,246070.22,Credit
3152,2580,2024-12-04,118770.16,Credit
3153,823,2026-05-02,239844.83,Credit
3154,3688,2024-05-20,126368.64,Credit
3155,3893,2024-07-09,234961.99,Debit
3156,4985,2026-01-23,97316.79,Credit
3157,3277,2024-10-08,221286.15,Credit
3158,4509,2025-07-09,207644.33,Debit
3159,3652,2025-04-08,237341.82,Debit
3160,2911,2024-10-10,139280.12,Credit
3161,3488,2025-01-19,7369.78,Credit
3162,3681,2025-07-07,39730.85,Credit
3163,3799,2026-04-30,46701.2,Debit
3164,3127,2024-07-19,177362.09,Debit
3165,3573,2024-07-17,175429.24,Debit
3166,1765,2024-05-26,46250.3,Credit
3167,1441,2025-12-27,158091.02,Credit
3168,457,2025-01-30,215823.97,Debit
3169,853,2025-04-17,13564.02,Debit
3170,3744,2024-09-21,233952.66,Debit
3171,3046,2025-09-07,178566.21,Debit
3172,3345,2024-11-05,186926.68,Credit
3173,3265,2025-05-29,186561.83,Debit
3174,4305,2025-09-20,6808.26,Credit
3175,3925,2025-06-08,61870.66,Credit
3176,3671,2025-10-14,98173.94,Debit
3177,1347,2026-04-17,56988.28,Debit
3178,4550,2025-12-10,76582.21,Debit
3179,3184,2025-11-27,241456.34,Debit
3180,3578,2025-01-20,151560.36,Credit
3181,391,2025-09-18,157216.27,Credit
3182,280,2026-05-09,26016.53,Credit
3183,3971,2024-09-20,203294.09,Debit
3184,341,2025-12-08,246807.59,Debit
3185,1354,2026-04-07,181180.27,Credit
3186,1633,2025-11-22,46433.05,Credit
3187,570,2025-01-06,123429.03,Debit
3188,1787,2024-06-01,184380.58,Credit
3189,3284,2024-11-06,32091.51,Debit
3190,1322,2024-09-04,138623.25,Debit
3191,4450,2026-04-17,117030.77,Credit
3192,4934,2024-09-21,148653.62,Debit
3193,2239,2025-04-08,109752.51,Debit
3194,4858,2025-11-07,103554.83,Debit
3195,1326,2025-09-06,225747.23,Debit
3196,622,2025-04-09,111239.92,Credit
3197,3261,2026-03-30,1412.3,Credit
3198,4409,2024-07-09,224465.77,Debit
3199,3335,2025-01-25,238466.49,Debit
3200,2128,2025-04-27,88094.2,Credit
3201,175,2025-09-30,92928.95,Debit
3202,96,2025-10-13,192360.74,Debit
3203,4443,2025-08-15,10513.32,Debit
3204,3697,2025-11-10,44159.4,Credit
3205,3855,2025-03-26,174425.42,Credit
3206,994,2024-05-22,33065.43,Credit
3207,3240,2025-06-25,221187.28,Credit
3208,4631,2025-09-19,52048.73,Debit
3209,2068,2025-08-26,123129.61,Debit
3210,620,2025-04-19,62370.23,Debit
3211,1808,2024-10-24,103405.69,Debit
3212,1834,2026-02-05,198508.71,Credit
3213,2453,2024-10-31,162368.35,Credit
3214,4607,2024-09-12,209647.39,Debit
3215,1462,2025-06-11,122473.26,Debit
3216,1157,2025-11-23,147178.31,Credit
3217,4661,2025-09-24,126627.98,Debit
3218,479,2024-05-12,49749.27,Debit
3219,772,2025-04-15,157582.74,Debit
3220,1902,2025-09-17,26757.6,Debit
3221,4686,2025-03-04,47460.75,Credit
3222,709,2024-09-21,123809.6,Debit
3223,436,2024-09-17,164437.37,Credit
3224,3700,2024-06-19,150624.28,Debit
3225,751,2024-12-01,77005.99,Credit
3226,1872,2024-08-07,208553.82,Debit
3227,4698,2025-02-13,101959.75,Debit
3228,1570,2024-09-30,134889.24,Debit
3229,3041,2025-09-24,240122.87,Debit
3230,3222,2025-01-13,143422.36,Debit
3231,3788,2025-06-05,154489.69,Debit
3232,4543,2026-02-24,155150.91,Debit
3233,4350,2024-12-02,235698.65,Credit
3234,2165,2024-10-19,177548.68,Credit
3235,4168,2026-03-10,48326.47,Debit
3236,2931,2026-03-25,8736.5,Credit
3237,2366,2024-12-21,174493.64,Debit
3238,4837,2025-12-09,35186.94,Credit
3239,157,2024-10-10,33252.05,Credit
3240,3569,2026-01-08,50227.96,Credit
3241,3512,2025-02-10,208492.16,Debit
3242,3369,2024-10-19,120395.85,Debit
3243,899,2025-01-22,239836.67,Credit
3244,4557,2025-03-11,99478.58,Debit
3245,3904,2025-08-03,7239.98,Credit
3246,1923,2024-10-03,234471.19,Credit
3247,363,2025-12-13,81077.36,Credit
3248,2939,2025-11-08,247915.35,Debit
3249,2136,2025-03-18,99587.13,Credit
3250,1068,2024-06-08,116703.16,Credit
3251,4824,2025-10-31,51939.11,Debit
3252,2724,2025-10-23,201278.5,Debit
3253,1105,2025-03-11,248322.23,Credit
3254,2975,2024-11-04,178058.38,Debit
3255,1490,2025-11-01,127014.22,Credit
3256,4058,2025-07-18,144256.54,Credit
3257,3095,2026-03-29,113385.62,Credit
3258,3021,2024-11-17,71308.38,Debit
3259,1659,2024-10-08,36995.19,Debit
3260,1062,2026-03-21,227705.29,Credit
3261,2298,2024-09-15,62530.06,Credit
3262,1819,2024-07-19,154558.16,Credit
3263,4656,2025-11-27,188392.37,Credit
3264,1716,2025-03-23,174177.86,Debit
3265,251,2024-05-14,53981.65,Debit
3266,2266,2026-01-24,56263.22,Credit
3267,3441,2026-04-27,119989.23,Debit
3268,939,2026-02-09,133098.92,Credit
3269,2504,2026-03-15,200538.34,Debit
3270,3739,2026-01-31,174701.41,Credit
3271,3327,2025-03-22,86394.58,Credit
3272,969,2024-06-22,114405.66,Debit
3273,3492,2025-01-27,51620.94,Debit
3274,1584,2024-08-05,14436.32,Credit
3275,4135,2025-07-28,8162.13,Debit
3276,2629,2025-11-03,236943.35,Debit
3277,998,2024-07-09,11747.22,Credit
3278,2116,2025-06-01,762.31,Credit
3279,1470,2026-02-15,101669.77,Credit
3280,4568,2025-03-06,89963.28,Debit
3281,258,2025-09-22,53485.86,Credit
3282,3781,2025-09-23,41694.66,Debit
3283,827,2025-02-21,229572.53,Credit
3284,502,2026-05-02,154165.84,Credit
3285,1902,2025-08-27,135741.69,Credit
3286,2611,2026-01-09,194766.33,Credit
3287,2223,2025-02-07,67696.92,Debit
3288,4968,2026-03-12,72383.4,Credit
3289,2829,2025-04-22,218268.3,Debit
3290,913,2024-10-08,7383.51,Credit
3291,542,2024-10-22,5592.81,Credit
3292,3586,2025-12-10,153610.51,Debit
3293,3099,2025-08-27,241147.48,Debit
3294,999,2025-12-30,130839.97,Credit
3295,3495,2026-01-10,182856.37,Debit
3296,1719,2024-07-10,60473.32,Debit
3297,2338,2026-01-18,234950.44,Debit
3298,1951,2024-08-13,61934.88,Credit
3299,4482,2024-11-11,156234.94,Debit
3300,1584,2025-04-05,49641.58,Credit
3301,4711,2024-06-24,213938.09,Credit
3302,2586,2025-09-28,210650.94,Credit
3303,644,2024-08-01,91671.76,Debit
3304,3920,2025-01-31,41116.29,Debit
3305,2094,2025-03-02,197485.3,Credit
3306,3319,2024-05-20,74414.73,Debit
3307,4470,2026-01-26,157728.73,Debit
3308,2040,2026-05-06,198670.02,Debit
3309,2506,2026-04-09,50529.84,Debit
3310,4043,2024-09-27,16516.62,Debit
3311,1553,2025-11-15,66968.15,Debit
3312,3179,2025-10-11,106698.77,Credit
3313,2596,2025-08-20,150206.34,Credit
3314,4550,2025-02-21,157901.97,Credit
3315,1156,2025-11-15,152971.65,Credit
3316,1822,2025-10-25,171203.17,Debit
3317,3122,2024-12-07,32555.24,Debit
3318,633,2026-03-10,9886.17,Debit
3319,3793,2024-09-20,210647.13,Credit
3320,4527,2024-10-17,201786.68,Credit
3321,3505,2026-02-04,27437.68,Credit
3322,353,2025-12-05,13249.44,Credit
3323,3711,2025-08-12,65470.15,Credit
3324,3079,2024-05-25,220247.87,Debit
3325,2367,2025-08-30,93686.16,Debit
3326,297,2026-02-28,211970.02,Debit
3327,1152,2025-10-08,9777.08,Debit
3328,1639,2026-01-05,100568.24,Debit
3329,40,2026-01-12,25638.09,Credit
3330,1505,2025-10-28,219238.02,Credit
3331,2030,2025-01-08,42501.51,Debit
3332,943,2024-11-29,48539.92,Debit
3333,4177,2024-11-20,9181.54,Debit
3334,3890,2026-02-14,1873.49,Credit
3335,502,2026-03-08,94266.87,Credit
3336,3374,2024-12-08,20942.25,Credit
3337,3472,2024-08-16,180143.88,Credit
3338,3305,2025-04-09,206737.83,Credit
3339,2526,2025-03-04,207936.81,Credit
3340,2420,2026-03-22,29469.23,Debit
3341,1571,2026-03-17,199179.52,Credit
3342,4217,2024-06-03,163152.97,Debit
3343,4943,2025-09-11,85258.29,Credit
3344,4774,2024-08-19,95226.45,Credit
3345,2303,2024-08-25,122550.72,Credit
3346,1307,2026-02-23,8830.71,Credit
3347,4783,2024-12-30,117984.49,Debit
3348,3269,2024-07-28,179830.94,Credit
3349,2076,2025-01-14,187131.92,Debit
3350,3942,2024-11-17,166663.96,Debit
3351,4874,2024-12-28,174284.39,Credit
3352,372,2025-08-07,180843.97,Debit
3353,471,2025-12-11,173455.0,Credit
3354,2223,2025-12-19,62356.07,Debit
3355,3620,2025-10-05,110998.36,Debit
3356,2043,2024-09-23,68384.43,Credit
3357,731,2025-07-26,210189.0,Credit
3358,181,2025-06-25,45327.57,Debit
3359,1347,2026-03-24,119290.23,Credit
3360,2672,2024-06-18,48648.82,Debit
3361,3498,2024-09-19,70785.14,Credit
3362,3723,2026-01-24,146055.76,Debit
3363,1487,2024-11-25,211547.75,Credit
3364,1294,2026-02-17,35712.08,Credit
3365,4853,2025-03-21,50752.72,Credit
3366,3534,2025-10-16,138430.9,Debit
3367,4500,2024-08-31,118345.41,Credit
3368,3798,2025-04-29,44845.75,Debit
3369,111,2024-10-14,235810.36,Debit
3370,3956,2026-02-05,5044.9,Debit
3371,1161,2024-09-20,178750.34,Credit
3372,974,2025-11-10,170377.84,Debit
3373,4874,2025-06-21,67827.34,Debit
3374,1150,2024-09-26,25039.92,Credit
3375,3378,2025-02-07,57339.31,Debit
3376,3177,2026-04-01,241746.34,Credit
3377,4149,2026-02-28,25398.92,Debit
3378,694,2024-10-01,229334.02,Debit
3379,2762,2025-05-08,34702.77,Debit
3380,2454,2025-01-28,49106.86,Debit
3381,1284,2024-08-17,174098.57,Credit
3382,4184,2025-01-10,108711.03,Credit
3383,792,2025-12-12,211359.2,Debit
3384,1256,2024-08-15,233800.77,Credit
3385,374,2026-04-14,17455.75,Debit
3386,905,2026-05-09,33353.69,Debit
3387,3654,2026-01-22,108365.77,Credit
3388,952,2025-03-03,249719.84,Debit
3389,669,2025-09-02,216787.77,Debit
3390,4482,2024-12-31,129967.19,Credit
3391,1858,2025-07-04,78100.38,Debit
3392,1702,2025-12-09,110199.68,Credit
3393,664,2024-11-13,71065.78,Debit
3394,3295,2025-09-21,108728.78,Credit
3395,2467,2024-11-09,228859.63,Debit
3396,4484,2025-02-11,12434.32,Debit
3397,1095,2025-12-31,143940.77,Debit
3398,3825,2025-05-22,33283.51,Debit
3399,3274,2025-09-30,65361.43,Debit
3400,75,2025-12-15,236911.18,Credit
3401,1470,2025-05-01,2096.67,Debit
3402,2007,2025-04-01,39602.91,Credit
3403,847,2026-02-04,196479.45,Debit
3404,2469,2024-06-22,23947.75,Debit
3405,196,2025-09-09,216741.66,Credit
3406,2753,2024-07-08,185485.78,Credit
3407,2636,2025-05-18,50233.94,Debit
3408,518,2024-12-07,137974.33,Debit
3409,2293,2024-05-17,86455.14,Debit
3410,2159,2024-06-17,134318.15,Debit
3411,4365,2025-02-07,28012.23,Credit
3412,493,2024-12-25,165625.51,Credit
3413,3435,2025-09-16,66144.82,Credit
3414,4695,2026-03-17,194404.44,Credit
3415,2436,2025-11-12,235791.68,Debit
3416,1739,2024-07-01,202540.09,Debit
3417,3534,2024-12-09,249979.94,Credit
3418,116,2026-04-29,225487.82,Debit
3419,2150,2024-11-28,179473.69,Debit
3420,3964,2024-06-19,193336.82,Credit
3421,4601,2024-06-22,83542.88,Credit
3422,2534,2025-09-08,172442.74,Credit
3423,2410,2024-07-25,58860.75,Credit
3424,4671,2025-07-05,77511.21,Debit
3425,4829,2025-05-29,175535.06,Debit
3426,2130,2024-11-13,14687.51,Credit
3427,3683,2024-10-20,14353.68,Debit
3428,2945,2024-11-02,5229.96,Debit
3429,172,2025-07-19,9133.16,Debit
3430,2311,2024-07-20,165577.36,Debit
3431,3654,2025-04-13,109118.43,Debit
3432,3241,2026-02-03,5080.36,Debit
3433,2832,2025-05-13,110140.29,Debit
3434,4671,2026-03-01,146619.85,Debit
3435,804,2025-03-16,185731.55,Debit
3436,2906,2025-06-04,149957.86,Debit
3437,1042,2025-03-10,221500.54,Debit
3438,1525,2026-01-14,121486.52,Debit
3439,3861,2025-03-14,52211.73,Debit
3440,4619,2024-07-27,22127.37,Credit
3441,2058,2026-02-13,3140.81,Debit
3442,3339,2025-10-16,30416.67,Credit
3443,2225,2025-08-16,229831.38,Credit
3444,3845,2024-07-30,112148.62,Debit
3445,3,2025-01-22,222463.29,Debit
3446,4004,2025-06-09,87042.59,Debit
3447,3316,2026-04-03,126561.04,Debit
3448,637,2025-08-03,27609.76,Credit
3449,4582,2025-04-14,229159.34,Debit
3450,1772,2024-09-24,5281.91,Credit
3451,4134,2025-11-09,239620.44,Debit
3452,1030,2025-05-23,71855.48,Credit
3453,387,2026-02-20,200568.75,Credit
3454,994,2026-01-13,213288.28,Debit
3455,2035,2025-09-14,137351.92,Credit
3456,2033,2026-05-06,108300.54,Debit
3457,4873,2025-05-08,29062.08,Debit
3458,2040,2024-08-27,223675.93,Debit
3459,3301,2024-05-29,171864.37,Debit
3460,4135,2024-08-28,114434.75,Credit
3461,4757,2025-11-23,231373.9,Credit
3462,3925,2025-05-13,176503.99,Debit
3463,449,2025-05-29,36050.9,Debit
3464,2869,2025-12-12,57610.6,Credit
3465,2594,2025-10-17,105056.04,Credit
3466,4183,2025-03-05,83977.3,Credit
3467,4457,2025-03-01,9050.94,Debit
3468,2696,2024-10-14,14701.29,Credit
3469,1375,2025-11-06,16823.19,Debit
3470,14,2024-10-09,180859.99,Credit
3471,2905,2025-11-12,126874.94,Credit
3472,1262,2025-10-09,114783.33,Credit
3473,2812,2025-07-09,6378.19,Debit
3474,1984,2025-12-13,207454.71,Credit
3475,3166,2024-07-09,114606.29,Debit
3476,1202,2025-02-15,185464.55,Credit
3477,2534,2025-02-20,150641.38,Debit
3478,3057,2025-03-05,159180.8,Debit
3479,564,2026-02-18,86519.64,Credit
3480,1673,2025-09-23,143082.3,Debit
3481,2789,2025-11-15,199849.79,Debit
3482,4359,2024-06-10,230606.68,Debit
3483,3430,2024-10-28,191220.07,Credit
3484,95,2024-12-10,84540.92,Debit
3485,3892,2025-03-31,98736.96,Credit
3486,1578,2024-07-22,176968.61,Credit
3487,4515,2024-09-25,30326.86,Credit
3488,794,2026-01-13,168454.94,Debit
3489,4291,2025-10-28,98168.22,Debit
3490,354,2025-07-04,55281.77,Credit
3491,4344,2024-12-24,117769.1,Debit
3492,3177,2025-10-16,52805.75,Credit
3493,4964,2024-08-17,167655.11,Credit
3494,705,2025-12-25,221088.38,Credit
3495,282,2025-09-02,53305.42,Credit
3496,3639,2025-05-08,216330.83,Debit
3497,3871,2026-01-05,18213.21,Debit
3498,3508,2025-04-02,84390.12,Credit
3499,3884,2025-01-22,29641.71,Credit
3500,2032,2025-07-02,109182.17,Credit
3501,3786,2025-12-24,134280.95,Credit
3502,4494,2024-12-07,36959.65,Credit
3503,714,2024-11-30,195183.14,Credit
3504,3749,2024-11-21,248897.25,Credit
3505,2589,2026-03-28,46617.27,Credit
3506,4186,2024-12-13,146392.78,Debit
3507,1311,2025-03-14,26131.92,Credit
3508,3920,2025-02-02,249036.39,Credit
3509,903,2025-05-08,196029.66,Credit
3510,2977,2026-01-07,107802.49,Debit
3511,3343,2026-01-06,48847.04,Credit
3512,195,2025-06-27,73074.06,Debit
3513,1770,2026-04-14,136456.04,Debit
3514,4925,2024-08-31,48964.78,Debit
3515,4247,2025-05-26,127196.4,Credit
3516,458,2025-05-30,228279.23,Credit
3517,2524,2024-09-23,91091.83,Credit
3518,351,2025-08-07,238618.11,Credit
3519,3383,2025-08-11,183726.58,Credit
3520,4670,2024-10-13,8813.12,Debit
3521,1767,2025-09-07,241658.22,Debit
3522,4806,2026-03-28,12199.34,Debit
3523,3276,2026-05-11,50856.05,Credit
3524,3555,2024-08-31,177128.24,Credit
3525,1945,2026-03-24,38725.71,Debit
3526,1885,2026-03-26,160352.52,Debit
3527,4229,2024-10-07,191109.24,Credit
3528,1393,2025-08-10,137213.6,Debit
3529,3729,2024-09-04,152627.11,Debit
3530,2649,2025-11-29,197536.5,Credit
3531,4716,2025-06-19,110183.15,Credit
3532,6,2025-11-10,41985.7,Credit
3533,1653,2024-12-05,203394.03,Debit
3534,4141,2025-01-19,163171.23,Credit
3535,2584,2025-07-21,77673.35,Credit
3536,737,2025-06-17,125913.52,Credit
3537,3466,2025-01-31,98050.87,Credit
3538,3921,2025-02-12,160220.61,Debit
3539,395,2025-08-13,1168.99,Debit
3540,858,2024-07-22,119513.55,Credit
3541,2921,2025-03-27,159486.74,Debit
3542,336,2025-09-07,224235.26,Credit
3543,3178,2024-05-14,235265.54,Credit
3544,273,2026-04-30,64523.8,Debit
3545,3067,2024-09-14,1748.19,Debit
3546,3999,2024-10-11,180110.28,Credit
3547,1811,2025-01-06,18380.86,Credit
3548,2052,2026-02-16,162114.6,Debit
3549,1030,2026-02-09,6467.98,Credit
3550,2466,2024-11-26,97917.85,Credit
3551,821,2025-07-10,186034.34,Debit
3552,3147,2025-03-09,221558.1,Debit
3553,4992,2024-09-21,105833.23,Debit
3554,2198,2024-07-28,199145.98,Credit
3555,427,2025-07-17,44422.8,Credit
3556,360,2025-08-22,213168.33,Credit
3557,1443,2024-07-05,88346.6,Credit
3558,2722,2026-02-16,65783.27,Debit
3559,1014,2025-01-04,215232.24,Credit
3560,514,2025-06-23,236014.58,Debit
3561,2497,2026-01-18,172507.54,Credit
3562,4344,2025-10-16,82715.66,Debit
3563,1280,2025-09-10,160271.64,Credit
3564,2052,2025-05-20,128717.98,Debit
3565,2782,2025-02-16,95326.98,Debit
3566,448,2024-11-05,37477.08,Debit
3567,2041,2025-01-02,123258.43,Debit
3568,3710,2024-12-06,49477.12,Debit
3569,3584,2026-01-02,232541.7,Credit
3570,107,2025-02-11,232428.75,Credit
3571,2613,2024-10-03,37844.59,Credit
3572,4439,2025-12-05,101531.57,Credit
3573,4844,2026-03-30,111550.5,Debit
3574,1061,2025-07-12,82463.56,Debit
3575,3292,2025-08-21,194723.21,Debit
3576,4154,2024-07-11,43096.36,Credit
3577,2156,2024-10-03,74392.3,Debit
3578,4844,2024-06-13,65576.23,Credit
3579,159,2025-08-14,19770.91,Credit
3580,3631,2026-02-10,139199.69,Debit
3581,4160,2024-09-01,102540.06,Credit
3582,4638,2026-03-30,227747.08,Credit
3583,4299,2026-02-25,182954.6,Debit
3584,3015,2025-06-12,117572.27,Credit
3585,1017,2024-05-23,15591.36,Credit
3586,3950,2025-06-24,79363.14,Debit
3587,4138,2025-04-10,241813.6,Credit
3588,260,2024-05-15,231075.49,Debit
3589,3331,2024-10-18,210969.49,Credit
3590,3379,2025-06-11,28701.63,Credit
3591,3812,2025-05-21,148102.96,Debit
3592,435,2024-06-28,101118.44,Debit
3593,778,2025-08-09,99718.93,Credit
3594,1065,2024-07-19,211138.37,Credit
3595,1265,2025-08-13,191081.35,Debit
3596,1073,2025-06-13,35370.34,Debit
3597,4037,2025-12-19,15350.99,Credit
3598,2040,2026-02-18,76183.01,Debit
3599,4514,2025-05-24,114645.63,Credit
3600,4812,2024-07-01,114161.52,Credit
3601,4951,2025-01-11,170686.66,Credit
3602,2630,2024-08-11,198248.65,Credit
3603,2036,2026-01-16,173940.18,Debit
3604,260,2024-07-03,206786.72,Debit
3605,3025,2025-03-31,181795.77,Debit
3606,3069,2025-05-28,164577.45,Debit
3607,3276,2026-01-16,53800.66,Credit
3608,2044,2025-07-20,217448.64,Credit
3609,961,2024-12-16,166501.2,Debit
3610,3551,2026-01-15,173766.04,Debit
3611,4527,2024-05-14,193136.02,Debit
3612,1530,2024-09-04,47498.52,Credit
3613,4531,2026-02-21,137721.29,Debit
3614,502,2024-06-26,143171.93,Credit
3615,1600,2025-10-05,186415.76,Debit
3616,3994,2025-12-20,115040.66,Debit
3617,3664,2025-01-13,132663.86,Credit
3618,3559,2025-07-05,240608.68,Credit
3619,3415,2026-04-26,165168.53,Debit
3620,598,2024-09-15,10024.93,Credit
3621,1509,2024-09-07,204431.68,Credit
3622,697,2025-10-03,92914.56,Debit
3623,2146,2026-02-26,118839.85,Credit
3624,4567,2024-08-13,186032.7,Debit
3625,2385,2024-09-25,89791.66,Debit
3626,252,2025-08-02,168660.14,Debit
3627,1322,2025-05-28,212567.91,Debit
3628,4576,2024-12-16,230580.55,Credit
3629,1838,2024-10-24,77671.25,Credit
3630,4051,2024-08-20,210679.58,Debit
3631,1641,2025-09-18,39045.65,Debit
3632,3176,2024-05-29,2691.47,Debit
3633,4447,2025-12-02,59561.05,Debit
3634,1834,2024-11-06,13952.86,Debit
3635,2721,2024-11-21,91081.39,Credit
3636,2158,2025-11-01,168099.09,Credit
3637,1505,2025-11-23,71679.13,Debit
3638,494,2025-08-23,64125.43,Credit
3639,4526,2024-09-10,235080.24,Credit
3640,3603,2026-01-21,31020.09,Credit
3641,2300,2024-07-14,117759.14,Debit
3642,2199,2024-09-05,156321.09,Debit
3643,254,2025-04-11,109511.03,Debit
3644,1367,2026-01-09,14166.89,Credit
3645,4019,2025-01-19,48135.76,Debit
3646,3650,2025-06-14,111086.57,Debit
3647,4989,2026-04-03,29237.78,Debit
3648,1878,2024-12-14,209649.84,Debit
3649,856,2024-08-18,2337.81,Debit
3650,4741,2026-03-11,74153.27,Debit
3651,2290,2025-10-16,237497.0,Debit
3652,4081,2025-11-17,85049.98,Credit
3653,2471,2025-11-18,148841.42,Debit
3654,3936,2025-07-13,9957.96,Credit
3655,1989,2024-05-22,211194.88,Debit
3656,1972,2025-08-15,247905.06,Debit
3657,4882,2025-01-05,34784.5,Debit
3658,1027,2025-06-20,78601.44,Debit
3659,3571,2026-03-11,138701.82,Debit
3660,4775,2025-01-08,210954.02,Credit
3661,865,2026-01-22,30229.52,Credit
3662,2317,2025-02-27,155193.64,Debit
3663,2786,2025-08-25,209938.77,Credit
3664,3823,2025-03-20,182522.09,Credit
3665,2632,2026-03-10,188829.36,Debit
3666,886,2026-01-18,154722.95,Debit
3667,4909,2025-01-09,190177.1,Credit
3668,1539,2024-10-24,21386.91,Debit
3669,2816,2025-12-06,84997.85,Credit
3670,3758,2024-07-07,237586.96,Credit
3671,861,2024-09-06,37929.97,Debit
3672,592,2026-02-19,224380.2,Debit
3673,3973,2025-06-08,150327.07,Credit
3674,4753,2026-04-21,66184.59,Credit
3675,4912,2025-08-16,118985.51,Credit
3676,2563,2025-10-31,218064.62,Debit
3677,828,2024-07-09,133608.6,Debit
3678,2464,2025-07-03,14421.58,Credit
3679,1668,2025-01-20,80171.59,Credit
3680,4195,2026-05-12,244878.07,Debit
3681,1098,2024-10-09,86268.16,Credit
3682,2717,2025-09-28,126164.38,Debit
3683,1040,2026-03-02,54451.87,Credit
3684,1700,2025-12-08,8925.1,Credit
3685,4544,2025-10-06,40526.01,Credit
3686,1376,2025-11-23,231886.25,Debit
3687,3259,2024-10-29,9189.63,Credit
3688,4128,2026-02-27,151749.88,Debit
3689,668,2025-12-05,213423.56,Credit
3690,4537,2025-09-14,230086.7,Credit
3691,125,2025-07-13,70036.94,Debit
3692,1339,2025-08-18,126798.45,Credit
3693,3120,2026-04-09,82144.08,Debit
3694,3309,2024-05-20,9998.05,Debit
3695,2706,2024-08-14,211023.37,Credit
3696,4129,2024-09-09,65924.97,Credit
3697,2292,2025-06-30,627.23,Debit
3698,2034,2025-08-29,143232.97,Debit
3699,1033,2025-07-31,136606.15,Credit
3700,3531,2024-08-13,125257.78,Debit
3701,4436,2024-06-16,220744.01,Credit
3702,1086,2025-04-20,139409.6,Debit
3703,4435,2025-09-21,87457.76,Debit
3704,1986,2026-03-31,187744.19,Debit
3705,956,2024-06-22,204330.67,Debit
3706,2141,2025-11-10,89387.76,Credit
3707,3228,2024-06-13,119042.81,Credit
3708,4165,2025-04-23,86548.03,Credit
3709,4820,2024-08-30,8733.34,Credit
3710,2942,2024-06-01,249959.6,Debit
3711,354,2025-05-21,45718.03,Credit
3712,364,2025-11-04,124172.65,Debit
3713,4531,2024-07-25,3096.18,Credit
3714,2847,2025-09-28,229957.03,Debit
3715,991,2025-10-12,159496.09,Credit
3716,2582,2025-01-27,106218.54,Debit
3717,3686,2026-03-03,145149.83,Debit
3718,1042,2025-03-16,81147.72,Credit
3719,4857,2026-02-28,235123.48,Credit
3720,811,2024-11-23,155290.31,Credit
3721,1422,2026-01-01,14592.44,Debit
3722,4234,2025-10-05,67090.96,Credit
3723,2000,2024-09-11,8955.21,Credit
3724,754,2026-03-08,181116.53,Debit
3725,3950,2026-04-29,241283.38,Debit
3726,1969,2024-09-02,133139.78,Debit
3727,1444,2026-03-14,10168.41,Credit
3728,747,2024-10-10,209739.25,Debit
3729,196,2024-08-22,248180.45,Credit
3730,2578,2026-04-27,201656.34,Credit
3731,167,2025-11-16,6073.91,Debit
3732,2524,2026-02-03,141323.01,Credit
3733,1359,2024-08-12,48305.45,Credit
3734,3076,2025-10-05,160223.71,Credit
3735,223,2025-11-18,75970.48,Debit
3736,2267,2024-12-07,248595.52,Debit
3737,2907,2025-08-03,82801.12,Debit
3738,4268,2024-10-31,103535.2,Credit
3739,4319,2024-08-14,203356.63,Debit
3740,1190,2026-03-28,107913.14,Debit
3741,2010,2025-10-23,80629.85,Credit
3742,3827,2025-04-08,192952.74,Debit
3743,2286,2024-10-02,194731.91,Credit
3744,2670,2024-08-24,161821.92,Credit
3745,4541,2025-02-11,139648.65,Credit
3746,4624,2024-11-27,137430.82,Credit
3747,447,2025-06-20,145581.53,Credit
3748,390,2026-05-05,114668.33,Credit
3749,4692,2026-04-27,177367.53,Debit
3750,3324,2026-04-18,52179.03,Credit
3751,3315,2024-06-16,23615.93,Credit
3752,1258,2026-03-30,7077.63,Credit
3753,3949,2024-06-05,242359.95,Credit
3754,4326,2024-08-03,120856.48,Debit
3755,4630,2024-05-22,66330.63,Debit
3756,318,2026-01-27,152033.95,Credit
3757,573,2026-04-19,187499.88,Credit
3758,1583,2024-09-15,35507.74,Credit
3759,31,2024-08-16,189163.15,Debit
3760,4414,2026-04-30,4919.21,Credit
3761,4350,2025-07-30,128503.38,Debit
3762,3382,2025-06-12,74719.51,Debit
3763,2713,2024-09-13,219157.6,Credit
3764,1381,2026-04-25,119079.39,Debit
3765,1025,2026-01-28,216582.27,Debit
3766,501,2024-07-23,87861.12,Credit
3767,2266,2024-07-02,27588.44,Debit
3768,3934,2025-06-30,123572.34,Debit
3769,4826,2024-08-17,48479.96,Debit
3770,4136,2025-04-23,58180.5,Credit
3771,298,2026-03-28,209023.36,Credit
3772,1473,2026-02-08,108210.61,Debit
3773,537,2025-12-01,34996.36,Credit
3774,1466,2025-12-14,248098.42,Debit
3775,3523,2024-08-19,156588.66,Debit
3776,2422,2024-08-07,121682.64,Credit
3777,3177,2025-11-24,64837.58,Debit
3778,2372,2025-12-10,159067.3,Debit
3779,2511,2026-02-04,39158.34,Credit
3780,4810,2025-11-28,91938.99,Debit
3781,4426,2025-09-18,3957.22,Debit
3782,2559,2025-03-11,235490.7,Credit
3783,3542,2025-12-13,132075.53,Credit
3784,3065,2025-11-22,113460.75,Debit
3785,2532,2024-08-10,127669.3,Credit
3786,4628,2024-08-26,41538.64,Debit
3787,154,2025-11-25,36522.36,Debit
3788,215,2026-03-19,28033.48,Credit
3789,898,2025-04-16,224457.54,Credit
3790,966,2025-02-23,224561.92,Credit
3791,1211,2026-02-08,117470.59,Debit
3792,491,2025-12-07,56964.98,Debit
3793,2082,2025-09-20,117386.45,Credit
3794,1405,2025-11-05,99989.81,Debit
3795,1680,2025-11-09,156573.64,Debit
3796,4679,2025-05-15,135631.92,Credit
3797,2708,2025-10-30,26948.11,Credit
3798,1659,2025-05-01,227181.58,Credit
3799,2351,2025-11-18,133722.66,Credit
3800,2912,2025-08-16,210791.84,Credit
3801,1174,2025-03-18,94002.84,Credit
3802,4579,2025-08-20,174880.42,Credit
3803,4100,2025-02-20,16215.08,Debit
3804,978,2024-10-10,49401.5,Credit
3805,1925,2024-12-15,103738.7,Debit
3806,185,2025-07-26,31980.19,Debit
3807,4324,2026-01-07,202916.38,Credit
3808,3786,2024-06-22,225903.85,Credit
3809,1388,2025-01-14,194622.32,Credit
3810,2685,2025-12-01,177796.03,Debit
3811,270,2025-02-08,227619.09,Debit
3812,1215,2024-10-03,11243.9,Debit
3813,3954,2024-11-23,56290.18,Credit
3814,4225,2024-11-28,29343.56,Credit
3815,2105,2025-10-29,96711.57,Debit
3816,1780,2024-11-27,145309.65,Debit
3817,1264,2026-04-18,54611.64,Debit
3818,1621,2025-12-04,188898.76,Debit
3819,2768,2025-02-02,69625.15,Debit
3820,2118,2025-03-18,118781.99,Credit
3821,407,2025-03-01,171008.43,Debit
3822,2037,2025-04-15,96318.43,Debit
3823,3045,2024-05-29,4196.88,Debit
3824,4970,2024-08-09,114354.88,Debit
3825,4171,2025-06-17,87851.97,Debit
3826,988,2026-05-01,111777.63,Credit
3827,3267,2024-05-27,125356.53,Debit
3828,2893,2026-02-27,124065.28,Credit
3829,25,2024-06-15,219760.37,Credit
3830,2502,2024-12-22,57909.73,Debit
3831,860,2025-04-24,86016.59,Credit
3832,4839,2026-04-23,128838.31,Debit
3833,1113,2025-04-04,49536.37,Credit
3834,751,2025-04-14,63222.5,Debit
3835,3497,2025-04-28,72928.18,Debit
3836,2814,2025-09-23,153617.51,Debit
3837,2724,2025-09-06,133870.95,Credit
3838,4538,2024-12-17,212318.31,Debit
3839,4454,2024-09-03,130198.51,Credit
3840,3008,2026-03-07,163828.02,Credit
3841,3128,2025-05-17,146799.96,Debit
3842,3464,2024-09-12,111972.95,Debit
3843,4254,2026-01-01,78239.47,Debit
3844,768,2025-09-27,209404.95,Debit
3845,3792,2025-08-25,155483.14,Credit
3846,222,2025-04-17,134504.98,Debit
3847,685,2025-09-21,242128.77,Debit
3848,268,2026-03-11,234435.62,Debit
3849,2532,2026-03-28,188524.2,Credit
3850,4223,2024-08-25,58323.27,Credit
3851,2955,2025-02-04,164974.59,Debit
3852,4514,2024-06-15,136229.26,Debit
3853,4866,2025-12-01,238364.08,Debit
3854,1154,2025-11-23,92017.07,Debit
3855,1588,2024-05-21,53329.59,Debit
3856,3753,2024-09-20,63282.84,Debit
3857,810,2025-04-10,47548.75,Debit
3858,4950,2025-08-03,243172.02,Credit
3859,2371,2024-09-10,79476.97,Credit
3860,3275,2024-11-24,211973.96,Credit
3861,124,2026-03-19,29835.62,Credit
3862,2672,2026-05-03,126013.47,Credit
3863,4542,2026-03-19,197895.11,Credit
3864,878,2025-09-28,211585.85,Credit
3865,4351,2024-09-10,107761.9,Debit
3866,445,2024-10-07,191579.73,Debit
3867,621,2025-03-08,15135.41,Debit
3868,118,2024-10-01,153130.71,Debit
3869,3684,2024-05-23,79128.12,Credit
3870,4934,2025-09-17,103850.22,Debit
3871,3478,2026-02-08,169862.41,Debit
3872,624,2024-09-26,54026.96,Debit
3873,1305,2024-06-26,146835.42,Debit
3874,4145,2024-06-08,207412.95,Debit
3875,2503,2026-04-19,134235.52,Debit
3876,1573,2025-08-29,98537.82,Debit
3877,443,2024-08-16,80150.45,Credit
3878,738,2025-08-16,28110.04,Credit
3879,4059,2025-04-09,130949.21,Debit
3880,4936,2025-05-28,210601.33,Debit
3881,4702,2026-02-24,53093.58,Credit
3882,662,2026-04-25,2172.48,Credit
3883,1413,2025-03-10,127157.72,Credit
3884,1724,2025-10-26,90404.64,Debit
3885,3894,2025-11-04,77922.33,Credit
3886,1333,2024-07-06,1262.93,Debit
3887,2542,2024-07-25,35565.17,Debit
3888,2162,2025-09-27,248428.5,Credit
3889,653,2024-09-29,137184.46,Debit
3890,2617,2024-11-22,218488.03,Debit
3891,4130,2025-10-23,119935.61,Credit
3892,36,2026-02-03,34019.7,Debit
3893,569,2025-09-15,179926.92,Credit
3894,2623,2025-08-23,224575.21,Credit
3895,654,2025-01-13,202286.54,Debit
3896,2917,2025-09-11,132300.17,Credit
3897,579,2024-08-04,203114.35,Credit
3898,1590,2024-08-08,205396.28,Debit
3899,889,2025-05-01,113916.13,Debit
3900,4547,2024-08-21,179415.71,Debit
3901,4850,2026-01-07,96232.27,Credit
3902,4239,2025-01-23,152613.23,Debit
3903,1827,2025-08-25,193853.37,Credit
3904,4866,2024-11-20,138194.57,Credit
3905,4941,2025-03-17,217153.26,Credit
3906,2922,2024-11-14,153068.96,Credit
3907,2431,2025-04-23,149043.91,Debit
3908,1794,2024-11-18,206773.37,Debit
3909,950,2024-06-08,198496.36,Credit
3910,3203,2024-06-06,161453.2,Debit
3911,2873,2025-07-29,236809.51,Credit
3912,2315,2024-06-30,183964.69,Debit
3913,3629,2024-05-13,93766.7,Credit
3914,253,2024-09-03,228613.56,Credit
3915,2464,2025-03-20,223569.44,Debit
3916,2950,2026-05-12,121658.98,Credit
3917,1005,2025-06-03,5233.28,Credit
3918,1642,2025-04-12,29058.47,Credit
3919,3931,2024-06-23,183730.06,Debit
3920,2054,2025-09-17,123947.11,Credit
3921,768,2025-09-28,161143.64,Credit
3922,1246,2026-05-12,124607.24,Credit
3923,1856,2025-02-02,208721.99,Debit
3924,3296,2026-02-08,945.61,Debit
3925,705,2025-07-18,232504.93,Debit
3926,3195,2026-01-13,124448.2,Credit
3927,2415,2025-07-11,150959.75,Debit
3928,434,2025-09-04,2540.94,Credit
3929,4892,2026-05-08,126830.45,Debit
3930,3569,2025-06-07,49787.24,Debit
3931,2508,2024-08-07,187699.47,Debit
3932,4835,2025-01-09,214765.0,Debit
3933,4381,2026-03-15,42893.88,Debit
3934,1233,2024-05-29,142445.11,Credit
3935,2915,2024-06-17,102214.61,Credit
3936,775,2026-04-24,68722.11,Credit
3937,2430,2025-03-23,104660.42,Credit
3938,861,2025-10-02,94538.24,Credit
3939,4803,2025-04-29,141983.61,Debit
3940,1450,2025-04-16,228253.09,Credit
3941,1654,2025-03-21,91202.08,Debit
3942,2469,2025-03-26,110230.77,Credit
3943,3794,2025-09-16,194864.09,Debit
3944,445,2025-07-23,160933.26,Credit
3945,2741,2024-08-06,159016.39,Credit
3946,3757,2025-03-20,237344.35,Credit
3947,4338,2024-05-27,23569.22,Credit
3948,562,2024-12-10,239324.85,Debit
3949,3211,2025-05-26,147310.75,Credit
3950,1753,2024-11-15,50372.21,Debit
3951,4847,2024-12-24,64834.67,Debit
3952,562,2025-04-17,206579.12,Debit
3953,4448,2025-12-31,140522.22,Credit
3954,4518,2025-10-17,137836.49,Credit
3955,2334,2025-05-22,13495.57,Credit
3956,4992,2024-09-16,238839.55,Credit
3957,4129,2024-12-10,82725.98,Credit
3958,3947,2024-09-21,74196.92,Debit
3959,935,2026-02-24,181026.99,Credit
3960,4246,2024-08-02,3120.73,Credit
3961,29,2024-06-02,176933.58,Credit
3962,2256,2026-04-02,243992.37,Debit
3963,3462,2025-07-05,164617.18,Debit
3964,1159,2025-01-13,179943.02,Credit
3965,3306,2025-04-28,104127.12,Debit
3966,4937,2024-11-21,169494.14,Debit
3967,3532,2025-05-04,171415.8,Debit
3968,679,2025-05-03,238409.96,Credit
3969,4238,2024-10-13,174751.28,Debit
3970,4,2025-01-15,38369.17,Debit
3971,4085,2026-03-01,84599.52,Debit
3972,2225,2025-06-23,53528.96,Debit
3973,4233,2024-12-31,192625.86,Debit
3974,586,2024-12-16,220553.86,Credit
3975,2484,2024-11-29,23461.73,Credit
3976,3926,2024-12-24,108920.96,Debit
3977,2320,2024-09-15,28473.66,Credit
3978,1713,2024-11-24,105282.44,Debit
3979,884,2024-10-05,238275.33,Credit
3980,1782,2025-06-08,41038.57,Debit
3981,4876,2026-03-13,18500.82,Debit
3982,2476,2025-07-15,161019.69,Debit
3983,1359,2024-11-16,121668.99,Debit
3984,926,2024-06-23,117352.06,Debit
3985,666,2025-06-24,54878.87,Credit
3986,2433,2025-04-16,187384.43,Debit
3987,382,2025-07-04,1598.5,Debit
3988,4775,2025-10-10,168689.96,Debit
3989,4394,2025-09-15,8074.41,Credit
3990,4016,2025-04-15,153685.79,Debit
3991,1625,2024-09-06,182930.09,Debit
3992,2185,2025-03-22,215852.91,Debit
3993,4546,2024-12-17,205613.6,Debit
3994,1443,2024-12-24,118645.83,Credit
3995,3981,2025-07-08,185372.54,Credit
3996,4564,2026-04-02,121561.94,Credit
3997,2501,2026-01-04,19729.76,Credit
3998,3784,2025-05-28,78122.98,Debit
3999,3923,2026-01-16,55219.62,Debit
4000,2512,2024-07-16,156117.8,Debit
4001,2425,2026-02-02,242763.23,Credit
4002,825,2025-03-21,92759.1,Credit
4003,1836,2026-01-05,206033.4,Debit
4004,1397,2024-09-24,200041.95,Debit
4005,590,2025-02-06,53731.85,Debit
4006,4665,2024-10-10,180511.57,Credit
4007,2048,2025-03-18,87295.04,Credit
4008,493,2024-11-23,48439.27,Credit
4009,319,2025-03-13,137529.12,Debit
4010,392,2025-01-12,108036.82,Debit
4011,1630,2025-05-04,108502.47,Credit
4012,453,2024-06-14,248073.71,Debit
4013,1323,2025-10-16,212271.05,Debit
4014,4444,2025-11-06,223913.96,Credit
4015,496,2025-06-04,67699.95,Credit
4016,207,2024-11-16,216422.9,Credit
4017,456,2025-11-04,44307.48,Credit
4018,4959,2026-01-02,64624.05,Debit
4019,1998,2024-07-10,153670.56,Debit
4020,4616,2024-06-10,25557.16,Debit
4021,2603,2026-03-20,112431.29,Credit
4022,2080,2025-03-22,190402.56,Debit
4023,452,2024-09-28,57189.09,Debit
4024,4371,2025-03-07,218942.38,Debit
4025,4371,2025-02-06,223767.62,Credit
4026,3091,2024-07-25,79301.47,Credit
4027,311,2026-02-01,30468.78,Debit
4028,3525,2026-02-28,206084.16,Debit
4029,4663,2025-07-24,146436.42,Debit
4030,3886,2024-10-19,132967.27,Debit
4031,878,2025-09-23,169530.87,Debit
4032,3792,2025-07-06,65410.76,Credit
4033,3584,2024-11-17,134948.06,Credit
4034,3936,2025-07-07,13845.46,Credit
4035,70,2026-04-29,96118.31,Credit
4036,4780,2025-08-03,117929.23,Credit
4037,676,2025-03-02,168724.46,Credit
4038,4661,2026-01-25,122889.02,Credit
4039,3655,2025-06-24,212290.57,Debit
4040,4300,2024-11-30,135408.55,Debit
4041,3650,2024-10-11,240954.08,Debit
4042,318,2024-11-15,112858.84,Debit
4043,2980,2025-03-07,65102.67,Debit
4044,158,2025-01-15,112312.97,Credit
4045,3349,2025-09-15,219340.45,Credit
4046,1997,2026-03-08,46115.06,Credit
4047,363,2025-10-23,30475.62,Debit
4048,1877,2024-08-12,130929.08,Credit
4049,2669,2024-12-31,89514.05,Debit
4050,1886,2025-12-27,190017.8,Credit
4051,2447,2025-06-02,149191.07,Credit
4052,1837,2024-09-25,48957.34,Debit
4053,761,2025-10-27,138650.64,Credit
4054,3210,2025-12-29,245884.17,Credit
4055,889,2026-05-06,237663.84,Debit
4056,1983,2025-01-12,186874.99,Debit
4057,3250,2025-01-14,36997.79,Credit
4058,834,2026-02-23,41920.59,Credit
4059,239,2025-06-09,17386.91,Credit
4060,1573,2025-09-02,34418.82,Credit
4061,3355,2026-03-19,227823.69,Debit
4062,1194,2025-03-20,59569.91,Credit
4063,563,2024-12-17,56470.36,Credit
4064,365,2025-06-16,90627.03,Debit
4065,3575,2024-09-07,55851.66,Debit
4066,3881,2025-08-19,192618.92,Debit
4067,3067,2025-04-03,19970.1,Credit
4068,1487,2025-04-02,195392.44,Debit
4069,4900,2026-05-01,72133.16,Credit
4070,1732,2026-03-19,161967.81,Credit
4071,4655,2025-10-31,132134.04,Credit
4072,1146,2025-12-09,119917.87,Debit
4073,2635,2025-02-01,169061.13,Credit
4074,1345,2025-09-27,111701.26,Debit
4075,2956,2025-06-07,60690.61,Credit
4076,1260,2025-12-04,122999.45,Credit
4077,2772,2024-08-17,21384.73,Credit
4078,4928,2026-03-02,11143.62,Credit
4079,2340,2024-05-25,86195.46,Debit
4080,4360,2025-04-03,72072.55,Credit
4081,4356,2025-08-07,45457.53,Credit
4082,1764,2025-08-02,23142.47,Credit
4083,596,2024-05-27,104591.59,Debit
4084,2648,2025-01-02,231906.32,Debit
4085,3095,2026-03-24,75357.91,Credit
4086,4867,2026-02-17,103261.72,Credit
4087,4820,2025-03-10,117747.46,Debit
4088,636,2025-05-20,67367.33,Debit
4089,2337,2024-09-02,29199.88,Credit
4090,1627,2025-08-09,226108.91,Debit
4091,2731,2024-12-11,110739.02,Credit
4092,2694,2026-02-03,243414.52,Debit
4093,4307,2026-03-12,238195.37,Debit
4094,4746,2024-05-12,53750.53,Debit
4095,221,2026-01-01,191972.71,Credit
4096,1880,2024-12-31,214387.93,Debit
4097,2195,2025-07-23,217440.76,Credit
4098,4156,2024-06-11,223846.58,Credit
4099,2014,2024-06-17,124231.25,Debit
4100,1189,2025-06-28,8032.56,Credit
4101,466,2024-11-28,220492.55,Debit
4102,625,2025-05-01,24536.5,Credit
4103,20,2026-04-15,184771.53,Credit
4104,1864,2025-05-12,139190.6,Debit
4105,2181,2025-01-27,61481.09,Credit
4106,4853,2024-08-03,173968.28,Debit
4107,961,2024-08-28,152939.05,Debit
4108,834,2025-05-08,131888.61,Credit
4109,4354,2024-12-09,117594.99,Credit
4110,152,2025-01-05,97744.38,Credit
4111,2508,2025-08-06,198716.34,Credit
4112,2423,2026-04-01,8905.61,Debit
4113,3625,2025-09-26,205268.82,Credit
4114,1083,2025-03-13,160831.58,Debit
4115,790,2026-04-20,202112.28,Debit
4116,3563,2024-09-21,202790.03,Debit
4117,1558,2024-07-06,87074.9,Debit
4118,757,2025-08-04,36323.74,Credit
4119,3719,2024-09-24,121033.8,Debit
4120,946,2024-08-31,123754.33,Debit
4121,3533,2025-08-30,229609.09,Credit
4122,1210,2024-12-11,243697.28,Credit
4123,123,2024-05-13,62346.81,Debit
4124,2475,2025-10-13,172133.59,Debit
4125,2558,2025-01-21,117131.69,Credit
4126,3108,2024-12-01,247937.42,Credit
4127,1763,2025-10-30,174158.22,Debit
4128,3388,2025-01-06,185137.27,Credit
4129,2734,2025-06-26,48677.77,Debit
4130,2223,2026-02-03,141506.47,Credit
4131,2336,2024-10-11,75004.75,Debit
4132,3916,2024-09-13,92015.22,Credit
4133,82,2025-06-25,113099.43,Credit
4134,3740,2024-12-28,157699.04,Credit
4135,2080,2025-03-21,208014.16,Credit
4136,3401,2025-05-10,151814.69,Debit
4137,2179,2025-10-16,152001.75,Credit
4138,2530,2024-12-26,71947.92,Debit
4139,3249,2024-08-18,168566.62,Debit
4140,1307,2024-07-19,53223.75,Debit
4141,3051,2025-09-28,98796.32,Credit
4142,4398,2026-02-22,43035.79,Credit
4143,1107,2024-12-08,220644.52,Credit
4144,3494,2025-04-28,56369.1,Credit
4145,3421,2026-01-02,54128.27,Credit
4146,1325,2025-07-02,149598.11,Credit
4147,2205,2024-06-11,67328.82,Credit
4148,4254,2025-09-30,186519.59,Credit
4149,1002,2026-02-18,97495.12,Debit
4150,3724,2025-12-10,51535.38,Debit
4151,4459,2024-08-08,91555.93,Credit
4152,4189,2026-02-04,78175.32,Debit
4153,2795,2024-11-13,91870.36,Debit
4154,771,2024-10-05,96135.42,Credit
4155,286,2025-01-16,23653.64,Credit
4156,1375,2024-09-18,54941.15,Debit
4157,4890,2025-05-15,187455.53,Credit
4158,3193,2024-12-31,171779.02,Credit
4159,1285,2025-10-02,13528.04,Debit
4160,1764,2025-02-10,108629.69,Debit
4161,2547,2025-12-25,127989.54,Debit
4162,1984,2025-10-01,195832.09,Debit
4163,4854,2025-11-27,127833.99,Debit
4164,4218,2025-05-18,234147.56,Credit
4165,694,2025-07-16,171565.3,Credit
4166,3374,2025-11-10,128087.41,Credit
4167,4529,2026-04-13,138424.9,Debit
4168,2209,2024-08-06,175807.05,Debit
4169,3600,2025-06-30,74915.74,Credit
4170,785,2025-10-20,180091.01,Debit
4171,4482,2026-01-02,247661.18,Debit
4172,1336,2024-12-06,36205.73,Debit
4173,1009,2025-11-07,193301.16,Debit
4174,3851,2024-11-28,184890.38,Debit
4175,976,2025-07-18,115488.35,Credit
4176,3648,2026-04-05,161845.17,Credit
4177,3074,2024-08-12,248918.59,Credit
4178,4115,2025-02-14,93337.2,Credit
4179,1159,2025-05-10,143647.18,Debit
4180,4714,2024-08-22,216577.38,Debit
4181,133,2025-09-06,86960.72,Debit
4182,4922,2025-08-21,172648.1,Credit
4183,4380,2025-06-17,189057.58,Debit
4184,121,2025-09-26,64617.97,Debit
4185,3545,2025-12-18,248934.15,Debit
4186,704,2025-05-19,159516.88,Debit
4187,3879,2024-12-14,217621.15,Debit
4188,2929,2026-02-27,70380.66,Debit
4189,2058,2026-03-13,153615.1,Credit
4190,1216,2025-03-31,68442.6,Debit
4191,3098,2026-03-26,44079.77,Credit
4192,3965,2024-09-28,110807.93,Debit
4193,4101,2026-01-22,180167.22,Debit
4194,3255,2024-06-26,140365.61,Credit
4195,1138,2025-02-13,178737.51,Debit
4196,1546,2024-12-22,104801.32,Debit
4197,3808,2025-01-30,247557.87,Credit
4198,2827,2026-01-03,157172.87,Debit
4199,1693,2024-11-07,148943.43,Credit
4200,268,2025-06-02,221264.33,Debit
4201,2230,2025-03-07,194671.79,Debit
4202,2189,2025-06-06,207068.36,Credit
4203,1818,2025-08-31,1990.76,Credit
4204,2247,2024-09-18,56557.48,Debit
4205,4351,2025-06-06,5724.47,Credit
4206,999,2025-06-25,249764.76,Credit
4207,1654,2025-02-11,87736.07,Debit
4208,2237,2026-01-03,170361.25,Debit
4209,999,2025-11-26,234638.78,Debit
4210,2853,2024-06-19,236516.7,Debit
4211,3101,2025-03-18,205800.13,Credit
4212,808,2025-05-22,218357.18,Credit
4213,1868,2026-02-26,100359.22,Credit
4214,81,2025-12-10,162342.0,Credit
4215,4653,2025-07-29,145221.53,Credit
4216,4242,2025-02-11,104549.21,Credit
4217,480,2024-06-01,49409.49,Debit
4218,3099,2024-08-12,187063.17,Credit
4219,725,2025-01-20,232266.81,Credit
4220,882,2024-10-08,64663.84,Debit
4221,4206,2024-07-07,123328.89,Debit
4222,4632,2024-11-09,159679.7,Debit
4223,4055,2025-11-13,68322.3,Debit
4224,1910,2026-02-08,31008.79,Debit
4225,2341,2025-08-03,106097.69,Debit
4226,4895,2024-12-15,207163.6,Credit
4227,1194,2024-05-20,211981.98,Debit
4228,981,2026-03-27,111605.88,Credit
4229,2259,2024-11-27,17056.17,Debit
4230,2434,2024-10-20,244209.55,Debit
4231,4752,2024-11-03,72086.1,Credit
4232,4014,2024-06-18,216065.78,Credit
4233,3543,2024-10-10,231002.34,Debit
4234,2507,2026-02-03,139106.99,Credit
4235,3768,2025-11-05,121307.45,Debit
4236,439,2025-09-08,159679.3,Credit
4237,45,2025-11-21,133868.1,Credit
4238,1274,2026-05-08,13964.97,Debit
4239,1184,2025-01-27,64111.45,Debit
4240,3438,2024-08-14,136315.73,Debit
4241,4664,2024-08-13,110873.2,Debit
4242,3064,2025-12-21,145856.1,Debit
4243,322,2026-03-11,26479.45,Debit
4244,565,2024-08-31,83535.56,Credit
4245,4242,2026-04-29,158030.58,Debit
4246,2623,2025-11-20,117081.51,Debit
4247,2712,2026-02-06,248830.19,Debit
4248,906,2025-04-01,6834.71,Debit
4249,2660,2024-06-22,73667.26,Debit
4250,1857,2024-06-20,216721.68,Credit
4251,1402,2025-07-09,103332.56,Debit
4252,415,2025-08-25,32511.75,Debit
4253,3794,2024-09-03,194793.92,Credit
4254,3708,2025-09-11,221554.47,Debit
4255,1232,2025-06-11,55299.23,Debit
4256,4483,2026-01-10,76985.83,Debit
4257,4508,2024-09-26,143829.36,Debit
4258,1414,2026-04-02,200153.29,Credit
4259,3708,2025-01-21,202147.96,Credit
4260,2043,2025-01-26,117907.84,Debit
4261,987,2026-04-03,93836.88,Debit
4262,4843,2025-02-07,235132.57,Credit
4263,860,2026-02-14,26892.69,Credit
4264,3680,2026-05-02,170889.92,Credit
4265,4075,2024-06-30,233629.66,Debit
4266,769,2025-02-22,221639.89,Credit
4267,1928,2024-09-12,103003.35,Debit
4268,3410,2025-01-25,127021.98,Credit
4269,4051,2024-09-06,215170.17,Credit
4270,97,2025-08-04,105490.64,Credit
4271,2396,2025-01-15,2967.81,Debit
4272,2179,2024-07-10,30638.69,Debit
4273,104,2026-04-30,114395.48,Debit
4274,2310,2026-03-27,43593.62,Credit
4275,2079,2024-11-28,28675.02,Credit
4276,4733,2025-05-17,87153.44,Credit
4277,1334,2026-01-18,1488.61,Credit
4278,2638,2024-10-13,124835.21,Debit
4279,327,2024-08-17,179182.74,Credit
4280,4864,2024-09-03,8409.47,Debit
4281,4580,2025-11-17,234678.02,Debit
4282,2191,2025-02-04,133532.14,Debit
4283,3638,2024-09-14,229016.57,Credit
4284,3105,2024-07-27,121392.05,Credit
4285,652,2025-10-24,79812.16,Credit
4286,1276,2024-08-30,197317.33,Debit
4287,4123,2025-05-27,202974.87,Debit
4288,4378,2024-11-29,85630.96,Debit
4289,1953,2025-07-20,45044.44,Credit
4290,3667,2025-03-10,180563.67,Credit
4291,2902,2026-01-25,21122.87,Credit
4292,4025,2025-07-29,202278.23,Credit
4293,2628,2025-12-20,221315.22,Debit
4294,184,2024-10-10,78528.04,Debit
4295,4380,2026-03-28,84896.04,Credit
4296,697,2025-01-01,127711.96,Credit
4297,1769,2025-04-19,144704.22,Credit
4298,150,2024-12-08,244697.05,Debit
4299,2491,2024-11-26,83907.35,Debit
4300,3434,2025-01-22,175089.65,Debit
4301,1894,2025-06-13,185183.41,Credit
4302,3733,2025-01-05,184785.21,Credit
4303,3487,2025-03-26,63727.69,Credit
4304,3417,2025-11-04,109823.31,Debit
4305,1461,2024-05-28,211573.84,Debit
4306,526,2025-06-17,164685.34,Credit
4307,4338,2026-03-15,163081.59,Credit
4308,2454,2025-09-01,53120.78,Credit
4309,3428,2024-12-10,226114.93,Credit
4310,3191,2025-10-23,135879.56,Credit
4311,1623,2025-05-23,133911.54,Credit
4312,1131,2024-05-27,479.33,Debit
4313,1506,2026-03-20,68697.53,Credit
4314,3137,2025-09-21,157015.21,Credit
4315,4042,2024-10-08,238445.76,Debit
4316,1016,2025-06-11,59016.34,Credit
4317,2418,2024-12-29,246498.47,Debit
4318,1294,2025-07-16,130783.67,Credit
4319,1912,2025-04-07,157705.44,Credit
4320,957,2024-07-02,6618.78,Debit
4321,188,2025-09-11,22389.34,Debit
4322,4557,2025-12-30,187685.31,Credit
4323,4292,2026-01-23,211208.84,Debit
4324,4242,2025-06-06,249816.18,Credit
4325,2141,2025-06-22,141221.09,Debit
4326,498,2024-06-04,218551.95,Debit
4327,3134,2025-04-18,182597.5,Debit
4328,3850,2026-02-03,21701.48,Debit
4329,543,2026-04-18,238605.76,Debit
4330,4970,2025-07-13,26186.93,Debit
4331,4411,2025-10-23,142419.87,Credit
4332,479,2024-11-05,146213.68,Debit
4333,2141,2024-11-05,215084.24,Debit
4334,918,2026-02-11,5109.73,Credit
4335,2387,2025-04-16,41257.85,Debit
4336,3558,2025-05-21,178450.16,Debit
4337,2318,2026-03-14,194223.59,Debit
4338,2971,2026-02-12,21781.03,Credit
4339,3799,2024-10-10,179687.65,Credit
4340,3784,2024-08-20,186011.9,Debit
4341,3452,2025-05-22,22755.35,Debit
4342,1932,2025-05-08,194201.92,Debit
4343,4920,2024-10-06,106096.66,Debit
4344,2962,2024-10-17,127518.69,Credit
4345,2725,2024-12-14,157047.23,Debit
4346,4507,2024-12-10,1086.13,Debit
4347,3994,2025-10-09,202825.77,Debit
4348,4041,2026-04-02,64102.56,Debit
4349,4744,2024-09-14,101553.9,Debit
4350,1309,2024-09-20,43521.7,Credit
4351,421,2025-05-04,60397.51,Credit
4352,3514,2026-01-06,138230.81,Debit
4353,2605,2026-02-01,28849.51,Credit
4354,4470,2024-09-28,87462.84,Debit
4355,337,2025-11-27,164270.38,Credit
4356,899,2025-10-27,4354.97,Credit
4357,2138,2025-07-12,135025.54,Debit
4358,2127,2025-12-19,233066.04,Debit
4359,4457,2024-11-09,9982.18,Credit
4360,690,2024-11-28,192340.63,Credit
4361,4367,2026-01-18,38655.57,Credit
4362,4921,2025-04-22,237473.56,Credit
4363,392,2024-12-04,38387.14,Debit
4364,2169,2024-10-23,224124.55,Debit
4365,4807,2025-07-06,160729.34,Debit
4366,4871,2024-07-27,195389.05,Debit
4367,99,2026-03-17,53959.67,Credit
4368,1149,2024-12-14,135781.39,Debit
4369,634,2025-08-06,96886.46,Credit
4370,1133,2025-09-07,12743.75,Credit
4371,3891,2025-03-05,104749.82,Credit
4372,4417,2026-04-28,80411.82,Credit
4373,463,2025-11-18,212363.41,Debit
4374,3035,2025-07-18,230736.62,Debit
4375,2592,2026-03-19,112193.95,Debit
4376,2622,2025-07-27,8359.75,Credit
4377,3591,2025-10-03,22943.69,Debit
4378,2525,2025-01-28,120400.71,Debit
4379,3076,2026-03-25,154502.53,Debit
4380,243,2024-06-18,215222.2,Credit
4381,4053,2026-01-31,65648.45,Credit
4382,3033,2026-03-26,148987.53,Credit
4383,4611,2026-04-03,148505.74,Debit
4384,1447,2024-12-13,40292.89,Credit
4385,982,2024-11-02,68136.96,Credit
4386,2735,2025-11-12,89605.87,Credit
4387,3202,2026-02-26,40107.41,Debit
4388,1079,2025-04-13,33800.42,Credit
4389,3610,2025-04-02,158863.14,Debit
4390,789,2024-12-15,143807.86,Debit
4391,3938,2024-10-19,245738.4,Debit
4392,2587,2025-09-05,170887.2,Debit
4393,3590,2025-11-22,176385.08,Credit
4394,4462,2024-09-27,107299.57,Credit
4395,1150,2024-10-12,74036.97,Credit
4396,444,2026-02-14,89284.2,Credit
4397,871,2026-04-04,18100.19,Debit
4398,421,2025-09-17,29498.85,Debit
4399,1985,2025-07-25,233487.25,Debit
4400,614,2026-04-10,180847.51,Debit
4401,3572,2024-08-10,231391.11,Debit
4402,2379,2025-10-14,222510.33,Credit
4403,3595,2025-06-25,18977.77,Credit
4404,1082,2026-01-23,53861.43,Debit
4405,1609,2025-09-25,35919.3,Debit
4406,294,2024-10-28,157948.1,Credit
4407,4951,2026-03-30,170345.1,Debit
4408,4460,2024-11-03,169539.44,Credit
4409,1157,2025-01-28,195709.39,Debit
4410,4203,2024-09-24,38805.69,Debit
4411,3041,2025-11-20,95209.33,Credit
4412,508,2025-01-05,116675.82,Debit
4413,1667,2025-08-21,41701.31,Credit
4414,4024,2026-01-17,166731.33,Debit
4415,3587,2025-10-20,244788.11,Credit
4416,2810,2024-08-11,46934.48,Credit
4417,2569,2024-08-29,127013.48,Debit
4418,4984,2025-12-17,119142.39,Credit
4419,761,2025-10-22,248391.03,Credit
4420,2018,2025-06-21,49979.83,Credit
4421,3571,2024-11-25,154998.02,Credit
4422,4301,2025-12-07,126436.27,Credit
4423,4881,2026-03-19,153759.11,Debit
4424,2794,2024-05-26,25394.72,Credit
4425,4966,2025-01-05,157061.22,Credit
4426,1362,2025-10-04,57800.87,Credit
4427,1640,2024-09-12,120609.36,Credit
4428,1889,2025-01-23,38795.68,Debit
4429,2305,2024-08-08,63013.29,Debit
4430,2606,2025-09-08,241541.21,Credit
4431,4197,2025-09-14,246230.19,Debit
4432,3378,2025-12-29,192312.22,Debit
4433,791,2025-03-09,174864.24,Debit
4434,1913,2025-06-01,59003.22,Credit
4435,3175,2026-03-24,133217.44,Debit
4436,349,2025-02-27,119663.54,Credit
4437,593,2025-07-28,188846.31,Credit
4438,26,2026-03-29,128921.97,Debit
4439,2770,2025-05-17,147999.05,Credit
4440,3638,2025-06-27,245460.45,Credit
4441,980,2025-03-02,103426.2,Debit
4442,3785,2026-02-28,203523.74,Debit
4443,3316,2024-07-16,243783.32,Debit
4444,637,2026-02-02,214512.07,Credit
4445,3919,2024-06-08,121085.54,Debit
4446,2126,2026-01-03,169379.95,Debit
4447,1928,2024-11-28,64008.52,Credit
4448,465,2024-08-15,65777.02,Credit
4449,1178,2024-05-31,157406.54,Credit
4450,289,2024-11-26,113578.48,Credit
4451,3803,2025-05-30,231903.05,Debit
4452,948,2024-10-12,141542.18,Debit
4453,3536,2025-07-03,199688.73,Debit
4454,9,2026-03-09,131110.28,Debit
4455,64,2026-03-17,51443.38,Debit
4456,4628,2025-01-20,190213.35,Debit
4457,3399,2024-12-13,221646.63,Credit
4458,472,2026-01-16,77335.2,Debit
4459,4347,2025-06-08,129943.06,Credit
4460,777,2026-01-12,190917.41,Credit
4461,4134,2024-08-24,15943.74,Credit
4462,1077,2025-01-02,76147.54,Debit
4463,3221,2025-11-23,82414.21,Credit
4464,4209,2025-05-14,110722.77,Debit
4465,3329,2026-02-19,166054.65,Credit
4466,2117,2024-09-22,232447.44,Credit
4467,349,2025-08-21,90706.68,Debit
4468,3795,2024-09-24,23174.27,Credit
4469,4500,2025-10-27,217758.28,Credit
4470,2896,2026-03-10,87504.37,Debit
4471,350,2024-06-23,10510.21,Credit
4472,2984,2025-04-22,170766.2,Credit
4473,4652,2025-02-21,95401.15,Credit
4474,950,2025-06-12,33501.98,Debit
4475,61,2026-04-29,63787.31,Debit
4476,1736,2026-01-08,186479.57,Credit
4477,43,2025-07-18,204609.58,Debit
4478,858,2024-05-29,140292.03,Debit
4479,1344,2024-05-24,211722.71,Credit
4480,4028,2024-10-25,169911.38,Credit
4481,35,2025-07-11,194508.57,Credit
4482,4267,2025-08-15,8175.19,Credit
4483,625,2024-11-24,13384.01,Credit
4484,4027,2024-09-05,110981.74,Credit
4485,3028,2025-12-14,108810.01,Credit
4486,12,2024-11-05,102946.57,Credit
4487,3749,2025-11-04,130534.2,Debit
4488,4203,2024-06-17,31962.56,Debit
4489,3381,2025-08-31,148232.1,Credit
4490,4238,2025-10-22,29765.05,Credit
4491,2863,2026-01-30,159229.24,Credit
4492,1878,2025-05-26,78409.29,Debit
4493,600,2026-01-18,4883.25,Debit
4494,739,2024-08-07,10278.94,Credit
4495,2310,2024-09-22,586.95,Credit
4496,4986,2025-12-02,36460.46,Debit
4497,1649,2026-05-10,215839.01,Debit
4498,4833,2024-07-07,108170.56,Credit
4499,688,2024-10-08,223512.63,Debit
4500,2749,2026-03-03,188760.71,Debit
4501,976,2025-12-26,30086.39,Credit
4502,4510,2025-11-05,220746.64,Credit
4503,90,2025-03-10,5114.08,Debit
4504,3941,2026-03-31,117679.26,Debit
4505,3714,2025-09-05,33553.59,Debit
4506,2604,2025-11-11,240350.47,Credit
4507,3582,2025-10-02,64178.98,Debit
4508,523,2025-04-18,65637.09,Debit
4509,3743,2025-12-09,40367.96,Debit
4510,551,2026-01-08,198926.7,Credit
4511,954,2025-10-18,167599.92,Credit
4512,89,2025-08-08,142875.77,Debit
4513,2481,2024-11-15,101942.33,Credit
4514,4945,2025-01-09,165645.49,Debit
4515,3427,2024-07-01,20977.69,Debit
4516,4971,2025-03-22,240888.97,Debit
4517,4036,2025-08-19,180186.86,Debit
4518,3792,2025-10-24,237086.45,Credit
4519,1506,2025-06-18,190247.34,Credit
4520,3278,2025-01-13,95965.3,Credit
4521,1813,2025-10-28,240531.39,Credit
4522,2882,2026-03-22,164141.12,Debit
4523,2596,2024-08-03,75354.12,Credit
4524,1021,2024-11-23,214862.61,Debit
4525,2019,2025-07-16,125939.06,Credit
4526,3969,2024-08-18,63256.14,Debit
4527,1752,2025-06-08,126047.06,Debit
4528,1040,2026-02-19,131278.02,Credit
4529,3082,2025-10-13,228585.36,Credit
4530,4971,2025-12-17,38881.76,Debit
4531,433,2026-05-09,102166.75,Debit
4532,4314,2025-04-24,131284.4,Debit
4533,194,2026-05-08,37035.29,Debit
4534,3670,2024-12-11,63729.23,Debit
4535,3741,2025-02-20,18686.93,Credit
4536,2217,2026-02-20,188463.86,Debit
4537,854,2025-12-13,205590.95,Debit
4538,4910,2025-04-08,31826.08,Debit
4539,1568,2025-02-12,35497.33,Credit
4540,2475,2024-07-18,176188.27,Credit
4541,599,2025-11-15,93838.02,Debit
4542,3,2025-11-27,217949.96,Credit
4543,2420,2025-12-11,249828.83,Credit
4544,4027,2025-02-11,205630.35,Debit
4545,3507,2024-12-23,118808.31,Credit
4546,1207,2025-06-13,89681.91,Credit
4547,653,2024-12-22,178872.89,Debit
4548,2336,2024-09-24,208568.6,Debit
4549,3213,2026-02-10,148027.3,Credit
4550,4047,2025-01-04,197132.84,Debit
4551,781,2025-03-29,127789.89,Debit
4552,4213,2024-05-26,215335.75,Credit
4553,2800,2025-09-30,216790.14,Credit
4554,4789,2025-11-07,165473.66,Credit
4555,3714,2024-06-13,136303.81,Credit
4556,104,2025-12-24,201501.52,Debit
4557,759,2025-01-03,123000.75,Debit
4558,2599,2025-02-23,127184.31,Debit
4559,1877,2024-12-05,170260.51,Credit
4560,1844,2025-10-28,121699.63,Credit
4561,2300,2024-06-29,186550.32,Debit
4562,2835,2024-06-29,138242.83,Credit
4563,4091,2026-02-28,187221.66,Credit
4564,485,2025-07-07,188776.18,Debit
4565,330,2025-01-15,234881.68,Credit
4566,3171,2026-02-27,90941.49,Debit
4567,4906,2025-02-02,131105.48,Credit
4568,930,2024-07-31,127202.86,Credit
4569,2823,2025-03-13,107571.72,Credit
4570,4076,2024-11-19,65970.83,Debit
4571,271,2025-02-22,57318.72,Debit
4572,2990,2025-05-16,148467.42,Credit
4573,1978,2025-07-21,176160.72,Credit
4574,2832,2026-01-18,118468.86,Credit
4575,4233,2024-11-15,202476.44,Credit
4576,436,2025-05-28,49133.46,Debit
4577,1279,2026-03-17,186834.16,Credit
4578,1885,2026-05-01,206163.16,Debit
4579,4113,2024-05-18,26498.17,Debit
4580,3499,2024-06-15,140530.04,Credit
4581,1966,2025-08-03,31835.86,Credit
4582,3657,2026-04-23,40930.87,Credit
4583,1956,2025-03-06,133359.23,Debit
4584,2459,2026-03-01,94067.11,Credit
4585,851,2025-05-17,98436.78,Credit
4586,3658,2024-07-19,66024.54,Debit
4587,132,2024-08-02,187943.31,Debit
4588,644,2025-10-11,105439.08,Credit
4589,2193,2025-05-06,150014.77,Debit
4590,3060,2025-06-20,120094.38,Credit
4591,2898,2025-01-27,81821.05,Credit
4592,4809,2025-10-09,112364.19,Debit
4593,85,2025-11-24,152241.83,Debit
4594,2638,2024-08-09,174175.7,Credit
4595,2973,2024-10-12,77888.19,Credit
4596,735,2025-01-25,106311.26,Debit
4597,1406,2024-11-24,18978.9,Debit
4598,3715,2026-02-08,2128.63,Debit
4599,4834,2026-05-09,15066.45,Debit
4600,2287,2026-05-08,35977.84,Debit
4601,3961,2024-10-18,144899.79,Credit
4602,2991,2026-02-10,134289.08,Debit
4603,4132,2025-07-11,120574.1,Debit
4604,3598,2025-04-04,188064.07,Credit
4605,2498,2024-08-24,149617.37,Debit
4606,1008,2024-07-23,167896.27,Credit
4607,497,2024-07-09,82697.74,Debit
4608,645,2026-02-07,146300.97,Credit
4609,730,2025-06-08,159625.89,Debit
4610,1979,2024-11-02,59316.72,Credit
4611,2983,2025-05-05,129359.99,Credit
4612,4387,2024-10-23,181959.59,Debit
4613,1547,2025-05-30,64920.07,Credit
4614,4684,2025-04-14,126316.25,Debit
4615,372,2025-10-29,216202.36,Credit
4616,3558,2025-08-16,182600.24,Credit
4617,603,2024-08-08,184268.48,Debit
4618,3087,2024-06-09,37160.3,Debit
4619,286,2025-01-17,139354.85,Debit
4620,846,2025-02-17,22594.84,Credit
4621,2975,2025-08-09,84647.01,Debit
4622,596,2025-08-15,11251.52,Debit
4623,3825,2024-08-18,197600.18,Debit
4624,1047,2026-05-02,242460.81,Credit
4625,1344,2024-11-27,65274.83,Debit
4626,4031,2025-06-29,155479.73,Debit
4627,3316,2026-02-06,201466.49,Credit
4628,2177,2026-03-19,167217.28,Debit
4629,3094,2024-07-17,154562.51,Credit
4630,1380,2024-10-17,198251.45,Credit
4631,908,2026-03-01,183541.41,Debit
4632,3950,2024-11-25,247127.93,Credit
4633,2266,2024-07-17,245089.39,Debit
4634,860,2025-05-03,88713.03,Credit
4635,2128,2026-02-14,62267.35,Debit
4636,3749,2025-03-14,197485.21,Credit
4637,3470,2026-04-27,94906.83,Debit
4638,1439,2024-12-26,84870.07,Credit
4639,774,2026-02-14,145772.07,Debit
4640,2483,2024-09-06,126062.32,Credit
4641,1158,2025-11-14,30682.78,Credit
4642,905,2025-02-15,54680.55,Debit
4643,4751,2026-04-08,31662.73,Debit
4644,562,2024-09-28,24430.04,Credit
4645,2676,2026-03-15,214753.63,Credit
4646,944,2025-10-09,186164.22,Debit
4647,4554,2025-07-10,95769.89,Debit
4648,4576,2025-12-30,86230.0,Credit
4649,3485,2025-10-10,190743.72,Debit
4650,3767,2025-10-03,45791.67,Credit
4651,4732,2025-06-26,164103.0,Debit
4652,3647,2025-10-15,141440.4,Credit
4653,1607,2025-03-23,22356.44,Debit
4654,4167,2026-04-25,3258.65,Credit
4655,3257,2024-07-09,218743.66,Debit
4656,3533,2026-02-22,241041.25,Credit
4657,3295,2024-12-17,224130.3,Debit
4658,4459,2024-12-26,123971.88,Credit
4659,2333,2025-01-14,248791.1,Debit
4660,974,2025-05-19,186509.55,Debit
4661,4410,2026-02-02,224203.42,Credit
4662,426,2024-12-14,146098.5,Debit
4663,3491,2025-07-17,57168.6,Credit
4664,1996,2024-10-29,172553.79,Credit
4665,2114,2024-10-30,29613.34,Debit
4666,1382,2026-03-04,128887.48,Credit
4667,1253,2026-04-25,43532.39,Credit
4668,3718,2026-01-31,164663.58,Debit
4669,3441,2025-06-05,68976.55,Debit
4670,4524,2026-03-19,98511.11,Debit
4671,3431,2024-12-30,189391.7,Debit
4672,197,2024-10-18,196618.56,Debit
4673,1326,2025-04-23,5667.01,Debit
4674,1245,2025-11-04,33100.01,Credit
4675,4682,2024-10-30,178183.56,Credit
4676,3255,2025-05-31,64439.2,Debit
4677,2700,2025-06-20,86731.56,Debit
4678,4010,2024-06-13,207528.34,Debit
4679,4746,2026-05-02,151500.93,Credit
4680,4055,2025-05-28,217701.21,Debit
4681,1156,2025-10-01,4751.25,Credit
4682,737,2025-08-24,180211.32,Credit
4683,1554,2025-07-28,28544.63,Credit
4684,2421,2025-04-12,237683.09,Debit
4685,3345,2024-10-04,115426.82,Credit
4686,1417,2025-08-02,240466.36,Credit
4687,2646,2025-01-14,226868.43,Credit
4688,4395,2025-10-26,177007.76,Debit
4689,3761,2025-08-16,175164.82,Debit
4690,2685,2026-01-23,143574.89,Credit
4691,1571,2026-05-08,18619.77,Debit
4692,3469,2025-10-15,223856.3,Credit
4693,1054,2024-10-02,100903.73,Credit
4694,2494,2024-11-08,141874.95,Debit
4695,2806,2024-06-18,125865.74,Debit
4696,2374,2025-09-03,237041.0,Debit
4697,1449,2024-10-01,154408.11,Debit
4698,1618,2026-03-27,70846.54,Debit
4699,4459,2025-05-29,183315.69,Debit
4700,1354,2025-01-18,204382.43,Credit
4701,2738,2024-06-15,146642.2,Debit
4702,1546,2026-04-25,161402.0,Credit
4703,1296,2025-05-06,2916.78,Credit
4704,3189,2024-06-02,54416.61,Credit
4705,945,2025-04-19,185845.67,Debit
4706,1605,2025-04-20,248615.04,Credit
4707,287,2025-05-31,208887.79,Debit
4708,3400,2024-09-27,193010.25,Debit
4709,1030,2025-07-12,114029.58,Debit
4710,4940,2025-04-30,15708.44,Credit
4711,3183,2024-11-03,88975.1,Credit
4712,2516,2025-10-19,20774.34,Debit
4713,3184,2025-03-16,168292.87,Debit
4714,1910,2025-07-10,185091.23,Credit
4715,2503,2025-05-21,249237.53,Credit
4716,4388,2025-04-12,60564.35,Credit
4717,1792,2025-11-22,244404.69,Credit
4718,1956,2024-11-27,228439.99,Credit
4719,4961,2025-02-11,172983.85,Credit
4720,3182,2024-05-26,181491.83,Credit
4721,455,2025-03-07,54336.97,Debit
4722,3692,2024-12-21,169796.39,Debit
4723,1290,2025-07-18,154077.88,Debit
4724,861,2026-04-23,86246.34,Credit
4725,4724,2024-10-28,40928.43,Debit
4726,1283,2025-09-03,175496.14,Debit
4727,4612,2024-06-02,196324.81,Credit
4728,52,2025-02-02,98401.83,Debit
4729,2123,2024-09-03,79693.61,Debit
4730,2003,2025-05-18,13134.75,Credit
4731,2414,2024-06-26,70623.76,Debit
4732,1781,2025-01-04,179481.8,Debit
4733,141,2025-04-20,240450.73,Debit
4734,4677,2026-03-10,44293.14,Debit
4735,4044,2025-12-06,9539.83,Debit
4736,652,2025-11-06,83515.82,Credit
4737,4740,2026-01-02,91734.44,Debit
4738,820,2026-03-01,119410.05,Credit
4739,604,2025-01-18,68585.78,Debit
4740,1049,2024-11-05,172996.48,Debit
4741,399,2026-04-04,60548.0,Credit
4742,1035,2025-03-29,27919.03,Credit
4743,2185,2024-06-27,37624.16,Credit
4744,852,2025-01-04,234918.79,Debit
4745,3991,2025-01-04,111719.8,Credit
4746,2216,2025-09-28,104601.0,Debit
4747,3092,2024-07-06,108035.72,Debit
4748,3243,2024-07-24,15377.58,Credit
4749,1611,2025-02-19,106241.03,Debit
4750,3788,2024-10-23,72853.94,Credit
4751,3650,2024-08-23,9191.53,Credit
4752,2270,2026-02-22,141214.29,Credit
4753,3897,2025-06-17,22714.68,Debit
4754,4574,2024-05-25,93279.45,Debit
4755,3054,2025-11-03,142407.9,Debit
4756,3263,2026-03-02,233315.31,Debit
4757,2318,2026-03-03,118245.59,Debit
4758,263,2025-12-06,206732.81,Debit
4759,4102,2025-08-05,32890.52,Credit
4760,4607,2024-11-14,27583.95,Credit
4761,1787,2024-07-08,153804.47,Credit
4762,2742,2025-07-26,158744.51,Debit
4763,107,2025-01-08,81557.79,Credit
4764,4691,2026-04-13,46295.93,Credit
4765,3664,2025-06-10,80201.31,Debit
4766,745,2025-08-04,104640.07,Credit
4767,3826,2025-11-08,139489.26,Debit
4768,3419,2024-09-08,32062.07,Credit
4769,2823,2025-01-11,20646.87,Debit
4770,2727,2026-01-09,54545.85,Credit
4771,4852,2026-03-14,36697.97,Debit
4772,2733,2026-01-01,9757.34,Debit
4773,614,2025-01-26,232129.53,Credit
4774,207,2025-05-21,222142.58,Debit
4775,4811,2024-08-11,34338.5,Debit
4776,1622,2025-05-23,247518.04,Debit
4777,3503,2024-12-12,113303.85,Credit
4778,4860,2026-04-20,148363.5,Credit
4779,4985,2024-07-12,10946.13,Credit
4780,4804,2025-12-17,225106.94,Debit
4781,761,2025-08-22,167443.4,Credit
4782,2867,2025-08-10,143054.1,Debit
4783,2234,2024-12-06,66924.67,Credit
4784,2591,2025-02-15,22851.41,Credit
4785,1998,2024-07-31,249354.26,Debit
4786,629,2025-09-23,90326.91,Credit
4787,1067,2024-07-20,67592.52,Debit
4788,1294,2025-02-20,72983.85,Credit
4789,267,2024-06-12,29308.33,Credit
4790,301,2025-07-23,56111.96,Debit
4791,4502,2024-11-09,88928.37,Debit
4792,3300,2024-09-10,20755.47,Credit
4793,1879,2025-07-07,190489.16,Credit
4794,2244,2026-01-07,227288.04,Debit
4795,1143,2025-05-13,24141.26,Credit
4796,691,2024-12-11,10350.1,Debit
4797,372,2024-06-12,16264.19,Credit
4798,1226,2024-06-07,27817.37,Debit
4799,1403,2025-09-21,170297.39,Credit
4800,3196,2024-12-07,237829.15,Debit
4801,201,2026-01-14,228425.37,Debit
4802,126,2026-01-15,103197.68,Credit
4803,3896,2025-12-03,9632.5,Credit
4804,3741,2025-10-10,88332.9,Debit
4805,4519,2025-02-11,153697.12,Credit
4806,3575,2025-01-28,47452.1,Debit
4807,31,2026-04-14,182954.08,Credit
4808,618,2024-10-27,210730.84,Debit
4809,3894,2025-08-13,98425.91,Debit
4810,2494,2024-11-17,13224.16,Credit
4811,2342,2024-07-12,158034.1,Debit
4812,4364,2024-08-22,99108.15,Credit
4813,283,2025-10-10,33158.33,Debit
4814,4847,2025-06-04,77945.66,Credit
4815,4367,2025-05-09,120707.78,Credit
4816,4945,2024-07-08,10189.62,Credit
4817,1660,2026-02-05,28556.86,Debit
4818,4930,2024-06-08,190293.79,Credit
4819,3803,2025-06-24,222224.1,Credit
4820,2853,2024-07-10,214831.95,Debit
4821,3932,2025-11-20,217081.68,Credit
4822,4277,2025-02-25,163986.14,Debit
4823,4236,2024-12-07,119852.54,Debit
4824,1301,2025-08-10,130221.61,Credit
4825,3303,2024-07-07,214202.88,Credit
4826,4490,2026-01-20,103196.56,Credit
4827,4286,2025-10-07,59859.04,Debit
4828,1776,2024-07-03,249957.94,Credit
4829,972,2026-03-22,242561.0,Credit
4830,3493,2025-10-10,30022.69,Credit
4831,3668,2026-04-17,201489.09,Credit
4832,181,2024-10-08,14251.68,Credit
4833,3491,2024-10-16,229870.79,Debit
4834,4303,2025-07-28,47602.62,Credit
4835,3173,2024-09-10,205892.38,Debit
4836,1719,2024-11-11,164690.23,Debit
4837,2299,2024-09-01,58515.82,Debit
4838,673,2025-08-26,120946.01,Debit
4839,4945,2024-09-26,137609.22,Credit
4840,2716,2025-08-04,221491.32,Credit
4841,166,2024-07-28,148627.09,Credit
4842,1547,2024-08-09,159844.47,Debit
4843,303,2024-12-07,54948.41,Debit
4844,40,2024-10-22,167691.5,Credit
4845,4665,2024-12-03,169602.25,Debit
4846,3631,2025-08-19,210064.22,Debit
4847,4444,2025-07-15,247101.06,Debit
4848,1131,2024-05-20,234206.31,Debit
4849,1345,2025-09-22,240461.73,Debit
4850,2192,2025-07-15,224467.23,Debit
4851,924,2025-01-18,153010.03,Debit
4852,1028,2025-06-22,24078.94,Credit
4853,300,2025-03-01,63802.11,Debit
4854,2161,2026-03-25,84703.55,Debit
4855,3359,2025-08-08,176095.29,Debit
4856,2415,2026-03-29,157834.89,Debit
4857,3253,2025-02-21,187346.68,Debit
4858,4123,2025-12-27,91776.64,Credit
4859,3935,2025-08-25,40456.91,Credit
4860,4327,2024-08-11,34391.2,Credit
4861,661,2024-05-30,209085.19,Credit
4862,2816,2025-12-31,65182.01,Credit
4863,4746,2026-03-01,46994.5,Debit
4864,2910,2026-02-08,227165.9,Debit
4865,3081,2024-12-31,24050.82,Debit
4866,4234,2024-06-15,175534.57,Credit
4867,2583,2025-12-13,126923.43,Credit
4868,1398,2025-02-18,187897.8,Debit
4869,2983,2026-03-24,30307.22,Debit
4870,1363,2026-04-05,149811.46,Credit
4871,2210,2025-10-14,46435.77,Credit
4872,1110,2024-08-26,10173.07,Credit
4873,4114,2024-10-31,244203.32,Debit
4874,2907,2026-04-08,209377.29,Debit
4875,426,2026-03-01,234035.83,Credit
4876,931,2026-03-28,242000.39,Debit
4877,1478,2024-11-02,38656.31,Debit
4878,2964,2024-08-16,169940.09,Credit
4879,2204,2024-12-10,53565.02,Credit
4880,4769,2024-09-22,90983.71,Credit
4881,4685,2024-12-30,12478.27,Credit
4882,2937,2024-06-06,201265.9,Debit
4883,4496,2026-01-20,36690.75,Credit
4884,2790,2025-08-25,26330.57,Credit
4885,1143,2025-08-23,6279.36,Credit
4886,467,2025-09-11,211669.21,Credit
4887,3448,2024-09-13,20588.45,Debit
4888,3110,2025-09-28,8728.98,Debit
4889,4776,2025-08-20,2100.58,Debit
4890,1931,2024-08-27,208192.72,Debit
4891,1615,2025-09-17,223509.72,Credit
4892,1332,2024-09-01,223204.57,Debit
4893,4409,2025-11-29,145347.62,Credit
4894,3379,2026-02-12,124441.87,Debit
4895,4036,2026-02-28,19589.19,Debit
4896,4839,2026-03-06,16210.2,Credit
4897,771,2025-08-10,6783.51,Debit
4898,4166,2026-03-02,1429.88,Debit
4899,178,2026-01-29,126905.23,Debit
4900,173,2025-03-13,135770.14,Credit
4901,528,2026-01-18,164845.54,Debit
4902,2342,2025-02-05,137909.52,Debit
4903,2371,2024-08-30,172682.43,Credit
4904,4852,2025-07-11,75810.25,Debit
4905,1439,2024-12-01,197074.76,Debit
4906,914,2026-03-07,168170.78,Credit
4907,988,2025-11-26,62769.87,Debit
4908,507,2025-12-18,145665.6,Credit
4909,348,2024-05-20,121272.62,Credit
4910,945,2025-07-23,15274.15,Debit
4911,4707,2025-01-12,226917.64,Credit
4912,1901,2024-09-20,93663.29,Credit
4913,4589,2025-06-18,128483.73,Debit
4914,1135,2025-02-22,59737.2,Debit
4915,3579,2026-01-02,135939.07,Debit
4916,4816,2025-10-17,19667.77,Debit
4917,4310,2024-12-21,173976.38,Credit
4918,4932,2026-04-09,156329.12,Debit
4919,1914,2025-10-12,204064.88,Credit
4920,3463,2025-11-19,77037.84,Credit
4921,576,2025-02-16,234782.96,Credit
4922,4516,2024-08-02,183747.59,Debit
4923,4937,2025-06-26,245811.97,Credit
4924,1325,2025-02-21,39840.14,Credit
4925,2459,2025-09-14,70236.35,Debit
4926,1563,2025-04-16,159667.31,Credit
4927,3342,2025-04-02,207616.62,Debit
4928,1425,2025-04-10,36380.23,Credit
4929,2381,2024-12-11,226694.27,Credit
4930,4995,2024-09-03,193499.85,Debit
4931,3502,2024-06-18,182413.94,Debit
4932,31,2024-05-18,234492.43,Credit
4933,232,2026-02-07,203982.22,Credit
4934,468,2024-08-04,9528.29,Credit
4935,89,2025-10-08,124398.29,Credit
4936,3619,2025-05-14,217123.23,Credit
4937,1387,2025-06-16,95348.45,Debit
4938,2394,2025-01-19,73627.07,Credit
4939,2096,2025-09-20,168192.94,Debit
4940,2797,2026-02-01,1495.1,Debit
4941,1166,2025-03-09,236723.31,Debit
4942,3667,2025-06-14,46711.64,Debit
4943,2145,2026-03-13,166241.71,Credit
4944,3561,2026-04-20,181105.84,Debit
4945,2031,2025-04-06,177212.45,Debit
4946,2762,2026-01-15,190896.55,Credit
4947,3405,2026-05-05,115784.6,Credit
4948,154,2024-08-08,30830.13,Debit
4949,2604,2025-01-03,173768.65,Credit
4950,3018,2024-09-29,222837.6,Debit
4951,2957,2025-12-31,135590.48,Debit
4952,4195,2025-05-28,157072.36,Debit
4953,827,2025-04-03,24716.9,Credit
4954,2467,2026-04-20,111729.82,Debit
4955,1861,2025-02-02,100708.18,Credit
4956,2271,2026-03-01,180211.69,Debit
4957,1405,2026-04-09,34083.81,Credit
4958,35,2026-01-25,36159.86,Debit
4959,210,2025-09-28,212363.58,Debit
4960,4834,2025-12-21,101293.33,Credit
4961,1190,2024-09-21,183048.22,Debit
4962,826,2026-01-21,210084.85,Credit
4963,1088,2024-07-20,212856.03,Debit
4964,3510,2024-09-23,154276.09,Credit
4965,379,2025-11-22,82842.19,Credit
4966,3770,2024-06-15,227835.88,Debit
4967,2320,2025-10-08,124804.41,Credit
4968,3826,2025-10-03,134501.31,Debit
4969,2798,2026-02-20,229241.61,Credit
4970,4545,2025-07-19,126860.66,Credit
4971,4361,2025-12-05,221203.4,Credit
4972,1219,2026-03-07,181145.55,Debit
4973,461,2024-07-15,195251.88,Debit
4974,4363,2024-07-15,169455.91,Debit
4975,412,2025-04-09,167571.1,Credit
4976,3552,2024-08-21,79671.76,Debit
4977,2103,2025-06-25,162516.48,Debit
4978,1171,2024-12-09,43289.07,Credit
4979,2738,2024-06-26,182904.86,Debit
4980,2627,2026-03-26,48383.83,Debit
4981,2311,2025-03-31,22890.25,Credit
4982,2311,2025-08-20,245166.99,Credit
4983,2686,2025-03-26,248166.37,Debit
4984,717,2024-09-20,5362.38,Debit
4985,4031,2024-07-15,108727.92,Credit
4986,3302,2026-04-06,138836.6,Credit
4987,3162,2024-06-26,14930.34,Credit
4988,3251,2024-11-11,90738.94,Debit
4989,1336,2025-06-18,58141.9,Debit
4990,870,2025-02-08,152795.6,Credit
4991,1346,2024-11-13,59895.45,Credit
4992,3533,2024-08-20,63826.26,Debit
4993,4701,2026-04-18,77532.87,Debit
4994,205,2025-04-09,100115.27,Credit
4995,1345,2024-05-13,214110.72,Credit
4996,2622,2025-02-05,36084.69,Debit
4997,3130,2024-10-27,81582.45,Debit
4998,929,2026-03-09,114953.83,Debit
4999,129,2025-08-10,230920.69,Debit
5000,4531,2025-09-22,61752.11,Credit
5001,4399,2024-11-25,65470.4,Debit
5002,928,2024-11-12,209429.24,Debit
5003,1424,2025-03-31,227050.32,Credit
5004,4197,2025-09-18,111367.37,Credit
5005,3320,2026-02-12,195360.31,Credit
5006,714,2024-10-28,218847.9,Credit
5007,3571,2025-10-18,167661.62,Credit
5008,2141,2025-12-29,224264.42,Debit
5009,662,2026-01-06,136169.61,Credit
5010,2541,2024-06-14,48106.79,Debit
5011,2717,2025-12-11,50629.46,Debit
5012,354,2026-04-15,193298.55,Credit
5013,1157,2024-10-22,218329.59,Debit
5014,3258,2024-12-22,74213.37,Debit
5015,3095,2025-05-05,203951.21,Debit
5016,1925,2025-01-04,124619.22,Debit
5017,3161,2025-07-29,187449.07,Debit
5018,826,2025-12-14,878.23,Credit
5019,4933,2025-06-13,247663.62,Debit
5020,255,2024-08-30,122619.87,Debit
5021,2262,2024-09-24,153957.01,Debit
5022,3754,2026-02-10,151606.65,Debit
5023,1040,2025-06-29,143718.69,Debit
5024,1282,2025-11-14,215764.1,Credit
5025,2064,2025-12-28,183369.4,Credit
5026,3797,2025-09-03,5336.25,Credit
5027,340,2025-06-13,114157.8,Debit
5028,4962,2024-06-18,176770.25,Debit
5029,3252,2025-09-08,194084.17,Debit
5030,4276,2024-06-07,49898.18,Credit
5031,4811,2025-06-09,1584.68,Debit
5032,2555,2025-11-25,63039.28,Credit
5033,2732,2026-04-28,131227.26,Credit
5034,3422,2025-10-08,199837.34,Credit
5035,1034,2026-03-15,3408.2,Debit
5036,3056,2025-03-15,78878.04,Debit
5037,1078,2025-05-02,46642.67,Debit
5038,4100,2024-07-28,224070.53,Debit
5039,4232,2025-02-20,247841.19,Debit
5040,2011,2024-05-13,217256.89,Debit
5041,4684,2024-12-18,46685.04,Debit
5042,1002,2025-01-01,16033.86,Credit
5043,3877,2024-09-24,3632.03,Credit
5044,3684,2026-04-12,65411.49,Credit
5045,2122,2024-06-09,108018.18,Debit
5046,272,2025-06-30,222321.64,Debit
5047,1301,2025-06-18,143941.64,Credit
5048,109,2024-10-12,141036.5,Credit
5049,3981,2025-08-11,223556.83,Debit
5050,4927,2025-07-20,188606.08,Credit
5051,3405,2025-12-26,121510.66,Debit
5052,4719,2024-12-01,116627.06,Credit
5053,4967,2024-11-11,203248.77,Credit
5054,469,2025-08-21,125279.97,Credit
5055,3462,2024-11-03,45024.13,Debit
5056,4245,2024-06-25,187795.7,Debit
5057,2898,2025-07-29,79370.12,Debit
5058,3598,2024-08-04,156441.14,Credit
5059,1664,2025-02-12,240538.11,Debit
5060,2059,2025-06-29,22015.98,Debit
5061,240,2024-10-25,173234.15,Credit
5062,768,2024-09-12,109467.21,Credit
5063,4510,2024-12-08,177757.46,Debit
5064,2349,2025-03-30,61292.95,Debit
5065,50,2025-04-16,245358.14,Credit
5066,3756,2025-05-20,232398.41,Debit
5067,9,2025-04-14,94549.77,Credit
5068,1388,2025-12-06,48925.34,Credit
5069,1560,2025-02-06,36166.49,Credit
5070,890,2026-05-01,148252.83,Debit
5071,3078,2024-05-30,151672.53,Credit
5072,838,2025-12-19,36561.64,Credit
5073,4658,2026-05-07,142941.25,Credit
5074,3957,2025-05-30,45671.92,Credit
5075,3190,2024-12-12,219058.76,Credit
5076,2840,2024-08-05,11136.76,Debit
5077,3863,2025-04-04,199253.62,Debit
5078,1439,2024-09-26,14765.56,Debit
5079,4504,2024-12-03,196771.62,Credit
5080,1925,2026-02-15,133117.35,Debit
5081,342,2025-08-11,4701.55,Debit
5082,3580,2025-08-02,229061.25,Debit
5083,2791,2026-04-07,150679.67,Debit
5084,1329,2024-12-03,150001.87,Debit
5085,3161,2024-07-26,242704.45,Debit
5086,4879,2025-12-09,37212.49,Debit
5087,3960,2024-08-24,135369.08,Credit
5088,2033,2024-07-23,219768.39,Debit
5089,2777,2025-05-19,125623.1,Debit
5090,3862,2025-06-04,8126.33,Credit
5091,735,2025-05-18,117177.58,Debit
5092,2864,2026-02-10,152504.9,Debit
5093,4842,2025-05-27,34643.93,Debit
5094,4558,2025-07-29,209238.58,Debit
5095,1374,2025-03-19,74646.73,Credit
5096,380,2026-02-26,88582.88,Credit
5097,3141,2026-04-18,139800.52,Debit
5098,1528,2024-06-07,171432.38,Debit
5099,2597,2024-10-02,103951.11,Debit
5100,2583,2024-08-23,38767.81,Credit
5101,2585,2026-05-07,68701.85,Debit
5102,1203,2025-02-10,18457.23,Credit
5103,3079,2026-04-19,83217.58,Credit
5104,1399,2025-10-16,37790.43,Debit
5105,4370,2025-03-24,67720.98,Debit
5106,3551,2025-12-07,134398.77,Debit
5107,3978,2026-03-25,191283.23,Credit
5108,2022,2025-12-27,161744.5,Credit
5109,3983,2025-05-28,143994.68,Debit
5110,2937,2025-07-05,84470.96,Credit
5111,1613,2026-04-23,173939.86,Credit
5112,19,2025-03-26,33741.31,Credit
5113,4624,2026-01-18,156470.63,Credit
5114,2785,2024-06-11,52809.42,Credit
5115,1942,2024-07-15,78947.04,Debit
5116,3530,2025-05-17,122496.97,Credit
5117,1464,2025-11-22,32715.83,Debit
5118,4532,2024-06-27,28036.4,Debit
5119,2451,2024-08-08,16537.85,Debit
5120,4877,2025-08-15,158759.21,Credit
5121,1489,2025-11-05,205932.5,Debit
5122,588,2025-08-28,21795.99,Debit
5123,4202,2025-05-10,18982.7,Credit
5124,4843,2025-06-20,221098.07,Debit
5125,777,2025-03-19,4235.93,Credit
5126,3205,2025-04-11,75466.47,Credit
5127,4369,2026-02-07,213866.93,Debit
5128,1951,2024-10-04,3415.0,Credit
5129,1627,2025-02-19,157537.42,Debit
5130,273,2025-01-31,175203.75,Debit
5131,146,2025-01-12,162828.93,Debit
5132,3664,2025-10-01,15375.24,Debit
5133,935,2024-11-06,130794.9,Debit
5134,767,2025-05-31,69829.22,Debit
5135,930,2026-03-11,227985.97,Debit
5136,1423,2024-10-31,55574.0,Credit
5137,3917,2025-04-27,188788.45,Debit
5138,826,2026-02-02,210936.9,Debit
5139,3303,2024-06-24,137858.85,Debit
5140,4523,2025-10-31,119831.13,Debit
5141,875,2025-11-20,25760.67,Debit
5142,1499,2025-09-18,164865.6,Credit
5143,2769,2026-01-10,127757.44,Debit
5144,2753,2025-01-30,143997.69,Debit
5145,2961,2025-09-20,239300.75,Credit
5146,4381,2025-12-01,180035.66,Debit
5147,3682,2024-06-30,23697.07,Credit
5148,2820,2025-10-27,58641.45,Debit
5149,1203,2025-04-24,161664.86,Credit
5150,3251,2025-04-15,104647.69,Debit
5151,2224,2025-07-16,55079.58,Debit
5152,4253,2025-11-14,161768.29,Debit
5153,2167,2026-03-06,27553.28,Debit
5154,2503,2025-09-06,51091.34,Debit
5155,4329,2024-07-18,43939.38,Debit
5156,22,2025-04-25,273.89,Credit
5157,2323,2024-06-19,197254.59,Credit
5158,3179,2024-11-16,129224.99,Credit
5159,4572,2025-04-23,112943.45,Debit
5160,1740,2025-10-04,209100.93,Credit
5161,2064,2025-07-31,157003.72,Credit
5162,304,2025-06-09,198317.23,Debit
5163,4376,2024-08-01,12934.76,Credit
5164,2386,2025-08-02,239423.48,Credit
5165,4829,2025-07-20,157446.36,Credit
5166,1449,2024-08-02,6666.52,Credit
5167,4331,2024-06-14,201914.23,Credit
5168,1445,2025-01-01,90937.54,Credit
5169,4695,2026-05-01,193010.0,Credit
5170,1263,2026-03-07,172748.96,Debit
5171,3489,2025-11-10,99643.02,Credit
5172,3741,2025-09-04,244146.66,Credit
5173,1720,2024-12-24,55858.18,Debit
5174,4195,2026-04-23,96973.55,Debit
5175,4980,2024-10-19,24136.13,Debit
5176,2342,2024-06-15,181169.13,Debit
5177,1690,2025-04-27,46826.33,Debit
5178,263,2025-02-15,58942.1,Debit
5179,4784,2025-01-29,138292.38,Debit
5180,1634,2025-06-19,95631.67,Debit
5181,3977,2025-03-04,6147.02,Debit
5182,3360,2025-07-19,25370.93,Credit
5183,1869,2025-02-24,155377.64,Credit
5184,4252,2024-07-15,110280.27,Credit
5185,249,2024-08-08,48149.68,Credit
5186,4638,2025-04-12,86003.56,Debit
5187,2146,2025-07-19,40795.66,Debit
5188,3176,2024-07-06,50772.64,Debit
5189,742,2026-03-15,221259.42,Debit
5190,4467,2024-05-22,36714.45,Credit
5191,1342,2024-12-08,178028.13,Debit
5192,3440,2026-02-19,230673.41,Credit
5193,4080,2025-04-26,3343.34,Debit
5194,3115,2024-07-01,244874.72,Debit
5195,2837,2024-10-05,18401.54,Debit
5196,4856,2025-05-18,99890.58,Debit
5197,2091,2024-06-04,162660.98,Credit
5198,3255,2025-09-15,105231.77,Credit
5199,2675,2024-11-10,54908.48,Credit
5200,355,2024-08-21,125210.73,Credit
5201,2038,2025-07-31,208265.34,Credit
5202,4589,2025-12-01,191866.06,Credit
5203,763,2024-08-13,38932.12,Debit
5204,2279,2024-08-16,121986.25,Credit
5205,4314,2025-01-15,174803.11,Debit
5206,3804,2024-05-18,66339.56,Debit
5207,1245,2025-09-29,51524.55,Credit
5208,4418,2025-04-16,190060.97,Debit
5209,1650,2024-05-29,158891.76,Credit
5210,4248,2026-04-25,44360.08,Credit
5211,2032,2026-02-17,4463.34,Debit
5212,1372,2025-08-09,92003.83,Debit
5213,1945,2025-03-18,248799.23,Credit
5214,4863,2025-01-23,23133.08,Credit
5215,661,2025-06-24,113230.93,Credit
5216,785,2025-02-20,203873.18,Credit
5217,2039,2025-03-28,54075.4,Credit
5218,3244,2025-04-06,56701.52,Debit
5219,1748,2026-02-08,19680.67,Credit
5220,1597,2025-09-23,191574.91,Debit
5221,688,2025-01-30,174484.44,Debit
5222,2773,2024-07-17,104134.13,Credit
5223,3690,2024-12-04,51767.29,Credit
5224,2481,2024-11-17,230872.41,Credit
5225,3536,2025-02-23,110987.75,Credit
5226,1469,2026-04-12,109928.76,Debit
5227,500,2025-05-29,193063.73,Debit
5228,3512,2026-04-16,34930.08,Credit
5229,4372,2025-01-22,6633.7,Credit
5230,1140,2025-05-24,7943.02,Credit
5231,2305,2025-05-27,158284.32,Debit
5232,2837,2026-01-24,152534.21,Credit
5233,667,2024-08-17,66705.28,Credit
5234,3501,2024-06-03,136850.44,Debit
5235,243,2024-11-07,231025.94,Debit
5236,270,2025-09-17,224390.22,Debit
5237,1825,2026-03-18,97026.73,Debit
5238,624,2025-06-26,14427.05,Debit
5239,1577,2025-11-28,74313.89,Debit
5240,72,2024-12-23,244638.98,Debit
5241,2960,2024-06-11,204064.49,Debit
5242,3529,2026-04-08,171768.44,Credit
5243,558,2025-09-16,60832.18,Credit
5244,223,2026-05-07,122595.29,Debit
5245,1243,2024-06-16,113539.73,Credit
5246,4922,2025-03-26,208074.93,Debit
5247,276,2024-09-23,23797.71,Debit
5248,4391,2024-08-26,49507.34,Credit
5249,3028,2025-04-20,116032.71,Debit
5250,480,2025-04-11,101404.21,Debit
5251,73,2026-01-06,54451.17,Debit
5252,3378,2024-09-27,229744.3,Debit
5253,1132,2024-12-09,173520.73,Credit
5254,1521,2024-12-18,94017.04,Credit
5255,3462,2025-05-22,108172.18,Debit
5256,1806,2025-02-16,96976.44,Debit
5257,312,2025-03-03,101994.45,Credit
5258,732,2025-05-29,111023.34,Credit
5259,2396,2024-08-06,98423.17,Debit
5260,3786,2025-06-12,243200.51,Debit
5261,3937,2024-05-14,131131.14,Debit
5262,1305,2026-01-02,238052.93,Credit
5263,3857,2024-08-08,28087.19,Credit
5264,1886,2025-06-03,104021.69,Debit
5265,1389,2025-01-21,62766.07,Debit
5266,2490,2024-05-22,110419.41,Debit
5267,4542,2024-09-21,2755.4,Credit
5268,926,2024-08-23,75868.47,Debit
5269,113,2025-12-19,148017.58,Debit
5270,188,2025-01-08,233994.95,Credit
5271,3324,2025-03-03,35314.2,Credit
5272,1819,2025-07-09,236050.35,Debit
5273,1477,2026-03-28,201970.93,Credit
5274,3032,2025-09-21,32786.49,Debit
5275,4804,2024-09-20,139407.99,Credit
5276,1663,2025-07-30,74714.22,Credit
5277,3747,2025-10-09,38320.8,Credit
5278,4358,2024-10-13,8625.91,Credit
5279,2414,2025-05-04,96605.31,Debit
5280,4823,2025-02-01,147558.63,Credit
5281,209,2026-02-15,150780.93,Debit
5282,3253,2026-01-29,109214.64,Credit
5283,321,2025-06-23,201802.07,Credit
5284,177,2024-10-15,149097.41,Debit
5285,560,2025-07-29,243668.58,Credit
5286,2566,2025-07-20,200814.35,Credit
5287,2037,2025-01-04,29157.01,Credit
5288,4811,2025-01-18,158391.86,Debit
5289,1229,2025-08-12,226029.78,Credit
5290,3510,2025-02-16,72679.76,Credit
5291,958,2025-06-07,25551.89,Credit
5292,4924,2025-12-05,214054.65,Credit
5293,1033,2025-02-05,78316.84,Debit
5294,3020,2026-03-22,170768.18,Debit
5295,2401,2025-09-05,17520.98,Debit
5296,3346,2024-08-10,13007.36,Debit
5297,4294,2024-09-03,248533.37,Debit
5298,833,2025-03-03,104220.26,Credit
5299,1176,2026-04-06,232847.86,Debit
5300,539,2025-10-07,227919.62,Debit
5301,3154,2025-05-08,37844.52,Credit
5302,2477,2026-01-14,117434.25,Debit
5303,516,2025-11-29,203836.52,Credit
5304,1942,2024-09-23,208382.43,Credit
5305,3192,2025-03-14,124097.72,Debit
5306,2945,2024-05-23,88376.81,Debit
5307,1774,2026-03-14,207835.3,Credit
5308,2993,2025-07-30,109866.8,Debit
5309,4002,2024-06-18,79719.15,Debit
5310,852,2025-03-04,144106.06,Debit
5311,1006,2024-07-31,174358.44,Debit
5312,2377,2026-05-04,212053.86,Debit
5313,692,2025-04-27,218100.29,Debit
5314,4934,2025-02-18,105339.6,Credit
5315,3139,2025-07-22,102811.63,Debit
5316,2417,2025-01-08,30489.06,Debit
5317,152,2025-02-13,60117.77,Debit
5318,160,2024-12-04,95413.83,Debit
5319,2015,2025-01-08,81077.82,Debit
5320,2925,2025-03-16,214836.73,Credit
5321,447,2025-05-21,186350.13,Credit
5322,3342,2025-04-01,107796.28,Credit
5323,3915,2025-06-07,162283.03,Debit
5324,37,2025-01-26,171930.11,Credit
5325,4048,2025-09-21,235646.08,Debit
5326,1021,2025-11-06,174841.38,Credit
5327,2038,2025-06-22,111061.44,Credit
5328,4342,2024-09-07,225808.17,Credit
5329,1937,2025-07-07,39471.37,Credit
5330,3628,2025-11-24,160094.73,Credit
5331,4669,2025-02-24,82170.19,Debit
5332,549,2025-04-29,194653.27,Debit
5333,2733,2024-05-16,113312.81,Credit
5334,1402,2024-11-09,161151.7,Debit
5335,2401,2025-03-19,66668.46,Credit
5336,2916,2025-03-08,171609.53,Credit
5337,4364,2025-11-19,227222.62,Debit
5338,2731,2025-09-27,48655.34,Debit
5339,1175,2025-03-05,213983.15,Credit
5340,3868,2025-03-20,224237.66,Credit
5341,1043,2026-01-05,83596.09,Debit
5342,880,2024-07-10,129987.75,Credit
5343,2977,2025-03-20,102334.58,Credit
5344,4155,2025-09-30,63411.93,Debit
5345,914,2025-01-10,226247.48,Debit
5346,2036,2024-07-29,208437.05,Credit
5347,2351,2025-05-05,207345.5,Debit
5348,3601,2024-11-12,167587.47,Credit
5349,452,2026-04-01,170611.65,Debit
5350,2300,2025-06-03,210056.38,Debit
5351,2838,2026-03-20,210122.36,Debit
5352,157,2026-02-23,11829.67,Debit
5353,2097,2024-11-04,223135.34,Credit
5354,983,2024-07-16,136586.28,Debit
5355,2124,2025-02-25,156864.2,Credit
5356,969,2024-09-07,135814.34,Credit
5357,4675,2025-11-14,170180.3,Debit
5358,3496,2024-12-25,120895.92,Credit
5359,246,2026-03-09,103160.82,Debit
5360,3246,2024-10-28,195158.81,Credit
5361,2629,2025-10-16,105318.33,Debit
5362,3613,2025-01-30,101502.73,Debit
5363,1444,2024-09-25,58714.49,Credit
5364,4011,2025-10-07,149014.57,Credit
5365,4388,2024-10-23,203911.98,Credit
5366,3513,2024-08-14,226064.06,Credit
5367,2707,2025-06-24,219794.79,Debit
5368,1524,2024-11-18,98501.97,Credit
5369,3502,2026-03-16,137124.11,Credit
5370,3449,2024-09-30,42541.67,Credit
5371,4673,2025-01-16,17709.83,Debit
5372,869,2025-08-13,239481.96,Debit
5373,1944,2025-12-29,119495.3,Debit
5374,1356,2026-05-01,203276.19,Credit
5375,3803,2025-12-03,146995.78,Credit
5376,818,2024-09-06,166963.81,Debit
5377,4732,2025-10-22,128721.45,Debit
5378,4734,2024-12-08,207366.15,Credit
5379,3054,2025-11-09,183185.65,Debit
5380,4372,2024-06-15,220193.02,Debit
5381,3784,2026-04-22,156362.45,Debit
5382,3754,2024-12-16,158770.42,Debit
5383,1206,2025-08-15,88092.19,Credit
5384,164,2024-11-27,63037.06,Credit
5385,1192,2025-11-10,166134.38,Credit
5386,3002,2024-06-08,26180.69,Debit
5387,2692,2026-04-07,188843.9,Debit
5388,3778,2026-04-10,3830.39,Debit
5389,4592,2024-11-22,123054.79,Debit
5390,1293,2025-04-14,249713.57,Credit
5391,4546,2024-06-03,59925.34,Debit
5392,4180,2025-10-02,92898.83,Credit
5393,320,2024-08-19,212564.24,Debit
5394,2453,2026-04-23,80446.05,Credit
5395,622,2024-12-16,132972.31,Debit
5396,4986,2026-03-15,81957.51,Credit
5397,75,2026-01-04,167016.55,Credit
5398,36,2024-09-20,209325.89,Credit
5399,4013,2026-02-26,134770.41,Debit
5400,4923,2026-02-21,184597.72,Credit
5401,4677,2025-09-16,55806.05,Debit
5402,2408,2025-05-29,156467.35,Debit
5403,4837,2025-03-17,53498.17,Debit
5404,1089,2026-01-31,53337.03,Credit
5405,3637,2025-08-12,148478.61,Debit
5406,3559,2025-01-26,167689.04,Debit
5407,1024,2025-05-12,60697.77,Debit
5408,1739,2024-09-15,74069.65,Debit
5409,2445,2025-01-13,242448.44,Debit
5410,71,2026-03-23,31908.23,Debit
5411,2613,2025-05-13,125692.47,Credit
5412,2751,2024-12-12,65669.14,Debit
5413,2037,2025-02-19,43876.67,Credit
5414,42,2024-05-24,40529.96,Credit
5415,4712,2026-01-14,126691.31,Debit
5416,577,2025-03-30,172762.9,Credit
5417,4258,2026-04-02,71583.24,Debit
5418,3867,2025-06-16,94218.07,Credit
5419,2384,2024-09-03,162529.64,Credit
5420,1782,2025-09-16,169888.51,Debit
5421,2372,2024-09-30,229351.99,Credit
5422,2868,2024-07-25,129109.56,Credit
5423,121,2025-05-13,32492.98,Credit
5424,2755,2025-12-01,185822.99,Debit
5425,2688,2025-09-10,241140.08,Debit
5426,3981,2024-10-04,79314.67,Debit
5427,3960,2025-11-07,49718.8,Credit
5428,4323,2024-08-28,121708.43,Credit
5429,353,2024-07-14,186067.43,Credit
5430,2257,2024-05-20,49438.81,Credit
5431,4436,2025-03-04,67731.32,Debit
5432,3861,2024-09-05,149035.76,Debit
5433,1142,2025-06-13,140788.36,Credit
5434,3228,2025-02-08,10892.4,Credit
5435,3656,2025-12-26,1304.29,Credit
5436,137,2024-11-28,54817.56,Credit
5437,1280,2024-12-05,170684.84,Debit
5438,2029,2025-02-06,110584.78,Debit
5439,3004,2025-11-06,80910.5,Credit
5440,1437,2024-05-20,210058.73,Debit
5441,3989,2025-10-18,137303.48,Debit
5442,1808,2026-04-28,27067.21,Credit
5443,4916,2025-04-04,34239.99,Debit
5444,2905,2024-10-07,142475.29,Debit
5445,1073,2025-02-07,210514.07,Debit
5446,4835,2025-05-12,244314.74,Debit
5447,2005,2025-12-17,136859.55,Credit
5448,1530,2024-11-03,242727.87,Debit
5449,96,2025-03-31,202177.68,Credit
5450,1050,2025-02-18,34876.66,Credit
5451,2269,2024-09-16,94646.82,Credit
5452,1113,2024-07-17,6467.54,Credit
5453,1375,2025-06-27,113267.99,Debit
5454,2288,2024-07-10,53514.44,Debit
5455,1326,2026-03-03,122132.42,Credit
5456,816,2024-10-05,161260.73,Credit
5457,3069,2024-11-25,11143.46,Credit
5458,4073,2024-07-29,95839.8,Credit
5459,3041,2025-08-28,240353.69,Debit
5460,244,2025-02-26,142422.53,Credit
5461,1017,2024-12-26,57739.16,Debit
5462,708,2024-05-21,173566.82,Debit
5463,3826,2025-11-23,86105.28,Credit
5464,856,2024-09-29,216771.02,Debit
5465,497,2025-10-31,37570.97,Credit
5466,1313,2026-02-06,21923.39,Debit
5467,3674,2024-05-13,155335.3,Credit
5468,55,2024-10-26,108181.99,Debit
5469,3992,2024-05-20,197813.87,Debit
5470,3668,2025-02-24,28568.48,Debit
5471,3681,2025-08-18,249500.86,Debit
5472,2093,2025-07-31,245129.03,Debit
5473,4186,2025-05-19,229571.87,Debit
5474,1233,2025-09-05,202459.13,Debit
5475,4386,2024-11-22,171413.01,Debit
5476,264,2025-03-07,98708.48,Credit
5477,3057,2024-09-18,152180.41,Credit
5478,1875,2025-07-13,249780.31,Credit
5479,3682,2024-10-12,84556.72,Credit
5480,2604,2026-03-16,7646.98,Credit
5481,4357,2025-05-04,125916.14,Credit
5482,2269,2025-10-19,91635.54,Debit
5483,3471,2024-05-28,123128.12,Debit
5484,724,2024-11-06,185508.54,Debit
5485,3299,2025-07-30,223370.62,Debit
5486,2524,2024-07-29,131057.77,Debit
5487,4832,2025-08-19,210935.58,Credit
5488,3603,2024-12-10,242805.92,Credit
5489,2306,2024-11-20,21618.59,Credit
5490,3114,2026-01-22,131950.38,Credit
5491,365,2025-06-04,118385.81,Credit
5492,4452,2024-09-17,243360.21,Debit
5493,3750,2024-12-10,94574.83,Credit
5494,4724,2024-10-11,212743.54,Debit
5495,2668,2025-11-10,94988.89,Debit
5496,3925,2024-09-04,105530.63,Debit
5497,916,2024-09-22,165024.49,Debit
5498,2502,2025-12-15,103954.76,Debit
5499,541,2024-11-21,168351.65,Credit
5500,379,2025-12-29,180093.8,Debit
5501,2018,2026-04-23,198810.91,Debit
5502,1989,2024-05-25,184284.41,Credit
5503,3457,2025-10-26,221943.67,Debit
5504,2108,2024-06-11,46372.08,Credit
5505,1892,2025-09-01,5435.25,Debit
5506,2315,2025-10-30,44609.01,Credit
5507,2875,2025-12-16,91881.59,Debit
5508,3235,2024-08-25,1689.68,Credit
5509,147,2025-10-17,64048.75,Debit
5510,4516,2024-12-17,239144.82,Credit
5511,1036,2025-06-25,26777.9,Credit
5512,862,2025-05-09,215159.9,Credit
5513,4380,2025-05-01,93210.75,Debit
5514,595,2025-12-06,82100.61,Credit
5515,2142,2024-06-01,243065.67,Debit
5516,1185,2024-06-03,227709.49,Debit
5517,2140,2025-03-05,143470.88,Credit
5518,1188,2026-05-11,66551.18,Debit
5519,1909,2025-09-01,194712.68,Debit
5520,1222,2026-03-18,150198.66,Debit
5521,1474,2025-01-30,47888.37,Debit
5522,979,2025-02-27,170976.05,Debit
5523,3325,2025-07-08,116836.0,Credit
5524,2119,2025-08-28,42612.35,Debit
5525,955,2025-09-08,238627.17,Credit
5526,3213,2025-10-09,51835.33,Credit
5527,4799,2025-07-18,77369.62,Debit
5528,788,2025-07-24,40320.79,Credit
5529,3950,2025-10-31,184467.56,Credit
5530,3576,2025-02-14,129546.69,Credit
5531,2945,2024-05-31,205279.29,Debit
5532,2053,2025-09-13,13340.85,Credit
5533,1142,2025-01-25,36593.5,Credit
5534,2532,2025-02-03,13421.08,Debit
5535,3248,2024-08-02,23742.12,Debit
5536,2518,2026-04-09,33300.84,Credit
5537,4953,2025-04-28,112635.24,Credit
5538,2105,2024-11-06,102988.37,Debit
5539,4759,2025-05-06,103945.14,Debit
5540,4562,2025-12-16,97597.54,Debit
5541,3297,2025-08-09,247339.78,Credit
5542,3324,2025-08-03,92617.05,Debit
5543,3377,2025-02-24,207774.97,Debit
5544,718,2025-03-22,150528.97,Debit
5545,1177,2025-11-20,228882.56,Debit
5546,485,2025-02-05,197096.18,Debit
5547,4875,2025-07-28,61765.86,Credit
5548,462,2025-04-23,203495.31,Credit
5549,1418,2024-08-29,44148.9,Debit
5550,2969,2025-11-12,137612.43,Debit
5551,4051,2024-09-17,113883.12,Credit
5552,4496,2026-01-13,35081.68,Credit
5553,343,2025-07-15,171861.86,Debit
5554,1101,2024-08-31,48000.06,Debit
5555,34,2025-05-08,139822.75,Debit
5556,1827,2025-08-12,163085.97,Debit
5557,814,2026-03-04,36481.65,Debit
5558,880,2024-08-25,240799.34,Credit
5559,3526,2024-05-21,18300.25,Debit
5560,1164,2025-09-06,47636.14,Credit
5561,799,2025-01-31,207181.85,Debit
5562,4094,2025-05-10,164529.57,Credit
5563,2067,2024-12-03,27272.84,Debit
5564,1497,2025-12-03,69355.47,Debit
5565,3225,2025-08-30,138437.86,Credit
5566,2106,2024-10-11,101586.73,Debit
5567,4330,2026-03-11,162350.71,Debit
5568,1363,2024-12-19,63127.28,Debit
5569,1249,2024-07-20,4603.7,Credit
5570,4963,2026-03-24,25918.23,Credit
5571,4941,2025-11-07,76503.06,Credit
5572,4559,2025-05-02,141018.17,Debit
5573,3686,2024-11-10,126748.12,Debit
5574,1679,2025-12-04,23235.64,Credit
5575,2458,2025-12-03,44406.64,Credit
5576,308,2026-03-04,4043.01,Debit
5577,4416,2025-12-17,49161.6,Debit
5578,2451,2024-07-09,54309.77,Credit
5579,3742,2024-12-02,71644.12,Credit
5580,2726,2024-11-11,135133.13,Debit
5581,365,2024-12-19,217214.73,Credit
5582,4693,2026-01-21,195499.53,Debit
5583,2503,2025-07-05,3368.18,Credit
5584,1465,2024-09-30,145250.6,Credit
5585,1658,2024-11-29,105831.19,Debit
5586,3989,2025-06-27,163215.43,Debit
5587,2722,2025-02-04,151458.39,Credit
5588,656,2025-06-21,193576.2,Debit
5589,1147,2025-05-31,242239.82,Credit
5590,3052,2025-06-20,85132.94,Credit
5591,619,2026-02-04,33287.33,Credit
5592,3423,2025-04-20,220894.49,Debit
5593,4733,2025-04-07,199530.11,Debit
5594,4565,2024-05-12,156688.61,Debit
5595,3605,2025-01-04,204181.54,Credit
5596,100,2025-12-29,88941.97,Credit
5597,4022,2025-07-04,35741.98,Credit
5598,3003,2024-12-28,62979.16,Credit
5599,501,2025-03-05,146748.15,Credit
5600,1423,2025-04-21,235266.7,Debit
5601,1231,2024-09-27,126929.61,Debit
5602,2769,2024-10-02,53872.0,Credit
5603,2367,2024-06-18,44927.03,Debit
5604,156,2025-08-09,12328.24,Credit
5605,247,2024-08-27,6542.71,Debit
5606,1770,2024-06-28,86633.51,Debit
5607,4301,2024-07-16,236870.82,Debit
5608,1769,2025-01-05,115509.73,Credit
5609,3225,2025-08-08,186485.82,Debit
5610,873,2024-07-15,69359.31,Credit
5611,4697,2026-03-10,38648.27,Credit
5612,1635,2025-11-26,188174.95,Debit
5613,1749,2025-11-03,85070.2,Debit
5614,1936,2025-10-29,201956.83,Credit
5615,4023,2025-09-26,128471.93,Debit
5616,1017,2024-09-19,126703.68,Credit
5617,2242,2024-08-02,146705.7,Debit
5618,34,2026-04-04,72086.1,Debit
5619,474,2024-08-28,90942.75,Credit
5620,4366,2024-10-25,176096.0,Debit
5621,4036,2025-08-07,246520.09,Debit
5622,1189,2025-08-16,216763.55,Credit
5623,2402,2025-05-17,148936.05,Credit
5624,4806,2024-07-23,206301.66,Credit
5625,3477,2024-12-22,240601.82,Debit
5626,883,2024-05-24,27407.98,Debit
5627,1603,2025-09-25,137511.93,Debit
5628,3504,2025-09-30,21185.37,Credit
5629,3836,2025-04-14,50854.3,Debit
5630,3107,2025-12-02,168877.45,Credit
5631,494,2025-06-30,12536.26,Debit
5632,3947,2025-01-27,243843.01,Credit
5633,1667,2025-10-23,85783.91,Credit
5634,2404,2025-05-14,92345.32,Debit
5635,253,2025-08-17,170450.61,Credit
5636,4199,2025-04-28,42048.56,Credit
5637,3482,2024-11-11,24452.55,Credit
5638,700,2025-07-17,168295.68,Debit
5639,4289,2025-08-17,36043.75,Debit
5640,2881,2026-04-25,85305.48,Credit
5641,1412,2025-06-30,69319.68,Credit
5642,3736,2025-06-22,124418.26,Debit
5643,2068,2025-07-29,75723.92,Debit
5644,4754,2025-05-14,124985.62,Debit
5645,3262,2025-04-24,122487.66,Credit
5646,3781,2025-05-28,25263.79,Debit
5647,1466,2025-09-29,111114.27,Credit
5648,2765,2026-02-27,23980.53,Credit
5649,875,2025-02-17,188951.96,Credit
5650,4644,2024-11-12,227438.76,Credit
5651,2027,2024-11-20,43197.53,Debit
5652,3829,2025-10-29,59943.61,Credit
5653,106,2025-06-18,210404.52,Credit
5654,1722,2025-01-22,34316.06,Debit
5655,901,2025-08-08,133131.9,Debit
5656,3178,2025-11-08,205766.19,Debit
5657,1286,2026-01-27,129787.5,Debit
5658,325,2025-07-05,216031.26,Debit
5659,957,2025-03-22,143399.52,Debit
5660,3553,2025-05-31,12338.85,Debit
5661,3436,2025-11-08,234015.58,Debit
5662,2376,2024-12-05,126102.24,Debit
5663,644,2024-09-04,20062.79,Debit
5664,3554,2024-06-22,46665.03,Debit
5665,4361,2024-11-22,64510.48,Credit
5666,4860,2026-03-24,231040.15,Credit
5667,938,2025-03-15,121829.83,Debit
5668,297,2025-10-08,235226.83,Debit
5669,290,2025-09-05,228231.38,Credit
5670,4072,2024-05-25,126485.2,Debit
5671,838,2026-04-18,68480.44,Credit
5672,4066,2026-04-27,138568.43,Debit
5673,1485,2026-03-25,167726.36,Debit
5674,1915,2026-01-06,152243.23,Debit
5675,2461,2024-12-25,209538.14,Credit
5676,4399,2025-06-22,135558.44,Credit
5677,4501,2026-05-12,1453.02,Credit
5678,2415,2025-01-09,212905.11,Debit
5679,3642,2026-01-23,44097.29,Debit
5680,3578,2026-05-06,193111.77,Debit
5681,3732,2024-12-06,104064.14,Debit
5682,3367,2025-01-06,100492.53,Credit
5683,3557,2024-08-26,233563.53,Debit
5684,4280,2025-08-24,108545.09,Debit
5685,3798,2026-03-23,54220.12,Credit
5686,4883,2024-06-21,235094.52,Debit
5687,2271,2025-02-08,223880.31,Credit
5688,4917,2025-02-23,48482.68,Debit
5689,749,2025-08-17,47218.98,Credit
5690,2844,2024-10-06,180378.69,Credit
5691,1342,2025-12-05,49318.85,Debit
5692,1855,2025-04-19,108818.8,Credit
5693,4545,2025-09-24,162826.52,Debit
5694,2621,2025-07-29,25711.24,Credit
5695,1042,2025-08-05,94572.49,Debit
5696,4493,2025-04-11,842.04,Credit
5697,4435,2026-04-11,210040.36,Credit
5698,3694,2025-10-08,81523.75,Debit
5699,4414,2025-10-04,170998.45,Credit
5700,4238,2025-06-19,235521.52,Debit
5701,2679,2025-06-22,233536.32,Debit
5702,3981,2025-10-11,76173.3,Debit
5703,690,2026-01-13,19540.19,Credit
5704,399,2025-10-13,55276.72,Credit
5705,1384,2024-12-16,113198.23,Debit
5706,851,2025-04-01,108920.37,Debit
5707,53,2025-10-05,45573.76,Debit
5708,4634,2025-01-02,76244.98,Debit
5709,1498,2025-03-02,99622.14,Debit
5710,381,2026-03-29,202517.62,Debit
5711,1070,2025-04-21,94331.44,Debit
5712,1017,2025-01-16,13954.53,Credit
5713,4670,2026-01-07,71899.51,Credit
5714,4172,2025-04-29,168919.82,Debit
5715,3534,2024-06-30,173795.88,Debit
5716,2049,2025-07-13,223084.48,Debit
5717,4302,2025-05-08,146857.71,Debit
5718,1527,2024-07-16,244739.92,Credit
5719,2150,2024-09-11,65867.46,Debit
5720,1296,2026-04-21,134264.94,Debit
5721,4786,2026-02-15,79945.26,Credit
5722,1577,2025-01-26,78200.88,Debit
5723,2864,2025-06-29,25017.36,Debit
5724,1016,2026-01-12,26190.24,Credit
5725,1926,2025-02-26,75604.34,Credit
5726,1962,2024-08-11,167455.5,Credit
5727,1834,2025-10-17,4228.16,Credit
5728,688,2025-04-24,114641.42,Credit
5729,870,2026-03-28,35645.48,Credit
5730,3598,2026-01-14,1197.15,Credit
5731,1943,2024-05-22,50950.59,Credit
5732,2554,2024-07-24,7479.4,Debit
5733,1654,2024-10-15,136305.65,Debit
5734,2371,2024-06-06,171733.53,Credit
5735,504,2026-01-27,219698.59,Debit
5736,2104,2025-12-16,97098.4,Credit
5737,2297,2024-10-22,237128.15,Credit
5738,3786,2024-11-23,172704.16,Debit
5739,1751,2024-11-23,152075.33,Credit
5740,1754,2025-03-07,129552.26,Credit
5741,4301,2024-06-22,124795.86,Debit
5742,4199,2024-05-13,133025.56,Credit
5743,981,2024-11-08,80231.99,Debit
5744,3744,2026-02-27,54267.96,Debit
5745,3909,2024-10-12,109830.19,Debit
5746,1388,2024-10-16,149731.19,Debit
5747,1884,2025-06-07,229412.32,Debit
5748,1607,2024-10-14,232563.12,Credit
5749,3684,2025-09-17,161891.17,Debit
5750,3698,2025-02-15,245360.1,Debit
5751,3203,2024-09-10,183034.49,Debit
5752,124,2024-07-28,240382.24,Credit
5753,2677,2026-01-02,186884.84,Debit
5754,4804,2025-05-06,144038.06,Debit
5755,3467,2025-02-18,86903.94,Debit
5756,3342,2025-09-18,219298.32,Credit
5757,3443,2026-03-01,196131.82,Debit
5758,3026,2024-10-13,77622.83,Debit
5759,4438,2024-09-21,71512.97,Credit
5760,4786,2025-05-11,231733.89,Debit
5761,780,2024-07-30,103896.04,Credit
5762,2663,2025-03-03,166917.62,Debit
5763,1571,2025-11-12,192739.43,Debit
5764,918,2024-11-15,175778.51,Credit
5765,1742,2025-09-14,217338.86,Debit
5766,2451,2024-08-30,57777.43,Credit
5767,1382,2024-09-19,194819.34,Debit
5768,3941,2024-12-10,34594.25,Debit
5769,1148,2024-06-15,95103.32,Credit
5770,4306,2025-09-04,137431.65,Credit
5771,1690,2025-12-05,217129.04,Credit
5772,2520,2026-02-15,246774.76,Debit
5773,301,2025-08-18,115292.07,Credit
5774,3958,2026-04-17,205852.77,Debit
5775,1800,2025-03-08,150765.94,Credit
5776,1602,2025-05-22,232569.91,Credit
5777,1735,2024-11-14,240323.69,Debit
5778,64,2025-04-26,162646.61,Credit
5779,1743,2025-06-03,142651.37,Debit
5780,440,2025-12-11,207285.05,Debit
5781,4892,2025-03-31,249507.88,Debit
5782,3111,2025-11-19,198223.83,Debit
5783,1409,2024-10-17,242800.12,Debit
5784,3837,2024-05-15,153374.95,Debit
5785,4527,2026-01-28,230378.73,Credit
5786,4447,2024-06-01,22350.67,Credit
5787,3231,2024-12-26,154001.53,Debit
5788,4526,2026-04-06,1047.59,Debit
5789,3026,2025-11-04,186183.34,Debit
5790,102,2026-03-21,60734.82,Debit
5791,2382,2024-10-20,134705.95,Debit
5792,2657,2024-05-15,13356.96,Debit
5793,3458,2026-02-24,1050.08,Debit
5794,1405,2025-10-21,41583.55,Credit
5795,970,2025-11-04,17999.64,Credit
5796,3642,2024-10-02,114399.3,Credit
5797,714,2025-07-22,134386.8,Credit
5798,3553,2026-03-10,49040.47,Debit
5799,4449,2025-10-12,204364.82,Debit
5800,3998,2026-01-02,191122.43,Credit
5801,2495,2024-07-19,141107.66,Debit
5802,4842,2025-04-19,200598.62,Debit
5803,3291,2024-07-04,138013.08,Credit
5804,4039,2024-12-24,227729.22,Credit
5805,4299,2025-11-12,121989.44,Credit
5806,4241,2025-09-14,185031.46,Debit
5807,4946,2025-06-29,3386.96,Debit
5808,1258,2024-12-09,74234.47,Debit
5809,2381,2025-03-27,55634.02,Credit
5810,4361,2025-11-30,136372.5,Debit
5811,3010,2025-12-25,79226.52,Debit
5812,813,2026-04-03,61894.48,Credit
5813,434,2026-01-22,922.15,Credit
5814,719,2025-02-11,43455.44,Debit
5815,4114,2024-11-11,126199.1,Credit
5816,87,2024-05-24,25016.96,Debit
5817,2196,2024-11-02,127931.8,Credit
5818,4854,2025-07-29,145614.84,Credit
5819,472,2024-06-25,109703.42,Credit
5820,3122,2025-05-01,67581.62,Credit
5821,1504,2026-01-10,156345.61,Debit
5822,4598,2025-02-24,215405.89,Credit
5823,848,2024-11-03,127963.54,Debit
5824,1527,2025-02-02,177666.51,Credit
5825,654,2025-10-22,49565.5,Credit
5826,2316,2026-03-09,19033.14,Debit
5827,4356,2024-12-29,47264.04,Credit
5828,1572,2025-07-24,149811.22,Debit
5829,4721,2024-05-17,51128.69,Debit
5830,2313,2026-04-19,173670.15,Debit
5831,3394,2026-01-06,9154.75,Debit
5832,3664,2024-05-24,19506.63,Credit
5833,1156,2025-07-26,114043.18,Credit
5834,962,2025-11-10,95344.25,Debit
5835,266,2024-08-18,51996.82,Credit
5836,199,2024-12-10,69315.83,Debit
5837,2831,2026-02-07,41533.88,Credit
5838,4797,2025-01-30,210025.08,Debit
5839,2946,2025-05-15,104674.01,Debit
5840,3583,2025-12-16,11232.38,Debit
5841,2646,2025-06-11,8300.51,Credit
5842,308,2025-02-24,239512.13,Debit
5843,1708,2025-02-24,20915.72,Credit
5844,4558,2025-06-08,49578.23,Credit
5845,1523,2025-03-09,135171.6,Credit
5846,4006,2025-05-10,146030.36,Credit
5847,836,2025-10-03,240536.59,Debit
5848,3704,2024-07-29,46662.67,Credit
5849,910,2024-08-23,67744.84,Debit
5850,973,2025-09-27,206870.97,Credit
5851,4090,2025-10-16,65654.05,Debit
5852,3818,2026-03-19,179387.71,Debit
5853,4074,2026-04-11,16304.22,Debit
5854,3771,2024-12-22,28420.07,Credit
5855,3380,2024-06-20,220375.85,Credit
5856,1446,2024-11-27,242846.15,Debit
5857,1084,2025-01-01,17343.13,Credit
5858,2392,2024-07-24,179492.11,Debit
5859,3760,2024-08-06,170088.05,Credit
5860,3864,2026-04-26,85521.76,Debit
5861,4645,2024-11-24,144338.66,Debit
5862,1519,2024-11-30,232165.63,Debit
5863,4153,2026-02-01,233412.58,Debit
5864,2463,2024-08-10,48781.73,Credit
5865,2291,2025-09-12,32350.29,Credit
5866,1294,2025-02-09,137013.29,Credit
5867,4834,2025-08-27,126215.56,Credit
5868,3830,2026-02-15,61152.89,Debit
5869,1430,2025-07-25,246134.9,Debit
5870,4665,2024-05-22,155794.98,Debit
5871,375,2024-12-09,40353.46,Debit
5872,583,2024-06-16,88970.42,Debit
5873,4935,2025-09-13,194061.38,Credit
5874,2829,2025-04-23,76297.08,Credit
5875,1344,2024-08-18,21276.3,Debit
5876,4252,2024-05-21,56890.88,Debit
5877,1216,2025-04-05,72153.15,Debit
5878,1657,2025-07-12,236307.35,Credit
5879,272,2024-09-15,173132.31,Credit
5880,4629,2026-03-02,41525.47,Debit
5881,1594,2026-03-10,249719.92,Debit
5882,4393,2025-01-12,8888.12,Credit
5883,4678,2025-04-30,229760.9,Debit
5884,940,2024-08-21,134942.62,Debit
5885,2792,2025-05-25,233078.99,Credit
5886,3618,2026-04-18,199447.45,Debit
5887,4596,2026-01-25,88967.64,Debit
5888,1392,2025-09-07,237081.9,Debit
5889,109,2025-12-30,98800.87,Credit
5890,4483,2024-08-15,151332.71,Credit
5891,4226,2025-11-05,216688.35,Debit
5892,434,2026-02-28,140577.63,Credit
5893,3759,2025-05-16,88463.63,Credit
5894,4367,2026-04-19,184337.13,Credit
5895,3038,2025-09-06,233217.86,Credit
5896,4789,2025-09-21,245025.56,Credit
5897,2798,2025-03-18,188018.88,Credit
5898,875,2025-09-18,241912.39,Debit
5899,1299,2025-11-03,18110.97,Credit
5900,2695,2025-07-23,107881.99,Credit
5901,2190,2024-10-31,132370.28,Debit
5902,1786,2026-02-25,8155.31,Credit
5903,3568,2025-05-02,175811.21,Credit
5904,1588,2024-05-17,68352.9,Debit
5905,365,2025-06-10,39595.07,Credit
5906,2917,2024-09-22,185246.85,Debit
5907,506,2026-05-07,222882.89,Debit
5908,580,2026-02-16,165060.15,Credit
5909,1356,2024-05-26,191945.58,Debit
5910,1272,2025-07-17,231310.24,Debit
5911,3612,2025-12-31,109056.78,Credit
5912,1940,2025-05-18,94535.79,Credit
5913,3048,2025-03-24,75590.29,Credit
5914,4271,2025-04-13,65220.51,Debit
5915,4357,2025-05-27,37694.62,Credit
5916,433,2026-01-06,137697.11,Debit
5917,1927,2026-02-14,25001.56,Credit
5918,434,2024-12-28,244779.93,Debit
5919,2544,2026-01-14,110890.71,Credit
5920,1619,2024-07-13,3090.08,Debit
5921,4917,2026-02-03,40146.08,Debit
5922,1357,2024-10-08,23650.31,Credit
5923,2887,2025-11-30,129373.42,Debit
5924,100,2024-09-06,246648.16,Debit
5925,1466,2025-10-19,45734.04,Credit
5926,2504,2024-10-14,88156.96,Credit
5927,2433,2024-06-28,147561.76,Credit
5928,2090,2025-09-06,80553.47,Credit
5929,901,2025-05-05,6689.38,Credit
5930,441,2024-10-11,218961.04,Debit
5931,4750,2026-04-11,107726.85,Debit
5932,4708,2025-03-20,32087.61,Debit
5933,4635,2025-03-14,106465.93,Debit
5934,273,2025-11-21,108865.64,Debit
5935,1746,2025-10-19,188795.52,Debit
5936,4071,2025-05-26,247006.0,Credit
5937,4657,2024-12-02,204817.21,Credit
5938,960,2025-08-14,220730.1,Credit
5939,3940,2025-09-23,200781.21,Debit
5940,802,2025-02-09,164490.81,Credit
5941,4358,2025-12-27,245081.01,Debit
5942,2878,2025-10-12,88035.06,Debit
5943,3513,2024-10-28,44538.85,Debit
5944,2440,2025-12-04,56015.49,Credit
5945,4831,2026-04-06,12471.44,Credit
5946,4256,2024-09-27,102294.79,Debit
5947,3252,2024-12-16,244805.59,Credit
5948,3797,2026-03-31,210737.48,Credit
5949,273,2025-08-25,148159.46,Debit
5950,371,2025-07-22,177480.82,Credit
5951,3328,2024-10-29,14550.03,Credit
5952,677,2024-08-31,115380.64,Credit
5953,3373,2026-03-22,119415.73,Debit
5954,4688,2026-03-08,62292.62,Debit
5955,3495,2025-03-25,208667.59,Debit
5956,3171,2024-08-21,163966.01,Debit
5957,826,2025-08-18,166612.91,Debit
5958,3890,2026-03-04,5341.9,Debit
5959,3862,2024-08-15,69997.89,Debit
5960,2798,2025-10-04,134992.86,Debit
5961,446,2025-07-15,47195.17,Debit
5962,4586,2026-03-01,130506.02,Debit
5963,1958,2026-02-13,48191.04,Credit
5964,1890,2024-09-05,199618.96,Credit
5965,2523,2024-12-27,15255.57,Debit
5966,3309,2025-10-21,188150.59,Debit
5967,4401,2026-02-17,227442.44,Credit
5968,276,2025-06-02,167955.8,Credit
5969,4435,2026-04-07,61443.53,Credit
5970,1913,2025-05-17,64984.96,Credit
5971,2408,2025-12-29,25450.33,Credit
5972,1673,2024-12-24,72494.2,Credit
5973,839,2025-06-08,127787.32,Debit
5974,2487,2024-09-14,159571.78,Credit
5975,539,2024-05-19,93648.55,Debit
5976,4444,2026-01-20,72122.67,Debit
5977,305,2025-03-02,82051.28,Debit
5978,2214,2025-09-11,57649.84,Debit
5979,2880,2026-03-25,32353.12,Debit
5980,1771,2026-05-08,12284.34,Credit
5981,3230,2026-01-11,224411.91,Debit
5982,2081,2025-07-17,87610.48,Debit
5983,3448,2025-11-14,210786.8,Debit
5984,1929,2025-06-10,60663.26,Debit
5985,541,2025-02-14,185183.41,Debit
5986,797,2024-05-15,147344.66,Debit
5987,2667,2025-09-02,89752.42,Debit
5988,600,2024-07-06,20746.72,Credit
5989,2812,2024-06-11,223671.74,Debit
5990,578,2024-11-01,82313.94,Credit
5991,714,2025-07-28,249217.71,Debit
5992,1695,2026-01-08,246564.22,Credit
5993,1530,2024-07-07,2227.81,Credit
5994,3282,2025-04-03,125311.38,Credit
5995,259,2024-12-02,17472.83,Debit
5996,769,2026-05-09,222259.17,Credit
5997,1029,2024-06-18,225603.2,Debit
5998,1350,2025-07-17,132559.19,Debit
5999,733,2024-07-23,51254.77,Credit
6000,837,2025-03-15,117768.26,Credit
6001,490,2024-06-04,186795.33,Debit
6002,664,2026-04-24,77913.72,Credit
6003,3567,2024-07-01,75425.64,Debit
6004,3796,2025-01-05,181738.66,Debit
6005,4050,2025-04-03,246998.7,Debit
6006,4613,2025-06-02,123029.48,Credit
6007,1050,2024-11-18,220857.61,Debit
6008,1868,2025-05-27,208148.12,Credit
6009,1264,2026-04-30,194308.79,Debit
6010,2847,2026-02-14,126653.03,Debit
6011,3721,2024-05-26,150907.77,Credit
6012,582,2024-12-18,11496.69,Credit
6013,945,2025-07-26,152724.69,Debit
6014,871,2024-10-12,135624.88,Debit
6015,1316,2025-12-28,198186.57,Debit
6016,3585,2025-02-24,244144.59,Credit
6017,301,2025-06-05,189453.42,Debit
6018,3153,2024-11-15,114322.93,Credit
6019,3046,2024-10-08,180275.19,Credit
6020,916,2025-01-24,198473.65,Credit
6021,1831,2024-06-17,159613.43,Credit
6022,3149,2025-04-07,31997.14,Credit
6023,2890,2025-05-11,172300.05,Debit
6024,276,2025-03-23,18574.33,Debit
6025,2152,2024-07-09,91094.49,Credit
6026,1264,2024-05-23,7329.27,Debit
6027,4736,2026-02-14,53540.4,Credit
6028,1685,2025-05-03,100954.06,Debit
6029,338,2024-08-13,146481.27,Credit
6030,1432,2024-07-09,157779.3,Debit
6031,1168,2025-01-27,149769.44,Credit
6032,54,2025-06-24,102337.21,Debit
6033,66,2026-01-17,52337.62,Debit
6034,4484,2025-07-12,239210.94,Credit
6035,4910,2026-03-14,144396.98,Debit
6036,1865,2024-08-25,149408.41,Credit
6037,3092,2026-03-07,193785.11,Debit
6038,3323,2025-03-11,218345.92,Debit
6039,2133,2024-10-16,59589.75,Debit
6040,78,2025-12-19,44295.56,Debit
6041,244,2025-12-07,144156.28,Debit
6042,984,2024-11-07,200800.75,Credit
6043,2770,2025-08-29,197729.79,Debit
6044,4030,2025-06-05,80500.37,Credit
6045,3091,2025-06-07,208279.34,Debit
6046,2603,2025-06-08,61691.82,Debit
6047,3570,2025-11-27,20531.69,Debit
6048,1088,2024-11-22,80124.14,Credit
6049,3111,2024-08-30,200011.82,Credit
6050,4704,2024-06-10,66839.58,Debit
6051,3674,2025-08-03,153763.91,Credit
6052,405,2025-06-25,164427.06,Credit
6053,2465,2024-09-30,46509.94,Debit
6054,3626,2024-08-09,200743.94,Credit
6055,4351,2025-03-25,242687.42,Credit
6056,1824,2025-09-12,32576.87,Credit
6057,2603,2025-07-23,136623.77,Credit
6058,3158,2026-03-24,196779.08,Debit
6059,4135,2025-03-04,36938.65,Credit
6060,41,2026-04-09,90365.03,Credit
6061,782,2025-05-09,163916.13,Credit
6062,2097,2024-09-12,188056.46,Debit
6063,938,2026-04-14,51504.86,Credit
6064,1910,2024-09-11,242111.19,Debit
6065,675,2025-12-10,4717.48,Debit
6066,4938,2025-04-26,248145.29,Credit
6067,2715,2025-08-11,204000.88,Credit
6068,1836,2026-01-09,114759.32,Debit
6069,3489,2024-08-07,227376.6,Credit
6070,567,2024-06-04,141880.03,Debit
6071,4599,2026-03-10,149423.02,Credit
6072,3814,2025-03-11,37031.16,Credit
6073,4619,2025-11-21,161901.75,Debit
6074,878,2025-11-11,115787.09,Debit
6075,2993,2024-06-05,67040.74,Credit
6076,4595,2026-03-02,56217.54,Credit
6077,3281,2025-04-06,202233.97,Debit
6078,3244,2025-04-30,229545.97,Debit
6079,2922,2026-01-01,217125.46,Debit
6080,4372,2024-09-29,170199.13,Debit
6081,3339,2025-01-29,236972.66,Credit
6082,4440,2026-04-08,39539.77,Debit
6083,3742,2024-09-19,170152.31,Debit
6084,566,2026-04-08,130349.74,Credit
6085,1025,2024-09-11,71722.71,Credit
6086,1621,2026-02-04,64085.13,Credit
6087,1454,2025-04-04,221304.08,Debit
6088,4210,2025-06-24,38665.98,Debit
6089,1670,2025-12-15,32685.76,Debit
6090,2163,2025-11-13,147195.39,Debit
6091,4053,2024-11-16,123391.41,Debit
6092,1667,2025-12-06,83578.82,Credit
6093,3501,2024-12-10,183913.96,Debit
6094,551,2026-01-18,160303.81,Debit
6095,122,2025-11-03,46837.49,Debit
6096,2468,2024-09-07,232505.12,Debit
6097,151,2026-02-07,51181.73,Credit
6098,2836,2025-04-21,209931.25,Debit
6099,1840,2025-06-11,219128.34,Credit
6100,3320,2025-09-06,158708.1,Debit
6101,2433,2025-11-28,181692.6,Credit
6102,2308,2026-05-12,148461.47,Credit
6103,3617,2024-09-19,14573.28,Debit
6104,4174,2026-04-23,193923.91,Debit
6105,2920,2024-08-09,222469.19,Debit
6106,701,2025-11-30,186491.07,Credit
6107,1525,2025-01-18,87645.73,Credit
6108,4217,2026-04-30,196608.38,Credit
6109,3483,2025-04-27,181282.4,Debit
6110,22,2025-09-30,13614.66,Credit
6111,1035,2025-03-25,101665.52,Credit
6112,4487,2024-10-14,212159.27,Credit
6113,4556,2024-08-05,117459.83,Credit
6114,2456,2024-09-15,63507.88,Credit
6115,1506,2024-10-19,126854.78,Debit
6116,4967,2026-01-08,165482.58,Credit
6117,3184,2025-10-15,15090.84,Credit
6118,956,2024-05-13,171459.77,Credit
6119,3275,2025-01-26,147907.43,Credit
6120,869,2025-11-03,109148.62,Credit
6121,1175,2026-04-17,16961.47,Credit
6122,2003,2025-11-23,181133.48,Credit
6123,2229,2026-02-20,85414.22,Debit
6124,1134,2025-06-12,40986.57,Debit
6125,3892,2026-01-20,128458.71,Debit
6126,1680,2025-09-03,61487.55,Debit
6127,2367,2025-09-07,146838.92,Credit
6128,4547,2024-09-14,22451.91,Credit
6129,4765,2026-04-30,27908.28,Credit
6130,3511,2025-03-23,40983.54,Credit
6131,3753,2024-05-18,211662.5,Credit
6132,1653,2024-06-23,222216.68,Credit
6133,3594,2024-12-08,44028.68,Debit
6134,4023,2025-02-20,121156.49,Credit
6135,4472,2024-06-15,57314.46,Debit
6136,590,2025-06-30,182414.44,Credit
6137,1120,2025-07-06,6820.08,Debit
6138,3876,2025-12-31,220553.76,Credit
6139,560,2024-07-08,176468.0,Debit
6140,3506,2025-05-05,30796.04,Credit
6141,189,2024-08-01,91538.05,Debit
6142,2723,2025-08-27,94456.24,Debit
6143,3352,2024-10-13,102511.82,Debit
6144,3821,2025-12-17,212506.02,Debit
6145,1194,2026-03-14,139252.55,Credit
6146,3896,2024-09-20,118583.84,Credit
6147,1974,2026-04-16,130774.49,Credit
6148,698,2024-07-21,10698.24,Debit
6149,3964,2025-01-29,26722.2,Credit
6150,4829,2024-09-29,22708.46,Credit
6151,2415,2024-06-18,74155.6,Credit
6152,274,2024-11-05,227596.16,Credit
6153,1139,2026-04-30,220623.02,Debit
6154,3517,2025-05-24,23597.81,Debit
6155,3305,2024-05-25,130610.44,Debit
6156,2455,2026-03-23,154326.26,Debit
6157,2859,2024-06-22,179408.14,Credit
6158,3606,2024-09-12,93380.18,Debit
6159,767,2025-01-22,201116.28,Credit
6160,3457,2025-11-10,146318.74,Debit
6161,4642,2026-04-21,135972.89,Debit
6162,3058,2025-03-17,216537.92,Credit
6163,1018,2026-04-02,194537.42,Credit
6164,3078,2025-10-16,41196.37,Debit
6165,2034,2026-03-15,120074.7,Debit
6166,3754,2026-03-06,241458.35,Debit
6167,1776,2026-01-29,199559.43,Debit
6168,1792,2025-01-30,168137.02,Debit
6169,921,2025-09-30,212570.46,Credit
6170,1258,2025-01-19,130173.27,Credit
6171,1458,2024-05-20,27410.62,Credit
6172,4774,2025-06-11,60317.98,Credit
6173,4378,2025-01-12,151483.68,Credit
6174,4310,2024-07-14,235108.17,Credit
6175,3170,2024-07-19,32829.25,Credit
6176,3721,2026-02-11,145598.24,Debit
6177,3317,2026-03-21,227453.86,Debit
6178,2936,2026-04-29,99567.51,Debit
6179,1382,2025-12-06,73138.34,Debit
6180,4708,2025-12-06,99402.69,Debit
6181,502,2025-04-25,241681.71,Credit
6182,1090,2024-10-19,56246.0,Debit
6183,85,2026-03-26,88279.97,Credit
6184,1481,2025-11-23,223790.7,Credit
6185,3622,2024-06-30,202814.36,Debit
6186,4882,2024-05-20,83614.17,Credit
6187,342,2025-08-11,39680.58,Credit
6188,1268,2025-10-27,46841.85,Debit
6189,3677,2025-05-23,239311.58,Credit
6190,3075,2026-04-15,3726.25,Debit
6191,2537,2024-07-07,142701.8,Credit
6192,2784,2025-03-11,75229.38,Debit
6193,3513,2025-03-19,165307.39,Debit
6194,2022,2026-02-06,140926.3,Debit
6195,1894,2024-06-20,57546.16,Credit
6196,2431,2026-04-06,83925.47,Credit
6197,2826,2025-07-18,241033.6,Debit
6198,4626,2025-11-14,159182.17,Debit
6199,72,2025-06-22,172302.53,Credit
6200,1813,2025-02-08,32511.2,Debit
6201,3702,2025-09-18,205684.81,Debit
6202,2276,2025-02-04,173667.38,Credit
6203,765,2024-11-16,210890.17,Credit
6204,2612,2025-11-19,224100.76,Credit
6205,3054,2025-06-14,246818.45,Credit
6206,2305,2025-10-14,70848.98,Credit
6207,1403,2025-06-04,60333.44,Credit
6208,882,2025-06-30,204289.23,Debit
6209,2889,2024-08-23,37899.4,Debit
6210,43,2025-02-23,36148.8,Credit
6211,4352,2024-10-23,226793.11,Debit
6212,4022,2024-10-17,119466.17,Debit
6213,612,2025-05-11,198683.18,Credit
6214,2284,2025-06-01,245433.32,Debit
6215,610,2025-09-22,192829.06,Credit
6216,882,2024-12-29,68265.24,Debit
6217,2046,2025-05-10,226101.79,Credit
6218,873,2025-06-15,79733.38,Debit
6219,665,2026-02-25,101374.25,Credit
6220,1527,2025-07-05,187365.12,Credit
6221,1907,2025-05-02,211568.8,Debit
6222,3653,2026-02-08,226010.13,Credit
6223,2365,2024-05-27,186311.83,Debit
6224,1522,2025-08-17,239775.77,Debit
6225,4879,2026-02-04,188259.31,Credit
6226,834,2025-07-29,231026.08,Credit
6227,16,2024-10-03,6579.02,Credit
6228,2280,2025-05-31,15805.97,Debit
6229,4995,2026-05-03,127605.81,Debit
6230,190,2026-04-07,19287.07,Debit
6231,402,2026-02-14,102137.84,Credit
6232,2701,2025-08-09,113536.42,Credit
6233,723,2024-08-07,87526.17,Credit
6234,4274,2024-05-15,27910.46,Debit
6235,3994,2024-09-17,130007.08,Credit
6236,3338,2026-05-03,198068.09,Credit
6237,1747,2024-09-16,99467.26,Credit
6238,2620,2026-01-29,238585.38,Credit
6239,2527,2025-12-02,57039.87,Debit
6240,3377,2025-01-11,93586.8,Debit
6241,2256,2026-04-03,246310.42,Debit
6242,3544,2025-07-02,54110.43,Debit
6243,2555,2025-02-04,7817.05,Debit
6244,3443,2025-12-28,77377.45,Credit
6245,3295,2024-11-07,60615.77,Credit
6246,2744,2024-11-04,68230.73,Credit
6247,4350,2025-08-30,241059.0,Debit
6248,3926,2025-11-07,19194.7,Debit
6249,58,2024-06-11,168633.57,Debit
6250,88,2026-01-05,191035.88,Credit
6251,1197,2024-11-26,74021.85,Credit
6252,1706,2024-06-17,49147.91,Debit
6253,3671,2024-10-14,147903.21,Credit
6254,2681,2024-08-26,96546.07,Credit
6255,4504,2025-07-25,32390.77,Debit
6256,1482,2026-05-07,159279.5,Credit
6257,4700,2025-05-26,45989.92,Credit
6258,4890,2024-11-06,101297.41,Credit
6259,536,2026-02-24,217182.73,Credit
6260,720,2026-04-03,226765.86,Debit
6261,2829,2025-02-06,203664.49,Credit
6262,4111,2025-12-07,139768.95,Debit
6263,3507,2025-05-02,186363.05,Debit
6264,4216,2025-10-29,123310.2,Credit
6265,1550,2024-11-08,45114.15,Debit
6266,2167,2025-04-16,124691.7,Debit
6267,3124,2025-03-11,232296.47,Credit
6268,1706,2024-08-31,9298.72,Credit
6269,501,2025-03-04,184628.91,Debit
6270,4823,2025-06-14,124174.25,Credit
6271,1071,2025-09-29,11498.3,Debit
6272,3994,2025-11-05,206462.46,Debit
6273,293,2026-01-13,100841.43,Debit
6274,1143,2025-01-02,169566.76,Credit
6275,3509,2024-07-29,73771.47,Credit
6276,1822,2025-05-04,211408.06,Debit
6277,4837,2024-12-26,9142.09,Debit
6278,3152,2025-04-24,150695.04,Debit
6279,4344,2024-11-09,166803.33,Credit
6280,4336,2026-03-14,53774.18,Debit
6281,3471,2026-01-30,18849.93,Debit
6282,1404,2025-09-07,194249.58,Credit
6283,3162,2026-02-03,203113.88,Debit
6284,712,2025-11-24,79795.71,Credit
6285,2980,2025-10-24,149880.79,Debit
6286,378,2026-02-21,164471.17,Credit
6287,3774,2025-05-04,39984.89,Debit
6288,3349,2024-11-10,104505.84,Debit
6289,317,2025-07-10,131110.78,Debit
6290,3327,2026-03-19,210787.08,Debit
6291,2918,2025-09-20,108350.45,Debit
6292,4287,2025-04-14,18835.08,Credit
6293,3347,2026-05-02,32869.99,Credit
6294,1369,2025-04-27,59045.94,Debit
6295,4981,2025-03-30,45379.27,Debit
6296,4454,2025-12-19,18319.28,Debit
6297,4051,2024-08-03,113076.31,Credit
6298,4506,2024-05-17,236185.85,Debit
6299,239,2025-09-12,13532.18,Debit
6300,1162,2024-05-31,192994.47,Debit
6301,214,2024-07-06,157829.11,Credit
6302,3172,2024-11-08,127478.37,Credit
6303,3431,2025-11-05,178162.19,Credit
6304,2317,2025-12-30,225487.82,Credit
6305,3375,2025-06-30,189752.51,Credit
6306,105,2024-06-26,163079.76,Credit
6307,3850,2026-03-14,219198.12,Credit
6308,2371,2026-02-25,105721.88,Debit
6309,998,2025-02-01,172343.57,Credit
6310,2915,2025-08-12,31365.57,Debit
6311,1813,2026-03-01,94123.73,Debit
6312,3429,2024-05-29,164638.94,Debit
6313,418,2025-12-09,235143.77,Credit
6314,721,2024-05-28,99000.24,Credit
6315,240,2025-12-28,134696.41,Credit
6316,4220,2025-09-26,187801.03,Debit
6317,3280,2024-09-21,219506.44,Credit
6318,2320,2025-01-24,10527.29,Credit
6319,2570,2025-02-14,124836.84,Debit
6320,3607,2026-05-05,45397.18,Credit
6321,4173,2025-04-09,23606.92,Credit
6322,1571,2025-10-31,71412.52,Credit
6323,1640,2025-01-03,211397.53,Debit
6324,2998,2024-10-06,176546.35,Debit
6325,3861,2024-09-23,79033.16,Credit
6326,2355,2024-09-18,51371.98,Debit
6327,3984,2025-09-24,30550.15,Debit
6328,3635,2026-04-24,2976.56,Credit
6329,4855,2024-07-19,192898.61,Debit
6330,4810,2024-07-26,55567.13,Debit
6331,4500,2025-09-20,206171.75,Credit
6332,4700,2025-03-28,120268.78,Credit
6333,3997,2025-10-21,82427.63,Credit
6334,4293,2025-04-17,133123.81,Credit
6335,4422,2024-07-25,47447.44,Credit
6336,2894,2025-09-16,246549.52,Credit
6337,1923,2025-05-10,96038.19,Credit
6338,1647,2025-06-15,167120.87,Credit
6339,1917,2025-04-12,89208.62,Credit
6340,696,2024-09-05,39687.71,Credit
6341,1219,2024-11-11,104261.15,Debit
6342,3014,2025-02-15,9872.6,Credit
6343,1749,2026-02-05,235306.18,Credit
6344,4410,2025-06-15,51384.66,Debit
6345,2296,2024-09-02,140826.82,Debit
6346,374,2025-04-14,30299.12,Debit
6347,127,2024-11-14,10160.0,Debit
6348,2508,2025-12-20,70926.92,Debit
6349,3263,2025-12-22,210031.52,Credit
6350,3879,2026-02-24,225749.98,Credit
6351,1748,2024-07-13,146622.86,Credit
6352,4434,2025-02-18,66380.95,Credit
6353,880,2025-06-04,222944.03,Credit
6354,1100,2025-07-06,191922.94,Credit
6355,1063,2025-12-03,237685.78,Credit
6356,2881,2024-12-21,232517.51,Debit
6357,2214,2025-01-08,53408.09,Credit
6358,2610,2025-11-25,1685.34,Credit
6359,2691,2024-11-20,153543.05,Debit
6360,4515,2025-01-23,232881.33,Credit
6361,2413,2024-07-12,137564.75,Debit
6362,3958,2025-04-04,4347.32,Debit
6363,2548,2026-01-26,65699.33,Debit
6364,394,2024-10-03,133782.36,Credit
6365,3063,2025-10-09,11876.94,Credit
6366,4591,2026-05-03,224389.14,Debit
6367,2394,2024-12-28,139886.73,Credit
6368,2687,2025-05-13,52676.81,Credit
6369,391,2025-10-22,171209.48,Debit
6370,4934,2024-08-02,221609.2,Credit
6371,1914,2024-09-21,35702.95,Debit
6372,4067,2026-05-02,68726.3,Credit
6373,851,2025-01-30,164826.76,Debit
6374,171,2025-07-22,45233.79,Debit
6375,4996,2024-05-15,100634.18,Debit
6376,4263,2025-09-04,147098.49,Debit
6377,1403,2025-10-20,193983.56,Debit
6378,3355,2026-03-11,35437.39,Credit
6379,2870,2026-05-10,20206.53,Credit
6380,445,2024-08-14,81047.56,Credit
6381,3291,2024-05-12,102269.89,Credit
6382,1861,2026-02-04,14965.17,Credit
6383,2999,2026-01-16,19787.65,Credit
6384,2397,2024-11-07,246953.47,Debit
6385,4662,2026-05-05,133815.52,Credit
6386,4079,2025-03-30,160400.82,Debit
6387,3445,2024-08-09,69054.99,Debit
6388,1506,2024-08-10,199127.03,Debit
6389,538,2025-02-02,49044.79,Debit
6390,165,2025-06-08,223619.06,Debit
6391,3,2025-10-26,19022.25,Debit
6392,2473,2025-06-03,61072.31,Credit
6393,1538,2024-06-17,25615.01,Debit
6394,3167,2025-07-17,139830.79,Credit
6395,1114,2024-12-18,124630.77,Credit
6396,2958,2026-04-28,100420.62,Credit
6397,3000,2025-12-31,148103.42,Credit
6398,1411,2026-01-01,168072.63,Credit
6399,2264,2025-12-20,157858.54,Credit
6400,1443,2026-03-05,117275.12,Credit
6401,1658,2025-12-12,78331.21,Credit
6402,4355,2026-02-14,33850.15,Credit
6403,4023,2025-05-21,172145.31,Credit
6404,4985,2024-11-25,242660.35,Credit
6405,1666,2025-10-28,201639.33,Credit
6406,4380,2025-05-21,232656.93,Debit
6407,2788,2024-07-03,160336.28,Credit
6408,1166,2024-07-15,134221.38,Credit
6409,2313,2026-01-31,30977.05,Credit
6410,1941,2025-06-11,203660.36,Debit
6411,607,2025-01-13,132494.08,Credit
6412,4948,2024-10-06,206520.32,Credit
6413,213,2024-11-24,144762.84,Debit
6414,3540,2024-08-21,239899.86,Credit
6415,3952,2025-10-03,18610.76,Credit
6416,1216,2025-11-25,173649.26,Credit
6417,105,2024-08-17,108583.05,Debit
6418,1563,2025-02-05,158342.13,Credit
6419,3996,2024-11-05,17275.77,Credit
6420,4743,2024-05-14,21831.42,Debit
6421,4418,2025-06-23,126755.63,Debit
6422,1379,2025-09-24,65298.41,Debit
6423,3922,2025-06-14,106422.22,Credit
6424,2434,2025-01-08,18701.71,Debit
6425,3874,2024-07-26,228839.53,Debit
6426,834,2025-10-09,232136.78,Credit
6427,3452,2025-08-26,173177.52,Debit
6428,4012,2026-03-17,130217.73,Credit
6429,2659,2024-08-10,20172.93,Credit
6430,3444,2024-06-29,69832.44,Credit
6431,4595,2024-05-30,74782.18,Debit
6432,363,2024-11-27,34193.66,Debit
6433,415,2024-09-24,112642.1,Debit
6434,820,2025-07-21,114495.67,Credit
6435,3721,2024-06-08,186323.22,Credit
6436,4351,2024-11-15,11027.37,Debit
6437,1551,2026-04-12,148425.82,Credit
6438,750,2024-07-12,131710.14,Credit
6439,2143,2025-04-01,115889.75,Debit
6440,2903,2025-11-03,209637.74,Debit
6441,498,2025-06-29,106864.57,Credit
6442,3587,2025-03-25,176962.31,Credit
6443,4301,2024-12-17,181207.55,Debit
6444,4831,2026-03-09,172902.85,Credit
6445,4547,2024-07-01,65401.46,Credit
6446,2892,2025-11-11,113099.37,Debit
6447,3477,2024-11-04,233540.9,Debit
6448,1832,2024-12-13,64201.6,Credit
6449,1223,2025-08-02,113383.02,Credit
6450,1737,2025-08-08,46209.79,Debit
6451,3395,2025-10-01,190173.51,Credit
6452,867,2025-09-18,90671.97,Debit
6453,3676,2024-11-03,220800.23,Credit
6454,1719,2024-12-29,153337.24,Debit
6455,3624,2025-12-10,103139.93,Credit
6456,1652,2025-01-02,172305.99,Credit
6457,1854,2026-01-08,109613.61,Credit
6458,942,2024-09-30,104316.63,Credit
6459,1708,2025-02-06,199052.57,Debit
6460,2326,2024-11-03,107679.17,Credit
6461,3223,2026-01-29,195279.23,Debit
6462,4519,2025-01-11,201516.3,Debit
6463,661,2025-06-28,203621.56,Credit
6464,1854,2026-03-01,192993.03,Debit
6465,881,2025-02-21,213689.58,Credit
6466,1590,2024-10-20,30883.0,Debit
6467,263,2025-10-28,42355.61,Credit
6468,2293,2025-04-08,14824.43,Credit
6469,4105,2026-02-18,11581.8,Debit
6470,133,2024-09-17,89290.2,Credit
6471,4758,2026-02-24,143919.02,Debit
6472,3179,2025-08-03,66279.04,Credit
6473,118,2025-03-31,105686.47,Debit
6474,1150,2025-03-11,24198.33,Debit
6475,4475,2025-01-12,7238.99,Debit
6476,2013,2025-12-21,186301.09,Credit
6477,1090,2025-09-20,88694.58,Credit
6478,680,2025-04-13,107642.82,Credit
6479,3274,2025-07-23,110567.42,Debit
6480,986,2025-10-02,95605.01,Credit
6481,1125,2024-05-26,212572.91,Debit
6482,1602,2026-02-12,53760.01,Debit
6483,137,2024-11-12,97825.88,Credit
6484,4366,2025-05-29,192172.67,Credit
6485,2708,2026-01-16,85625.85,Credit
6486,2140,2025-08-04,139860.47,Credit
6487,1964,2024-09-16,144796.08,Debit
6488,58,2026-02-19,224741.81,Credit
6489,4843,2025-06-11,120678.66,Credit
6490,1523,2025-06-25,132701.06,Credit
6491,2042,2025-09-01,65604.22,Debit
6492,661,2025-02-17,34861.7,Credit
6493,1817,2024-07-27,174700.1,Debit
6494,3633,2025-04-15,238080.91,Credit
6495,3549,2024-08-15,102158.06,Credit
6496,2365,2024-09-15,39137.52,Credit
6497,3150,2025-02-02,147561.58,Debit
6498,2755,2026-03-14,222548.85,Debit
6499,3386,2024-08-05,145126.4,Debit
6500,3521,2024-10-08,180708.53,Credit
6501,86,2024-10-19,226954.32,Credit
6502,1013,2026-03-25,81978.47,Credit
6503,2934,2025-02-28,27980.05,Debit
6504,475,2025-05-05,107451.98,Credit
6505,1197,2024-12-06,172228.52,Credit
6506,2484,2025-09-07,1893.71,Credit
6507,1535,2025-10-19,54209.52,Debit
6508,4195,2026-02-01,172664.03,Credit
6509,2241,2025-01-04,86275.22,Credit
6510,4724,2025-04-07,141385.71,Credit
6511,2969,2025-04-28,115953.23,Debit
6512,1319,2024-05-14,144783.95,Debit
6513,973,2025-10-09,23916.95,Debit
6514,3752,2024-11-03,70322.21,Credit
6515,105,2025-12-05,10805.58,Debit
6516,3195,2025-02-06,103600.0,Credit
6517,2485,2025-09-06,1436.91,Debit
6518,3252,2024-09-16,206960.74,Debit
6519,1340,2025-04-23,230004.65,Debit
6520,3418,2024-08-12,142192.32,Debit
6521,4853,2024-08-25,165150.87,Debit
6522,2643,2026-04-12,164345.93,Credit
6523,3970,2024-09-02,91696.41,Debit
6524,2027,2024-07-04,76275.16,Credit
6525,4549,2025-06-02,77015.35,Debit
6526,3350,2025-05-16,161668.27,Debit
6527,1712,2026-01-24,60472.75,Credit
6528,4769,2024-11-02,241310.54,Credit
6529,2118,2026-01-09,210882.29,Credit
6530,688,2026-03-16,176221.55,Debit
6531,2225,2024-08-06,71080.05,Credit
6532,747,2025-07-22,2304.14,Credit
6533,1642,2024-07-02,116835.9,Debit
6534,886,2025-10-25,206250.65,Credit
6535,3439,2024-06-21,184156.45,Credit
6536,2887,2024-07-09,28899.13,Credit
6537,2311,2024-07-25,159427.74,Credit
6538,3579,2024-12-08,104342.04,Credit
6539,4839,2026-04-03,209501.7,Debit
6540,4334,2025-03-17,143318.46,Credit
6541,2866,2024-12-25,107589.16,Debit
6542,1161,2025-03-14,58895.81,Credit
6543,2023,2024-08-10,53049.73,Debit
6544,3093,2025-01-06,184896.84,Debit
6545,2762,2026-02-02,134609.55,Debit
6546,856,2024-10-31,178226.4,Credit
6547,194,2024-10-20,55603.88,Credit
6548,1456,2024-11-06,149213.25,Credit
6549,3436,2026-01-01,64221.29,Debit
6550,2692,2025-02-10,51940.3,Debit
6551,2518,2025-03-11,118068.06,Debit
6552,181,2025-03-14,46939.1,Credit
6553,2926,2025-01-11,78275.46,Credit
6554,2100,2025-01-03,136400.11,Debit
6555,55,2025-12-26,26585.79,Debit
6556,4775,2024-05-13,237922.73,Credit
6557,1653,2025-02-18,3263.93,Debit
6558,584,2025-10-04,147758.03,Debit
6559,3704,2025-04-25,103043.5,Debit
6560,1629,2025-07-18,230736.08,Debit
6561,4652,2026-03-06,94427.05,Credit
6562,4457,2024-09-22,42333.0,Credit
6563,4962,2025-06-25,4974.53,Credit
6564,2937,2024-12-03,124458.55,Debit
6565,4071,2024-06-17,209736.87,Credit
6566,3586,2024-07-03,248852.69,Debit
6567,3405,2025-08-13,72500.76,Credit
6568,872,2025-10-09,133769.62,Credit
6569,697,2025-04-15,179874.81,Credit
6570,3700,2025-02-03,131358.28,Credit
6571,2708,2024-12-30,115461.05,Debit
6572,2658,2025-04-10,213424.45,Debit
6573,4893,2024-06-01,196431.24,Debit
6574,3605,2026-04-21,179701.83,Credit
6575,3747,2024-05-29,225118.91,Credit
6576,619,2025-02-13,43183.84,Debit
6577,1866,2026-03-27,119686.78,Credit
6578,4296,2025-06-09,138795.12,Debit
6579,4948,2024-12-08,38864.78,Debit
6580,4318,2025-02-19,56210.13,Credit
6581,2150,2025-06-09,193442.54,Credit
6582,2386,2024-07-23,129930.48,Credit
6583,3430,2025-01-26,101838.62,Debit
6584,3890,2026-02-20,71958.73,Debit
6585,3816,2025-08-13,89573.42,Debit
6586,181,2025-02-07,94665.14,Credit
6587,256,2026-01-20,16879.06,Credit
6588,12,2025-11-18,53893.98,Credit
6589,411,2025-06-04,149922.84,Debit
6590,1441,2024-08-10,105598.7,Credit
6591,2181,2024-06-03,867.45,Debit
6592,1934,2025-12-19,189107.45,Debit
6593,4435,2024-09-03,159001.34,Debit
6594,689,2026-04-23,77298.54,Debit
6595,3497,2024-08-06,9403.42,Debit
6596,741,2025-03-18,14854.88,Debit
6597,4630,2024-08-23,17877.79,Debit
6598,2937,2025-02-02,135115.86,Debit
6599,3139,2025-09-25,4988.86,Credit
6600,1241,2025-05-04,223795.72,Credit
6601,920,2025-03-11,179602.23,Debit
6602,3928,2025-04-16,125156.6,Debit
6603,4007,2024-08-17,159556.89,Debit
6604,1174,2025-09-04,81399.6,Debit
6605,3768,2025-07-02,169674.19,Debit
6606,2575,2025-05-26,57950.28,Debit
6607,2151,2026-03-14,105003.14,Credit
6608,360,2024-10-08,132258.82,Debit
6609,1117,2024-08-26,131956.16,Debit
6610,3524,2025-06-16,183801.87,Credit
6611,2411,2025-08-02,143571.48,Debit
6612,3430,2025-08-28,95767.24,Debit
6613,2045,2025-12-02,46928.95,Credit
6614,2410,2024-08-29,97362.52,Debit
6615,2079,2025-04-03,182844.24,Credit
6616,2980,2026-01-17,103928.24,Credit
6617,4132,2025-06-26,8555.12,Credit
6618,1462,2025-09-16,150506.05,Debit
6619,2162,2026-02-09,113864.68,Credit
6620,4003,2024-10-27,148009.96,Debit
6621,684,2026-01-31,105702.33,Debit
6622,3357,2025-12-22,187100.79,Credit
6623,428,2026-01-01,63058.45,Debit
6624,1272,2024-06-27,82382.68,Credit
6625,4914,2025-01-13,143213.16,Credit
6626,211,2024-12-27,85691.13,Credit
6627,1538,2024-10-21,188066.91,Debit
6628,2031,2026-04-03,60619.16,Credit
6629,2479,2024-09-02,64369.85,Debit
6630,301,2025-02-03,106539.7,Credit
6631,3476,2024-12-05,204039.62,Credit
6632,1072,2024-12-17,125044.07,Debit
6633,3436,2024-12-10,59792.39,Debit
6634,1126,2024-08-14,59725.06,Credit
6635,4315,2025-07-23,99710.54,Debit
6636,4293,2025-03-31,208439.97,Credit
6637,949,2025-06-29,55141.15,Debit
6638,106,2026-04-05,190270.89,Credit
6639,1190,2025-05-29,27326.41,Debit
6640,971,2025-03-20,2602.69,Debit
6641,1970,2024-12-03,72814.54,Credit
6642,147,2025-02-21,231781.0,Credit
6643,3753,2024-09-05,139801.97,Credit
6644,2112,2025-01-05,109193.71,Credit
6645,3530,2025-12-13,161758.83,Credit
6646,2922,2025-03-08,23991.21,Debit
6647,2714,2024-11-30,125912.88,Debit
6648,571,2024-12-17,22850.26,Debit
6649,1201,2024-09-10,131207.51,Debit
6650,1322,2024-12-07,174531.24,Credit
6651,2947,2024-06-06,167064.54,Credit
6652,1404,2024-07-03,133129.23,Debit
6653,33,2025-04-13,74796.8,Debit
6654,2996,2026-01-12,48638.17,Credit
6655,1681,2024-12-13,221038.39,Debit
6656,1439,2024-11-30,20922.74,Debit
6657,4603,2026-02-26,80849.76,Credit
6658,4201,2025-12-25,186593.12,Debit
6659,45,2025-01-31,127270.79,Credit
6660,3100,2024-06-18,117781.4,Credit
6661,3779,2024-08-04,182517.71,Debit
6662,563,2025-06-06,98815.87,Debit
6663,1672,2025-04-08,8708.62,Debit
6664,4542,2025-01-08,168490.18,Debit
6665,2801,2024-06-18,183246.91,Debit
6666,1062,2025-05-18,223103.92,Credit
6667,3413,2026-04-23,205592.95,Credit
6668,1887,2025-06-21,87255.01,Credit
6669,1822,2026-01-21,200134.34,Credit
6670,2419,2026-05-01,218352.81,Credit
6671,3933,2024-11-22,1605.04,Credit
6672,3576,2025-09-07,23965.56,Debit
6673,1162,2026-04-02,240297.64,Debit
6674,4162,2025-03-14,117039.77,Credit
6675,4345,2025-03-10,78565.67,Credit
6676,3512,2026-01-25,62748.19,Credit
6677,4654,2025-05-23,224078.67,Credit
6678,1239,2025-08-30,58556.41,Debit
6679,1005,2025-09-04,56704.95,Debit
6680,2630,2024-12-05,89742.91,Debit
6681,4833,2025-08-24,23915.69,Debit
6682,2066,2025-05-20,142329.93,Debit
6683,4296,2025-11-23,37265.22,Debit
6684,681,2024-12-22,210675.71,Credit
6685,4156,2025-05-28,64986.67,Credit
6686,3685,2024-11-19,23545.91,Debit
6687,3795,2024-12-13,147523.1,Credit
6688,1738,2024-10-30,230013.08,Credit
6689,1793,2025-07-21,192740.79,Credit
6690,1317,2025-04-27,225937.93,Debit
6691,3243,2024-08-06,42295.13,Debit
6692,4281,2025-09-15,67185.33,Debit
6693,1558,2024-09-17,20697.07,Debit
6694,1273,2024-11-20,45969.91,Credit
6695,4739,2026-05-02,134978.62,Credit
6696,4732,2024-07-12,63076.59,Credit
6697,1318,2024-11-06,94611.97,Debit
6698,490,2025-10-16,54554.63,Debit
6699,4505,2024-10-20,79593.44,Credit
6700,2427,2024-05-27,145385.72,Credit
6701,2547,2025-07-09,68088.82,Debit
6702,4304,2024-05-17,76681.99,Credit
6703,484,2024-11-11,152856.0,Credit
6704,2949,2024-12-06,25166.94,Credit
6705,2706,2025-12-28,38784.57,Credit
6706,2153,2025-07-14,159656.04,Credit
6707,3980,2024-06-04,214594.47,Debit
6708,1589,2024-09-23,94129.81,Credit
6709,2633,2024-09-10,53439.53,Debit
6710,4608,2026-01-26,120778.04,Debit
6711,1814,2024-10-26,102591.01,Debit
6712,3613,2025-06-10,43421.36,Debit
6713,1513,2026-04-19,134673.93,Credit
6714,4549,2025-05-28,125891.97,Credit
6715,3609,2026-04-23,54432.18,Credit
6716,526,2024-11-15,221643.51,Debit
6717,1490,2025-01-21,235698.85,Debit
6718,2477,2025-02-17,30056.24,Debit
6719,489,2026-03-01,34369.66,Debit
6720,1756,2025-01-02,145734.85,Debit
6721,4291,2024-07-07,48699.49,Credit
6722,1488,2025-05-28,88748.9,Debit
6723,2648,2025-04-12,116109.19,Debit
6724,949,2025-10-29,174755.0,Debit
6725,1041,2024-05-29,92851.39,Credit
6726,108,2025-04-25,178519.46,Debit
6727,3983,2026-02-25,60597.46,Credit
6728,111,2025-05-23,29979.84,Credit
6729,2957,2025-09-18,94793.16,Credit
6730,1690,2024-07-07,25857.28,Credit
6731,1202,2024-08-02,102065.62,Debit
6732,2362,2025-09-14,2563.64,Credit
6733,3849,2025-09-11,232311.62,Credit
6734,682,2024-07-01,69399.36,Credit
6735,4943,2025-12-24,74329.95,Debit
6736,230,2025-01-17,222005.27,Credit
6737,2599,2025-01-22,146129.34,Credit
6738,112,2024-06-01,171135.02,Credit
6739,3406,2025-05-25,43631.66,Debit
6740,833,2026-04-26,195008.67,Credit
6741,3864,2024-07-19,236983.24,Debit
6742,2667,2026-03-30,228035.98,Debit
6743,143,2025-01-12,24609.17,Debit
6744,4387,2024-12-12,187057.93,Credit
6745,1032,2026-04-06,232935.56,Credit
6746,3395,2025-05-10,130904.28,Credit
6747,4856,2026-05-04,152111.95,Debit
6748,3995,2026-05-08,27626.6,Credit
6749,3776,2024-09-22,119443.15,Debit
6750,195,2025-02-14,123778.73,Credit
6751,1432,2025-07-06,229131.92,Debit
6752,1408,2026-03-19,210199.65,Debit
6753,2486,2025-05-28,8631.27,Credit
6754,3050,2025-12-15,219686.05,Debit
6755,3894,2024-05-22,182581.18,Credit
6756,2069,2024-12-30,12569.21,Credit
6757,1262,2025-11-04,227808.14,Credit
6758,3719,2025-08-12,173804.08,Debit
6759,415,2025-10-26,113755.02,Debit
6760,1419,2026-03-09,19715.74,Credit
6761,4746,2024-07-21,24096.68,Credit
6762,4658,2025-03-09,198834.83,Debit
6763,2807,2024-05-13,208500.43,Debit
6764,1434,2024-08-04,211872.16,Debit
6765,3404,2025-04-27,241001.93,Credit
6766,3215,2024-11-22,158913.74,Credit
6767,802,2026-04-08,32154.94,Credit
6768,64,2025-05-01,158577.77,Debit
6769,4113,2026-03-18,243952.61,Credit
6770,4783,2024-09-23,243441.95,Debit
6771,4932,2024-11-22,244781.27,Debit
6772,4348,2024-06-30,219820.27,Credit
6773,443,2025-12-16,99129.13,Debit
6774,2281,2025-07-13,222570.36,Credit
6775,2952,2024-10-26,176608.51,Debit
6776,1863,2025-11-30,175266.49,Debit
6777,321,2025-09-10,216010.92,Debit
6778,3238,2025-01-25,241725.3,Credit
6779,911,2026-02-02,100165.48,Debit
6780,4742,2025-08-05,207414.56,Debit
6781,1387,2025-03-06,159169.56,Credit
6782,4074,2025-07-03,195441.58,Debit
6783,114,2024-08-31,2013.9,Credit
6784,2533,2024-11-07,105122.9,Credit
6785,4423,2026-04-13,83777.3,Debit
6786,1350,2024-10-26,215666.16,Debit
6787,292,2024-10-21,193648.94,Credit
6788,19,2025-07-22,135103.2,Debit
6789,2633,2025-02-19,98227.2,Debit
6790,2799,2025-03-06,103491.44,Credit
6791,1823,2024-10-01,55797.13,Credit
6792,3243,2025-08-25,179089.16,Debit
6793,4673,2025-08-29,157332.45,Debit
6794,1550,2026-04-25,221890.98,Debit
6795,1154,2025-09-02,67853.48,Debit
6796,3288,2024-07-19,233021.58,Credit
6797,4757,2026-04-24,13741.76,Debit
6798,3306,2026-05-09,10144.18,Debit
6799,3804,2024-11-16,119369.23,Debit
6800,3506,2025-08-21,65873.48,Credit
6801,1471,2024-12-21,199108.64,Debit
6802,1568,2026-01-08,97838.69,Credit
6803,2613,2025-03-16,91393.52,Credit
6804,2048,2025-11-11,228313.95,Credit
6805,1505,2025-07-12,87830.87,Credit
6806,2054,2024-10-02,109961.84,Debit
6807,274,2026-02-17,147710.11,Debit
6808,1669,2025-02-06,154389.12,Debit
6809,4003,2025-03-05,128400.68,Debit
6810,4809,2025-12-10,3568.42,Debit
6811,2747,2024-06-07,58196.69,Credit
6812,535,2025-03-21,29180.41,Debit
6813,1777,2024-09-28,11584.08,Debit
6814,3920,2025-08-12,198353.73,Credit
6815,3035,2026-01-08,104483.42,Debit
6816,4802,2024-10-10,207542.5,Credit
6817,4840,2026-04-30,181397.05,Credit
6818,386,2024-08-05,247792.65,Credit
6819,3724,2024-09-19,32712.6,Debit
6820,3333,2026-01-29,67617.22,Debit
6821,1020,2024-10-28,46423.0,Credit
6822,4011,2024-11-04,25442.4,Debit
6823,274,2024-09-22,243449.69,Credit
6824,1602,2025-09-13,84133.38,Credit
6825,4649,2024-05-26,182736.99,Credit
6826,4349,2025-10-15,108237.65,Credit
6827,1249,2024-06-03,94277.29,Credit
6828,2069,2025-12-08,52871.66,Debit
6829,1724,2024-08-16,43054.65,Debit
6830,569,2024-08-03,171285.07,Debit
6831,3853,2024-11-06,233843.14,Credit
6832,3208,2024-09-14,220627.29,Credit
6833,146,2025-07-27,244417.13,Credit
6834,4150,2025-04-13,83393.07,Credit
6835,4045,2026-03-21,120529.12,Credit
6836,4331,2024-12-18,194306.87,Debit
6837,1903,2026-04-16,52086.41,Credit
6838,2464,2025-03-04,193990.69,Debit
6839,3920,2026-01-07,156651.55,Debit
6840,3960,2025-10-06,15444.53,Credit
6841,1339,2024-06-10,124938.2,Debit
6842,881,2025-03-13,163947.02,Debit
6843,3686,2026-03-14,132149.54,Debit
6844,4749,2025-09-30,243338.46,Debit
6845,1976,2026-01-15,233069.57,Debit
6846,4447,2024-12-30,103896.05,Credit
6847,3501,2026-05-05,151414.77,Debit
6848,4165,2026-01-22,150050.87,Debit
6849,2664,2024-05-20,228885.07,Credit
6850,2035,2026-01-07,40353.86,Credit
6851,628,2025-02-22,39822.47,Credit
6852,2112,2026-01-07,120706.57,Credit
6853,18,2026-04-10,167386.37,Debit
6854,1962,2025-05-26,100682.26,Credit
6855,121,2024-08-24,195618.39,Credit
6856,3412,2026-05-06,120569.64,Credit
6857,2372,2025-07-29,58727.94,Debit
6858,3511,2026-03-27,60198.19,Credit
6859,3043,2025-08-15,52004.05,Debit
6860,696,2024-08-20,47162.88,Debit
6861,2435,2024-08-19,110983.68,Debit
6862,3147,2025-05-30,174958.57,Credit
6863,3250,2024-10-21,19348.57,Credit
6864,1245,2025-09-21,132610.16,Debit
6865,1508,2025-07-11,214308.65,Credit
6866,3528,2026-03-24,115192.66,Credit
6867,889,2024-10-26,79070.78,Debit
6868,4281,2026-04-04,237506.59,Credit
6869,3557,2025-02-16,181042.61,Credit
6870,4759,2024-10-24,105114.11,Credit
6871,3885,2024-10-16,246909.54,Debit
6872,2182,2025-09-10,107957.56,Debit
6873,3990,2024-10-26,217959.42,Debit
6874,3197,2024-08-08,27994.29,Credit
6875,2087,2024-09-07,81081.65,Credit
6876,3824,2025-01-06,244444.87,Credit
6877,2888,2025-12-24,212185.63,Debit
6878,1210,2025-02-25,246983.37,Credit
6879,2195,2025-04-07,188660.23,Debit
6880,2089,2025-07-04,168269.8,Debit
6881,4494,2024-05-23,125177.07,Credit
6882,4942,2025-03-31,9283.58,Debit
6883,1757,2026-02-25,145281.94,Credit
6884,3254,2025-10-08,10319.96,Credit
6885,4022,2026-04-28,125301.14,Credit
6886,522,2025-01-10,224954.12,Credit
6887,4775,2024-06-14,189570.46,Credit
6888,1294,2024-05-26,39170.57,Debit
6889,3828,2025-06-10,45048.9,Debit
6890,1784,2025-06-22,170167.81,Credit
6891,1578,2025-05-01,38871.69,Credit
6892,4229,2025-12-27,169675.03,Credit
6893,4155,2024-09-18,10127.23,Credit
6894,1351,2025-11-21,88295.26,Debit
6895,3317,2024-11-27,351.54,Debit
6896,3108,2025-12-22,32029.82,Credit
6897,3969,2024-05-27,179314.48,Credit
6898,1863,2024-12-09,65799.51,Debit
6899,1831,2024-06-07,110600.42,Credit
6900,1006,2025-03-11,30501.81,Credit
6901,1434,2025-09-28,1971.23,Credit
6902,4146,2024-08-17,140262.32,Credit
6903,2479,2025-05-18,231443.46,Debit
6904,2085,2025-12-01,126286.15,Credit
6905,2870,2025-02-25,48942.1,Credit
6906,3767,2025-11-29,86832.9,Debit
6907,239,2025-03-28,204147.19,Credit
6908,1535,2024-09-05,141019.19,Credit
6909,4798,2025-02-04,96991.36,Credit
6910,3568,2025-05-18,188234.73,Debit
6911,2307,2024-12-11,56264.87,Debit
6912,4522,2024-06-09,59788.85,Credit
6913,3679,2025-08-30,77829.91,Credit
6914,1332,2025-07-29,182472.12,Credit
6915,1641,2024-06-03,161744.2,Credit
6916,1622,2025-04-05,88737.25,Debit
6917,2119,2024-10-21,111892.86,Credit
6918,3556,2026-05-09,43071.17,Debit
6919,3915,2025-06-26,81371.82,Credit
6920,2344,2024-10-19,143204.98,Credit
6921,2521,2024-12-24,63901.77,Credit
6922,29,2025-07-27,184523.89,Debit
6923,4512,2024-10-21,236769.09,Credit
6924,2161,2026-01-25,42619.9,Debit
6925,3880,2026-04-26,118018.54,Debit
6926,2148,2025-07-23,15977.58,Credit
6927,455,2024-08-25,125032.51,Debit
6928,1951,2025-04-14,3314.72,Credit
6929,1422,2025-06-15,205369.93,Credit
6930,1078,2024-08-11,4031.13,Debit
6931,1532,2025-04-27,247821.97,Credit
6932,4885,2026-02-05,186287.5,Debit
6933,772,2025-04-08,109891.91,Credit
6934,2174,2024-06-14,216472.31,Debit
6935,4520,2026-04-05,37737.22,Credit
6936,1532,2025-12-04,112688.35,Credit
6937,353,2025-12-21,126297.99,Credit
6938,4991,2026-01-07,222093.91,Debit
6939,2069,2025-07-02,106269.73,Credit
6940,1965,2024-05-29,179486.26,Credit
6941,3704,2026-01-18,214238.37,Debit
6942,4794,2026-03-21,170721.5,Debit
6943,3178,2025-01-04,206277.69,Credit
6944,3788,2024-06-04,27020.02,Debit
6945,414,2024-06-27,5142.08,Debit
6946,2273,2025-06-01,226917.1,Debit
6947,1972,2024-06-03,145454.58,Credit
6948,4506,2024-07-03,246556.64,Debit
6949,4056,2024-07-26,223239.88,Debit
6950,4609,2024-05-19,121438.87,Debit
6951,1305,2025-08-16,119521.48,Credit
6952,3468,2024-12-25,224134.97,Debit
6953,17,2026-01-11,119254.21,Debit
6954,1917,2026-05-08,234067.02,Debit
6955,2488,2024-10-05,150227.55,Credit
6956,827,2026-04-30,139900.08,Credit
6957,1995,2025-10-22,75687.82,Credit
6958,1758,2024-11-11,39035.64,Credit
6959,2358,2024-05-30,146664.25,Credit
6960,4697,2026-01-27,19895.66,Credit
6961,2011,2026-04-28,104819.03,Debit
6962,2553,2024-08-11,107738.97,Debit
6963,2527,2026-04-05,17398.88,Debit
6964,2562,2025-07-01,185232.08,Debit
6965,2799,2024-06-05,91992.19,Credit
6966,4767,2024-10-09,190487.65,Credit
6967,4923,2024-08-31,49216.21,Credit
6968,4953,2025-11-10,66342.39,Debit
6969,3746,2025-01-20,156722.56,Debit
6970,1347,2024-09-24,105468.44,Credit
6971,773,2024-08-03,75539.93,Credit
6972,2540,2024-11-27,17601.58,Credit
6973,3947,2025-03-05,55647.86,Debit
6974,842,2024-10-24,5219.84,Debit
6975,1451,2026-04-10,68820.21,Debit
6976,2548,2025-04-10,164697.28,Credit
6977,3595,2025-04-02,3424.59,Debit
6978,3023,2024-07-09,233867.26,Credit
6979,4614,2026-03-17,53578.95,Credit
6980,454,2025-09-24,239925.99,Credit
6981,1362,2025-05-13,58238.34,Debit
6982,776,2025-08-07,170653.98,Credit
6983,829,2025-06-04,99252.64,Debit
6984,2464,2024-10-27,156470.47,Debit
6985,2773,2024-11-18,105580.34,Credit
6986,1036,2026-04-05,53596.62,Debit
6987,1438,2024-05-19,56556.92,Debit
6988,4031,2024-11-18,25959.24,Credit
6989,3216,2025-06-28,80488.91,Debit
6990,2776,2024-06-04,209658.83,Credit
6991,3513,2024-11-10,10437.23,Debit
6992,2428,2026-03-12,226285.05,Debit
6993,4031,2025-10-16,20567.5,Debit
6994,3380,2025-04-13,118728.15,Debit
6995,2619,2024-10-08,143441.99,Credit
6996,255,2025-11-20,221277.55,Credit
6997,2408,2026-03-05,163669.3,Debit
6998,1114,2025-10-18,8392.07,Debit
6999,4894,2025-10-04,59216.39,Credit
7000,3334,2025-10-25,126476.02,Credit
7001,1497,2025-06-15,213582.65,Credit
7002,1860,2024-11-01,249724.34,Debit
7003,220,2025-08-14,67662.67,Credit
7004,1962,2024-07-21,215816.45,Debit
7005,2145,2025-01-13,249962.11,Debit
7006,223,2026-03-29,129118.63,Credit
7007,1870,2025-06-15,92463.01,Debit
7008,611,2025-09-06,200260.66,Credit
7009,3231,2025-09-05,110816.35,Debit
7010,4754,2025-11-28,190238.49,Debit
7011,315,2024-09-12,237571.17,Credit
7012,4932,2026-02-20,203752.44,Debit
7013,1736,2024-11-07,23327.55,Credit
7014,1062,2026-04-20,173165.53,Debit
7015,2974,2025-01-09,183093.93,Debit
7016,3946,2024-06-15,69018.9,Debit
7017,581,2025-12-31,150974.72,Credit
7018,1525,2025-12-13,112001.6,Credit
7019,3783,2024-11-22,16244.1,Debit
7020,2968,2024-06-05,98821.47,Credit
7021,3864,2024-12-18,222471.75,Debit
7022,4429,2026-03-16,1300.86,Credit
7023,1962,2026-03-15,88202.08,Debit
7024,31,2024-05-26,28264.12,Debit
7025,1520,2024-10-06,234757.82,Credit
7026,1522,2024-12-10,227626.67,Debit
7027,2056,2025-01-30,245107.17,Debit
7028,3713,2025-02-27,198798.92,Credit
7029,2193,2025-04-27,180951.45,Credit
7030,4331,2024-12-25,117908.64,Debit
7031,4056,2024-11-02,23994.54,Credit
7032,1084,2025-01-07,1894.1,Debit
7033,2080,2025-01-30,162514.79,Debit
7034,4852,2025-10-30,106105.73,Debit
7035,2684,2024-12-28,143441.8,Debit
7036,3726,2024-09-28,230026.56,Credit
7037,3126,2024-06-16,67657.37,Debit
7038,78,2025-06-11,100171.45,Debit
7039,1814,2025-02-11,33515.11,Credit
7040,4637,2025-06-30,226432.55,Debit
7041,1532,2025-10-15,247036.44,Credit
7042,476,2024-09-02,108983.24,Credit
7043,3117,2025-03-12,4625.22,Credit
7044,713,2025-03-26,248573.87,Debit
7045,691,2026-02-22,46150.59,Debit
7046,3691,2025-02-09,99271.04,Debit
7047,4111,2026-02-20,177322.9,Credit
7048,462,2024-11-28,3119.12,Credit
7049,902,2025-10-28,218548.89,Credit
7050,235,2025-08-11,55414.69,Debit
7051,2526,2025-09-24,99222.36,Debit
7052,4667,2025-03-17,129896.03,Debit
7053,1553,2025-07-18,240574.18,Credit
7054,3584,2025-08-20,126661.04,Credit
7055,4619,2025-07-20,188275.08,Debit
7056,4137,2025-09-08,17726.11,Credit
7057,552,2025-03-02,228212.99,Credit
7058,4597,2026-03-26,19353.46,Debit
7059,2167,2024-12-17,242773.52,Debit
7060,722,2026-01-28,215503.24,Credit
7061,2643,2025-03-01,6510.26,Debit
7062,2335,2025-12-05,138104.39,Credit
7063,2558,2025-06-24,65026.08,Debit
7064,2274,2026-03-26,146211.16,Credit
7065,1812,2024-06-27,149714.32,Credit
7066,3739,2026-04-25,45962.35,Credit
7067,1197,2025-03-17,138304.79,Debit
7068,3584,2025-02-18,163242.41,Debit
7069,4576,2025-06-16,12915.79,Debit
7070,2353,2025-02-12,36665.92,Debit
7071,2166,2025-11-03,249807.37,Debit
7072,2948,2024-10-22,24395.59,Credit
7073,280,2025-07-12,224791.78,Credit
7074,1111,2025-01-05,123620.96,Debit
7075,219,2025-03-17,163078.97,Debit
7076,3764,2025-01-27,108279.36,Credit
7077,1138,2025-07-19,113264.89,Debit
7078,2182,2024-09-16,22410.45,Credit
7079,4171,2024-11-08,71649.91,Debit
7080,1098,2025-05-05,185824.82,Debit
7081,1333,2025-05-14,104570.77,Debit
7082,4925,2024-08-12,223359.05,Debit
7083,1115,2025-06-28,205433.92,Credit
7084,1443,2024-07-18,114790.82,Debit
7085,2941,2025-03-07,62534.12,Credit
7086,3528,2025-08-28,188170.86,Credit
7087,317,2024-11-12,66131.1,Credit
7088,425,2026-02-19,212523.23,Credit
7089,4725,2025-12-02,38087.22,Debit
7090,2660,2024-09-21,80847.73,Credit
7091,657,2025-05-15,163921.81,Debit
7092,4973,2024-10-19,147905.93,Credit
7093,4016,2025-06-24,128587.56,Debit
7094,3207,2025-03-12,64418.18,Debit
7095,1463,2025-08-05,190925.87,Credit
7096,843,2024-06-01,171627.41,Credit
7097,4627,2025-01-16,220469.85,Debit
7098,1915,2026-05-05,236831.28,Credit
7099,3538,2024-07-23,142505.88,Credit
7100,1688,2025-07-29,36269.9,Debit
7101,4381,2024-10-17,66142.85,Credit
7102,3633,2024-06-03,121715.11,Debit
7103,3409,2025-09-19,50770.4,Credit
7104,4142,2026-02-05,92737.11,Debit
7105,4857,2026-04-02,84232.79,Credit
7106,3038,2024-10-23,55710.76,Debit
7107,2313,2025-01-03,131855.6,Credit
7108,397,2026-02-15,220357.53,Debit
7109,1170,2026-02-18,149863.42,Credit
7110,1262,2024-09-15,239213.94,Credit
7111,1342,2024-07-06,220034.82,Debit
7112,4020,2026-03-22,35897.87,Credit
7113,677,2025-05-05,183545.19,Debit
7114,2865,2026-03-17,6524.56,Debit
7115,4010,2025-01-25,109715.19,Debit
7116,3335,2024-07-19,245875.8,Debit
7117,208,2025-12-08,205425.05,Debit
7118,3890,2025-04-04,13548.31,Credit
7119,3103,2024-09-26,244373.07,Debit
7120,3,2025-08-10,17247.81,Credit
7121,3283,2025-06-16,45246.34,Credit
7122,2729,2025-03-24,16381.01,Debit
7123,2410,2025-04-24,25804.85,Credit
7124,2889,2025-06-02,49957.61,Debit
7125,238,2025-03-31,80269.8,Debit
7126,4322,2024-09-02,62343.61,Credit
7127,2263,2025-11-29,226816.87,Credit
7128,957,2026-04-03,26224.37,Debit
7129,864,2024-11-12,133064.21,Debit
7130,2228,2024-09-09,196316.79,Debit
7131,738,2024-06-02,52112.71,Debit
7132,2420,2025-04-20,213307.5,Debit
7133,3704,2025-10-03,63170.04,Debit
7134,2655,2025-02-09,238671.25,Credit
7135,1069,2025-11-30,131148.26,Debit
7136,349,2024-10-08,248108.43,Credit
7137,1063,2025-04-19,60443.6,Debit
7138,456,2024-12-30,216666.51,Credit
7139,1445,2024-07-08,206352.6,Debit
7140,2900,2024-11-22,174067.62,Credit
7141,3561,2026-02-19,130427.13,Credit
7142,4012,2025-05-19,248848.25,Credit
7143,2783,2026-02-19,48762.28,Credit
7144,707,2024-07-02,183997.95,Credit
7145,2753,2025-08-08,65904.03,Debit
7146,3164,2025-09-30,229991.71,Credit
7147,3506,2025-07-20,25013.86,Debit
7148,3739,2024-11-23,120792.98,Credit
7149,2218,2025-02-04,100449.87,Debit
7150,3712,2025-06-29,117264.51,Credit
7151,4992,2026-04-11,154092.28,Credit
7152,2918,2025-11-08,43206.83,Credit
7153,566,2025-03-27,61395.57,Credit
7154,3378,2025-05-02,240715.89,Credit
7155,180,2025-04-11,216420.42,Credit
7156,4687,2025-07-12,205147.31,Debit
7157,2129,2025-02-25,128134.93,Debit
7158,3785,2025-01-18,98660.81,Debit
7159,2330,2026-03-20,222653.5,Credit
7160,3249,2024-05-28,99544.42,Debit
7161,4612,2024-05-12,96240.15,Credit
7162,725,2026-05-12,144092.83,Credit
7163,2966,2025-12-17,154012.55,Debit
7164,4809,2025-01-19,162872.39,Credit
7165,3748,2025-09-16,141607.25,Debit
7166,4224,2026-04-13,128024.45,Credit
7167,1606,2024-09-01,9648.53,Debit
7168,481,2026-04-04,158306.47,Debit
7169,1976,2024-09-04,118830.77,Credit
7170,977,2024-12-07,198449.48,Debit
7171,922,2025-04-29,1720.59,Credit
7172,4373,2024-06-26,79924.67,Debit
7173,646,2025-04-06,189479.31,Credit
7174,3208,2026-05-03,60406.65,Credit
7175,1354,2024-07-21,232302.99,Debit
7176,739,2025-06-11,132037.7,Credit
7177,2333,2024-11-12,141709.2,Credit
7178,1802,2024-07-07,62542.79,Credit
7179,455,2025-08-15,4227.02,Credit
7180,964,2026-03-18,10920.5,Credit
7181,553,2026-02-18,215567.49,Credit
7182,3588,2026-05-02,176132.99,Credit
7183,2601,2025-09-09,9049.39,Credit
7184,8,2024-12-09,159036.0,Debit
7185,587,2025-09-11,98662.45,Credit
7186,1170,2025-09-12,178717.77,Debit
7187,1515,2024-07-24,239098.76,Debit
7188,2664,2025-06-08,173315.52,Credit
7189,3248,2025-04-23,5472.98,Credit
7190,1929,2025-11-26,200341.98,Credit
7191,4895,2024-10-07,169138.23,Debit
7192,2390,2025-11-03,114897.9,Debit
7193,1375,2026-04-15,106259.94,Debit
7194,930,2024-11-08,204668.1,Credit
7195,2101,2024-09-29,7622.17,Credit
7196,3525,2024-10-27,241291.02,Debit
7197,4167,2025-06-13,103166.81,Debit
7198,2653,2025-01-24,42558.39,Credit
7199,3992,2026-03-30,51275.12,Debit
7200,4640,2025-01-22,107101.87,Credit
7201,269,2025-10-16,201480.72,Credit
7202,4472,2025-09-20,62998.67,Credit
7203,3587,2024-07-07,126223.38,Debit
7204,3159,2025-11-18,225682.82,Credit
7205,1423,2025-09-06,67372.9,Debit
7206,4782,2025-08-15,151879.94,Credit
7207,3422,2024-08-08,146215.47,Debit
7208,2219,2025-10-12,113879.69,Debit
7209,934,2024-05-15,43897.93,Debit
7210,114,2024-10-08,37122.37,Credit
7211,2569,2025-11-09,85385.1,Credit
7212,4289,2025-11-14,226755.7,Debit
7213,3375,2026-02-09,29502.51,Credit
7214,1325,2024-09-25,6180.32,Credit
7215,2157,2025-01-11,10597.84,Debit
7216,2543,2026-03-06,88354.7,Credit
7217,3385,2026-03-09,136706.1,Debit
7218,970,2025-06-22,229370.27,Credit
7219,3952,2026-05-01,246656.34,Debit
7220,4445,2024-10-26,105368.3,Credit
7221,2200,2025-07-01,73356.73,Debit
7222,3865,2025-06-30,92402.91,Debit
7223,2513,2025-03-05,27573.99,Debit
7224,3950,2024-08-12,179196.68,Credit
7225,3610,2025-01-10,157007.4,Credit
7226,953,2026-02-18,85791.34,Credit
7227,1357,2024-11-27,128778.7,Credit
7228,1769,2025-08-31,67975.77,Debit
7229,224,2025-02-27,63864.02,Credit
7230,174,2025-01-14,207741.68,Credit
7231,3419,2025-06-28,77873.7,Credit
7232,1333,2024-06-25,140912.17,Debit
7233,2279,2024-08-15,162469.42,Debit
7234,2317,2025-03-28,164664.94,Credit
7235,287,2024-08-15,42981.82,Credit
7236,3479,2025-11-08,82312.41,Credit
7237,3368,2025-05-22,183681.39,Debit
7238,4232,2025-01-15,221583.81,Credit
7239,2283,2024-07-06,162355.36,Debit
7240,4348,2025-05-19,186551.1,Credit
7241,4323,2026-05-05,199169.74,Debit
7242,4491,2025-02-22,219190.13,Debit
7243,3633,2025-05-06,103862.24,Debit
7244,806,2025-06-07,126527.02,Debit
7245,3545,2025-07-18,123235.04,Debit
7246,4725,2025-01-22,206886.72,Credit
7247,4193,2026-03-21,75148.63,Debit
7248,4759,2025-05-31,67151.52,Credit
7249,2591,2026-05-08,136851.87,Credit
7250,2872,2024-11-09,91032.36,Debit
7251,182,2024-07-13,42026.53,Debit
7252,542,2024-08-05,131646.85,Credit
7253,2290,2025-08-19,47489.38,Debit
7254,3732,2024-08-06,229853.99,Debit
7255,1776,2025-05-26,97282.81,Debit
7256,3297,2024-09-08,198552.01,Debit
7257,3247,2025-05-03,104614.46,Debit
7258,2770,2024-09-10,168461.39,Debit
7259,2013,2025-01-04,246154.93,Credit
7260,2543,2025-02-17,109967.64,Credit
7261,2841,2025-11-20,224639.19,Debit
7262,78,2025-03-19,234752.59,Debit
7263,3876,2024-09-17,80302.65,Credit
7264,406,2025-05-11,138579.94,Debit
7265,756,2025-03-26,88042.07,Debit
7266,2862,2024-06-17,228968.55,Debit
7267,1537,2025-08-25,144033.93,Debit
7268,4396,2025-12-13,7247.29,Debit
7269,271,2024-07-10,178881.93,Credit
7270,96,2025-09-12,200979.13,Debit
7271,4465,2026-01-10,55087.45,Debit
7272,602,2025-09-01,156458.55,Credit
7273,4914,2024-08-18,182792.61,Credit
7274,1605,2025-12-07,174455.85,Credit
7275,1473,2026-04-20,209942.56,Credit
7276,3205,2025-05-18,177568.01,Debit
7277,3989,2024-09-02,4893.75,Credit
7278,646,2026-05-05,207276.73,Credit
7279,9,2025-06-23,157641.79,Debit
7280,1774,2025-10-26,28381.91,Debit
7281,182,2025-01-13,118002.24,Debit
7282,4187,2025-09-15,13302.84,Debit
7283,4962,2025-03-01,175503.45,Debit
7284,3251,2024-08-22,220402.3,Debit
7285,4278,2026-04-13,149162.86,Debit
7286,755,2024-10-27,156508.41,Debit
7287,4005,2024-09-14,33976.06,Credit
7288,2627,2025-05-31,124378.95,Debit
7289,2233,2024-09-22,8632.62,Credit
7290,3842,2025-09-25,41358.79,Debit
7291,4616,2024-12-10,182213.01,Debit
7292,3542,2025-02-19,168844.46,Debit
7293,4845,2025-10-12,199849.48,Debit
7294,3188,2025-06-04,132059.66,Credit
7295,3048,2025-03-13,94085.38,Credit
7296,3623,2024-06-12,16485.52,Credit
7297,263,2025-02-12,172555.59,Debit
7298,2028,2024-12-20,5495.4,Debit
7299,3207,2026-01-03,249228.63,Credit
7300,2620,2025-10-18,221022.72,Debit
7301,3958,2025-08-12,217963.13,Debit
7302,4799,2026-03-27,166239.05,Credit
7303,4999,2025-01-22,108724.59,Debit
7304,3588,2025-03-10,147670.48,Credit
7305,4567,2024-06-01,225967.47,Credit
7306,1372,2025-11-14,99479.45,Credit
7307,2129,2024-10-09,85277.46,Credit
7308,3981,2024-07-18,32202.68,Debit
7309,3780,2024-06-12,25255.19,Credit
7310,4612,2025-06-13,138661.96,Debit
7311,1176,2026-05-12,23807.56,Debit
7312,605,2025-08-06,229751.74,Credit
7313,1043,2025-01-25,104156.17,Debit
7314,2446,2025-06-22,204102.44,Debit
7315,757,2025-09-21,30343.7,Debit
7316,787,2025-06-04,217197.14,Debit
7317,848,2024-12-31,11257.02,Debit
7318,3410,2026-01-13,53176.69,Debit
7319,2985,2025-07-20,28781.44,Credit
7320,215,2025-05-22,103922.07,Debit
7321,892,2025-04-08,139115.97,Credit
7322,4056,2025-11-29,140816.65,Credit
7323,1496,2025-04-16,246974.66,Debit
7324,4148,2024-07-16,234956.69,Credit
7325,1634,2024-06-19,2217.47,Debit
7326,3173,2024-07-22,84743.93,Credit
7327,3296,2024-07-24,54026.16,Debit
7328,3756,2025-11-11,245582.7,Debit
7329,2395,2026-02-10,232925.25,Credit
7330,32,2025-07-27,190621.55,Credit
7331,3799,2025-04-29,22539.26,Debit
7332,3098,2025-07-18,34569.15,Debit
7333,4634,2025-08-09,97903.3,Debit
7334,4904,2025-10-14,110358.12,Debit
7335,2835,2024-09-16,176664.07,Debit
7336,3009,2024-10-30,122451.64,Debit
7337,148,2026-04-22,179795.94,Debit
7338,2021,2025-12-16,198350.42,Debit
7339,1996,2025-08-28,58921.29,Debit
7340,1166,2025-11-21,212903.15,Debit
7341,3785,2025-06-06,138349.08,Credit
7342,3613,2026-03-09,245895.22,Debit
7343,1959,2024-06-30,43455.43,Credit
7344,3582,2025-07-04,184953.96,Credit
7345,956,2024-06-16,3649.02,Debit
7346,29,2025-07-25,148239.69,Debit
7347,1536,2024-09-28,151281.27,Credit
7348,1812,2026-03-20,198984.95,Debit
7349,4471,2026-01-05,3693.6,Debit
7350,1612,2026-02-12,66411.79,Credit
7351,3965,2026-04-10,86214.4,Debit
7352,2754,2026-01-17,156440.25,Credit
7353,3112,2026-03-17,112822.29,Debit
7354,488,2025-06-07,173411.37,Credit
7355,997,2026-02-05,80625.48,Credit
7356,4105,2024-12-30,193998.73,Credit
7357,1036,2025-06-09,249582.21,Debit
7358,535,2024-07-02,128866.08,Debit
7359,575,2026-01-12,220891.51,Debit
7360,3733,2025-08-17,101649.89,Credit
7361,3326,2025-06-27,177169.3,Credit
7362,3249,2024-10-20,146324.21,Debit
7363,459,2025-11-09,80625.62,Debit
7364,314,2025-09-28,11440.79,Debit
7365,2622,2026-01-01,4024.58,Credit
7366,1290,2024-09-29,98627.72,Debit
7367,2433,2025-06-10,160045.13,Credit
7368,2777,2024-12-14,169610.52,Credit
7369,864,2025-08-22,168155.61,Debit
7370,1181,2025-11-05,236837.46,Credit
7371,3104,2024-12-18,8024.0,Credit
7372,3709,2025-05-05,218018.97,Credit
7373,3477,2026-03-16,199263.57,Credit
7374,4938,2025-11-01,5753.81,Credit
7375,3181,2026-03-26,216961.83,Debit
7376,627,2024-07-31,22781.21,Credit
7377,228,2025-01-12,226863.82,Credit
7378,3743,2024-10-04,90693.46,Debit
7379,2498,2025-10-18,108423.93,Credit
7380,621,2024-12-29,32000.27,Debit
7381,2182,2025-10-19,168914.66,Credit
7382,3085,2024-09-08,145344.16,Credit
7383,1397,2024-09-02,73231.43,Credit
7384,2710,2026-02-13,104273.59,Credit
7385,4762,2026-01-18,44291.63,Debit
7386,554,2025-10-31,61406.78,Credit
7387,1730,2026-02-04,233100.59,Debit
7388,87,2024-12-09,17471.28,Debit
7389,260,2026-04-09,138144.9,Debit
7390,1410,2024-11-13,226380.52,Credit
7391,4709,2025-09-08,117850.06,Credit
7392,4720,2024-07-29,44974.04,Debit
7393,4919,2026-03-14,19123.41,Credit
7394,3839,2025-02-19,42616.69,Debit
7395,856,2025-12-30,220960.06,Credit
7396,227,2026-05-09,12231.85,Debit
7397,1659,2025-11-12,152460.91,Credit
7398,4164,2026-04-06,118669.63,Credit
7399,203,2026-01-19,197807.73,Debit
7400,3612,2025-05-27,120888.04,Debit
7401,503,2025-11-18,81674.7,Credit
7402,3199,2025-04-11,193388.28,Debit
7403,1271,2024-09-15,248632.1,Credit
7404,2047,2025-11-28,225101.05,Debit
7405,4191,2025-04-23,211592.67,Debit
7406,418,2025-04-18,148830.16,Credit
7407,3191,2024-08-02,173729.27,Credit
7408,1472,2024-08-11,28906.69,Debit
7409,125,2025-10-03,220389.4,Credit
7410,1847,2025-07-07,146676.63,Debit
7411,4597,2025-08-28,68615.83,Credit
7412,3698,2024-09-04,18997.56,Debit
7413,4139,2025-12-26,227380.7,Debit
7414,4465,2024-11-13,149028.5,Credit
7415,4986,2025-08-29,5006.47,Credit
7416,796,2026-01-18,145726.76,Credit
7417,4063,2024-10-28,7185.76,Debit
7418,497,2024-05-12,165141.81,Debit
7419,3750,2024-10-12,249209.01,Credit
7420,257,2025-02-01,122290.28,Credit
7421,4356,2025-02-25,184020.54,Credit
7422,986,2026-01-25,236595.45,Debit
7423,3459,2025-06-24,130013.86,Debit
7424,3098,2025-10-06,32254.36,Debit
7425,4433,2026-01-18,196567.26,Debit
7426,2597,2024-07-03,138743.36,Credit
7427,300,2026-03-18,156852.77,Debit
7428,2355,2025-10-21,131277.24,Credit
7429,412,2025-10-04,181152.81,Credit
7430,1370,2025-04-13,37596.44,Debit
7431,843,2025-09-16,36436.45,Debit
7432,3358,2025-04-22,86493.49,Debit
7433,1906,2026-04-25,23751.26,Credit
7434,2028,2026-02-17,236856.55,Debit
7435,3536,2024-09-08,151246.08,Credit
7436,3414,2026-02-12,219625.49,Debit
7437,245,2026-04-04,236562.32,Debit
7438,4285,2026-05-11,58830.29,Credit
7439,2130,2026-01-15,90477.55,Credit
7440,3506,2025-11-20,45132.24,Debit
7441,544,2025-11-19,138071.15,Debit
7442,3811,2024-06-15,234203.95,Debit
7443,3169,2025-09-25,66006.0,Debit
7444,536,2025-08-25,139948.11,Debit
7445,4452,2025-08-22,91331.07,Debit
7446,886,2025-07-18,130407.7,Credit
7447,86,2024-11-15,100333.2,Debit
7448,2077,2024-05-27,244924.36,Credit
7449,1453,2024-07-24,148210.63,Debit
7450,2836,2026-02-21,9448.14,Debit
7451,3739,2024-10-27,119302.14,Credit
7452,4233,2024-09-08,220976.84,Debit
7453,181,2024-12-22,161055.44,Debit
7454,182,2025-12-13,53119.58,Credit
7455,1801,2024-11-24,248853.38,Credit
7456,401,2024-07-01,87592.21,Debit
7457,3804,2024-12-15,32061.54,Debit
7458,3835,2026-02-22,127591.49,Credit
7459,3358,2024-10-31,6597.91,Debit
7460,733,2025-03-01,80198.9,Debit
7461,3815,2024-07-28,50551.24,Credit
7462,3647,2025-09-23,102928.47,Credit
7463,2130,2025-10-29,94113.88,Debit
7464,3444,2026-05-09,31418.21,Debit
7465,3762,2025-09-29,225381.01,Debit
7466,3910,2026-05-09,100532.25,Debit
7467,1417,2024-09-30,139405.92,Debit
7468,2800,2024-12-27,99700.92,Debit
7469,4090,2026-02-07,249082.69,Debit
7470,1371,2024-06-11,125371.3,Debit
7471,2214,2024-11-19,129316.48,Debit
7472,915,2026-02-17,171075.63,Credit
7473,1453,2024-07-27,195840.5,Debit
7474,3383,2025-12-21,98215.67,Debit
7475,2789,2025-06-06,131315.35,Debit
7476,2079,2025-04-02,54835.54,Credit
7477,49,2025-08-19,177888.13,Credit
7478,2609,2024-11-09,241821.77,Debit
7479,2829,2024-12-13,120585.6,Credit
7480,1529,2024-07-09,50024.54,Debit
7481,3540,2026-04-03,207342.76,Debit
7482,4262,2025-12-28,136233.45,Debit
7483,4659,2025-06-02,3171.48,Credit
7484,4239,2026-02-22,208003.4,Debit
7485,1769,2024-07-07,198076.78,Credit
7486,4854,2026-03-01,24432.42,Debit
7487,2303,2025-02-27,170113.16,Debit
7488,429,2025-09-21,249084.5,Credit
7489,871,2025-11-19,159431.68,Debit
7490,1916,2024-05-21,96598.82,Debit
7491,303,2024-10-24,221466.38,Debit
7492,1803,2026-02-09,220426.53,Debit
7493,282,2024-09-16,247549.63,Debit
7494,4989,2026-01-24,83775.3,Debit
7495,676,2025-11-29,79448.32,Credit
7496,2711,2024-06-25,42435.3,Credit
7497,929,2024-12-14,96536.15,Credit
7498,2168,2026-04-17,230641.76,Debit
7499,2988,2025-10-21,137919.98,Debit
7500,3031,2024-11-05,231865.08,Debit
7501,3167,2025-11-28,86163.1,Credit
7502,4866,2024-11-03,15956.94,Debit
7503,4500,2025-03-21,223655.64,Debit
7504,1659,2025-03-19,98599.28,Debit
7505,3249,2024-08-10,172889.4,Credit
7506,2221,2025-02-17,91576.12,Debit
7507,370,2025-09-12,14212.94,Debit
7508,664,2024-11-13,3409.84,Debit
7509,2801,2025-09-04,88747.98,Debit
7510,4213,2025-09-25,5042.14,Credit
7511,3993,2025-12-05,128840.63,Debit
7512,362,2026-05-09,134276.67,Credit
7513,1254,2024-10-25,201724.17,Credit
7514,2134,2025-03-11,68045.74,Credit
7515,882,2024-07-15,187336.76,Debit
7516,734,2025-05-11,104180.41,Debit
7517,739,2024-11-27,196998.63,Credit
7518,2068,2024-08-04,153163.52,Credit
7519,4224,2025-04-01,147623.02,Debit
7520,1438,2025-08-06,236039.75,Debit
7521,2351,2026-01-11,43130.11,Credit
7522,2427,2024-07-17,164758.76,Debit
7523,201,2025-02-11,16160.96,Credit
7524,3643,2025-08-30,214610.58,Credit
7525,3156,2024-07-17,74420.17,Credit
7526,2245,2025-12-07,88740.81,Debit
7527,2536,2025-04-19,3635.63,Debit
7528,1399,2025-10-07,154550.74,Credit
7529,4632,2024-07-25,212646.18,Credit
7530,1333,2024-06-20,222011.48,Debit
7531,205,2024-08-22,246574.39,Debit
7532,3861,2024-07-26,8993.2,Debit
7533,2256,2025-04-30,121139.0,Credit
7534,4129,2026-04-09,15022.25,Credit
7535,3458,2025-06-16,69068.82,Credit
7536,3406,2025-02-26,184425.72,Credit
7537,4189,2024-10-06,200930.61,Debit
7538,2930,2024-07-06,103538.32,Credit
7539,2233,2025-10-16,163047.9,Debit
7540,1964,2025-03-28,175642.65,Credit
7541,1922,2025-11-13,38313.23,Credit
7542,4160,2025-03-29,117736.26,Credit
7543,3403,2026-01-30,49841.82,Credit
7544,136,2025-12-14,34194.68,Debit
7545,1065,2024-12-10,237471.75,Credit
7546,1774,2025-01-18,11369.17,Debit
7547,2518,2025-07-06,121169.7,Credit
7548,505,2024-09-30,60795.75,Credit
7549,2328,2024-07-29,89434.25,Credit
7550,1195,2024-12-12,147535.66,Debit
7551,4192,2024-06-04,190928.47,Credit
7552,2534,2025-02-21,99753.28,Debit
7553,3043,2024-11-24,211007.3,Credit
7554,2074,2026-01-06,239892.71,Credit
7555,2433,2025-10-06,176444.7,Credit
7556,3481,2025-06-10,117457.63,Debit
7557,2084,2026-05-01,169813.66,Debit
7558,844,2025-01-06,36781.01,Debit
7559,4392,2025-02-21,77048.28,Credit
7560,3798,2025-04-30,109286.73,Debit
7561,1699,2025-10-18,24637.29,Credit
7562,646,2025-04-21,99567.66,Credit
7563,164,2026-05-10,201836.32,Credit
7564,19,2026-01-22,11700.47,Credit
7565,4659,2025-11-17,34615.76,Credit
7566,3539,2025-11-07,197647.76,Debit
7567,4963,2024-08-06,41546.81,Credit
7568,1326,2025-02-25,72258.03,Debit
7569,1569,2024-12-27,71398.0,Debit
7570,4683,2026-04-10,241712.61,Credit
7571,1914,2025-10-17,21229.04,Debit
7572,216,2024-06-19,47022.46,Credit
7573,2702,2025-06-28,58763.82,Credit
7574,2615,2025-11-26,214950.81,Debit
7575,394,2025-07-02,78172.16,Credit
7576,295,2026-03-25,36468.0,Credit
7577,2025,2026-04-21,224798.43,Credit
7578,1104,2025-04-27,190818.18,Credit
7579,577,2025-01-08,63446.49,Credit
7580,1064,2025-12-08,60270.77,Debit
7581,2096,2025-03-28,65758.67,Debit
7582,5000,2024-09-17,55277.02,Debit
7583,1450,2024-06-03,75523.71,Credit
7584,1935,2025-05-18,135436.72,Credit
7585,1843,2025-05-14,115422.72,Debit
7586,4295,2024-06-09,150899.74,Credit
7587,1297,2024-11-06,69803.0,Debit
7588,3469,2024-05-25,29425.23,Debit
7589,2041,2026-03-22,10444.5,Credit
7590,3666,2025-12-09,12753.76,Credit
7591,4473,2024-11-18,189765.78,Credit
7592,518,2025-11-05,248474.78,Debit
7593,2606,2024-08-04,12279.9,Debit
7594,2784,2024-08-20,213694.19,Debit
7595,532,2024-08-06,50635.89,Credit
7596,1170,2024-10-14,191816.54,Credit
7597,3223,2025-11-28,101222.69,Debit
7598,1470,2024-10-24,133494.94,Credit
7599,975,2024-05-20,197704.92,Debit
7600,3199,2025-04-23,41047.68,Credit
7601,1199,2025-02-06,27344.09,Debit
7602,840,2026-02-03,4816.05,Credit
7603,3015,2025-07-13,133559.43,Credit
7604,2735,2024-10-11,191874.09,Credit
7605,1194,2025-09-18,120455.46,Debit
7606,2354,2025-03-19,191657.67,Debit
7607,3489,2025-01-17,230693.33,Debit
7608,2319,2024-10-31,68331.07,Credit
7609,628,2025-05-21,148134.43,Debit
7610,4927,2025-08-17,244308.47,Debit
7611,4672,2025-02-15,230988.31,Credit
7612,4692,2025-02-14,21918.89,Credit
7613,2617,2024-06-09,159256.07,Debit
7614,4741,2025-06-26,249801.81,Credit
7615,411,2025-08-22,114716.99,Credit
7616,2361,2024-05-23,213890.43,Debit
7617,1940,2025-08-19,280.68,Credit
7618,1984,2026-03-25,50360.5,Debit
7619,1408,2024-12-18,36157.4,Debit
7620,681,2025-12-30,193407.15,Credit
7621,2986,2025-10-28,136918.07,Credit
7622,2916,2024-12-18,68054.99,Debit
7623,172,2025-10-29,241821.95,Credit
7624,2409,2026-04-10,127150.18,Debit
7625,4587,2024-11-19,43709.47,Credit
7626,1057,2025-10-08,87671.18,Debit
7627,1493,2024-11-16,245463.86,Credit
7628,907,2025-09-30,28440.44,Credit
7629,2677,2025-01-08,156457.88,Credit
7630,4490,2024-11-25,226494.37,Debit
7631,578,2024-07-01,113967.28,Debit
7632,3149,2025-11-09,17669.2,Debit
7633,1434,2025-06-24,4895.13,Credit
7634,4578,2026-02-18,212704.5,Debit
7635,1261,2025-06-30,79837.95,Debit
7636,4586,2025-04-05,184244.42,Credit
7637,136,2025-08-18,128341.15,Credit
7638,1723,2024-05-26,32141.84,Credit
7639,4744,2026-04-15,235475.84,Credit
7640,3643,2024-12-26,8032.49,Credit
7641,4564,2025-07-16,31143.36,Debit
7642,1334,2025-02-25,157183.66,Debit
7643,4891,2025-06-27,192789.08,Credit
7644,1898,2026-03-28,30364.26,Credit
7645,624,2025-11-28,179057.07,Debit
7646,3939,2026-02-26,130156.82,Debit
7647,143,2025-03-26,72476.91,Credit
7648,1248,2025-02-25,141752.92,Debit
7649,1052,2026-04-05,152479.3,Credit
7650,3941,2026-01-23,90247.13,Debit
7651,1924,2026-01-21,184939.38,Credit
7652,1205,2025-04-24,232430.27,Debit
7653,238,2024-10-24,65302.3,Debit
7654,2666,2025-02-01,198652.06,Debit
7655,4443,2024-08-24,241234.3,Credit
7656,4339,2025-04-30,66676.62,Debit
7657,732,2025-05-03,230857.06,Debit
7658,3354,2025-07-11,2513.89,Debit
7659,2960,2025-03-26,243934.61,Credit
7660,522,2024-06-24,64223.36,Credit
7661,1971,2026-02-09,27173.21,Credit
7662,3421,2026-03-05,187968.73,Debit
7663,129,2025-09-06,6738.6,Credit
7664,2473,2025-05-10,131728.88,Debit
7665,4139,2025-04-25,70429.84,Credit
7666,1002,2025-03-04,138962.52,Credit
7667,1958,2026-03-11,65720.02,Credit
7668,1472,2026-03-23,27001.37,Debit
7669,3162,2025-09-13,97218.06,Debit
7670,1706,2024-12-20,56815.95,Debit
7671,698,2026-05-01,81346.57,Credit
7672,3772,2024-09-18,198241.86,Debit
7673,2232,2025-04-16,183607.87,Debit
7674,3679,2025-01-25,189353.05,Credit
7675,4948,2024-08-26,71920.19,Debit
7676,2546,2026-04-12,106510.8,Debit
7677,1842,2024-10-25,59490.95,Credit
7678,4761,2025-04-21,234023.05,Credit
7679,1594,2024-11-27,228315.61,Credit
7680,2649,2024-07-28,4558.04,Debit
7681,20,2025-07-04,67493.84,Credit
7682,3925,2026-03-11,123893.51,Debit
7683,1490,2025-07-11,14190.1,Credit
7684,3505,2025-06-07,63515.61,Debit
7685,4293,2025-11-12,112866.13,Credit
7686,1354,2025-06-14,208314.2,Credit
7687,4671,2024-05-22,165321.08,Credit
7688,4217,2026-04-07,41105.63,Credit
7689,4625,2026-02-26,30031.44,Debit
7690,3311,2025-06-17,31991.66,Debit
7691,4787,2025-05-26,64232.47,Debit
7692,4200,2024-11-02,241302.85,Debit
7693,3991,2025-03-22,164347.3,Credit
7694,412,2024-10-01,44668.78,Debit
7695,3113,2025-10-27,161888.1,Debit
7696,1546,2026-05-12,204976.71,Credit
7697,1801,2025-07-29,29315.84,Credit
7698,1089,2024-05-31,146992.45,Credit
7699,21,2025-06-23,248335.84,Credit
7700,4410,2025-10-10,30471.05,Credit
7701,1922,2025-03-14,194942.08,Credit
7702,2213,2025-08-20,11133.35,Debit
7703,4619,2025-11-09,115471.96,Debit
7704,1829,2026-05-12,180783.51,Debit
7705,4445,2025-06-21,150145.56,Credit
7706,726,2025-03-08,14295.54,Debit
7707,228,2025-01-16,154264.57,Credit
7708,1957,2025-06-15,191271.33,Credit
7709,3949,2024-06-24,12316.0,Credit
7710,4436,2025-08-17,48327.68,Credit
7711,3941,2026-04-25,202562.0,Credit
7712,2247,2024-12-17,112389.35,Debit
7713,2620,2024-06-22,228661.19,Debit
7714,2474,2025-08-19,55025.38,Debit
7715,317,2025-04-15,242655.7,Credit
7716,1113,2024-08-25,5003.6,Debit
7717,791,2026-03-31,182408.34,Credit
7718,49,2024-12-12,5660.92,Debit
7719,529,2025-06-24,239773.04,Credit
7720,2015,2024-08-14,199844.19,Debit
7721,3851,2024-07-21,143387.45,Debit
7722,2620,2026-03-10,13078.96,Credit
7723,1313,2024-07-10,101032.97,Debit
7724,3639,2025-10-27,93906.68,Debit
7725,1411,2026-03-16,186789.89,Credit
7726,3730,2026-02-12,247744.67,Debit
7727,2525,2025-07-07,3718.85,Credit
7728,930,2026-05-08,94323.89,Credit
7729,2465,2026-02-22,181052.62,Credit
7730,3126,2024-07-20,149086.41,Credit
7731,767,2024-09-28,105386.62,Debit
7732,255,2024-11-08,234472.91,Credit
7733,372,2025-10-24,71984.71,Debit
7734,623,2025-02-14,120983.79,Debit
7735,478,2026-04-03,94139.58,Debit
7736,469,2024-12-26,129249.49,Credit
7737,4249,2024-08-24,219279.65,Debit
7738,1592,2025-07-17,216091.43,Credit
7739,4010,2024-10-03,175648.25,Credit
7740,4586,2025-07-12,26110.03,Credit
7741,1142,2024-10-13,110424.63,Debit
7742,1139,2026-04-17,149524.7,Credit
7743,3501,2025-01-03,106763.9,Credit
7744,3524,2026-01-14,118829.27,Credit
7745,4094,2025-11-11,106074.68,Credit
7746,3866,2026-04-30,205675.94,Credit
7747,321,2025-02-09,195337.27,Credit
7748,1443,2025-09-25,23619.24,Debit
7749,426,2025-06-22,152391.39,Debit
7750,1176,2024-06-18,59172.53,Credit
7751,1293,2026-01-06,50707.12,Credit
7752,1099,2024-08-07,210992.52,Credit
7753,4231,2024-05-13,79735.22,Debit
7754,3088,2025-07-07,17502.79,Debit
7755,2764,2025-03-26,26172.99,Debit
7756,3105,2026-03-12,25998.92,Credit
7757,1035,2024-07-24,222615.79,Credit
7758,4024,2025-12-14,96680.64,Credit
7759,3928,2025-07-08,119791.64,Credit
7760,2744,2025-10-25,117847.04,Debit
7761,3702,2025-10-22,228209.36,Credit
7762,1365,2025-03-12,108512.18,Debit
7763,2307,2026-03-25,160474.2,Credit
7764,4784,2025-09-17,133156.21,Credit
7765,2878,2025-10-01,148546.51,Debit
7766,615,2025-04-21,78110.21,Debit
7767,2507,2025-07-19,38571.4,Debit
7768,2824,2025-11-02,123174.25,Credit
7769,2665,2024-06-13,42367.83,Credit
7770,4963,2024-06-01,20931.09,Credit
7771,2483,2026-03-04,130419.87,Debit
7772,1768,2025-06-27,165233.56,Debit
7773,1344,2025-10-09,95238.35,Debit
7774,3547,2026-02-04,125938.25,Credit
7775,4133,2025-06-13,165286.89,Credit
7776,13,2025-11-03,174948.53,Debit
7777,1358,2024-12-05,47289.2,Credit
7778,3685,2026-01-09,104284.25,Credit
7779,2797,2025-01-12,149531.99,Debit
7780,1013,2024-08-23,4412.42,Debit
7781,4956,2025-09-22,14810.13,Debit
7782,341,2025-03-03,149205.54,Credit
7783,923,2025-06-19,7491.97,Credit
7784,4983,2026-02-03,237232.76,Debit
7785,3016,2024-12-19,162810.59,Credit
7786,2812,2025-10-29,121380.98,Debit
7787,1887,2024-08-07,226483.51,Credit
7788,4591,2025-01-29,81299.07,Credit
7789,2867,2026-04-04,26469.53,Credit
7790,3802,2024-09-14,166176.08,Credit
7791,4911,2025-08-04,62712.85,Credit
7792,622,2024-11-07,84365.29,Credit
7793,1255,2026-01-16,100466.18,Debit
7794,1898,2024-10-22,131141.49,Debit
7795,3935,2024-06-17,51810.43,Credit
7796,930,2025-06-06,117426.77,Credit
7797,2312,2024-10-30,148358.4,Debit
7798,3347,2025-06-03,148491.75,Debit
7799,3997,2025-08-02,195041.18,Credit
7800,1508,2025-11-10,50194.29,Credit
7801,4343,2025-06-06,239014.17,Credit
7802,1613,2025-12-05,87140.5,Debit
7803,2855,2025-02-26,126326.81,Debit
7804,713,2025-04-29,121159.39,Credit
7805,4131,2025-10-05,199078.67,Debit
7806,1627,2026-01-01,165559.79,Debit
7807,949,2024-07-16,34043.09,Debit
7808,3214,2025-09-20,124692.55,Debit
7809,103,2025-01-11,23639.59,Credit
7810,1056,2025-11-20,64648.91,Credit
7811,2006,2025-06-11,28373.16,Debit
7812,3065,2024-05-17,106203.44,Credit
7813,259,2025-11-15,17101.74,Credit
7814,1762,2025-05-03,78099.96,Credit
7815,3712,2025-08-31,42549.71,Credit
7816,3397,2026-02-21,139254.31,Credit
7817,549,2024-12-01,105531.92,Debit
7818,4796,2025-03-03,82456.51,Debit
7819,2205,2026-02-27,198048.64,Credit
7820,259,2025-05-17,115868.71,Debit
7821,4797,2024-11-14,157399.08,Credit
7822,2465,2024-12-06,41720.24,Debit
7823,4442,2024-08-19,59155.99,Debit
7824,1909,2024-05-14,141363.59,Debit
7825,4015,2024-05-15,131113.9,Debit
7826,4093,2025-01-19,171891.31,Credit
7827,2510,2025-04-07,245862.71,Credit
7828,2365,2024-08-14,246864.35,Credit
7829,4445,2025-08-03,219449.27,Credit
7830,1763,2024-06-27,211063.08,Debit
7831,1504,2024-10-28,70656.15,Debit
7832,3752,2026-01-06,158635.16,Debit
7833,2490,2025-06-03,176621.93,Credit
7834,1297,2025-01-02,77431.88,Debit
7835,1774,2026-04-20,91857.39,Credit
7836,4328,2025-10-06,74336.16,Credit
7837,2927,2025-11-25,58952.32,Debit
7838,833,2026-03-01,88053.46,Debit
7839,2552,2025-10-16,118997.93,Debit
7840,993,2024-07-21,139185.74,Credit
7841,4256,2025-12-18,85134.92,Debit
7842,2879,2024-08-26,139177.41,Credit
7843,2901,2024-07-04,198084.44,Credit
7844,4710,2024-06-05,110579.62,Credit
7845,3238,2025-11-04,56470.26,Credit
7846,1943,2024-11-03,20059.96,Credit
7847,4867,2025-11-13,9787.29,Debit
7848,3125,2025-03-22,69258.83,Debit
7849,1901,2024-09-06,172413.14,Debit
7850,3895,2024-08-04,161622.24,Debit
7851,1658,2024-11-06,136371.31,Credit
7852,1648,2025-08-23,59064.65,Credit
7853,2731,2025-08-27,229026.87,Debit
7854,4269,2025-02-05,227487.4,Credit
7855,1672,2026-02-22,32029.06,Credit
7856,2461,2024-10-21,152900.22,Debit
7857,3186,2025-10-24,60023.55,Credit
7858,3702,2024-11-02,58404.03,Debit
7859,71,2026-02-07,120867.99,Credit
7860,4973,2024-09-24,41704.25,Debit
7861,1630,2024-09-14,227160.95,Credit
7862,2233,2026-04-08,246059.21,Credit
7863,1371,2025-01-03,139854.36,Credit
7864,4255,2025-04-24,88729.16,Debit
7865,2425,2025-11-25,126527.2,Credit
7866,1839,2025-11-12,118052.73,Credit
7867,4748,2025-07-04,247538.02,Debit
7868,2500,2026-03-23,60862.22,Debit
7869,918,2025-11-05,231733.94,Debit
7870,4928,2026-04-10,118791.0,Credit
7871,1200,2025-11-20,46431.7,Debit
7872,4746,2025-11-26,202669.24,Credit
7873,2933,2025-01-01,197205.02,Debit
7874,4666,2024-11-14,170196.86,Debit
7875,1562,2024-05-16,64733.29,Debit
7876,3561,2025-03-19,160968.27,Credit
7877,1515,2024-11-16,15866.26,Debit
7878,4549,2025-01-12,34618.79,Credit
7879,2380,2026-01-04,204782.0,Credit
7880,3425,2024-09-05,31165.34,Debit
7881,4801,2025-06-13,186256.83,Debit
7882,981,2024-07-17,92860.08,Debit
7883,3965,2024-08-10,35367.09,Credit
7884,1548,2025-08-26,33500.36,Debit
7885,2097,2024-11-02,95921.51,Debit
7886,1054,2025-04-04,138828.18,Debit
7887,444,2025-12-31,87678.69,Credit
7888,1766,2025-06-14,222562.83,Debit
7889,4339,2024-09-07,139353.24,Debit
7890,799,2024-05-15,64108.95,Debit
7891,785,2024-06-05,33674.02,Credit
7892,4873,2025-06-09,225999.57,Credit
7893,3545,2025-07-23,183992.35,Debit
7894,1015,2025-02-19,66148.33,Debit
7895,2834,2026-04-24,151135.81,Debit
7896,897,2025-05-29,52104.82,Credit
7897,1253,2025-12-25,180856.52,Credit
7898,396,2025-09-10,249749.95,Debit
7899,2551,2026-03-07,116977.95,Credit
7900,2706,2025-08-04,4079.07,Debit
7901,1356,2025-09-11,156771.85,Credit
7902,1150,2024-12-30,208203.21,Credit
7903,4993,2026-01-08,39807.88,Debit
7904,2499,2025-05-17,203676.32,Credit
7905,2368,2025-01-25,69274.18,Credit
7906,4523,2024-08-25,65668.31,Credit
7907,4182,2025-07-30,237326.62,Credit
7908,1693,2026-01-17,156216.67,Debit
7909,816,2025-08-07,169205.36,Debit
7910,145,2026-03-16,68988.16,Debit
7911,4885,2024-12-17,44623.46,Debit
7912,4128,2026-02-05,83937.27,Credit
7913,4913,2026-04-29,1035.14,Credit
7914,4009,2025-03-06,237018.45,Credit
7915,3860,2025-07-22,80530.05,Debit
7916,3658,2025-07-12,157893.06,Debit
7917,4854,2025-12-29,180218.43,Credit
7918,3927,2025-11-28,130682.82,Credit
7919,1426,2025-05-07,7204.05,Debit
7920,3550,2024-06-13,26662.3,Debit
7921,3729,2025-07-23,97564.53,Debit
7922,1281,2024-06-29,143154.45,Credit
7923,4695,2025-12-12,140076.06,Debit
7924,4317,2025-05-08,218193.26,Credit
7925,1695,2024-07-05,208695.86,Credit
7926,2702,2024-08-08,36943.2,Credit
7927,2874,2026-02-14,94664.38,Credit
7928,418,2025-11-21,11875.1,Debit
7929,286,2024-08-23,156263.56,Debit
7930,1654,2024-11-10,87892.91,Debit
7931,4570,2025-07-15,50704.69,Credit
7932,2203,2026-02-22,171463.66,Credit
7933,322,2024-11-26,148630.99,Debit
7934,1907,2025-11-26,71286.22,Credit
7935,65,2026-03-03,174309.83,Debit
7936,2444,2026-01-12,95262.77,Credit
7937,3951,2024-07-13,97032.39,Credit
7938,2056,2024-11-24,71355.53,Debit
7939,2768,2025-09-27,68703.89,Debit
7940,2794,2024-11-29,183605.66,Debit
7941,3235,2024-09-17,103587.37,Credit
7942,2760,2024-12-31,59960.72,Debit
7943,4799,2026-01-29,45061.7,Credit
7944,3419,2025-08-08,228404.51,Credit
7945,4058,2024-09-05,134296.93,Credit
7946,3261,2025-12-04,160125.24,Credit
7947,134,2024-08-07,40686.81,Debit
7948,3045,2025-09-10,97061.02,Credit
7949,119,2026-01-04,163752.03,Credit
7950,3364,2025-05-05,1787.57,Credit
7951,2105,2025-04-12,33749.02,Credit
7952,1562,2026-05-01,239582.53,Debit
7953,657,2025-03-05,8261.82,Credit
7954,3139,2025-01-24,52234.23,Debit
7955,664,2024-12-20,119719.52,Debit
7956,4965,2025-11-13,55836.41,Debit
7957,340,2026-02-08,159622.15,Credit
7958,3025,2025-04-22,145846.66,Credit
7959,1389,2025-09-03,162879.38,Debit
7960,2175,2025-06-26,196330.43,Credit
7961,579,2025-06-15,243359.29,Credit
7962,919,2024-09-14,42129.47,Credit
7963,1667,2024-11-07,239686.84,Credit
7964,1174,2024-07-18,200005.07,Credit
7965,2190,2025-04-08,130154.46,Credit
7966,1126,2024-12-17,233579.43,Credit
7967,1809,2026-03-23,121785.55,Debit
7968,2833,2024-10-26,245039.36,Debit
7969,3840,2024-12-03,42035.58,Debit
7970,134,2024-05-29,151803.94,Credit
7971,314,2025-08-23,220659.67,Debit
7972,3007,2024-08-31,191641.12,Debit
7973,3529,2025-08-20,226498.44,Credit
7974,3282,2026-01-18,243066.14,Credit
7975,838,2025-04-27,64651.22,Debit
7976,3153,2024-08-09,56122.97,Debit
7977,341,2024-09-15,191310.38,Debit
7978,4033,2026-02-23,226023.67,Credit
7979,501,2024-12-15,215042.23,Credit
7980,4011,2025-08-10,111528.75,Debit
7981,1270,2025-07-25,233692.18,Debit
7982,3794,2025-12-13,190802.53,Credit
7983,4789,2026-02-03,148040.72,Debit
7984,452,2026-05-01,215780.63,Debit
7985,4600,2024-07-30,169910.3,Debit
7986,1360,2026-03-17,66101.78,Credit
7987,1949,2025-10-05,52609.42,Debit
7988,4998,2024-08-12,73003.26,Credit
7989,762,2026-01-18,3303.63,Debit
7990,3366,2025-01-29,84565.39,Debit
7991,177,2025-07-16,211768.84,Credit
7992,4325,2025-10-17,102256.38,Debit
7993,969,2024-12-05,220679.08,Credit
7994,2198,2026-05-02,116069.66,Credit
7995,1856,2025-10-27,200700.18,Credit
7996,1573,2024-08-12,68561.32,Debit
7997,2110,2024-06-01,5032.13,Debit
7998,2263,2025-08-11,19030.47,Debit
7999,806,2025-08-10,153952.14,Debit
8000,4428,2024-11-11,102684.31,Debit
8001,4161,2025-05-05,31207.27,Debit
8002,3525,2024-07-18,196412.31,Debit
8003,2644,2025-11-23,218484.6,Credit
8004,4425,2024-10-02,223936.59,Debit
8005,3953,2025-10-13,49509.66,Debit
8006,257,2026-04-30,201537.11,Debit
8007,3020,2024-12-07,106846.39,Debit
8008,2334,2025-09-11,123016.48,Credit
8009,4739,2024-11-29,126213.49,Debit
8010,758,2026-02-19,37193.28,Debit
8011,2144,2024-12-08,182227.57,Credit
8012,978,2025-11-23,47657.37,Debit
8013,2548,2024-11-06,96776.92,Debit
8014,1629,2025-07-30,185025.54,Credit
8015,1962,2025-09-10,147880.25,Credit
8016,2672,2024-10-19,87464.66,Debit
8017,2687,2025-01-21,167888.37,Debit
8018,3909,2024-12-08,226301.77,Credit
8019,4538,2024-11-03,229673.8,Credit
8020,4383,2026-03-12,1750.3,Credit
8021,4363,2025-01-13,111896.78,Debit
8022,2892,2026-03-27,3361.63,Credit
8023,2526,2026-02-02,132501.27,Debit
8024,4857,2026-02-02,247487.33,Debit
8025,2524,2025-12-09,156422.14,Credit
8026,1706,2024-08-04,94354.95,Credit
8027,2652,2026-01-20,203009.05,Credit
8028,620,2025-10-03,79122.98,Credit
8029,1659,2025-06-29,239074.81,Debit
8030,196,2024-10-08,6543.31,Debit
8031,2308,2025-02-23,41208.85,Credit
8032,2799,2026-01-16,60351.85,Debit
8033,2347,2025-10-28,136268.58,Debit
8034,4766,2026-03-29,217661.1,Credit
8035,3342,2024-06-15,183559.7,Debit
8036,3742,2025-04-03,71290.84,Credit
8037,4251,2024-10-15,19861.18,Debit
8038,4206,2026-01-22,246941.32,Debit
8039,807,2024-08-17,77943.23,Credit
8040,3098,2026-04-01,49269.14,Debit
8041,4685,2025-08-05,103841.58,Credit
8042,4513,2025-05-03,96154.67,Credit
8043,2733,2025-07-21,139150.57,Debit
8044,2625,2024-07-10,131796.86,Debit
8045,2485,2024-10-29,131582.45,Credit
8046,4145,2024-08-21,124108.06,Debit
8047,3920,2024-06-13,156050.32,Debit
8048,595,2025-02-06,233086.45,Debit
8049,164,2025-08-28,159272.08,Credit
8050,4077,2025-05-28,207503.55,Credit
8051,824,2024-08-02,36819.24,Credit
8052,3306,2024-10-01,171889.94,Debit
8053,444,2024-08-12,113873.72,Credit
8054,1665,2024-07-17,48079.07,Credit
8055,3595,2025-01-24,248458.73,Debit
8056,1554,2025-05-15,6161.04,Debit
8057,4440,2026-04-04,153391.12,Credit
8058,2346,2025-06-17,76564.44,Credit
8059,1443,2026-02-02,152225.06,Debit
8060,1144,2025-05-12,132959.57,Credit
8061,950,2026-04-24,42265.71,Debit
8062,3991,2025-12-02,102194.62,Credit
8063,1531,2025-03-06,207250.46,Debit
8064,4021,2024-08-26,221538.43,Debit
8065,4378,2025-03-27,192837.63,Credit
8066,669,2025-04-03,10545.39,Credit
8067,2412,2026-02-12,222000.29,Debit
8068,1465,2024-10-11,158081.14,Credit
8069,1279,2025-10-09,191772.94,Debit
8070,3801,2025-01-23,41034.07,Debit
8071,4196,2025-02-20,184294.35,Debit
8072,3316,2024-11-30,54805.85,Debit
8073,4754,2024-07-27,63745.18,Credit
8074,4876,2025-04-12,173197.21,Credit
8075,1926,2025-08-17,68492.21,Credit
8076,3877,2025-07-04,219311.66,Credit
8077,4758,2024-11-06,197749.56,Credit
8078,1045,2026-02-23,26490.03,Credit
8079,4885,2025-12-22,175866.9,Credit
8080,2382,2025-05-04,30467.8,Credit
8081,770,2026-02-13,55044.63,Credit
8082,1224,2024-05-17,205770.4,Credit
8083,4607,2026-04-24,76246.81,Credit
8084,376,2026-02-06,70272.5,Debit
8085,1063,2024-09-28,171737.01,Debit
8086,838,2025-06-17,263.48,Credit
8087,262,2024-12-17,66466.1,Credit
8088,262,2025-05-07,218318.76,Debit
8089,4531,2025-08-27,218679.83,Debit
8090,474,2025-08-15,178562.18,Debit
8091,434,2024-10-05,243362.81,Credit
8092,1632,2025-09-12,6014.34,Debit
8093,364,2025-02-01,13076.29,Debit
8094,1642,2026-02-07,242525.94,Credit
8095,3574,2024-06-12,94346.23,Credit
8096,1970,2025-01-23,33993.48,Debit
8097,275,2025-06-03,105510.25,Credit
8098,2184,2025-04-24,23579.19,Credit
8099,4303,2025-07-16,210073.49,Credit
8100,3992,2024-12-28,59645.95,Credit
8101,1685,2025-04-27,40999.88,Debit
8102,1559,2025-07-27,229535.18,Debit
8103,1183,2024-07-10,19843.14,Debit
8104,2315,2024-11-07,59081.63,Debit
8105,3739,2026-01-26,47650.71,Debit
8106,3300,2024-06-10,128851.6,Credit
8107,2051,2024-09-11,98194.03,Credit
8108,1315,2026-01-06,137064.38,Debit
8109,4970,2026-03-29,140471.77,Debit
8110,2190,2025-03-30,111137.11,Debit
8111,9,2024-12-11,52789.46,Debit
8112,1991,2025-12-13,22507.35,Debit
8113,1786,2026-01-07,172456.05,Debit
8114,1959,2024-05-18,227807.03,Debit
8115,483,2024-12-04,79816.44,Debit
8116,1897,2024-11-06,122437.92,Debit
8117,643,2025-11-17,67084.19,Debit
8118,2189,2024-11-24,1140.83,Debit
8119,3337,2025-10-01,216501.51,Credit
8120,2114,2024-10-25,178268.8,Credit
8121,2808,2026-01-04,135557.47,Debit
8122,4689,2026-01-16,178408.01,Debit
8123,2470,2025-06-01,27320.25,Credit
8124,3941,2025-02-24,26813.26,Debit
8125,2499,2026-04-26,194976.67,Credit
8126,4178,2025-11-26,157760.34,Credit
8127,2382,2024-10-25,58698.31,Debit
8128,62,2025-04-13,86519.48,Debit
8129,2363,2026-01-15,94752.26,Credit
8130,313,2025-02-24,128499.79,Debit
8131,281,2025-11-15,100143.56,Debit
8132,2801,2024-09-17,113250.43,Debit
8133,3705,2025-03-01,133102.99,Credit
8134,4735,2026-01-23,77044.11,Debit
8135,1271,2024-12-02,74999.13,Debit
8136,1092,2024-08-06,105687.29,Credit
8137,651,2025-03-03,146345.87,Credit
8138,3382,2026-03-24,216566.64,Debit
8139,2647,2024-05-29,5879.63,Debit
8140,4174,2026-05-05,139151.94,Debit
8141,4184,2025-09-24,99137.74,Debit
8142,543,2025-05-15,98672.08,Credit
8143,2471,2025-12-19,239552.13,Credit
8144,2096,2024-07-23,56988.12,Credit
8145,4992,2024-12-01,112099.03,Credit
8146,1369,2025-01-08,54145.08,Debit
8147,3415,2025-10-15,36535.82,Debit
8148,111,2025-12-16,67244.21,Debit
8149,2049,2025-05-25,45700.77,Credit
8150,3818,2025-05-04,87064.47,Credit
8151,2456,2025-10-20,14358.8,Debit
8152,652,2024-10-16,1539.44,Credit
8153,4142,2025-06-06,97758.74,Credit
8154,3663,2024-11-25,142222.5,Debit
8155,3620,2025-07-10,105587.55,Credit
8156,3078,2024-07-21,160238.74,Debit
8157,2230,2025-09-07,43450.75,Debit
8158,1398,2025-11-18,171321.79,Debit
8159,2651,2025-07-05,180654.01,Debit
8160,3391,2024-08-17,242956.46,Debit
8161,644,2024-06-03,15742.51,Debit
8162,2612,2025-08-03,122346.66,Debit
8163,2756,2026-02-12,141896.96,Debit
8164,1791,2024-10-23,35360.61,Debit
8165,1595,2024-07-01,6661.94,Debit
8166,468,2024-09-08,70893.44,Credit
8167,3818,2025-07-24,212111.28,Credit
8168,2536,2024-07-17,128210.53,Debit
8169,4340,2024-09-13,9769.64,Debit
8170,1987,2024-09-27,4539.85,Credit
8171,3310,2025-10-06,142197.77,Debit
8172,3595,2025-10-24,229245.7,Debit
8173,1939,2025-05-28,47866.75,Debit
8174,1239,2025-03-27,88319.17,Debit
8175,929,2025-01-31,26129.23,Credit
8176,1745,2025-10-12,211712.9,Credit
8177,4037,2024-08-12,47940.09,Debit
8178,906,2024-07-09,63146.44,Credit
8179,3904,2025-02-05,169430.98,Credit
8180,4855,2024-11-17,138828.01,Credit
8181,3676,2025-03-10,82346.42,Debit
8182,3550,2026-04-28,173332.5,Credit
8183,3377,2025-12-29,105487.67,Debit
8184,189,2024-08-24,127229.61,Credit
8185,1654,2026-04-03,11930.7,Credit
8186,3837,2024-12-09,75085.99,Debit
8187,4475,2024-10-06,244208.1,Debit
8188,259,2024-12-01,18129.26,Credit
8189,2295,2025-10-03,20907.62,Debit
8190,4621,2026-04-04,223319.17,Credit
8191,455,2025-02-19,237633.16,Debit
8192,525,2026-05-09,183736.89,Debit
8193,665,2025-12-26,42689.74,Credit
8194,4093,2025-05-13,114663.01,Credit
8195,3837,2026-05-01,51888.36,Credit
8196,2101,2025-11-24,223736.54,Credit
8197,1391,2025-06-21,89063.05,Credit
8198,1001,2025-12-16,114054.05,Debit
8199,898,2026-04-05,175180.99,Credit
8200,1107,2025-05-09,156919.44,Credit
8201,897,2026-01-05,11955.66,Credit
8202,1918,2025-04-28,198507.25,Debit
8203,2586,2024-05-31,93453.48,Debit
8204,257,2025-01-15,127861.66,Debit
8205,4872,2024-09-13,14072.19,Credit
8206,4479,2024-11-17,106070.81,Credit
8207,2420,2024-09-24,154769.4,Debit
8208,4911,2025-03-08,56144.1,Debit
8209,2496,2026-04-15,217555.49,Debit
8210,2448,2025-04-11,227375.06,Debit
8211,2531,2025-04-21,249595.58,Debit
8212,2935,2024-08-25,24373.69,Debit
8213,2381,2026-01-16,12400.83,Debit
8214,871,2026-03-03,112454.63,Credit
8215,3163,2025-04-02,89221.34,Credit
8216,1261,2024-10-03,232605.25,Credit
8217,1533,2024-07-16,130021.58,Debit
8218,3529,2024-08-05,146253.3,Credit
8219,838,2025-10-28,83624.37,Debit
8220,2804,2025-11-06,166875.19,Credit
8221,582,2024-10-31,1759.79,Credit
8222,4835,2025-09-25,83564.59,Debit
8223,38,2025-08-27,52084.37,Credit
8224,766,2024-05-21,244630.66,Credit
8225,3328,2024-11-04,87174.64,Debit
8226,4129,2025-04-11,122182.34,Credit
8227,3709,2026-02-16,138748.24,Debit
8228,879,2024-11-12,34490.39,Debit
8229,4631,2025-10-01,98037.0,Credit
8230,2609,2025-08-30,178538.66,Debit
8231,3986,2026-04-18,94344.04,Credit
8232,2831,2025-09-07,6082.87,Debit
8233,4267,2025-08-24,8472.46,Credit
8234,1606,2025-08-05,49181.98,Credit
8235,4982,2025-10-16,190596.05,Credit
8236,432,2025-05-09,45595.02,Debit
8237,3376,2025-08-14,164076.1,Credit
8238,92,2025-11-08,140490.22,Debit
8239,4370,2024-08-08,127579.46,Credit
8240,3563,2024-12-16,504.43,Credit
8241,4679,2024-10-03,245095.05,Debit
8242,1966,2024-10-16,242489.08,Debit
8243,2363,2025-10-09,62139.87,Debit
8244,4857,2024-10-02,330.95,Debit
8245,3181,2026-04-12,45725.45,Debit
8246,1015,2025-02-09,42430.96,Credit
8247,4530,2024-11-09,218087.81,Credit
8248,86,2024-12-29,4472.13,Debit
8249,4188,2025-06-22,65711.38,Debit
8250,2192,2024-09-01,203314.64,Credit
8251,1865,2025-02-03,207946.61,Credit
8252,3820,2025-04-23,86701.58,Debit
8253,4142,2024-11-28,53573.15,Credit
8254,2789,2025-09-20,80523.13,Credit
8255,4999,2025-12-22,222158.32,Debit
8256,665,2025-02-25,131068.35,Credit
8257,3572,2026-05-06,173123.41,Debit
8258,4743,2025-11-18,110849.17,Credit
8259,3556,2025-12-23,169876.16,Debit
8260,4498,2025-10-29,85707.16,Debit
8261,2461,2024-09-30,41938.47,Debit
8262,1215,2025-09-12,141251.91,Debit
8263,3924,2025-03-12,85447.11,Credit
8264,465,2024-10-04,128040.4,Credit
8265,2976,2026-04-14,97972.89,Credit
8266,3297,2025-03-20,121595.9,Debit
8267,4987,2025-01-16,53616.14,Credit
8268,3522,2024-05-17,43786.82,Credit
8269,2673,2025-01-09,224563.26,Debit
8270,3326,2024-06-15,206975.39,Debit
8271,2047,2025-01-16,213673.5,Debit
8272,2714,2025-08-24,200258.54,Debit
8273,248,2026-04-24,43247.91,Debit
8274,727,2026-02-02,27308.6,Debit
8275,1725,2024-09-14,45797.16,Debit
8276,4684,2024-11-06,55443.86,Credit
8277,3880,2026-01-28,229044.19,Credit
8278,1916,2024-09-18,135896.95,Credit
8279,1003,2025-04-05,155517.35,Debit
8280,1279,2024-07-01,220051.92,Credit
8281,2127,2025-04-26,148309.99,Credit
8282,1713,2024-05-16,231234.83,Credit
8283,1412,2025-02-13,239190.78,Credit
8284,4543,2025-05-04,13277.63,Debit
8285,477,2025-05-18,2746.31,Debit
8286,4189,2024-07-14,141561.53,Credit
8287,954,2025-05-02,176514.08,Debit
8288,2353,2025-12-13,11968.45,Credit
8289,4606,2024-09-08,243002.67,Debit
8290,4761,2024-08-29,194764.05,Debit
8291,1314,2026-03-12,190059.34,Debit
8292,3256,2025-12-10,227790.91,Credit
8293,2098,2025-09-27,11625.88,Debit
8294,3597,2024-05-28,158819.26,Credit
8295,1844,2025-07-13,190846.49,Debit
8296,98,2024-06-20,175892.55,Credit
8297,1939,2024-08-17,186058.52,Debit
8298,2017,2025-11-06,23020.27,Debit
8299,2065,2024-06-28,158663.99,Debit
8300,1420,2026-03-01,141915.1,Debit
8301,621,2025-01-14,243902.06,Debit
8302,1911,2026-02-15,23052.14,Debit
8303,71,2025-04-03,167033.42,Debit
8304,1197,2025-08-19,107264.95,Debit
8305,3438,2024-10-07,16591.29,Credit
8306,424,2025-12-27,150796.7,Debit
8307,4805,2026-03-28,127000.88,Debit
8308,2407,2025-06-23,199680.03,Credit
8309,2599,2024-08-12,28784.28,Debit
8310,2649,2025-11-04,196733.01,Debit
8311,1931,2026-02-13,182425.51,Debit
8312,521,2026-03-25,71200.97,Credit
8313,460,2024-11-26,75276.47,Credit
8314,1306,2024-05-26,161854.61,Debit
8315,2162,2025-01-28,174997.81,Debit
8316,2058,2024-08-14,23034.94,Credit
8317,3169,2025-09-11,47173.05,Debit
8318,4936,2024-07-03,108026.2,Debit
8319,1304,2026-04-11,211411.6,Credit
8320,2053,2025-04-01,174033.39,Credit
8321,4643,2024-09-01,125883.06,Debit
8322,478,2024-07-30,94463.16,Debit
8323,2301,2026-02-27,123117.4,Debit
8324,4171,2025-11-20,182080.3,Credit
8325,4774,2024-10-11,175450.68,Credit
8326,205,2024-05-16,224691.56,Credit
8327,3081,2025-12-15,167559.56,Debit
8328,4604,2025-10-25,67681.35,Credit
8329,1441,2024-08-24,146330.3,Credit
8330,765,2025-04-18,65140.45,Credit
8331,4710,2025-07-11,237080.74,Credit
8332,3326,2024-07-25,164210.01,Credit
8333,246,2025-03-20,238636.5,Credit
8334,577,2025-02-17,93236.59,Credit
8335,4295,2025-01-20,198186.33,Credit
8336,1457,2025-12-01,215670.58,Credit
8337,1541,2024-11-25,118255.68,Credit
8338,2341,2026-04-22,35787.26,Credit
8339,4683,2025-10-02,31756.36,Credit
8340,1328,2025-11-07,24247.64,Debit
8341,1871,2026-04-24,247603.6,Credit
8342,4023,2025-08-15,248850.92,Credit
8343,3956,2026-02-13,166779.77,Debit
8344,4714,2024-12-10,118475.02,Credit
8345,3942,2024-08-14,59894.37,Debit
8346,1352,2024-05-25,221059.01,Debit
8347,2258,2025-09-30,215970.41,Debit
8348,1353,2026-04-29,174554.23,Credit
8349,342,2025-03-24,113269.32,Credit
8350,4441,2024-07-19,81814.72,Credit
8351,4099,2025-03-26,44597.18,Credit
8352,4310,2025-12-11,241079.99,Credit
8353,3591,2025-08-01,160913.13,Debit
8354,2646,2025-07-26,221143.38,Debit
8355,1955,2026-03-24,169315.38,Credit
8356,4908,2025-03-07,139241.34,Debit
8357,2798,2025-08-07,102428.36,Debit
8358,4901,2026-03-16,239030.44,Credit
8359,791,2025-12-26,65480.25,Credit
8360,3382,2025-05-21,248153.8,Debit
8361,1634,2024-07-05,183752.5,Debit
8362,1300,2025-03-04,237609.48,Debit
8363,3720,2026-04-13,5454.77,Debit
8364,1644,2025-02-23,222074.24,Credit
8365,1819,2024-09-13,197990.8,Debit
8366,329,2025-06-15,143148.74,Credit
8367,1824,2026-03-24,240774.18,Debit
8368,403,2024-12-06,51465.81,Debit
8369,623,2025-01-25,215286.45,Credit
8370,4044,2024-05-15,22059.61,Credit
8371,136,2025-05-17,176757.43,Debit
8372,285,2024-08-27,123051.97,Debit
8373,887,2024-12-27,224912.72,Debit
8374,1234,2026-02-22,13928.22,Debit
8375,4091,2026-01-12,122303.92,Debit
8376,4869,2025-10-10,242363.77,Credit
8377,323,2025-07-31,187943.44,Debit
8378,2095,2026-05-01,199272.97,Credit
8379,4028,2024-06-25,45214.04,Debit
8380,156,2026-02-18,156268.32,Debit
8381,4307,2025-11-15,170010.26,Credit
8382,4655,2026-01-26,179957.71,Credit
8383,4487,2025-03-14,142355.24,Credit
8384,1296,2024-10-22,133509.59,Debit
8385,695,2026-01-24,242927.71,Credit
8386,2439,2024-12-02,64202.31,Debit
8387,577,2024-11-11,99282.5,Debit
8388,3290,2025-08-09,182300.61,Credit
8389,1461,2024-05-15,147602.01,Debit
8390,3789,2025-08-01,126951.46,Debit
8391,3389,2025-08-27,67635.77,Debit
8392,249,2026-04-21,153913.89,Debit
8393,4338,2025-06-22,142497.92,Debit
8394,2859,2025-12-17,180910.01,Credit
8395,2993,2026-03-24,229308.48,Debit
8396,2721,2026-04-07,39526.1,Debit
8397,4782,2025-07-15,156850.97,Debit
8398,4386,2025-12-27,227923.29,Credit
8399,2707,2024-11-11,143635.65,Debit
8400,3811,2025-09-30,212332.94,Debit
8401,4708,2025-11-27,231091.3,Credit
8402,2543,2024-07-02,177420.36,Credit
8403,1387,2025-01-21,242321.35,Debit
8404,2638,2025-06-17,188645.54,Debit
8405,2070,2026-01-14,224823.25,Debit
8406,52,2025-11-15,138071.36,Debit
8407,3623,2025-06-06,219664.54,Credit
8408,2296,2025-06-17,130358.27,Debit
8409,3917,2025-05-23,96944.08,Credit
8410,3832,2024-10-11,7420.83,Debit
8411,3247,2024-11-23,178621.46,Credit
8412,4418,2025-05-28,227673.55,Debit
8413,4009,2024-06-20,106834.21,Credit
8414,997,2024-06-03,69514.95,Credit
8415,3472,2025-03-21,237596.63,Credit
8416,1679,2025-11-05,95357.18,Debit
8417,2340,2025-09-08,3477.49,Credit
8418,3544,2024-07-07,187539.24,Debit
8419,1619,2024-05-19,155809.63,Debit
8420,1479,2026-04-25,224351.22,Credit
8421,3728,2024-06-28,43075.58,Credit
8422,3711,2026-01-08,7552.96,Debit
8423,4273,2025-02-27,38577.73,Credit
8424,40,2024-12-26,222466.58,Credit
8425,1524,2024-05-16,77410.52,Credit
8426,3052,2025-12-11,34596.41,Credit
8427,1825,2026-04-10,213518.69,Credit
8428,2531,2026-02-04,87050.4,Debit
8429,2690,2026-03-03,138139.25,Debit
8430,2043,2024-09-20,141977.3,Debit
8431,3298,2024-07-04,124303.04,Credit
8432,3245,2026-03-29,128082.75,Debit
8433,3469,2025-03-15,79355.75,Debit
8434,436,2024-11-29,2117.34,Debit
8435,2223,2024-09-09,213136.04,Credit
8436,2158,2025-11-29,212440.14,Debit
8437,1756,2024-06-22,184348.98,Debit
8438,4087,2025-11-12,19879.9,Credit
8439,3518,2026-01-22,61521.25,Credit
8440,2647,2026-03-11,103948.79,Credit
8441,754,2025-06-20,66507.91,Credit
8442,3026,2024-11-16,20953.8,Debit
8443,2700,2025-12-23,100659.53,Credit
8444,1183,2024-11-20,149322.84,Debit
8445,4649,2025-02-10,38863.0,Credit
8446,2047,2026-02-11,109797.05,Credit
8447,984,2025-05-31,49766.59,Debit
8448,4935,2024-05-13,191594.52,Credit
8449,2629,2025-10-16,12510.97,Credit
8450,3275,2024-11-18,77205.84,Debit
8451,2893,2026-05-01,165284.97,Credit
8452,4236,2025-10-05,104782.5,Debit
8453,4893,2025-06-12,67818.88,Debit
8454,3570,2025-10-26,48614.21,Credit
8455,4574,2025-02-07,127124.91,Credit
8456,3442,2025-05-22,218712.77,Debit
8457,2540,2025-09-29,120606.76,Credit
8458,4900,2025-07-26,53039.45,Credit
8459,4257,2025-12-31,61986.03,Credit
8460,1764,2025-01-19,16090.37,Credit
8461,4094,2025-11-02,70352.88,Credit
8462,3983,2025-03-05,225022.08,Credit
8463,1278,2025-02-14,113768.58,Credit
8464,1385,2025-04-13,187495.17,Debit
8465,3925,2025-06-15,232.8,Credit
8466,2490,2025-12-30,112021.18,Credit
8467,4511,2025-01-20,241891.46,Credit
8468,4986,2024-11-06,54313.47,Credit
8469,3491,2025-08-26,142704.16,Credit
8470,866,2026-01-15,45382.32,Credit
8471,892,2026-03-01,226343.94,Debit
8472,1778,2024-06-03,1879.69,Debit
8473,2052,2025-12-22,136045.34,Credit
8474,3361,2025-03-10,107841.1,Credit
8475,3694,2026-01-10,229375.04,Credit
8476,4860,2025-11-12,179113.82,Credit
8477,1606,2025-06-22,190783.51,Credit
8478,3406,2026-01-18,93142.27,Debit
8479,4028,2026-02-15,77083.14,Debit
8480,3502,2025-08-20,56352.99,Debit
8481,3755,2025-03-17,183130.29,Debit
8482,2411,2025-07-18,194570.52,Debit
8483,4464,2024-06-20,122542.93,Debit
8484,1521,2024-06-28,119017.99,Debit
8485,2690,2024-07-22,191544.81,Credit
8486,1588,2024-10-30,248386.12,Credit
8487,50,2024-07-14,248406.66,Debit
8488,4381,2026-01-13,112910.94,Credit
8489,2171,2024-06-29,220956.29,Credit
8490,3918,2025-10-16,107672.16,Credit
8491,3815,2025-10-31,71789.75,Credit
8492,1242,2024-05-24,181182.52,Credit
8493,2391,2025-06-28,131860.75,Debit
8494,2605,2026-05-02,20390.12,Debit
8495,834,2026-03-13,243985.29,Credit
8496,171,2026-01-26,178117.14,Credit
8497,2086,2026-04-12,73375.61,Debit
8498,4055,2025-06-24,23228.04,Debit
8499,210,2025-06-15,249779.92,Credit
8500,484,2025-05-02,195589.82,Debit
8501,4457,2025-02-12,82270.3,Credit
8502,360,2026-01-07,70721.96,Credit
8503,3683,2024-08-08,20969.81,Debit
8504,111,2025-01-27,60991.36,Credit
8505,3714,2025-02-23,166552.87,Debit
8506,2460,2024-11-25,141904.1,Credit
8507,4771,2025-03-28,123004.45,Debit
8508,1913,2024-12-01,211462.71,Credit
8509,2887,2026-05-02,120059.8,Credit
8510,941,2025-06-11,5148.96,Debit
8511,519,2024-07-25,221412.01,Credit
8512,4695,2025-03-05,139950.51,Credit
8513,4809,2025-11-16,190019.89,Credit
8514,1694,2025-09-13,130617.58,Debit
8515,3970,2025-06-17,226374.23,Debit
8516,1946,2025-07-22,165846.11,Debit
8517,4409,2025-08-09,207441.74,Credit
8518,4948,2025-07-21,15991.72,Debit
8519,2678,2025-02-12,249035.01,Debit
8520,4601,2025-05-06,145074.36,Debit
8521,63,2024-11-30,21615.49,Credit
8522,4583,2025-11-13,110713.81,Debit
8523,1714,2025-05-17,213792.13,Debit
8524,3054,2024-11-13,135847.03,Debit
8525,2745,2025-07-04,69722.21,Credit
8526,4116,2026-05-07,233674.94,Credit
8527,2330,2025-11-21,181265.23,Debit
8528,2106,2026-04-02,206212.83,Credit
8529,4307,2024-12-16,11304.45,Credit
8530,1148,2025-08-18,182285.09,Credit
8531,420,2026-01-16,139868.3,Credit
8532,2747,2025-11-22,65942.87,Credit
8533,3229,2025-10-16,214150.89,Credit
8534,471,2024-11-28,246036.88,Credit
8535,3996,2025-05-03,160599.24,Debit
8536,4037,2026-02-17,64301.14,Credit
8537,2431,2025-09-02,206295.63,Credit
8538,1761,2025-09-16,248362.1,Debit
8539,2040,2024-12-18,117471.48,Debit
8540,2633,2025-01-24,184456.59,Debit
8541,2677,2025-12-27,50073.01,Credit
8542,2143,2025-05-28,93878.47,Debit
8543,3826,2026-04-08,143859.17,Debit
8544,80,2025-11-07,81708.6,Credit
8545,2854,2024-11-17,127853.03,Debit
8546,4929,2026-01-05,144756.41,Debit
8547,847,2025-07-16,242069.15,Debit
8548,566,2025-11-25,147511.0,Debit
8549,2835,2025-06-05,837.63,Credit
8550,2351,2025-10-20,225733.9,Debit
8551,462,2025-07-15,166242.61,Credit
8552,1027,2024-08-14,159608.76,Credit
8553,1795,2024-09-09,35233.88,Debit
8554,2951,2025-02-04,214922.35,Debit
8555,148,2025-12-14,30806.51,Debit
8556,399,2025-03-16,49851.83,Debit
8557,1045,2025-01-12,71610.05,Credit
8558,4170,2025-01-21,225079.76,Credit
8559,3143,2025-04-19,40311.3,Credit
8560,2254,2025-11-17,60186.98,Credit
8561,1100,2026-04-17,106503.49,Debit
8562,4202,2025-04-09,96350.66,Credit
8563,88,2025-09-03,100738.33,Debit
8564,2621,2025-05-10,28607.0,Debit
8565,707,2026-04-22,175981.94,Debit
8566,3982,2025-06-10,135689.71,Debit
8567,1888,2025-11-25,108629.89,Credit
8568,4188,2024-12-21,235906.27,Debit
8569,416,2025-04-16,210415.98,Debit
8570,218,2024-07-04,204601.6,Debit
8571,2602,2026-01-11,180301.25,Debit
8572,2004,2024-07-20,141380.86,Credit
8573,2400,2025-03-30,153821.55,Debit
8574,2186,2024-10-20,72545.21,Credit
8575,4050,2025-11-02,77613.54,Debit
8576,1886,2025-03-23,224908.53,Debit
8577,4344,2025-06-01,182072.24,Credit
8578,4353,2025-04-19,82505.42,Debit
8579,1617,2025-06-10,169422.58,Credit
8580,4323,2024-12-30,67008.43,Debit
8581,4446,2025-02-19,122082.01,Credit
8582,3440,2026-04-20,162549.9,Debit
8583,2881,2025-11-29,102455.97,Credit
8584,1997,2026-04-10,139500.98,Credit
8585,3379,2025-07-13,239637.52,Credit
8586,1976,2024-09-07,166985.11,Debit
8587,2050,2024-05-20,155868.29,Credit
8588,2898,2026-04-15,87158.02,Debit
8589,4773,2026-03-16,201513.44,Debit
8590,3505,2025-12-30,88053.85,Debit
8591,934,2026-03-10,151565.52,Debit
8592,2525,2025-05-02,102628.93,Credit
8593,1521,2026-04-20,213106.98,Credit
8594,3969,2025-11-16,233619.71,Debit
8595,180,2024-06-16,174391.14,Credit
8596,2680,2025-08-07,118886.91,Debit
8597,3553,2024-08-07,151963.25,Credit
8598,2138,2025-09-28,56548.34,Debit
8599,783,2025-02-09,170100.39,Credit
8600,2581,2026-01-18,42623.77,Credit
8601,1225,2026-04-06,54036.11,Debit
8602,2885,2024-06-26,152770.44,Debit
8603,4055,2025-12-17,156628.9,Debit
8604,978,2024-12-22,95526.85,Credit
8605,4530,2024-11-24,47386.24,Credit
8606,3122,2025-03-03,66877.57,Debit
8607,3715,2025-08-09,180260.68,Credit
8608,3749,2024-08-31,218768.13,Credit
8609,132,2024-09-15,116553.12,Credit
8610,175,2025-10-16,109115.85,Credit
8611,4573,2024-10-18,81745.9,Credit
8612,503,2025-10-06,188299.71,Debit
8613,2048,2025-06-16,237559.95,Credit
8614,4790,2025-03-16,185641.62,Debit
8615,4409,2025-05-09,39873.1,Credit
8616,4022,2025-10-04,18756.49,Credit
8617,2207,2024-10-21,104910.58,Credit
8618,1976,2025-07-28,153780.48,Debit
8619,740,2025-12-23,74031.42,Debit
8620,422,2024-07-27,83628.6,Debit
8621,4906,2025-09-24,135740.97,Credit
8622,2425,2025-11-13,8413.4,Credit
8623,1641,2024-12-25,150895.67,Debit
8624,3615,2024-06-29,128625.86,Credit
8625,3884,2025-04-28,189309.16,Debit
8626,1514,2026-03-05,67056.99,Credit
8627,1697,2025-11-28,185844.16,Credit
8628,2432,2025-07-09,191235.03,Debit
8629,1412,2025-11-17,192200.87,Credit
8630,310,2026-03-22,119457.4,Credit
8631,4401,2024-07-16,186754.89,Debit
8632,3253,2024-07-27,135141.68,Debit
8633,2216,2025-06-12,9529.38,Debit
8634,4564,2024-09-25,171924.93,Credit
8635,2127,2025-08-17,16775.16,Credit
8636,2916,2025-11-21,102861.19,Credit
8637,3076,2026-03-23,216296.34,Debit
8638,4902,2026-03-19,141667.76,Credit
8639,3458,2025-11-18,216408.18,Debit
8640,59,2024-12-14,126569.64,Debit
8641,2538,2025-05-27,193432.16,Debit
8642,491,2024-10-22,85387.41,Credit
8643,3822,2025-07-21,1191.92,Debit
8644,388,2024-05-21,170950.75,Debit
8645,3998,2025-08-21,199025.65,Debit
8646,4877,2025-08-30,85987.4,Debit
8647,272,2024-07-23,231453.19,Credit
8648,2058,2024-06-30,158522.19,Credit
8649,1731,2025-10-07,85686.24,Credit
8650,4870,2026-02-12,25301.37,Credit
8651,1568,2024-10-13,59342.13,Credit
8652,2167,2025-08-17,157796.18,Debit
8653,4567,2024-11-21,92444.91,Credit
8654,3558,2024-06-27,213013.42,Credit
8655,344,2025-08-06,115431.48,Debit
8656,3437,2024-06-30,221963.28,Debit
8657,1508,2026-02-13,223732.89,Debit
8658,1930,2025-04-20,55178.81,Debit
8659,1023,2025-12-02,93308.27,Credit
8660,1212,2025-04-08,247402.35,Debit
8661,2179,2024-10-20,216797.79,Debit
8662,2511,2025-04-27,228733.54,Debit
8663,4476,2025-05-22,15450.87,Credit
8664,1175,2025-09-19,13293.96,Credit
8665,1555,2025-05-06,167384.33,Debit
8666,1042,2025-10-21,173806.62,Credit
8667,3601,2025-12-05,31898.02,Debit
8668,1630,2025-07-14,55577.11,Credit
8669,2460,2026-01-20,39675.37,Debit
8670,2596,2025-02-18,243130.91,Credit
8671,2074,2025-12-21,161972.67,Debit
8672,420,2024-06-18,61763.17,Credit
8673,2206,2025-02-13,7031.01,Credit
8674,2180,2025-01-24,236666.65,Debit
8675,813,2024-12-11,3516.78,Credit
8676,182,2025-10-20,197648.21,Debit
8677,1380,2025-12-13,182844.2,Credit
8678,2227,2025-08-07,145850.74,Credit
8679,676,2026-03-18,16871.57,Debit
8680,712,2025-08-08,23488.51,Credit
8681,379,2025-09-10,106480.01,Debit
8682,3392,2026-01-15,22908.59,Credit
8683,3878,2026-02-18,63201.88,Debit
8684,3438,2025-03-13,118955.19,Debit
8685,424,2026-02-01,12056.44,Credit
8686,635,2025-12-20,216165.38,Debit
8687,1419,2024-06-29,68992.82,Debit
8688,3106,2025-05-09,111385.0,Credit
8689,4683,2026-02-06,86462.93,Debit
8690,2587,2026-04-03,94369.08,Credit
8691,1445,2026-01-24,35110.78,Debit
8692,1307,2026-02-15,49051.22,Debit
8693,3214,2025-01-29,162836.8,Debit
8694,4812,2026-02-04,222283.88,Debit
8695,4417,2025-03-31,34502.32,Debit
8696,1445,2026-03-15,203092.26,Credit
8697,2915,2025-08-03,155109.78,Debit
8698,48,2025-09-15,179867.47,Debit
8699,3228,2024-11-13,222608.66,Debit
8700,799,2025-12-24,44129.41,Credit
8701,1839,2025-08-22,99400.91,Credit
8702,548,2025-01-03,33538.29,Debit
8703,1810,2025-12-16,53537.6,Debit
8704,163,2026-04-06,155227.28,Credit
8705,2612,2025-04-28,210666.13,Credit
8706,2681,2025-12-13,149041.6,Debit
8707,1435,2024-09-05,247522.14,Debit
8708,4181,2024-07-02,224685.55,Credit
8709,1929,2026-01-06,7586.43,Debit
8710,4408,2024-10-28,133959.51,Debit
8711,2919,2025-07-19,173163.21,Credit
8712,4091,2026-03-02,224034.49,Debit
8713,2629,2025-07-19,125010.5,Credit
8714,1753,2025-07-07,53572.28,Credit
8715,4837,2024-05-29,247761.65,Debit
8716,522,2024-11-30,224254.39,Credit
8717,888,2026-01-01,231846.88,Debit
8718,2484,2025-11-21,190307.18,Debit
8719,628,2024-12-07,57482.41,Credit
8720,4266,2025-10-12,26882.71,Debit
8721,2917,2025-07-15,46334.76,Debit
8722,3714,2024-07-06,213697.89,Debit
8723,566,2024-09-26,184155.45,Credit
8724,2336,2025-01-03,221953.15,Credit
8725,663,2026-05-08,26506.52,Credit
8726,2454,2025-03-05,118105.42,Credit
8727,2580,2024-07-06,88934.06,Debit
8728,4642,2024-07-25,80813.37,Debit
8729,107,2024-05-23,155597.69,Credit
8730,1572,2026-01-06,75173.14,Credit
8731,2878,2025-04-06,56820.5,Credit
8732,461,2025-03-12,187658.87,Debit
8733,3018,2026-03-26,44548.99,Debit
8734,3452,2025-11-08,218908.61,Debit
8735,2069,2025-01-14,238278.94,Debit
8736,4309,2025-01-10,223877.54,Debit
8737,4166,2024-09-05,199346.63,Credit
8738,3778,2024-10-16,187039.7,Debit
8739,1957,2024-11-18,43992.79,Credit
8740,669,2025-04-04,25500.87,Debit
8741,2218,2025-08-13,32654.38,Debit
8742,665,2024-07-02,123566.82,Debit
8743,3395,2025-11-19,178909.84,Debit
8744,4165,2025-03-06,210235.41,Debit
8745,2485,2026-03-07,167455.47,Debit
8746,2864,2025-10-06,9095.38,Debit
8747,4896,2024-12-26,42394.99,Debit
8748,208,2026-05-02,59312.33,Debit
8749,2021,2025-08-31,134859.29,Debit
8750,3718,2025-09-11,163684.8,Credit
8751,782,2025-01-22,48086.91,Debit
8752,3339,2025-08-05,59775.28,Credit
8753,966,2025-04-09,63711.06,Debit
8754,1058,2025-03-24,138890.25,Debit
8755,1691,2025-12-20,83649.81,Credit
8756,4835,2025-09-05,6333.08,Debit
8757,3668,2025-05-12,233979.06,Debit
8758,3989,2025-06-28,148513.69,Credit
8759,3925,2025-09-05,2530.66,Credit
8760,4644,2025-03-18,133185.2,Debit
8761,4197,2025-11-02,17970.09,Debit
8762,2022,2026-03-08,57471.41,Debit
8763,1127,2025-12-04,152064.24,Debit
8764,3922,2025-07-21,201741.7,Credit
8765,4824,2025-02-13,23118.94,Debit
8766,4380,2025-10-08,55048.79,Debit
8767,3258,2025-10-26,6566.2,Debit
8768,2254,2024-08-06,193836.71,Credit
8769,3498,2024-07-11,130136.28,Credit
8770,4628,2026-04-11,135227.76,Credit
8771,1477,2026-04-26,218983.66,Debit
8772,2745,2025-02-17,68379.36,Credit
8773,2966,2024-11-24,204707.43,Credit
8774,2532,2026-03-17,37952.42,Credit
8775,2069,2026-02-11,23628.7,Credit
8776,2292,2025-10-04,175497.95,Credit
8777,4910,2026-02-26,141942.08,Debit
8778,1817,2025-03-21,200073.8,Debit
8779,1456,2025-01-30,73115.52,Debit
8780,1467,2025-06-26,34929.73,Credit
8781,3828,2025-05-28,12535.63,Credit
8782,328,2025-10-30,75110.06,Debit
8783,4703,2024-09-01,158164.21,Credit
8784,4884,2024-10-19,181914.3,Debit
8785,3057,2025-07-04,138735.06,Debit
8786,141,2025-08-12,158565.69,Debit
8787,4223,2024-08-01,223138.92,Debit
8788,1622,2025-12-07,188516.97,Credit
8789,2243,2024-08-28,58778.0,Debit
8790,3743,2024-12-31,125517.77,Credit
8791,3256,2024-09-06,200655.32,Debit
8792,3522,2024-08-08,102842.08,Credit
8793,844,2025-02-02,204665.97,Debit
8794,974,2024-08-20,59265.72,Debit
8795,383,2025-06-04,246555.6,Debit
8796,923,2025-07-02,208525.3,Credit
8797,3132,2025-07-11,223670.76,Debit
8798,3592,2024-08-18,19424.44,Credit
8799,3587,2025-06-25,209352.62,Debit
8800,4585,2026-04-27,238633.19,Credit
8801,31,2025-11-12,34929.25,Debit
8802,3796,2025-03-29,207334.23,Credit
8803,1278,2026-01-20,19348.36,Credit
8804,2395,2024-06-14,138295.83,Debit
8805,4384,2025-05-07,231134.59,Credit
8806,3710,2026-03-21,8007.04,Credit
8807,4748,2024-09-13,197790.33,Debit
8808,4329,2025-11-03,247598.52,Debit
8809,162,2025-03-22,194693.3,Debit
8810,60,2026-05-08,88342.84,Debit
8811,4754,2025-04-11,55193.96,Debit
8812,3674,2025-07-16,103453.9,Debit
8813,1594,2024-12-15,32238.67,Debit
8814,4025,2025-11-21,141503.84,Debit
8815,2307,2025-05-06,16896.59,Debit
8816,2389,2025-06-24,193644.83,Debit
8817,2407,2025-09-07,133997.37,Debit
8818,1161,2025-12-24,64353.97,Credit
8819,1073,2025-09-03,154530.63,Debit
8820,3574,2025-09-13,98238.75,Credit
8821,2524,2025-08-27,70045.65,Debit
8822,3955,2025-11-10,197935.97,Credit
8823,4939,2024-10-23,246281.42,Debit
8824,476,2026-05-01,20069.5,Credit
8825,4656,2025-08-24,89174.92,Debit
8826,3741,2025-04-14,123579.0,Debit
8827,4031,2026-02-03,246384.88,Credit
8828,346,2025-02-10,98866.71,Credit
8829,88,2024-07-21,92445.18,Credit
8830,3159,2024-06-12,208191.88,Credit
8831,4146,2024-09-03,219153.52,Credit
8832,4652,2025-05-30,214216.2,Debit
8833,859,2025-02-03,35739.54,Credit
8834,1700,2025-08-14,14693.04,Debit
8835,419,2025-01-21,194294.55,Credit
8836,4805,2025-04-11,117215.2,Credit
8837,2847,2025-12-01,66236.23,Debit
8838,4286,2024-12-20,68914.3,Debit
8839,3727,2025-04-04,205056.04,Credit
8840,273,2024-05-21,21477.88,Credit
8841,231,2024-08-01,78476.51,Credit
8842,1739,2025-05-15,7812.65,Debit
8843,4890,2025-08-23,36709.2,Credit
8844,380,2025-09-21,7815.45,Debit
8845,4194,2025-01-20,92796.2,Debit
8846,976,2025-04-24,40422.81,Credit
8847,1509,2024-12-31,15851.1,Debit
8848,611,2025-06-21,62379.32,Debit
8849,4966,2025-11-07,249642.7,Credit
8850,980,2025-05-21,170512.02,Credit
8851,2175,2025-02-08,235629.1,Credit
8852,4203,2025-01-04,64549.6,Debit
8853,3460,2025-11-05,67173.61,Credit
8854,4014,2024-10-30,108691.22,Debit
8855,2194,2026-03-17,75517.02,Debit
8856,2903,2024-06-08,180817.31,Credit
8857,3787,2024-09-07,150248.6,Debit
8858,177,2026-01-24,245370.58,Debit
8859,1987,2024-07-01,71122.37,Debit
8860,4048,2024-11-04,25433.76,Debit
8861,2160,2025-10-30,194155.05,Credit
8862,1073,2025-10-14,162956.72,Debit
8863,2470,2026-01-27,95646.21,Credit
8864,4974,2025-09-16,977.45,Debit
8865,2884,2025-06-11,242139.04,Debit
8866,486,2024-08-25,249104.41,Credit
8867,2445,2024-12-01,177593.06,Debit
8868,2765,2025-07-05,179985.84,Debit
8869,1306,2024-05-13,149314.19,Debit
8870,2449,2025-04-27,247397.82,Credit
8871,4316,2024-09-17,91205.26,Credit
8872,535,2024-11-15,115776.27,Debit
8873,4577,2025-05-21,148859.39,Credit
8874,1693,2025-08-27,73344.06,Credit
8875,2286,2024-08-16,47285.56,Debit
8876,782,2025-09-05,167231.02,Credit
8877,3996,2024-12-21,32272.25,Debit
8878,4707,2025-12-19,201472.3,Credit
8879,2568,2024-06-27,211224.52,Debit
8880,949,2026-03-18,233441.29,Credit
8881,4469,2025-03-22,209621.27,Debit
8882,1200,2025-02-20,249777.42,Debit
8883,2954,2024-09-07,68940.94,Debit
8884,858,2024-06-08,113942.49,Credit
8885,884,2025-05-06,240164.7,Credit
8886,3488,2025-02-27,159473.72,Debit
8887,1025,2025-11-24,142754.7,Credit
8888,1274,2024-05-16,53044.92,Credit
8889,3957,2026-03-01,85790.56,Credit
8890,1112,2024-12-26,134205.44,Credit
8891,2225,2025-10-18,23228.06,Debit
8892,1481,2024-12-03,58261.92,Debit
8893,2654,2024-05-17,40031.26,Debit
8894,2805,2025-06-26,41084.47,Credit
8895,1190,2024-05-31,164157.11,Debit
8896,2567,2024-06-28,238163.92,Debit
8897,4343,2026-04-13,235788.73,Credit
8898,498,2024-08-21,86170.66,Debit
8899,4688,2026-01-15,189030.14,Credit
8900,1190,2025-06-03,138588.27,Debit
8901,4365,2026-04-27,103616.64,Debit
8902,4826,2025-11-14,180930.14,Credit
8903,2882,2025-02-07,120863.7,Debit
8904,3640,2025-07-09,232265.85,Credit
8905,3833,2025-05-24,180928.99,Debit
8906,502,2025-02-28,24777.25,Debit
8907,1230,2024-09-19,202113.08,Debit
8908,4416,2024-06-05,223281.48,Debit
8909,1054,2024-06-21,169259.81,Debit
8910,3444,2025-06-21,240321.04,Debit
8911,2993,2024-05-27,16368.5,Debit
8912,255,2024-11-03,79337.93,Credit
8913,1185,2026-04-20,117142.41,Debit
8914,3504,2025-06-17,230175.56,Debit
8915,853,2026-01-10,212551.02,Debit
8916,356,2024-06-03,163498.33,Credit
8917,4381,2025-12-10,143394.93,Debit
8918,4277,2026-01-16,94772.22,Credit
8919,4595,2025-04-17,105261.51,Credit
8920,1039,2025-02-25,211501.58,Debit
8921,300,2024-09-16,156867.85,Debit
8922,3378,2026-03-19,194788.88,Credit
8923,1,2024-06-11,20893.67,Credit
8924,3067,2025-08-19,156620.93,Debit
8925,1777,2024-11-06,221255.98,Debit
8926,996,2024-10-05,76961.56,Debit
8927,290,2024-09-30,118869.21,Credit
8928,216,2025-09-28,18835.22,Credit
8929,3488,2025-06-21,24437.29,Credit
8930,1210,2024-05-17,178428.43,Debit
8931,3729,2025-11-05,42029.28,Debit
8932,4525,2025-03-15,123659.99,Debit
8933,2067,2026-04-08,7097.94,Credit
8934,4444,2026-04-27,200004.43,Debit
8935,3849,2024-08-29,6895.91,Credit
8936,4324,2025-09-16,185278.19,Debit
8937,4264,2025-12-04,145827.53,Credit
8938,4530,2025-10-30,127827.2,Debit
8939,4107,2024-08-30,98251.72,Debit
8940,3871,2026-01-13,32172.98,Credit
8941,4418,2025-12-17,207128.01,Debit
8942,661,2025-12-18,60055.4,Debit
8943,3316,2024-12-13,144424.53,Debit
8944,4567,2024-10-12,86403.89,Debit
8945,4314,2024-08-13,153953.05,Debit
8946,3031,2026-03-16,226193.74,Debit
8947,2349,2025-07-22,26002.18,Debit
8948,1113,2024-12-09,78903.03,Credit
8949,1032,2025-05-01,66882.61,Credit
8950,3379,2025-09-08,132657.74,Credit
8951,4498,2026-01-29,129709.39,Debit
8952,3975,2025-05-03,108609.66,Credit
8953,2998,2026-05-09,189005.26,Credit
8954,1357,2025-06-22,95615.43,Credit
8955,3597,2024-08-24,155497.09,Debit
8956,2054,2024-08-04,10415.77,Credit
8957,881,2024-12-06,28574.54,Debit
8958,4775,2024-08-21,84258.24,Credit
8959,3839,2026-03-29,196849.5,Credit
8960,720,2025-01-26,108942.68,Debit
8961,1902,2025-01-29,63006.21,Debit
8962,1552,2024-06-13,207466.69,Credit
8963,1458,2025-09-14,1991.29,Debit
8964,3617,2024-06-13,115823.67,Credit
8965,2752,2026-01-06,76541.38,Debit
8966,640,2024-07-15,12079.94,Debit
8967,1523,2025-04-28,189189.65,Debit
8968,1260,2026-02-19,89817.47,Credit
8969,778,2025-07-20,200395.24,Debit
8970,4164,2025-10-16,57342.06,Credit
8971,886,2025-08-02,188375.19,Credit
8972,2940,2026-01-03,44929.19,Debit
8973,187,2025-02-25,195612.67,Debit
8974,3612,2024-11-23,49669.15,Credit
8975,2544,2025-11-02,115464.06,Debit
8976,2669,2026-04-04,144914.23,Debit
8977,2707,2026-04-14,223406.58,Credit
8978,3322,2025-11-01,28115.38,Credit
8979,4516,2025-01-13,49931.69,Credit
8980,2093,2025-10-06,72676.78,Credit
8981,795,2024-08-15,246269.48,Debit
8982,3088,2024-08-24,30942.37,Credit
8983,842,2024-10-16,230443.81,Credit
8984,1001,2025-10-01,208057.78,Credit
8985,4278,2026-01-08,77106.18,Credit
8986,4904,2026-04-17,109116.43,Debit
8987,2370,2026-02-16,213195.99,Credit
8988,3248,2024-09-05,95885.72,Debit
8989,2777,2025-01-14,17188.5,Debit
8990,4011,2026-01-28,170920.73,Debit
8991,3462,2025-02-26,76133.46,Credit
8992,627,2025-10-15,245412.58,Debit
8993,4031,2025-11-20,77196.64,Credit
8994,366,2025-11-13,164294.06,Credit
8995,1615,2024-11-24,13273.93,Debit
8996,2978,2026-03-30,87198.58,Debit
8997,813,2025-03-09,5794.06,Credit
8998,4743,2024-08-22,33584.35,Debit
8999,4763,2026-02-14,133149.59,Debit
9000,223,2025-03-04,89567.75,Credit
9001,3289,2026-04-21,164596.25,Credit
9002,3206,2024-07-15,189490.93,Debit
9003,140,2024-12-28,68858.29,Credit
9004,3500,2026-02-15,91109.84,Credit
9005,2457,2024-06-26,204306.31,Debit
9006,2616,2024-12-02,209185.81,Debit
9007,4303,2025-07-10,132257.0,Credit
9008,2211,2025-06-03,79375.63,Credit
9009,1675,2024-07-31,157176.51,Credit
9010,3579,2025-10-11,41929.04,Debit
9011,4813,2025-05-16,230068.98,Credit
9012,5,2025-03-21,99797.1,Debit
9013,804,2025-08-23,149796.13,Credit
9014,1272,2024-09-17,232070.98,Credit
9015,1573,2025-02-24,91886.5,Debit
9016,188,2024-08-07,225829.6,Debit
9017,3037,2024-09-23,143112.12,Debit
9018,1053,2025-07-06,166880.73,Debit
9019,3703,2024-07-10,42350.0,Credit
9020,4971,2025-11-09,25853.62,Credit
9021,4958,2024-10-20,79135.65,Debit
9022,2559,2024-09-04,13048.31,Credit
9023,594,2024-12-31,62503.42,Debit
9024,1629,2026-01-06,55973.65,Credit
9025,4516,2025-10-17,131140.1,Credit
9026,4004,2025-11-21,133221.76,Credit
9027,180,2026-05-06,60100.59,Credit
9028,1356,2026-01-29,222731.45,Debit
9029,1171,2025-04-08,222947.8,Debit
9030,4717,2026-02-08,74298.38,Credit
9031,2058,2024-12-09,145860.25,Credit
9032,4815,2024-11-27,202260.9,Debit
9033,966,2024-06-02,43407.54,Debit
9034,2911,2025-09-15,165547.73,Debit
9035,3218,2024-06-29,154734.41,Credit
9036,176,2024-08-02,208548.38,Debit
9037,2806,2025-08-11,81857.36,Credit
9038,3286,2025-07-26,58649.4,Credit
9039,516,2025-12-22,147962.13,Debit
9040,4116,2024-05-22,67480.55,Debit
9041,4572,2025-09-03,119.37,Credit
9042,252,2024-12-03,73998.28,Credit
9043,4469,2024-11-17,216347.25,Debit
9044,722,2024-11-19,178224.94,Credit
9045,3054,2026-04-20,221721.12,Credit
9046,694,2024-05-31,207443.87,Debit
9047,2091,2025-10-03,145073.15,Credit
9048,1582,2025-06-17,81436.58,Debit
9049,3884,2025-04-14,211330.47,Credit
9050,4015,2024-08-15,100605.75,Credit
9051,2060,2025-05-21,99987.15,Credit
9052,4279,2024-10-12,177312.43,Credit
9053,1724,2025-04-12,7438.79,Credit
9054,3267,2026-03-01,232042.58,Debit
9055,3882,2025-07-26,163468.14,Debit
9056,1662,2026-04-14,172332.88,Credit
9057,2230,2026-04-02,46203.99,Debit
9058,4817,2026-03-15,67940.95,Debit
9059,3942,2025-05-14,205686.83,Debit
9060,1029,2026-04-16,9482.11,Debit
9061,3593,2025-04-06,236166.44,Debit
9062,2714,2025-04-19,61448.4,Credit
9063,1021,2025-02-01,100091.16,Debit
9064,4757,2025-05-21,59781.95,Credit
9065,2562,2024-08-20,147980.96,Credit
9066,229,2026-03-02,140256.69,Credit
9067,3338,2025-03-21,175662.13,Credit
9068,4397,2026-02-25,79713.53,Debit
9069,2603,2026-03-17,247836.05,Credit
9070,1904,2025-09-14,134194.95,Debit
9071,3115,2024-09-11,51125.91,Credit
9072,3684,2026-04-18,108895.64,Debit
9073,166,2025-06-08,25470.09,Credit
9074,2024,2024-09-29,141528.73,Debit
9075,3750,2025-02-16,25969.57,Credit
9076,348,2024-07-20,194404.31,Debit
9077,160,2025-03-02,208601.55,Credit
9078,3313,2025-04-05,87255.85,Debit
9079,4481,2025-07-21,32659.74,Credit
9080,268,2024-06-22,157605.46,Credit
9081,1830,2026-01-17,20052.97,Debit
9082,1348,2025-03-25,31524.85,Credit
9083,1204,2025-05-26,181691.59,Debit
9084,1096,2025-12-13,157925.49,Credit
9085,3654,2025-01-04,237930.63,Debit
9086,2325,2025-01-12,193231.85,Credit
9087,4883,2025-02-12,230054.82,Credit
9088,4942,2025-07-15,168352.08,Credit
9089,2470,2025-02-07,232059.12,Debit
9090,4955,2024-07-11,31766.12,Debit
9091,4413,2025-01-29,137442.91,Credit
9092,4058,2024-11-03,232540.1,Credit
9093,158,2026-02-08,137448.12,Debit
9094,1756,2024-12-15,86389.73,Credit
9095,2054,2025-04-03,195357.9,Debit
9096,3149,2024-10-05,197177.54,Credit
9097,2156,2025-12-21,203592.95,Debit
9098,4630,2024-11-13,227289.7,Debit
9099,1560,2025-11-02,218463.11,Credit
9100,4058,2025-04-13,187696.34,Credit
9101,1686,2024-05-25,98069.82,Credit
9102,3743,2025-02-16,109306.36,Credit
9103,4504,2026-01-27,204397.52,Debit
9104,2270,2024-08-28,72930.28,Debit
9105,880,2026-03-30,47654.65,Credit
9106,919,2025-07-11,44063.99,Debit
9107,1285,2024-09-05,141263.87,Credit
9108,3258,2024-08-19,117553.07,Credit
9109,2510,2025-11-28,125877.08,Debit
9110,3482,2025-09-23,76599.22,Debit
9111,3691,2024-08-18,31425.47,Debit
9112,1387,2026-01-28,123759.57,Debit
9113,1170,2024-06-28,192450.74,Credit
9114,3565,2025-04-04,26850.72,Credit
9115,2853,2024-05-20,136710.24,Credit
9116,411,2025-09-19,192231.48,Credit
9117,1439,2026-04-10,131604.96,Debit
9118,3657,2024-11-06,44497.2,Credit
9119,3366,2026-01-20,150677.44,Credit
9120,294,2025-05-22,33662.12,Credit
9121,3476,2025-04-01,128790.72,Credit
9122,2106,2024-09-30,192233.21,Debit
9123,2031,2026-04-08,76289.31,Credit
9124,3926,2026-02-20,170743.52,Credit
9125,993,2024-12-17,20132.77,Debit
9126,2214,2026-01-31,245084.64,Debit
9127,2313,2025-05-20,39349.68,Credit
9128,4675,2026-02-08,228589.73,Debit
9129,4355,2025-09-30,90486.56,Credit
9130,3692,2025-11-20,247009.24,Credit
9131,460,2026-05-06,82720.24,Credit
9132,1817,2025-11-02,124923.83,Credit
9133,875,2025-03-11,82024.0,Credit
9134,1048,2026-03-15,58683.42,Debit
9135,1025,2025-01-12,43634.04,Credit
9136,632,2025-11-06,244859.12,Credit
9137,1846,2026-03-14,232444.41,Debit
9138,2974,2025-04-17,48970.43,Credit
9139,2151,2024-10-01,203137.27,Debit
9140,428,2025-09-17,44519.43,Debit
9141,3606,2024-06-15,130204.54,Credit
9142,4959,2025-12-13,248935.04,Debit
9143,2364,2026-01-19,24635.83,Debit
9144,2069,2026-01-03,247687.86,Credit
9145,2156,2025-02-20,135748.91,Debit
9146,94,2024-08-20,35418.01,Credit
9147,4415,2024-12-01,204226.31,Debit
9148,995,2026-04-03,136269.34,Debit
9149,3200,2024-12-02,26595.36,Debit
9150,1638,2026-03-06,6942.88,Debit
9151,4949,2024-10-31,56849.51,Debit
9152,4545,2024-10-31,20803.8,Credit
9153,492,2024-07-28,80176.4,Debit
9154,721,2024-10-22,213679.42,Credit
9155,3281,2026-02-28,149136.32,Debit
9156,2731,2026-03-01,228468.82,Debit
9157,293,2025-06-22,18775.43,Debit
9158,1770,2026-01-27,100789.74,Debit
9159,1000,2025-11-11,180566.26,Debit
9160,1170,2026-01-18,145983.85,Debit
9161,2775,2026-02-06,196970.33,Credit
9162,2333,2025-08-23,215850.35,Credit
9163,4920,2025-09-09,202911.34,Debit
9164,2169,2025-09-07,111025.22,Credit
9165,1335,2025-06-21,230774.46,Credit
9166,1316,2025-12-17,161782.77,Credit
9167,4568,2024-11-14,31506.01,Credit
9168,3321,2025-11-22,201431.88,Credit
9169,635,2025-11-21,108213.32,Credit
9170,3770,2025-12-29,94788.12,Debit
9171,3775,2024-10-24,94279.81,Debit
9172,3942,2024-06-21,50481.1,Credit
9173,2328,2025-01-28,93935.43,Credit
9174,315,2025-07-08,23088.0,Credit
9175,4933,2025-07-27,185444.98,Credit
9176,76,2024-08-05,149340.4,Debit
9177,3503,2024-10-23,39576.13,Credit
9178,819,2025-01-03,181703.01,Debit
9179,2136,2025-03-21,207702.68,Credit
9180,1708,2024-11-03,178124.7,Credit
9181,1121,2025-02-05,240128.58,Debit
9182,488,2024-11-01,211866.75,Credit
9183,2237,2026-01-04,147505.88,Credit
9184,4968,2025-05-31,47103.5,Credit
9185,2672,2025-02-22,195778.93,Credit
9186,4487,2024-11-10,147691.54,Debit
9187,3193,2024-09-24,156924.44,Credit
9188,2298,2025-03-12,153596.09,Credit
9189,2781,2025-02-12,6942.85,Debit
9190,1324,2024-07-19,142692.58,Credit
9191,2673,2024-06-15,205826.53,Credit
9192,3017,2026-01-28,249858.32,Credit
9193,3452,2025-12-06,128850.27,Debit
9194,2430,2025-04-06,97349.02,Debit
9195,1656,2025-05-13,64135.14,Credit
9196,2122,2025-06-06,76375.35,Credit
9197,2217,2024-06-07,223485.37,Credit
9198,515,2025-03-26,195846.46,Debit
9199,2568,2024-09-24,163754.9,Credit
9200,1908,2025-12-13,86270.32,Debit
9201,859,2026-03-02,80210.68,Credit
9202,597,2025-11-18,193975.34,Credit
9203,4678,2025-01-29,137235.39,Credit
9204,3122,2025-01-23,79114.26,Credit
9205,3234,2025-03-30,249239.32,Debit
9206,1214,2025-06-21,169262.75,Debit
9207,851,2025-11-04,198565.7,Credit
9208,1326,2026-03-14,114052.02,Debit
9209,457,2025-05-07,109881.51,Credit
9210,448,2025-04-07,32849.21,Debit
9211,4226,2025-02-16,31010.36,Credit
9212,4392,2025-03-04,27273.88,Credit
9213,1148,2026-04-20,93444.01,Debit
9214,192,2024-08-15,53581.15,Credit
9215,4230,2025-09-05,7270.19,Credit
9216,1544,2024-10-25,143923.72,Credit
9217,4882,2024-08-27,84701.9,Debit
9218,4470,2026-02-04,54796.64,Credit
9219,789,2025-04-16,84623.16,Credit
9220,1744,2024-12-27,30768.07,Debit
9221,975,2025-05-07,25926.49,Debit
9222,3073,2024-11-02,153334.04,Debit
9223,874,2026-01-24,29290.07,Debit
9224,66,2025-07-15,166121.34,Credit
9225,943,2025-05-09,182832.14,Credit
9226,2086,2024-11-18,230009.0,Credit
9227,393,2024-09-23,108174.83,Credit
9228,4271,2025-02-13,206960.7,Debit
9229,3254,2025-09-24,56266.14,Debit
9230,2272,2025-12-09,207385.71,Debit
9231,1399,2025-02-26,15281.23,Credit
9232,3882,2025-12-13,6946.03,Debit
9233,2171,2024-05-17,50576.47,Credit
9234,1252,2025-03-06,19447.94,Debit
9235,34,2025-07-12,133840.41,Credit
9236,4893,2026-04-12,35905.0,Debit
9237,2641,2026-01-16,42341.62,Debit
9238,1029,2024-05-20,83728.97,Debit
9239,1122,2024-12-07,237243.56,Debit
9240,4371,2026-02-02,102233.69,Credit
9241,1962,2025-08-15,215140.18,Credit
9242,2091,2025-12-09,36497.78,Debit
9243,605,2026-04-03,9057.85,Credit
9244,4613,2025-11-08,122063.46,Debit
9245,3847,2026-04-17,67714.78,Debit
9246,745,2025-11-10,50011.96,Debit
9247,4304,2025-09-11,45795.87,Debit
9248,3698,2026-05-09,238320.76,Debit
9249,3916,2025-10-30,239494.25,Credit
9250,2179,2025-12-09,35193.78,Credit
9251,965,2024-12-24,149527.4,Credit
9252,476,2025-09-28,54503.38,Credit
9253,3565,2025-05-24,198678.8,Debit
9254,3976,2025-07-28,149784.15,Debit
9255,4866,2025-04-15,25954.49,Credit
9256,1387,2025-12-30,57929.96,Debit
9257,2058,2024-12-07,195379.0,Debit
9258,3829,2025-11-14,9231.18,Debit
9259,2809,2026-01-07,44586.87,Credit
9260,1900,2026-01-17,51576.31,Debit
9261,3631,2025-12-11,57599.08,Credit
9262,2774,2024-09-04,236004.33,Debit
9263,2545,2025-07-25,85224.38,Debit
9264,437,2024-11-12,228782.71,Debit
9265,4000,2026-01-27,51634.56,Debit
9266,1708,2024-07-20,137051.02,Debit
9267,2471,2026-04-27,121511.03,Debit
9268,3921,2025-10-25,208255.62,Debit
9269,2389,2025-07-10,195884.29,Debit
9270,3357,2025-04-01,24801.72,Debit
9271,1733,2026-03-09,179966.87,Credit
9272,2428,2024-06-12,205855.55,Debit
9273,210,2025-05-10,219255.49,Debit
9274,1244,2025-06-11,129339.98,Credit
9275,4690,2024-06-04,222619.99,Credit
9276,813,2024-05-21,45165.76,Credit
9277,864,2025-12-06,74181.13,Credit
9278,2606,2026-02-14,235002.69,Credit
9279,766,2025-12-07,140496.74,Debit
9280,2782,2024-09-15,86590.55,Debit
9281,2989,2025-05-04,44831.12,Debit
9282,2479,2024-12-10,106888.73,Credit
9283,3179,2024-07-18,91888.95,Debit
9284,4679,2026-04-03,178128.4,Credit
9285,153,2024-09-25,244070.59,Credit
9286,2483,2024-06-19,243626.87,Debit
9287,277,2026-05-07,194239.46,Credit
9288,1765,2025-07-27,189887.87,Debit
9289,4737,2025-01-01,110015.29,Credit
9290,874,2025-04-19,168704.81,Debit
9291,1484,2024-11-08,44681.27,Debit
9292,1150,2025-04-18,133796.18,Credit
9293,4315,2026-02-19,245806.28,Debit
9294,4299,2025-06-30,15966.5,Credit
9295,3312,2025-07-07,45055.08,Debit
9296,4216,2026-02-02,1682.91,Credit
9297,3537,2025-10-24,211431.56,Credit
9298,3423,2025-06-15,198229.41,Debit
9299,1408,2025-12-29,60871.2,Debit
9300,4735,2024-11-04,44180.13,Debit
9301,1035,2024-07-03,123176.98,Credit
9302,4305,2026-04-21,182414.36,Debit
9303,1403,2025-03-17,174330.9,Debit
9304,3605,2026-02-06,158356.38,Debit
9305,3882,2025-04-16,171673.27,Credit
9306,64,2026-01-02,214171.03,Credit
9307,3829,2025-04-21,8533.68,Debit
9308,4651,2026-03-05,104150.78,Debit
9309,337,2025-01-02,118980.32,Debit
9310,3842,2024-05-21,118535.12,Debit
9311,3038,2024-08-22,223207.43,Debit
9312,3826,2025-05-22,142626.85,Credit
9313,2436,2024-11-03,125592.17,Debit
9314,1936,2025-04-30,215092.58,Credit
9315,267,2025-09-24,33109.6,Credit
9316,3724,2024-08-24,34732.75,Debit
9317,784,2026-04-23,84938.49,Debit
9318,3319,2025-04-15,212771.15,Credit
9319,3042,2024-12-29,10626.69,Credit
9320,528,2026-03-26,43935.55,Debit
9321,1536,2026-04-11,47058.33,Credit
9322,1255,2026-05-12,103473.45,Credit
9323,442,2025-11-18,223702.57,Debit
9324,72,2025-02-21,20652.39,Credit
9325,933,2025-11-22,94828.9,Debit
9326,3551,2024-08-04,108471.8,Credit
9327,2918,2025-01-25,99437.63,Credit
9328,1754,2024-07-25,115803.11,Credit
9329,1693,2024-05-22,153361.69,Credit
9330,479,2026-01-30,330.87,Credit
9331,2085,2024-12-19,121513.44,Credit
9332,2417,2024-10-19,14358.96,Credit
9333,3509,2024-07-09,62822.31,Credit
9334,2822,2026-03-09,2419.05,Credit
9335,4177,2026-02-10,53156.5,Debit
9336,971,2026-01-20,46370.34,Debit
9337,925,2026-03-04,82499.19,Credit
9338,4157,2025-03-13,165416.53,Credit
9339,3013,2025-07-08,238317.26,Debit
9340,3352,2025-02-19,213572.81,Debit
9341,4435,2025-04-01,189390.22,Debit
9342,4626,2025-02-19,18717.4,Credit
9343,4513,2024-05-29,66781.14,Credit
9344,2026,2024-06-17,73506.68,Credit
9345,4466,2025-04-10,173800.19,Credit
9346,4857,2025-09-14,230572.99,Credit
9347,3320,2024-06-20,18014.75,Credit
9348,3561,2026-02-13,226561.48,Credit
9349,1291,2026-04-17,223122.65,Credit
9350,1798,2026-05-04,149926.47,Debit
9351,2116,2024-07-02,106079.15,Debit
9352,2781,2025-05-09,94948.7,Debit
9353,4610,2025-03-04,160858.96,Credit
9354,3130,2025-05-21,49254.11,Debit
9355,4071,2026-02-18,42245.47,Debit
9356,1274,2025-02-07,98510.3,Debit
9357,392,2025-03-09,57773.84,Credit
9358,13,2025-03-11,224981.84,Debit
9359,2075,2024-08-19,86084.44,Credit
9360,2638,2025-08-26,27890.69,Credit
9361,3728,2025-07-29,92888.79,Debit
9362,1484,2025-02-25,46769.05,Debit
9363,1774,2025-05-25,236970.91,Debit
9364,4069,2025-04-15,47975.8,Credit
9365,2497,2024-07-31,6839.75,Debit
9366,2621,2025-01-16,132964.08,Debit
9367,3803,2024-09-01,201055.26,Debit
9368,4234,2025-08-12,189093.25,Credit
9369,3599,2026-02-11,119962.6,Debit
9370,3174,2026-01-09,158986.26,Debit
9371,1416,2025-05-28,129888.19,Debit
9372,4788,2025-04-05,226142.73,Credit
9373,961,2026-01-13,150209.06,Debit
9374,4472,2024-08-27,229100.27,Debit
9375,1710,2026-04-16,124523.24,Debit
9376,100,2025-03-01,215709.24,Credit
9377,2311,2025-09-21,109027.37,Credit
9378,1098,2024-09-12,174479.48,Credit
9379,2876,2025-03-02,30174.52,Credit
9380,542,2025-01-20,69752.63,Credit
9381,3503,2024-07-21,209006.67,Debit
9382,1575,2025-05-02,40857.63,Credit
9383,506,2024-05-21,32937.39,Credit
9384,3346,2025-01-09,6643.9,Debit
9385,330,2025-06-19,138449.86,Debit
9386,1174,2025-09-27,189722.15,Debit
9387,4982,2025-10-18,174625.73,Debit
9388,2061,2026-01-17,227998.51,Debit
9389,221,2024-05-25,196874.98,Debit
9390,3868,2025-05-22,21846.96,Debit
9391,3040,2024-10-22,240578.5,Debit
9392,4983,2026-03-01,217072.39,Debit
9393,4192,2026-04-13,86438.77,Debit
9394,2889,2026-01-08,100296.08,Debit
9395,490,2025-03-23,45303.77,Debit
9396,3980,2025-07-13,49393.33,Debit
9397,673,2025-07-18,157821.72,Credit
9398,2481,2024-08-09,221473.06,Credit
9399,3208,2025-07-27,99511.96,Credit
9400,1359,2025-06-05,206520.43,Credit
9401,2126,2025-01-18,99164.51,Debit
9402,3718,2025-05-19,241890.76,Debit
9403,3420,2025-07-31,163103.4,Credit
9404,3607,2025-10-16,126167.04,Debit
9405,1704,2024-12-13,18525.56,Debit
9406,2767,2024-08-13,171760.18,Credit
9407,3970,2026-02-03,65404.68,Credit
9408,3916,2025-12-14,193493.82,Debit
9409,984,2025-04-11,206459.56,Debit
9410,2676,2025-02-07,150770.1,Debit
9411,496,2024-12-02,54383.86,Credit
9412,75,2025-06-30,105480.95,Debit
9413,2520,2025-10-26,191501.94,Credit
9414,3579,2024-10-12,242206.08,Credit
9415,1941,2026-04-11,52206.95,Credit
9416,2169,2024-08-13,234922.46,Debit
9417,2663,2026-01-09,49614.73,Debit
9418,3559,2026-03-14,58125.91,Debit
9419,3154,2026-04-01,126441.6,Debit
9420,3148,2025-09-30,111705.34,Credit
9421,46,2025-05-14,16369.27,Debit
9422,2748,2024-10-06,105713.48,Credit
9423,228,2024-07-02,160296.84,Debit
9424,2940,2024-05-20,236239.68,Debit
9425,3495,2026-03-21,244978.05,Debit
9426,349,2026-01-15,68416.17,Debit
9427,1389,2025-12-25,198070.41,Credit
9428,2708,2025-12-30,172969.96,Credit
9429,866,2025-06-01,64684.97,Credit
9430,1697,2025-06-05,244168.83,Credit
9431,4202,2025-08-14,123015.35,Credit
9432,1804,2025-07-05,49088.33,Credit
9433,3176,2024-09-06,78146.91,Debit
9434,1786,2024-12-07,237995.69,Debit
9435,4145,2024-06-08,41566.47,Debit
9436,3338,2025-04-20,63129.81,Debit
9437,1236,2026-04-20,89893.78,Credit
9438,3850,2026-03-23,248655.14,Credit
9439,2388,2025-07-07,83058.21,Debit
9440,4598,2025-10-11,128433.53,Debit
9441,2425,2024-10-11,200137.95,Credit
9442,2932,2025-05-11,43908.59,Debit
9443,3670,2025-07-04,105159.74,Credit
9444,2043,2026-03-27,143361.94,Credit
9445,1145,2024-10-02,99290.0,Credit
9446,2415,2025-10-06,145640.74,Credit
9447,1284,2025-01-04,77310.9,Credit
9448,970,2024-12-06,238455.5,Credit
9449,1118,2024-05-12,99385.67,Credit
9450,633,2024-08-31,224174.49,Debit
9451,1072,2025-07-25,119337.7,Credit
9452,857,2025-04-16,119408.6,Credit
9453,4393,2025-06-23,85065.04,Credit
9454,4774,2025-04-06,41734.11,Debit
9455,4753,2024-07-02,598.64,Credit
9456,1288,2025-04-13,183637.33,Debit
9457,514,2026-04-08,112909.97,Credit
9458,1887,2026-03-28,181956.73,Credit
9459,2195,2025-09-19,164611.91,Credit
9460,3307,2024-08-24,15643.81,Credit
9461,4284,2025-04-18,95738.56,Credit
9462,1186,2024-10-11,214457.2,Credit
9463,1518,2024-09-02,35346.13,Credit
9464,3602,2024-06-22,150058.99,Credit
9465,3748,2026-04-22,54753.85,Credit
9466,1397,2025-06-01,176653.57,Debit
9467,2377,2025-05-10,21258.53,Credit
9468,2059,2024-09-25,79290.06,Credit
9469,1019,2024-09-08,153131.21,Credit
9470,3483,2024-05-25,88508.96,Credit
9471,1024,2026-02-08,232979.39,Debit
9472,4926,2025-07-16,182151.73,Debit
9473,4194,2026-03-09,107887.63,Credit
9474,716,2025-04-26,14389.99,Credit
9475,3252,2026-05-11,179618.03,Debit
9476,2784,2026-01-01,93699.65,Credit
9477,932,2025-05-01,191881.48,Credit
9478,3807,2025-11-21,95682.9,Debit
9479,3825,2024-10-10,34530.51,Credit
9480,1044,2025-03-08,90863.98,Debit
9481,1601,2025-06-15,119081.65,Debit
9482,3044,2025-10-10,73933.44,Debit
9483,382,2025-11-08,45967.08,Credit
9484,882,2025-02-18,145168.74,Credit
9485,1852,2024-10-30,198148.51,Credit
9486,1795,2026-02-27,14659.37,Debit
9487,3266,2025-05-17,159203.85,Debit
9488,4131,2025-06-10,3054.51,Debit
9489,110,2024-12-08,118881.39,Debit
9490,3901,2025-08-19,220366.4,Debit
9491,4748,2024-07-09,76219.36,Debit
9492,255,2025-11-01,14027.11,Debit
9493,1010,2026-03-07,65662.72,Debit
9494,2561,2025-09-30,184255.17,Debit
9495,4791,2025-04-16,61612.88,Debit
9496,1590,2024-07-23,52291.69,Debit
9497,2014,2026-04-28,183789.18,Debit
9498,3035,2025-05-23,110684.78,Credit
9499,2722,2025-05-08,148058.26,Debit
9500,1381,2025-01-24,166953.79,Debit
9501,2009,2024-06-24,222296.46,Credit
9502,2094,2025-02-13,121791.48,Debit
9503,205,2026-04-06,106231.47,Credit
9504,3254,2025-02-21,248093.41,Credit
9505,1501,2025-10-17,207490.36,Debit
9506,3640,2025-04-26,233139.72,Debit
9507,1740,2025-09-13,129272.4,Debit
9508,4595,2025-01-01,50324.9,Debit
9509,2638,2024-06-02,200101.12,Credit
9510,2577,2025-07-07,24380.61,Debit
9511,3432,2025-03-10,15006.78,Credit
9512,4569,2025-05-18,109173.1,Credit
9513,4737,2024-12-19,138229.68,Debit
9514,510,2024-08-05,176109.9,Debit
9515,879,2024-11-03,209196.78,Debit
9516,1173,2025-05-30,102113.55,Credit
9517,4300,2025-01-13,218930.08,Debit
9518,1292,2026-02-09,169668.0,Credit
9519,1640,2026-01-26,17557.19,Credit
9520,2942,2025-05-28,103765.94,Credit
9521,3435,2025-05-24,189034.87,Credit
9522,4477,2024-11-09,123704.56,Debit
9523,2367,2024-12-03,171984.99,Credit
9524,2907,2025-12-20,147650.93,Credit
9525,4879,2025-03-24,134617.42,Debit
9526,814,2024-09-22,45086.18,Credit
9527,3837,2025-01-01,43367.25,Debit
9528,4154,2024-07-16,162263.83,Credit
9529,466,2025-02-03,230294.37,Credit
9530,4590,2025-02-01,6067.42,Credit
9531,3270,2025-05-22,243381.01,Debit
9532,2151,2025-02-24,122638.7,Debit
9533,3040,2024-12-27,234368.48,Credit
9534,960,2026-03-21,146582.63,Debit
9535,3315,2025-09-20,76595.67,Credit
9536,458,2026-02-13,22155.94,Credit
9537,4054,2025-11-18,56739.07,Debit
9538,3749,2026-04-26,165448.36,Credit
9539,4891,2025-08-10,3834.3,Debit
9540,4687,2025-08-05,113336.15,Debit
9541,4555,2025-10-22,217186.94,Credit
9542,3737,2024-05-23,144119.12,Credit
9543,4579,2026-04-14,239447.07,Credit
9544,3219,2025-04-14,124056.73,Credit
9545,953,2025-03-31,23162.97,Credit
9546,3986,2026-03-06,121971.78,Credit
9547,74,2025-02-21,91062.24,Debit
9548,1147,2025-02-14,130142.31,Credit
9549,544,2025-01-06,86996.99,Credit
9550,1019,2024-08-21,52672.14,Debit
9551,4652,2024-09-26,60599.73,Credit
9552,4859,2025-04-17,125986.34,Debit
9553,1650,2025-10-14,53650.28,Credit
9554,2196,2024-06-07,165696.68,Credit
9555,4964,2025-06-16,55087.34,Credit
9556,2967,2025-07-13,173867.91,Debit
9557,3819,2025-09-28,151728.63,Debit
9558,2406,2025-12-29,217709.65,Credit
9559,2470,2025-04-04,2234.76,Debit
9560,2683,2025-10-20,143744.85,Credit
9561,556,2024-12-10,165952.13,Credit
9562,1222,2024-11-24,80911.23,Debit
9563,3249,2026-03-23,188651.97,Credit
9564,644,2024-10-22,36157.25,Debit
9565,2566,2025-01-08,27957.89,Debit
9566,27,2025-01-20,240536.04,Credit
9567,1259,2025-10-26,189335.88,Debit
9568,2644,2025-08-19,90663.26,Debit
9569,2821,2024-12-22,205125.52,Debit
9570,3928,2024-05-21,8151.02,Credit
9571,2733,2026-03-30,129956.57,Credit
9572,1825,2025-05-20,222546.14,Credit
9573,2223,2025-01-21,187391.1,Credit
9574,3092,2025-02-17,83241.41,Debit
9575,1870,2026-02-02,165661.6,Debit
9576,1280,2025-05-30,282.1,Debit
9577,2014,2024-09-14,154140.94,Debit
9578,3786,2025-11-07,150861.57,Debit
9579,4216,2026-03-17,99770.7,Debit
9580,4660,2024-12-07,213184.83,Debit
9581,3092,2025-04-14,181943.93,Credit
9582,4499,2026-02-02,210991.04,Debit
9583,2370,2024-11-20,183042.57,Debit
9584,4553,2024-11-18,71806.95,Credit
9585,3174,2025-04-03,115096.76,Debit
9586,1393,2026-01-22,238703.2,Debit
9587,66,2024-11-12,87305.98,Credit
9588,3082,2024-12-07,49699.15,Debit
9589,709,2025-05-30,182866.75,Debit
9590,2894,2024-05-30,188362.05,Credit
9591,1837,2024-07-09,166854.04,Debit
9592,3368,2025-07-15,245267.54,Debit
9593,3178,2026-03-02,136219.49,Credit
9594,4193,2024-06-18,155261.68,Debit
9595,2759,2024-05-24,188914.26,Credit
9596,1281,2024-08-16,58739.53,Credit
9597,1036,2025-08-27,51468.29,Credit
9598,595,2024-05-17,190114.19,Debit
9599,4611,2025-07-27,28873.41,Credit
9600,3909,2025-05-13,59579.6,Credit
9601,1675,2024-08-31,118528.03,Credit
9602,4754,2026-03-31,159604.83,Debit
9603,3780,2025-12-11,39773.09,Debit
9604,378,2026-05-11,200697.63,Credit
9605,1709,2026-03-30,42608.5,Debit
9606,644,2025-10-07,233567.28,Credit
9607,3712,2025-04-25,43089.21,Debit
9608,3887,2025-11-24,45037.93,Debit
9609,2929,2024-05-14,8471.45,Debit
9610,4728,2026-03-11,25376.8,Debit
9611,1862,2025-09-22,134996.72,Credit
9612,1486,2024-07-28,92384.05,Credit
9613,1016,2025-01-16,89799.59,Debit
9614,2276,2025-06-15,105679.9,Debit
9615,2851,2025-06-05,119377.65,Debit
9616,3354,2025-11-01,224477.54,Credit
9617,1738,2024-06-23,87900.13,Debit
9618,2935,2025-08-16,41999.33,Credit
9619,4736,2025-12-02,139747.8,Credit
9620,3666,2024-06-13,123522.72,Credit
9621,1334,2024-08-03,179613.39,Debit
9622,4101,2025-09-12,37901.79,Credit
9623,2763,2026-01-04,11642.58,Debit
9624,1359,2025-05-15,58678.71,Debit
9625,4673,2024-12-05,154744.16,Credit
9626,112,2025-05-27,143749.94,Credit
9627,1447,2025-05-24,131068.06,Credit
9628,1622,2024-06-13,132538.79,Credit
9629,1788,2025-09-01,95861.26,Credit
9630,3846,2025-03-09,14373.28,Credit
9631,1012,2024-10-05,203854.03,Debit
9632,1575,2024-10-15,247495.19,Credit
9633,4769,2026-04-29,125410.37,Credit
9634,91,2024-12-27,78801.1,Debit
9635,708,2024-05-22,207167.87,Debit
9636,1286,2024-09-12,163816.53,Credit
9637,3599,2024-07-06,110172.65,Debit
9638,4250,2024-08-25,147012.88,Debit
9639,1669,2025-02-18,49361.02,Credit
9640,4340,2024-08-13,56434.12,Credit
9641,2893,2024-10-11,177053.68,Credit
9642,3904,2025-01-25,176885.06,Credit
9643,2522,2025-04-20,206405.97,Credit
9644,4183,2024-05-29,207502.35,Debit
9645,2038,2025-10-13,26637.31,Debit
9646,3429,2025-03-19,222715.47,Credit
9647,3143,2024-09-04,55879.21,Debit
9648,1413,2025-12-07,199049.39,Debit
9649,3617,2026-03-24,245161.52,Credit
9650,4568,2026-01-21,5335.17,Debit
9651,3123,2025-02-20,109924.35,Debit
9652,2359,2026-04-06,239218.6,Debit
9653,3093,2024-09-29,2964.31,Debit
9654,2999,2026-01-28,222339.42,Credit
9655,3151,2026-01-14,145814.49,Debit
9656,2605,2024-06-02,139918.8,Credit
9657,2036,2024-10-18,38165.03,Credit
9658,4073,2025-04-09,17399.02,Debit
9659,212,2026-02-12,64933.76,Debit
9660,2416,2025-01-24,168536.73,Credit
9661,4670,2025-10-10,179197.23,Debit
9662,1117,2025-09-21,139748.45,Credit
9663,4195,2025-11-03,237442.69,Debit
9664,4622,2025-12-02,62498.33,Credit
9665,4971,2025-08-25,157085.76,Debit
9666,4937,2025-02-03,37298.14,Debit
9667,2572,2025-03-16,5127.56,Credit
9668,3258,2026-03-03,80664.03,Credit
9669,3943,2025-06-09,216374.01,Debit
9670,990,2025-04-28,171504.9,Credit
9671,2234,2024-09-13,151742.34,Credit
9672,2271,2025-01-14,212859.24,Debit
9673,1655,2026-03-25,8926.91,Debit
9674,1887,2025-06-12,161763.84,Credit
9675,2152,2025-06-19,10225.76,Debit
9676,3523,2025-04-16,96404.74,Credit
9677,1898,2025-05-23,114075.36,Credit
9678,1609,2026-02-21,108827.59,Debit
9679,3493,2025-08-24,167683.87,Debit
9680,2393,2025-10-02,233824.45,Credit
9681,651,2025-09-05,71388.09,Debit
9682,4060,2024-11-09,170716.64,Credit
9683,4429,2026-04-26,152140.96,Credit
9684,2340,2026-02-12,45871.22,Debit
9685,2797,2024-08-28,11535.69,Credit
9686,857,2025-11-11,23586.23,Debit
9687,2048,2025-07-06,240122.93,Debit
9688,3288,2024-06-06,210707.15,Debit
9689,3837,2025-07-20,201528.84,Credit
9690,4427,2025-03-17,107168.45,Credit
9691,489,2025-01-23,237408.23,Debit
9692,4186,2024-06-27,152487.22,Debit
9693,4195,2025-11-28,102150.91,Credit
9694,12,2024-11-04,195314.91,Credit
9695,3018,2026-04-26,97003.24,Credit
9696,4662,2024-08-15,213064.19,Debit
9697,3038,2025-01-13,211010.69,Debit
9698,2191,2025-12-13,119700.54,Debit
9699,3714,2025-06-04,139110.17,Debit
9700,1952,2025-11-22,54587.92,Credit
9701,4254,2024-10-03,44923.35,Debit
9702,4224,2025-09-22,156725.32,Debit
9703,39,2026-01-20,186468.24,Credit
9704,4830,2025-01-03,148668.3,Debit
9705,4138,2025-05-13,69613.39,Debit
9706,2145,2025-11-27,182430.98,Debit
9707,2650,2025-12-30,66554.57,Debit
9708,282,2026-01-25,29443.42,Debit
9709,2469,2025-04-24,141685.11,Credit
9710,3913,2025-12-06,234606.71,Debit
9711,4670,2025-05-18,150836.8,Credit
9712,2348,2025-01-05,212924.9,Credit
9713,1022,2024-06-12,121613.51,Credit
9714,2852,2025-06-07,248060.39,Debit
9715,4930,2025-08-08,62794.72,Credit
9716,213,2026-01-18,68731.14,Debit
9717,1732,2024-09-09,3411.57,Credit
9718,547,2026-01-18,124071.43,Debit
9719,2088,2024-12-10,109030.4,Credit
9720,2126,2025-04-18,206103.97,Credit
9721,911,2025-07-29,3151.07,Debit
9722,2625,2026-03-19,86248.45,Credit
9723,365,2026-03-05,194646.88,Credit
9724,935,2024-05-31,243942.66,Debit
9725,4220,2024-08-18,82660.69,Debit
9726,596,2024-07-20,149966.3,Debit
9727,3801,2025-03-26,79046.54,Debit
9728,2921,2025-09-13,153526.99,Credit
9729,539,2024-08-24,20744.92,Debit
9730,491,2024-11-24,114812.42,Credit
9731,739,2025-04-18,171409.42,Credit
9732,2608,2024-09-08,234450.02,Debit
9733,3424,2025-12-03,29552.14,Debit
9734,4582,2024-05-28,45757.14,Debit
9735,1838,2025-11-16,208719.03,Debit
9736,2492,2024-05-30,135482.02,Debit
9737,1571,2024-07-19,50403.88,Debit
9738,2942,2025-06-21,124228.31,Debit
9739,733,2025-10-08,170533.11,Debit
9740,3815,2026-04-15,66974.27,Credit
9741,1764,2025-08-18,73748.66,Credit
9742,641,2026-04-29,249033.94,Credit
9743,3577,2025-05-19,31703.4,Credit
9744,4271,2025-12-14,97642.81,Credit
9745,2692,2026-04-27,108709.9,Debit
9746,2785,2024-08-31,224735.85,Debit
9747,2394,2024-12-20,231888.82,Credit
9748,3087,2024-08-09,30880.59,Credit
9749,980,2025-06-04,63700.58,Credit
9750,1072,2025-02-02,83941.32,Credit
9751,4670,2024-11-21,132957.58,Debit
9752,3014,2025-03-27,14775.76,Credit
9753,4953,2024-12-14,113563.89,Credit
9754,1019,2025-03-26,111636.1,Credit
9755,1222,2025-02-24,216219.62,Debit
9756,1211,2024-06-27,219256.66,Debit
9757,2528,2026-02-07,208447.09,Credit
9758,3821,2026-03-23,5191.02,Debit
9759,2303,2026-02-28,9334.72,Credit
9760,202,2025-08-21,182828.9,Debit
9761,4859,2024-08-29,68527.81,Debit
9762,4409,2024-08-04,113318.45,Debit
9763,2789,2025-01-12,175923.76,Debit
9764,1965,2024-06-20,149889.92,Debit
9765,123,2024-07-18,148808.85,Debit
9766,2322,2026-05-02,84029.15,Credit
9767,4752,2024-11-17,144191.31,Credit
9768,3710,2024-11-10,186222.89,Debit
9769,2108,2026-04-08,145214.51,Debit
9770,1345,2024-06-03,210639.32,Debit
9771,2762,2024-07-09,7476.32,Credit
9772,4331,2024-10-28,118192.22,Credit
9773,2352,2025-01-04,212902.92,Credit
9774,2161,2024-09-07,9020.83,Debit
9775,2152,2024-06-23,196568.87,Debit
9776,3276,2025-07-25,71752.56,Debit
9777,2648,2025-08-22,172708.93,Debit
9778,864,2024-11-07,72931.66,Debit
9779,4469,2024-09-25,181031.07,Debit
9780,902,2024-06-11,81774.41,Debit
9781,4619,2025-09-18,38815.54,Credit
9782,3301,2025-06-12,16158.04,Debit
9783,695,2025-07-02,128737.43,Debit
9784,925,2026-01-30,237080.28,Credit
9785,4986,2025-10-31,62742.22,Credit
9786,1174,2025-02-27,247262.49,Debit
9787,3392,2025-06-27,145132.49,Debit
9788,2678,2026-05-01,81410.05,Credit
9789,3744,2025-11-23,57043.92,Credit
9790,2485,2025-11-18,191801.54,Debit
9791,4403,2024-12-26,152024.8,Debit
9792,4233,2025-09-14,120949.97,Debit
9793,1161,2024-11-29,169377.61,Credit
9794,3159,2024-12-19,73607.83,Debit
9795,1184,2024-09-09,122657.63,Debit
9796,162,2026-03-10,222382.92,Credit
9797,3114,2025-06-06,21608.35,Credit
9798,259,2024-06-20,72425.05,Credit
9799,4480,2024-08-20,162910.31,Debit
9800,168,2026-02-04,66185.71,Debit
9801,675,2025-01-13,187174.15,Credit
9802,2759,2025-09-18,106657.66,Credit
9803,2669,2024-06-28,213249.22,Credit
9804,4661,2024-07-13,55573.03,Debit
9805,1204,2024-11-22,22146.57,Credit
9806,1409,2026-02-05,127241.31,Credit
9807,2059,2025-09-23,23311.13,Debit
9808,2601,2024-11-06,67264.55,Debit
9809,3393,2026-04-09,126440.22,Credit
9810,3217,2024-11-27,36524.66,Debit
9811,752,2024-08-07,34584.68,Debit
9812,142,2024-09-02,212860.17,Debit
9813,609,2024-09-19,184941.32,Debit
9814,3291,2025-10-23,42775.24,Credit
9815,2732,2024-06-17,96550.7,Credit
9816,3296,2026-03-27,115700.23,Credit
9817,3469,2025-09-21,89462.19,Credit
9818,4370,2025-01-12,232553.03,Debit
9819,1831,2024-12-19,2414.31,Debit
9820,4262,2026-02-27,141270.81,Debit
9821,3999,2025-12-22,66482.35,Credit
9822,4285,2025-05-10,173340.67,Debit
9823,4776,2025-06-09,139052.64,Debit
9824,139,2024-11-29,203702.59,Debit
9825,562,2026-04-16,23777.47,Debit
9826,3480,2025-03-16,25434.85,Credit
9827,4198,2025-05-08,168420.58,Credit
9828,4643,2026-02-02,111311.35,Credit
9829,690,2026-03-15,202390.66,Debit
9830,4448,2024-08-20,26869.43,Credit
9831,2911,2024-08-24,181245.08,Credit
9832,3304,2025-03-23,221547.22,Credit
9833,3949,2025-09-18,14161.1,Credit
9834,2404,2026-02-18,171926.82,Credit
9835,2554,2024-05-18,69047.13,Debit
9836,1699,2024-08-29,115423.92,Debit
9837,3712,2025-12-26,76254.93,Debit
9838,2266,2024-05-16,190337.84,Credit
9839,1343,2024-06-12,157912.97,Credit
9840,1664,2025-12-13,1329.45,Debit
9841,3378,2025-03-18,14305.66,Debit
9842,3035,2024-09-11,138282.74,Debit
9843,4967,2024-05-31,129035.66,Debit
9844,245,2024-07-10,235324.56,Debit
9845,815,2024-11-17,85915.04,Credit
9846,2272,2025-05-08,59007.62,Debit
9847,120,2025-01-21,175645.79,Debit
9848,2138,2025-03-23,130146.62,Credit
9849,3694,2025-04-29,197244.99,Debit
9850,1987,2024-12-14,94186.17,Debit
9851,3058,2026-02-04,51106.28,Debit
9852,4846,2024-09-30,61572.05,Credit
9853,3355,2024-07-30,141213.71,Debit
9854,610,2025-03-04,115840.53,Debit
9855,3278,2024-10-14,185389.17,Debit
9856,2168,2024-06-25,216035.94,Debit
9857,3303,2024-10-23,154382.64,Credit
9858,4019,2025-04-15,155078.79,Debit
9859,732,2026-01-13,15401.49,Debit
9860,4989,2026-05-03,172618.11,Credit
9861,1306,2025-09-24,244092.79,Credit
9862,1603,2025-07-09,86924.99,Credit
9863,1123,2024-05-16,231166.83,Debit
9864,2351,2026-03-05,74953.37,Credit
9865,2323,2026-02-10,43478.97,Debit
9866,2301,2025-12-28,237105.67,Debit
9867,2435,2024-08-15,67672.9,Debit
9868,895,2024-10-21,218048.03,Credit
9869,4429,2026-02-21,190138.8,Debit
9870,2798,2024-06-17,44722.64,Credit
9871,562,2024-10-01,88421.68,Credit
9872,3429,2025-08-10,190237.42,Credit
9873,397,2025-12-09,149314.14,Credit
9874,2407,2024-08-26,136288.81,Credit
9875,3860,2026-05-08,13301.99,Credit
9876,3954,2025-10-19,223349.03,Debit
9877,3768,2026-03-16,118941.15,Debit
9878,718,2024-07-08,175735.68,Debit
9879,138,2025-08-29,91747.13,Debit
9880,3741,2025-06-03,172849.71,Debit
9881,1766,2025-06-28,35733.93,Credit
9882,3250,2025-11-27,224167.38,Credit
9883,2590,2026-03-26,204261.47,Debit
9884,2205,2025-01-17,37152.74,Credit
9885,4594,2026-01-11,148457.69,Debit
9886,679,2025-11-25,231324.16,Debit
9887,2992,2024-11-19,216622.72,Debit
9888,783,2025-05-03,90291.3,Credit
9889,3160,2024-12-18,106092.05,Debit
9890,553,2026-02-09,129122.51,Credit
9891,516,2025-02-22,40013.65,Debit
9892,1871,2026-02-12,189796.2,Debit
9893,601,2025-09-26,196724.01,Debit
9894,4790,2026-03-03,201613.78,Credit
9895,3825,2024-09-25,205807.01,Debit
9896,1062,2025-01-20,47035.88,Credit
9897,4728,2024-11-11,178149.19,Credit
9898,3345,2026-02-27,43238.01,Debit
9899,1517,2025-06-22,18011.35,Debit
9900,693,2024-11-15,80223.16,Credit
9901,1909,2025-12-03,24466.81,Credit
9902,3884,2025-01-13,68676.25,Debit
9903,4446,2026-05-09,99921.02,Debit
9904,3983,2024-06-05,17466.01,Credit
9905,1980,2025-12-23,228436.82,Debit
9906,2223,2024-05-29,26588.28,Credit
9907,1260,2025-06-19,236497.09,Credit
9908,2382,2024-11-01,86592.79,Credit
9909,1453,2025-11-04,18363.59,Credit
9910,2371,2024-12-09,10250.54,Credit
9911,608,2026-02-18,38161.99,Credit
9912,46,2024-10-28,226881.59,Credit
9913,3411,2025-06-18,241277.0,Debit
9914,2513,2026-04-29,149609.18,Credit
9915,4393,2025-07-20,133052.2,Debit
9916,4696,2024-10-31,242258.82,Credit
9917,2137,2025-12-28,134991.56,Debit
9918,2090,2026-03-18,164193.99,Debit
9919,670,2024-05-26,99243.02,Debit
9920,4963,2025-10-31,145539.8,Debit
9921,3814,2024-07-09,7746.56,Credit
9922,427,2024-06-06,166042.67,Credit
9923,4604,2024-06-07,130161.38,Credit
9924,2284,2025-08-08,101089.7,Credit
9925,148,2024-06-23,62461.38,Credit
9926,1125,2024-11-15,137029.06,Debit
9927,257,2026-03-11,121092.52,Credit
9928,104,2025-09-06,144011.14,Debit
9929,874,2026-03-02,43028.41,Credit
9930,1862,2024-06-24,139753.51,Credit
9931,2552,2024-12-27,108653.31,Credit
9932,3365,2025-10-29,79924.68,Credit
9933,3303,2026-05-06,194138.01,Credit
9934,1787,2026-02-13,203302.34,Credit
9935,2262,2025-02-22,92768.12,Credit
9936,4920,2026-02-09,194487.27,Credit
9937,4540,2024-07-28,135688.37,Credit
9938,802,2026-04-16,189241.74,Credit
9939,1478,2026-03-11,222274.57,Credit
9940,2791,2026-04-19,69493.54,Debit
9941,426,2025-09-18,146962.53,Credit
9942,2167,2024-06-01,198933.83,Debit
9943,2588,2025-04-08,78557.82,Credit
9944,662,2025-06-01,184160.62,Debit
9945,3737,2025-08-17,30320.96,Credit
9946,742,2024-08-02,136272.97,Debit
9947,504,2026-01-14,148116.86,Credit
9948,16,2026-01-17,198251.53,Debit
9949,412,2026-04-18,221517.93,Debit
9950,1031,2024-09-07,55216.86,Debit
9951,200,2025-12-30,219961.1,Credit
9952,1751,2026-01-31,161519.55,Credit
9953,136,2025-09-17,220659.69,Credit
9954,1568,2025-06-20,73946.71,Debit
9955,2140,2025-08-20,46602.22,Debit
9956,2383,2025-09-15,56583.92,Debit
9957,1368,2025-03-27,193401.72,Credit
9958,151,2025-10-12,218606.34,Credit
9959,998,2025-02-11,175404.64,Debit
9960,3045,2026-01-17,152546.57,Credit
9961,1350,2026-02-04,26468.6,Debit
9962,1237,2025-12-23,15888.56,Debit
9963,3600,2026-01-07,134671.17,Debit
9964,3767,2024-10-03,129533.51,Debit
9965,851,2024-12-19,197417.42,Debit
9966,4861,2024-12-28,203964.11,Debit
9967,692,2025-01-28,167297.96,Debit
9968,39,2025-12-20,160423.37,Debit
9969,3939,2025-01-15,183453.75,Debit
9970,4354,2025-11-15,182400.35,Credit
9971,2059,2026-02-12,80004.82,Debit
9972,334,2025-06-12,3358.68,Credit
9973,1323,2024-06-15,202629.43,Debit
9974,2183,2024-10-17,134762.9,Credit
9975,4792,2025-07-07,45017.51,Credit
9976,3015,2025-05-26,207690.0,Credit
9977,3163,2024-06-24,176013.89,Credit
9978,1493,2025-10-26,84706.34,Credit
9979,4067,2025-11-19,81796.99,Credit
9980,3379,2025-12-04,107129.18,Debit
9981,1998,2025-08-27,57905.38,Debit
9982,4596,2025-11-05,62396.55,Credit
9983,3353,2024-05-30,181525.5,Debit
9984,4793,2025-02-17,27853.86,Debit
9985,1757,2024-09-03,33618.28,Debit
9986,3107,2026-04-27,6579.5,Debit
9987,3271,2025-06-30,202134.18,Debit
9988,4851,2024-11-23,220472.61,Credit
9989,4310,2024-12-18,67671.98,Credit
9990,1431,2025-07-15,144517.92,Credit
9991,1132,2025-06-09,68501.0,Credit
9992,1401,2026-04-22,214906.54,Debit
9993,2775,2025-07-26,125217.95,Credit
9994,2349,2026-03-01,243160.84,Debit
9995,4991,2025-11-28,239492.44,Credit
9996,3949,2025-10-14,150543.37,Debit
9997,481,2026-03-21,58290.54,Debit
9998,1061,2025-09-21,211849.36,Credit
9999,3734,2025-10-30,205257.05,Credit
10000,2449,2025-08-20,37778.27,Debit
